N,p,f,pop_type,alpha,p_true,cube_e_max,cube_e_mean,cube_bias,cube_nfrac,cube_nsel,sph_e_max,sph_e_mean,sph_bias,sph_nfrac,sph_nsel,delta_e_max,delta_e_mean,delta_bias,rep
50,2,0.2,mixed,0.0,0.6,0.11986764269622499,0.11422897278670255,0.09999999999999998,2,9,0.49388457921264123,0.33319847558229476,0.0,2,11,0.3740169365164162,0.2189695027955922,-0.09999999999999998,0
50,2,0.2,mixed,0.0,0.6,0.5190637813815624,0.27291382194320446,0.09999999999999998,2,11,0.17648726710729998,0.14572203138197493,0.09999999999999998,2,10,-0.3425765142742624,-0.12719179056122953,0.0,1
50,2,0.2,mixed,0.0,0.6,0.2843569635485657,0.21017613987632677,0.09999999999999998,2,9,0.33647179485665135,0.20128076268301143,0.4,2,15,0.05211483130808564,-0.008895377193315346,0.30000000000000004,2
50,2,0.2,mixed,0.0,0.6,2.0340108203871847,1.0554655292288695,0.0,2,10,1.0894706135495351,0.6156188363390935,0.09999999999999998,2,11,-0.9445402068376496,-0.43984669288977596,0.09999999999999998,3
50,2,0.2,mixed,0.0,0.6,436.18568765144784,218.1909778556096,0.20000000000000007,2,12,4.297355994285009,2.20797867156951,-0.19999999999999996,2,11,-431.88833165716284,-215.98299918404007,-1.1102230246251565e-16,4
50,2,0.2,mixed,0.0,0.6,0.8693240027308657,0.4561037547206561,0.09999999999999998,2,9,2.4338285902341754,1.237765880147536,0.09999999999999998,2,11,1.5645045875033097,0.7816621254268799,0.0,5
50,2,0.2,mixed,0.0,0.6,0.5684087160545493,0.2904205002216037,0.0,2,12,26.57317205363302,13.360983334236577,-0.09999999999999998,2,7,26.00476333757847,13.070562834014973,0.09999999999999998,6
50,2,0.2,mixed,0.0,0.6,3.6859932958156802,1.8537268041664199,0.0,2,13,2.451748905522484,1.3328407715790236,-0.19999999999999996,2,9,-1.2342443902931963,-0.5208860325873963,0.19999999999999996,7
50,2,0.2,mixed,0.0,0.6,0.01537285464140894,0.010026281537988901,0.0,2,9,0.2411607388030003,0.13103870828254058,0.0,2,9,0.22578788416159135,0.12101242674455168,0.0,8
50,2,0.2,mixed,0.0,0.6,0.9060787497377556,0.5022289490827672,-0.09999999999999998,2,9,0.25771751855807395,0.2130629284079004,0.0,2,9,-0.6483612311796816,-0.28916602067486674,-0.09999999999999998,9
50,2,0.2,mixed,0.0,0.6,0.6916721040543837,0.3758851221172793,-0.09999999999999998,2,9,0.40621304722833423,0.2137544422352156,0.0,2,9,-0.2854590568260495,-0.1621306798820637,-0.09999999999999998,10
50,2,0.2,mixed,0.0,0.6,0.9745187105823835,0.6086483161902828,0.09999999999999998,2,10,0.55373502398884,0.2958174393160341,0.20000000000000007,2,14,-0.4207836865935435,-0.3128308768742487,0.10000000000000009,11
50,2,0.2,mixed,0.0,0.6,0.9158567317228589,0.5190334257735023,0.0,2,9,0.7871700956890387,0.4757911442794627,0.0,2,14,-0.12868663603382013,-0.043242281494039636,0.0,12
50,2,0.2,mixed,0.0,0.6,0.5667948376776186,0.3714949961440771,-0.19999999999999996,2,8,0.29229857593452413,0.15063324308753348,-0.19999999999999996,2,10,-0.2744962617430945,-0.22086175305654362,0.0,13
50,2,0.2,mixed,0.0,0.6,1.5003203073733138,0.7632241345619631,0.0,2,10,2.0138053377332543,1.0307764803966861,-0.09999999999999998,2,12,0.5134850303599405,0.267552345834723,0.09999999999999998,14
50,2,0.2,mixed,0.0,0.6,0.14032738359808997,0.1187530092323037,0.0,2,10,0.4574870481188157,0.31694708175078,0.20000000000000007,2,12,0.31715966452072575,0.19819407251847632,0.20000000000000007,15
50,2,0.2,mixed,0.0,0.6,0.36603145926248337,0.19154912037361188,0.0,2,12,0.9074669743717306,0.505050733317931,0.0,2,10,0.5414355151092473,0.31350161294431916,0.0,16
50,2,0.2,mixed,0.0,0.6,0.3683629290904651,0.19597048828132496,0.0,2,6,1.2404580635925144,0.666140847226352,0.0,2,10,0.8720951345020493,0.47017035894502707,0.0,17
50,2,0.2,mixed,0.0,0.6,0.2787724135163729,0.20409604016772603,0.20000000000000007,2,11,0.26601488017234765,0.15388855995883327,-0.09999999999999998,2,8,-0.01275753334402524,-0.05020748020889276,-0.10000000000000009,18
50,2,0.2,mixed,0.0,0.6,0.5304911768027075,0.3022970394601315,0.09999999999999998,2,11,0.7937887601850858,0.39967271856055114,0.20000000000000007,2,12,0.2632975833823783,0.09737567910041967,0.10000000000000009,19
50,2,0.2,mixed,0.1,0.6,0.17845851701530824,0.11113929657377361,0.09999999999999998,2,13,0.12684433195578407,0.0988623240713721,0.09999999999999998,2,10,-0.05161418505952417,-0.012276972502401506,0.0,0
50,2,0.2,mixed,0.1,0.6,2.333552666656931,1.2917264991443023,0.0,2,12,1.4438753450267432,0.8844331672420824,0.09999999999999998,2,11,-0.8896773216301879,-0.40729333190221984,0.09999999999999998,1
50,2,0.2,mixed,0.1,0.6,0.5293307431404357,0.2650433112252713,0.20000000000000007,2,13,0.5587876477585072,0.2944111086135908,0.0,2,8,0.02945690461807149,0.029367797388319516,-0.20000000000000007,2
50,2,0.2,mixed,0.1,0.6,0.5735826087041622,0.3859265354187896,0.20000000000000007,2,12,0.14081141194063973,0.08717755758337994,0.0,2,12,-0.4327711967635225,-0.29874897783540966,-0.20000000000000007,3
50,2,0.2,mixed,0.1,0.6,0.18805164693583734,0.1668789012147741,0.0,2,12,0.37452708822597197,0.292061250957257,-0.09999999999999998,2,8,0.18647544129013463,0.12518234974248288,0.09999999999999998,4
50,2,0.2,mixed,0.1,0.6,0.20053752535840863,0.10329743945268419,0.09999999999999998,2,10,1.3935680942075246,0.6991273776555351,-0.19999999999999996,2,11,1.193030568849116,0.5958299382028509,0.09999999999999998,5
50,2,0.2,mixed,0.1,0.6,1.1838592902927025,0.6283434101880448,-0.09999999999999998,2,8,0.9293019140166291,0.5083594030181885,0.30000000000000004,2,12,-0.25455737627607344,-0.11998400716985635,0.20000000000000007,6
50,2,0.2,mixed,0.1,0.6,0.25594359654740084,0.17576408010980749,-0.09999999999999998,2,8,0.2420288257836643,0.16625705828945656,-0.09999999999999998,2,11,-0.01391477076373654,-0.00950702182035093,0.0,7
50,2,0.2,mixed,0.1,0.6,0.7714533584667163,0.418348012360498,0.09999999999999998,2,10,9.019615852639966,4.641300236165589,-0.19999999999999996,2,7,8.248162494173249,4.22295222380509,0.09999999999999998,8
50,2,0.2,mixed,0.1,0.6,0.21976614785134685,0.11385735975183647,0.09999999999999998,2,9,0.08829320082736052,0.07732506325158395,0.09999999999999998,2,13,-0.13147294702398632,-0.036532296500252526,0.0,9
50,2,0.2,mixed,0.1,0.6,0.15240084780414317,0.1136238335220337,0.0,2,11,0.08263451556715387,0.08057444985174236,-0.19999999999999996,2,9,-0.0697663322369893,-0.03304938367029134,0.19999999999999996,10
50,2,0.2,mixed,0.1,0.6,1.0244080756857952,0.556108155438501,0.0,2,12,1.3007465367448048,0.7670203372227111,0.09999999999999998,2,12,0.2763384610590096,0.21091218178421012,0.09999999999999998,11
50,2,0.2,mixed,0.1,0.6,1.3775872429113538,0.6891875886045274,-0.09999999999999998,2,10,2.008911000968396,1.048800043578569,-0.09999999999999998,2,8,0.6313237580570421,0.3596124549740415,0.0,12
50,2,0.2,mixed,0.1,0.6,0.29020795487576945,0.1665450449840951,-0.19999999999999996,2,7,0.009988607712996289,0.0050452158400472865,0.0,2,8,-0.28021934716277314,-0.1614998291440478,-0.19999999999999996,13
50,2,0.2,mixed,0.1,0.6,0.015624853636349356,0.013615380529448337,0.09999999999999998,2,11,0.4242724288439916,0.22580426227428615,-0.09999999999999998,2,10,0.4086475752076422,0.21218888174483783,0.0,14
50,2,0.2,mixed,0.1,0.6,1.456383736667571,0.7496793282145915,0.0,2,9,1.206744353452882,0.616109536456033,0.09999999999999998,2,11,-0.24963938321468904,-0.13356979175855854,0.09999999999999998,15
50,2,0.2,mixed,0.1,0.6,0.5163444393689073,0.27864973606650345,0.30000000000000004,2,14,0.520659920775271,0.2713204792312012,0.0,2,11,0.00431548140636373,-0.007329256835302278,-0.30000000000000004,16
50,2,0.2,mixed,0.1,0.6,1.3442828709310788,0.7230362609007496,0.0,2,10,0.18241457519627155,0.12114868723184105,-0.09999999999999998,2,11,-1.1618682957348072,-0.6018875736689085,0.09999999999999998,17
50,2,0.2,mixed,0.1,0.6,0.27751590286566463,0.14789104767986322,0.0,2,9,1.0532618610158566,0.5299839180766789,0.0,2,10,0.775745958150192,0.38209287039681566,0.0,18
50,2,0.2,mixed,0.1,0.6,0.9670764173384696,0.53347107934357,-0.09999999999999998,2,8,0.10546871149972512,0.09849861468051374,-0.19999999999999996,2,10,-0.8616077058387445,-0.4349724646630562,0.09999999999999998,19
50,2,0.2,mixed,0.2,0.6,0.6632176906172752,0.37946699404323475,0.0,2,9,0.16536853823005535,0.1084878856913286,0.09999999999999998,2,10,-0.49784915238721983,-0.27097910835190614,0.09999999999999998,0
50,2,0.2,mixed,0.2,0.6,0.222481931079495,0.12979307969313492,0.20000000000000007,2,9,0.3508498908098191,0.21276137485638755,-0.09999999999999998,2,11,0.1283679597303241,0.08296829516325263,-0.10000000000000009,1
50,2,0.2,mixed,0.2,0.6,0.25708178017706873,0.24596774297172697,-0.19999999999999996,2,8,0.05304698659890193,0.052443000253169295,0.20000000000000007,2,12,-0.20403479357816678,-0.19352474271855769,1.1102230246251565e-16,2
50,2,0.2,mixed,0.2,0.6,0.8001872015892363,0.4555676116674483,0.09999999999999998,2,10,0.11324115648443549,0.0930608126812432,0.09999999999999998,2,9,-0.6869460451048008,-0.3625067989862051,0.0,3
50,2,0.2,mixed,0.2,0.6,0.09025377982003087,0.06873328350776053,0.0,2,10,0.004970307157964363,0.003427149230610554,0.0,2,10,-0.08528347266206651,-0.06530613427714999,0.0,4
50,2,0.2,mixed,0.2,0.6,1.2707683034171562,0.6471037886978157,0.09999999999999998,2,11,0.4907236401414498,0.44290426759536417,-0.19999999999999996,2,9,-0.7800446632757063,-0.20419952110245154,0.09999999999999998,5
50,2,0.2,mixed,0.2,0.6,0.9741069112784172,0.5333719515627012,0.0,2,9,1.4551989094601554,0.7475014506236148,0.0,2,10,0.4810919981817382,0.2141294990609136,0.0,6
50,2,0.2,mixed,0.2,0.6,0.4226128466328864,0.2549374012514184,0.20000000000000007,2,12,0.07319181761668328,0.057835185735207434,0.30000000000000004,2,12,-0.3494210290162031,-0.19710221551621096,0.09999999999999998,7
50,2,0.2,mixed,0.2,0.6,0.8916664369648426,0.5090120414099512,0.09999999999999998,2,10,0.48345867425706385,0.27796812964326795,0.0,2,11,-0.40820776270777875,-0.2310439117666832,-0.09999999999999998,8
50,2,0.2,mixed,0.2,0.6,0.1881818648697633,0.18772394308539392,0.30000000000000004,2,13,0.17414871654071748,0.16185885364767066,0.09999999999999998,2,12,-0.014033148329045814,-0.025865089437723254,-0.20000000000000007,9
50,2,0.2,mixed,0.2,0.6,0.306447564009714,0.21039079067533945,0.0,2,13,0.6327337507581746,0.42898554577390585,0.20000000000000007,2,13,0.3262861867484606,0.2185947550985664,0.20000000000000007,10
50,2,0.2,mixed,0.2,0.6,0.31843691975704524,0.19865953119305602,0.0,2,7,0.7813275458102285,0.4647404727902695,-0.3,2,10,0.4628906260531832,0.26608094159721346,0.3,11
50,2,0.2,mixed,0.2,0.6,3.0247016522215406,1.569218270968435,0.20000000000000007,2,12,1.6743195371706303,0.8449604537028501,0.09999999999999998,2,12,-1.3503821150509103,-0.7242578172655849,-0.10000000000000009,12
50,2,0.2,mixed,0.2,0.6,0.5268884837767905,0.2813215542947899,0.20000000000000007,2,11,0.20384724201164778,0.1640712965932406,0.0,2,11,-0.32304124176514276,-0.11725025770154929,-0.20000000000000007,13
50,2,0.2,mixed,0.2,0.6,1.6310327156986497,0.8182552101083703,-0.19999999999999996,2,9,2.4238302330400905,1.3369097274993575,-0.19999999999999996,2,10,0.7927975173414408,0.5186545173909872,0.0,14
50,2,0.2,mixed,0.2,0.6,1.9966464420628764,1.0611892460190029,0.20000000000000007,2,12,0.9491340457774556,0.4988038917675726,-0.09999999999999998,2,13,-1.0475123962854207,-0.5623853542514303,-0.10000000000000009,15
50,2,0.2,mixed,0.2,0.6,1.6617786858169277,0.8340341553060677,0.09999999999999998,2,9,1.0554338821448306,0.5440004207062134,-0.09999999999999998,2,10,-0.6063448036720971,-0.2900337345998544,0.0,16
50,2,0.2,mixed,0.2,0.6,0.46043106345683177,0.2505251266366178,-0.09999999999999998,2,11,0.29332970134092573,0.17766101382784194,-0.09999999999999998,2,10,-0.16710136211590604,-0.07286411280877586,0.0,17
50,2,0.2,mixed,0.2,0.6,0.21083052667609004,0.1964463190612551,-0.19999999999999996,2,8,0.31625692073642625,0.24970879911211763,0.09999999999999998,2,12,0.10542639406033621,0.05326248005086254,-0.09999999999999998,18
50,2,0.2,mixed,0.2,0.6,0.7366280745099941,0.4944720499433177,0.20000000000000007,2,13,0.22552503120058862,0.17860453878730304,-0.09999999999999998,2,11,-0.5111030433094055,-0.3158675111560147,-0.10000000000000009,19
50,2,0.2,mixed,0.4,0.6,0.3923610137574315,0.242560425942324,-0.09999999999999998,2,6,0.4617740660003,0.35802685924604205,-0.3,2,8,0.06941305224286853,0.11546643330371806,0.2,0
50,2,0.2,mixed,0.4,0.6,0.05521960875834379,0.03934660657556038,-0.19999999999999996,2,6,0.4861485763930224,0.3063853629516239,0.30000000000000004,2,14,0.4309289676346786,0.2670387563760635,0.10000000000000009,1
50,2,0.2,mixed,0.4,0.6,0.3070941994801354,0.2177696444314505,0.0,2,12,0.23003113632494238,0.21005328795646133,-0.09999999999999998,2,8,-0.07706306315519301,-0.007716356474989167,0.09999999999999998,2
50,2,0.2,mixed,0.4,0.6,1.0127367201160618,0.551709455798159,0.0,2,11,1.359457743945959,0.7176216762377521,0.0,2,12,0.3467210238298972,0.16591222043959308,0.0,3
50,2,0.2,mixed,0.4,0.6,0.5862889033980088,0.31399336439366443,0.0,2,10,0.06997433851232662,0.05692399838263584,0.09999999999999998,2,8,-0.5163145648856822,-0.2570693660110286,0.09999999999999998,4
50,2,0.2,mixed,0.4,0.6,0.5564191095526856,0.3084356485321737,-0.09999999999999998,2,10,0.35357676913363,0.25414985419083763,0.09999999999999998,2,7,-0.20284234041905558,-0.05428579434133607,0.0,5
50,2,0.2,mixed,0.4,0.6,0.6375616507963227,0.3790451393898468,-0.19999999999999996,2,7,0.9337100178627622,0.47289929472200176,0.0,2,8,0.29614836706643954,0.09385415533215496,-0.19999999999999996,6
50,2,0.2,mixed,0.4,0.6,0.20530177186214563,0.14157679179438074,-0.09999999999999998,2,8,0.1204801802059787,0.11345863647359722,0.0,2,11,-0.08482159165616693,-0.028118155320783517,-0.09999999999999998,7
50,2,0.2,mixed,0.4,0.6,1.7142093563887566,0.8649028353923044,0.0,2,12,0.8954802318137354,0.46540401227786093,-0.19999999999999996,2,8,-0.8187291245750212,-0.39949882311444346,0.19999999999999996,8
50,2,0.2,mixed,0.4,0.6,0.06979645565130112,0.04508205985330641,-0.39999999999999997,2,8,2.3339978918197697,1.182492234701379,-0.19999999999999996,2,10,2.2642014361684684,1.1374101748480727,-0.2,9
50,2,0.2,mixed,0.4,0.6,0.44381601941886617,0.25157756162029576,-0.09999999999999998,2,8,3.0947386322744252,1.7837000183752911,-0.19999999999999996,2,9,2.650922612855559,1.5321224567549954,0.09999999999999998,10
50,2,0.2,mixed,0.4,0.6,18.387501761586726,9.234858148520983,-0.09999999999999998,2,7,9.409312231796086,4.708735401967149,-0.09999999999999998,2,8,-8.97818952979064,-4.526122746553834,0.0,11
50,2,0.2,mixed,0.4,0.6,1.177694188155089,0.6008731499947046,0.0,2,9,0.08500942675952206,0.05618808087093822,0.0,2,11,-1.092684761395567,-0.5446850691237665,0.0,12
50,2,0.2,mixed,0.4,0.6,1.1816322566575994,0.7118191430790536,0.0,2,8,0.02563569070924256,0.01792641009039144,0.0,2,10,-1.1559965659483569,-0.6938927329886622,0.0,13
50,2,0.2,mixed,0.4,0.6,0.1048327761439334,0.06143012080667428,-0.19999999999999996,2,8,0.7157519552886217,0.3913369449935753,0.20000000000000007,2,11,0.6109191791446883,0.32990682418690104,1.1102230246251565e-16,14
50,2,0.2,mixed,0.4,0.6,0.05962673917821273,0.03482035537001076,-0.09999999999999998,2,9,0.7970058584118497,0.6019841624234457,-0.09999999999999998,2,11,0.737379119233637,0.5671638070534349,0.0,15
50,2,0.2,mixed,0.4,0.6,0.5276741792792433,0.2828469134876757,0.09999999999999998,2,11,3.267301009451195,1.6623105851781093,0.09999999999999998,2,12,2.739626830171952,1.3794636716904336,0.0,16
50,2,0.2,mixed,0.4,0.6,3.6990851396665807,1.9067385813919597,-0.09999999999999998,2,10,7.130715226314057,3.685312685573424,0.09999999999999998,2,11,3.431630086647476,1.7785741041814642,0.0,17
50,2,0.2,mixed,0.4,0.6,0.8836202138000158,0.5192192968224002,0.0,2,10,7.3375257023437115,3.694194734730162,-0.3,2,10,6.453905488543696,3.174975437907762,0.3,18
50,2,0.2,mixed,0.4,0.6,0.28249118768774395,0.1594910682275865,-0.19999999999999996,2,11,4.665088724020489,2.3514267066108863,0.0,2,10,4.382597536332745,2.1919356383833,-0.19999999999999996,19
50,2,0.2,skewed,0.0,0.6,0.6190855429707454,0.47332162234072683,-0.3,2,11,0.5654427406426179,0.30117150700234574,0.20000000000000007,2,15,-0.05364280232812746,-0.1721501153383811,-0.09999999999999992,0
50,2,0.2,skewed,0.0,0.6,0.7105115426651792,0.5557307036848477,-0.3,2,7,0.19293791207204372,0.14448320087448518,0.0,2,11,-0.5175736305931355,-0.4112475028103625,-0.3,1
50,2,0.2,skewed,0.0,0.6,0.24988571521567218,0.1607427266570505,0.20000000000000007,2,10,0.22762436279948622,0.13367167711927602,0.0,2,10,-0.02226135241618596,-0.027071049537774478,-0.20000000000000007,2
50,2,0.2,skewed,0.0,0.6,0.06879828576510234,0.03952290842439332,-0.19999999999999996,2,8,0.23591348254149452,0.12089618701236815,-0.09999999999999998,2,6,0.1671151967763922,0.08137327858797483,-0.09999999999999998,3
50,2,0.2,skewed,0.0,0.6,0.3823614730181759,0.23210231499852302,0.09999999999999998,2,11,0.6332629877028922,0.488119802662685,0.0,2,10,0.25090151468471633,0.256017487664162,-0.09999999999999998,4
50,2,0.2,skewed,0.0,0.6,1.1876280660596712,0.8967446414538109,-0.09999999999999998,2,8,0.06111437039229369,0.03587231839963173,0.0,2,11,-1.1265136956673776,-0.8608723230541793,-0.09999999999999998,5
50,2,0.2,skewed,0.0,0.6,0.9323403297712299,0.4799632535458256,-0.3,2,8,0.9000353539900346,0.6780596237396218,-0.19999999999999996,2,10,-0.03230497578119529,0.19809637019379622,-0.10000000000000003,6
50,2,0.2,skewed,0.0,0.6,0.42286716382104145,0.22072759545297396,0.09999999999999998,2,11,0.17024152445565718,0.09961124478411973,0.09999999999999998,2,11,-0.2526256393653843,-0.12111635066885423,0.0,7
50,2,0.2,skewed,0.0,0.6,0.7984905969163322,0.43246622356164877,-0.19999999999999996,2,7,0.893978235048369,0.4915809752997987,-0.09999999999999998,2,9,0.09548763813203687,0.05911475173814995,-0.09999999999999998,8
50,2,0.2,skewed,0.0,0.6,0.6066485506983254,0.4041726277361231,0.0,2,7,0.34291250483181474,0.3217934878971088,-0.09999999999999998,2,9,-0.2637360458665106,-0.08237913983901429,0.09999999999999998,9
50,2,0.2,skewed,0.0,0.6,0.09678600395184872,0.07125963138837839,0.20000000000000007,2,12,0.4784390978231864,0.3563324101044686,-0.09999999999999998,2,7,0.38165309387133767,0.2850727787160902,-0.10000000000000009,10
50,2,0.2,skewed,0.0,0.6,0.894955242645732,0.522138431882592,0.09999999999999998,2,14,0.8800045030060005,0.5848550896882891,0.20000000000000007,2,12,-0.01495073963973148,0.06271665780569713,0.10000000000000009,11
50,2,0.2,skewed,0.0,0.6,0.16162898014629123,0.1270958286038735,-0.09999999999999998,2,10,0.13533700604148113,0.0737686607276976,0.0,2,12,-0.0262919741048101,-0.053327167876175904,-0.09999999999999998,12
50,2,0.2,skewed,0.0,0.6,0.7480630758932474,0.5958955663715799,0.20000000000000007,2,11,0.710890103703384,0.43873147848127136,-0.09999999999999998,2,9,-0.037172972189863374,-0.15716408789030856,-0.10000000000000009,13
50,2,0.2,skewed,0.0,0.6,0.38311821503035587,0.2651776375618956,0.09999999999999998,2,7,0.387230375071352,0.28601225435196026,-0.19999999999999996,2,9,0.004112160040996127,0.020834616790064653,0.09999999999999998,14
50,2,0.2,skewed,0.0,0.6,0.043552851722039015,0.038233229749368665,0.0,2,11,0.46931446109776037,0.27083584111512615,-0.19999999999999996,2,9,0.4257616093757214,0.2326026113657575,0.19999999999999996,15
50,2,0.2,skewed,0.0,0.6,1.8085415471182684,0.9202859470100616,-0.19999999999999996,2,9,0.6216782947118765,0.3258526815700141,0.09999999999999998,2,12,-1.186863252406392,-0.5944332654400475,-0.09999999999999998,16
50,2,0.2,skewed,0.0,0.6,0.8101471454388935,0.6204298480541732,0.20000000000000007,2,10,0.9350456586772216,0.572724254926119,-0.09999999999999998,2,8,0.12489851323832801,-0.047705593128054224,-0.10000000000000009,17
50,2,0.2,skewed,0.0,0.6,0.8754727042548796,0.5285593358727566,-0.3,2,6,0.8464820466856825,0.6138805636125902,0.0,2,10,-0.028990657569197054,0.08532122773983364,-0.3,18
50,2,0.2,skewed,0.0,0.6,0.33340867532859075,0.2645126108343578,0.0,2,11,0.06898930507999866,0.04156775995075458,0.4,2,13,-0.2644193702485921,-0.22294485088360322,0.4,19
50,2,0.2,skewed,0.1,0.6,0.7051360342649317,0.36614434356545966,0.20000000000000007,2,11,0.4669069395644464,0.24655074948175573,0.20000000000000007,2,11,-0.23822909470048526,-0.11959359408370393,0.0,0
50,2,0.2,skewed,0.1,0.6,0.5367850590499508,0.3174781509541753,-0.09999999999999998,2,11,0.3125141026563559,0.22780728488096252,0.0,2,9,-0.2242709563935949,-0.08967086607321278,-0.09999999999999998,1
50,2,0.2,skewed,0.1,0.6,0.7515008483681566,0.39429554573117637,-0.09999999999999998,2,13,0.5044555171913865,0.32966524519403295,-0.3,2,8,-0.24704533117677008,-0.06463030053714341,0.2,2
50,2,0.2,skewed,0.1,0.6,0.7587941367656295,0.59630768536043,-0.19999999999999996,2,6,0.686434595105636,0.6464023824448472,-0.19999999999999996,2,9,-0.07235954165999348,0.05009469708441716,0.0,3
50,2,0.2,skewed,0.1,0.6,0.825722415079853,0.6036870473919854,-0.3,2,10,0.6510512067612392,0.36238906453727604,-0.19999999999999996,2,6,-0.17467120831861382,-0.24129798285470938,-0.10000000000000003,4
50,2,0.2,skewed,0.1,0.6,0.4488759331694892,0.308251530203258,0.0,2,7,0.6078803382724619,0.3862377541973919,-0.09999999999999998,2,6,0.1590044051029727,0.07798622399413391,0.09999999999999998,5
50,2,0.2,skewed,0.1,0.6,0.6302806155658464,0.3338087838639949,0.09999999999999998,2,11,0.4043512980263668,0.23317371783170152,-0.3,2,8,-0.22592931753947953,-0.10063506603229336,0.2,6
50,2,0.2,skewed,0.1,0.6,0.17268791110814544,0.1552249293578321,0.09999999999999998,2,15,0.6471784108882335,0.3456409394995296,-0.19999999999999996,2,9,0.47449049978008806,0.1904160101416975,0.09999999999999998,7
50,2,0.2,skewed,0.1,0.6,0.31057480866356135,0.25091805024350905,0.09999999999999998,2,10,0.16366346744432467,0.10412584728664548,0.0,2,13,-0.14691134121923669,-0.14679220295686357,-0.09999999999999998,8
50,2,0.2,skewed,0.1,0.6,0.38139003588533577,0.3776308531747522,-0.19999999999999996,2,8,0.3367867448342334,0.18770147106494678,-0.09999999999999998,2,9,-0.04460329105110239,-0.18992938210980542,-0.09999999999999998,9
50,2,0.2,skewed,0.1,0.6,0.14261027608687948,0.07959458345326995,0.0,2,10,0.7424420944314607,0.4359957085230738,0.0,2,9,0.5998318183445812,0.3564011250698038,0.0,10
50,2,0.2,skewed,0.1,0.6,0.33505073617559245,0.20017695263001944,0.0,2,12,0.6287509450072837,0.516328442620448,0.09999999999999998,2,8,0.29370020883169123,0.3161514899904285,0.09999999999999998,11
50,2,0.2,skewed,0.1,0.6,0.647558348553493,0.3799135158155687,0.0,2,10,0.12039609681862157,0.09190468653371019,0.20000000000000007,2,13,-0.5271622517348715,-0.2880088292818585,0.20000000000000007,12
50,2,0.2,skewed,0.1,0.6,1.3879475797116627,1.106260499864403,-0.09999999999999998,2,7,0.2022626010872753,0.12837040733349672,0.0,2,8,-1.1856849786243875,-0.9778900925309063,-0.09999999999999998,13
50,2,0.2,skewed,0.1,0.6,0.5370278267107951,0.3363011517837421,0.09999999999999998,2,13,0.7349166877201233,0.4740030184025986,-0.19999999999999996,2,8,0.19788886100932823,0.13770186661885653,0.09999999999999998,14
50,2,0.2,skewed,0.1,0.6,0.596083164505488,0.37765987501829984,0.20000000000000007,2,11,0.5068866193959082,0.39569538235076657,0.0,2,13,-0.08919654510957986,0.018035507332466727,-0.20000000000000007,15
50,2,0.2,skewed,0.1,0.6,0.7600424895174401,0.6772592332888823,-0.09999999999999998,2,7,0.13199408612384625,0.10531851552003282,-0.09999999999999998,2,11,-0.6280484033935939,-0.5719407177688495,0.0,16
50,2,0.2,skewed,0.1,0.6,0.882060683247827,0.588209526020353,-0.3,2,8,0.13351126999548832,0.12136124132964907,0.20000000000000007,2,14,-0.7485494132523387,-0.46684828469070394,-0.09999999999999992,17
50,2,0.2,skewed,0.1,0.6,0.5829704713999583,0.36157114718830746,0.20000000000000007,2,13,0.96119322362438,0.6532347223770057,0.0,2,10,0.3782227522244217,0.2916635751886983,-0.20000000000000007,18
50,2,0.2,skewed,0.1,0.6,0.729753758734589,0.48706437814042974,0.09999999999999998,2,9,0.8372541076072536,0.6991217782816246,0.09999999999999998,2,12,0.10750034887266458,0.21205740014119484,0.0,19
50,2,0.2,skewed,0.2,0.6,0.5769845847470381,0.42438628142938206,-0.09999999999999998,2,6,0.376712502468384,0.272191320336983,0.30000000000000004,2,10,-0.20027208227865406,-0.15219496109239905,0.20000000000000007,0
50,2,0.2,skewed,0.2,0.6,0.4994106041498025,0.41825394451980363,0.0,2,7,0.22743521915780668,0.17326424828666098,0.0,2,8,-0.2719753849919958,-0.24498969623314265,0.0,1
50,2,0.2,skewed,0.2,0.6,0.38220692264784994,0.3791733346436133,0.20000000000000007,2,9,0.24298426542389948,0.2150023353869096,-0.19999999999999996,2,11,-0.13922265722395047,-0.1641709992567037,-1.1102230246251565e-16,2
50,2,0.2,skewed,0.2,0.6,0.23928633930732854,0.17207777554326514,0.0,2,8,0.2176996289742009,0.11369123177708305,0.09999999999999998,2,14,-0.021586710333127646,-0.05838654376618209,0.09999999999999998,3
50,2,0.2,skewed,0.2,0.6,0.28584386778830556,0.18718041385711628,-0.09999999999999998,2,10,0.27800946579285296,0.22670763223175,-0.09999999999999998,2,7,-0.0078344019954526,0.039527218374633716,0.0,4
50,2,0.2,skewed,0.2,0.6,0.20057291403532798,0.15369035027532243,-0.3,2,3,0.3068142800931559,0.21084978602325782,0.30000000000000004,2,13,0.10624136605782794,0.05715943574793539,5.551115123125783e-17,5
50,2,0.2,skewed,0.2,0.6,0.4560987255280934,0.32399868184193625,-0.09999999999999998,2,13,0.4405015137438705,0.30698102359566304,0.09999999999999998,2,12,-0.015597211784222909,-0.017017658246273215,0.0,6
50,2,0.2,skewed,0.2,0.6,0.3420309498081952,0.22067860982390344,0.20000000000000007,2,13,1.9237280247648607,1.1702885659140825,-0.19999999999999996,2,8,1.5816970749566654,0.9496099560901791,-1.1102230246251565e-16,7
50,2,0.2,skewed,0.2,0.6,0.8446301078797012,0.490893842399699,-0.3,2,7,0.6141077180401384,0.33629714604929184,-0.09999999999999998,2,8,-0.23052238983956275,-0.15459669635040718,-0.2,8
50,2,0.2,skewed,0.2,0.6,0.7444654894404403,0.6705485579189965,0.0,2,11,0.2852998892674277,0.25961098393846616,0.0,2,8,-0.4591656001730126,-0.4109375739805303,0.0,9
50,2,0.2,skewed,0.2,0.6,0.33819823261818044,0.2416998044626844,0.20000000000000007,2,11,0.17912712920389576,0.08991747979771675,0.09999999999999998,2,10,-0.15907110341428468,-0.15178232466496766,-0.10000000000000009,10
50,2,0.2,skewed,0.2,0.6,0.24759612625636254,0.23237205761341673,0.0,2,10,0.28343868238580605,0.20002954163448344,0.09999999999999998,2,11,0.03584255612944351,-0.032342515978933284,0.09999999999999998,11
50,2,0.2,skewed,0.2,0.6,0.4137578135473952,0.33243370511885817,-0.19999999999999996,2,8,0.5226614874020431,0.31676731117527435,0.0,2,8,0.10890367385464789,-0.015666393943583823,-0.19999999999999996,12
50,2,0.2,skewed,0.2,0.6,0.5017709647565065,0.2880286092134449,0.0,2,10,0.4499023392657672,0.3844412764176226,0.20000000000000007,2,10,-0.051868625490739284,0.09641266720417768,0.20000000000000007,13
50,2,0.2,skewed,0.2,0.6,0.09370300165462153,0.0635595563811267,-0.19999999999999996,2,9,0.20933214540418546,0.12433852022432222,-0.09999999999999998,2,10,0.11562914374956393,0.06077896384319552,-0.09999999999999998,14
50,2,0.2,skewed,0.2,0.6,0.5523297087384795,0.4612603931666057,-0.19999999999999996,2,9,0.39990400265887127,0.22360712448510373,0.09999999999999998,2,12,-0.15242570607960826,-0.237653268681502,-0.09999999999999998,15
50,2,0.2,skewed,0.2,0.6,1.3966405365717227,0.7072959281907779,-0.19999999999999996,2,9,0.5059528731165885,0.49408636811972095,0.0,2,12,-0.8906876634551342,-0.21320956007105696,-0.19999999999999996,16
50,2,0.2,skewed,0.2,0.6,0.13707049131879157,0.1353834792093893,0.09999999999999998,2,12,0.02923612918191207,0.02058046166243605,0.20000000000000007,2,16,-0.1078343621368795,-0.11480301754695327,0.10000000000000009,17
50,2,0.2,skewed,0.2,0.6,0.2525454644078256,0.1739393176984983,0.09999999999999998,2,10,0.3306333216986306,0.26826983161552115,-0.19999999999999996,2,10,0.07808785729080497,0.09433051391702285,0.09999999999999998,18
50,2,0.2,skewed,0.2,0.6,0.40318867313269807,0.21287435244879171,0.30000000000000004,2,15,0.19550505630959106,0.09958704797549228,-0.09999999999999998,2,9,-0.20768361682310701,-0.11328730447329943,-0.20000000000000007,19
50,2,0.2,skewed,0.4,0.6,0.31652321047705795,0.2679432903500858,-0.09999999999999998,2,8,0.8970305465279643,0.6436742412299779,0.0,2,10,0.5805073360509063,0.37573095087989206,-0.09999999999999998,0
50,2,0.2,skewed,0.4,0.6,0.1125240789065214,0.09688787365224542,-0.09999999999999998,2,7,0.08479510721874227,0.05563026226803988,0.09999999999999998,2,12,-0.02772897168777913,-0.04125761138420554,0.0,1
50,2,0.2,skewed,0.4,0.6,0.6069121113597464,0.4024123531431963,-0.19999999999999996,2,7,1.5543137424780302,0.7782636520410836,0.09999999999999998,2,13,0.9474016311182838,0.3758512988978873,-0.09999999999999998,2
50,2,0.2,skewed,0.4,0.6,0.16347926958685813,0.11560193894884985,-0.19999999999999996,2,9,0.6444722781331503,0.38103361917142925,0.09999999999999998,2,12,0.48099300854629223,0.2654316802225794,-0.09999999999999998,3
50,2,0.2,skewed,0.4,0.6,0.5095367302073245,0.28263198745036683,0.20000000000000007,2,11,0.577579814815377,0.32131554982378324,-0.09999999999999998,2,9,0.06804308460805253,0.038683562373416414,-0.10000000000000009,4
50,2,0.2,skewed,0.4,0.6,0.7030007065815242,0.5169908757357615,-0.19999999999999996,2,9,1.7017545830332195,0.8723161768312518,-0.19999999999999996,2,12,0.9987538764516952,0.3553253010954903,0.0,5
50,2,0.2,skewed,0.4,0.6,0.055418241272731594,0.04386597437527783,0.09999999999999998,2,12,0.2534470829978972,0.128441015273444,0.09999999999999998,2,11,0.1980288417251656,0.08457504089816617,0.0,6
50,2,0.2,skewed,0.4,0.6,0.6344417155275321,0.42301735495506554,-0.09999999999999998,2,7,0.9019358940518436,0.4882902485533094,0.20000000000000007,2,11,0.26749417852431145,0.06527289359824384,0.10000000000000009,7
50,2,0.2,skewed,0.4,0.6,0.0939214776993892,0.04855906020033763,0.20000000000000007,2,12,0.19395284864423235,0.1176299067264642,0.09999999999999998,2,12,0.10003137094484314,0.06907084652612658,-0.10000000000000009,8
50,2,0.2,skewed,0.4,0.6,0.4348647022686143,0.24192825206096338,-0.09999999999999998,2,8,0.22005451683598937,0.21026874421996467,0.0,2,9,-0.21481018543262492,-0.03165950784099872,-0.09999999999999998,9
50,2,0.2,skewed,0.4,0.6,0.9088580375077128,0.4998667355456279,0.09999999999999998,2,11,0.38050984036720226,0.323165233093359,-0.3,2,6,-0.5283481971405105,-0.1767015024522689,0.2,10
50,2,0.2,skewed,0.4,0.6,0.313715278144873,0.17439993314296565,0.0,2,9,0.9644556349505993,0.6017164526233738,0.4,2,11,0.6507403568057263,0.42731651948040816,0.4,11
50,2,0.2,skewed,0.4,0.6,0.5387967171503493,0.3084202570737197,0.20000000000000007,2,11,0.20369749430900413,0.16451353173044886,0.09999999999999998,2,11,-0.33509922284134513,-0.1439067253432708,-0.10000000000000009,12
50,2,0.2,skewed,0.4,0.6,0.3702893796589969,0.1856648433191675,-0.09999999999999998,2,12,0.1684470242449236,0.13406012023318697,-0.09999999999999998,2,12,-0.20184235541407328,-0.05160472308598052,0.0,13
50,2,0.2,skewed,0.4,0.6,0.5928227504750958,0.445038917961429,-0.3,2,9,0.34675356864612705,0.1916187521421748,-0.19999999999999996,2,8,-0.24606918182896875,-0.2534201658192542,-0.10000000000000003,14
50,2,0.2,skewed,0.4,0.6,0.40024422069012683,0.20195201786241113,0.20000000000000007,2,10,0.5940782058867912,0.5449779737536044,0.30000000000000004,2,14,0.19383398519666434,0.3430259558911932,0.09999999999999998,15
50,2,0.2,skewed,0.4,0.6,0.2357560564582977,0.12828620547782268,0.09999999999999998,2,9,0.7263106469482878,0.5815169672809379,0.0,2,9,0.49055459048999017,0.4532307618031153,-0.09999999999999998,16
50,2,0.2,skewed,0.4,0.6,0.4709715366013607,0.42384703836194015,-0.09999999999999998,2,8,0.25105696644502695,0.2456140332513188,0.0,2,11,-0.21991457015633376,-0.17823300511062135,-0.09999999999999998,17
50,2,0.2,skewed,0.4,0.6,0.08692169746989353,0.05691377572425726,0.20000000000000007,2,12,0.07372537831394738,0.07343191959843909,0.0,2,13,-0.013196319155946157,0.01651814387418183,-0.20000000000000007,18
50,2,0.2,skewed,0.4,0.6,0.5467709668433721,0.2970408242694451,-0.09999999999999998,2,9,0.5179808251488297,0.39689206089881435,0.0,2,11,-0.028790141694542415,0.09985123662936923,-0.09999999999999998,19
50,2,0.2,correlated,0.0,0.6,1.9712896540915985,1.4369440227531496,-0.3,2,9,2.471004521159853,1.4344946448522014,0.20000000000000007,2,12,0.4997148670682543,-0.0024493779009482353,-0.09999999999999992,0
50,2,0.2,correlated,0.0,0.6,1.3464139416892975,1.0965679021446273,0.0,2,9,2.570718344634562,1.4518432376940669,0.0,2,12,1.2243044029452645,0.3552753355494396,0.0,1
50,2,0.2,correlated,0.0,0.6,0.11936415608904302,0.1016767968390753,0.4,2,14,0.20671554221429853,0.10689531561298149,-0.19999999999999996,2,6,0.0873513861252555,0.0052185187739061945,-0.20000000000000007,2
50,2,0.2,correlated,0.0,0.6,0.9722847746797632,0.8478144824446336,-0.09999999999999998,2,9,0.530861185880208,0.48294076687131143,0.0,2,11,-0.4414235887995551,-0.3648737155733222,-0.09999999999999998,3
50,2,0.2,correlated,0.0,0.6,4.467828773430074,3.5724642250591367,-0.09999999999999998,2,12,2.4024066556346675,1.2095791420025226,0.4,2,15,-2.065422117795406,-2.3628850830566144,0.30000000000000004,4
50,2,0.2,correlated,0.0,0.6,0.2880091722432246,0.1941623297454651,0.0,2,9,2.4899620930675885,1.4449856209475789,-0.3,2,5,2.201952920824364,1.2508232912021138,0.3,5
50,2,0.2,correlated,0.0,0.6,0.6407661748026419,0.6128708252569929,0.09999999999999998,2,10,0.5478029737028023,0.43938574998745106,0.20000000000000007,2,14,-0.09296320109983958,-0.17348507526954182,0.10000000000000009,6
50,2,0.2,correlated,0.0,0.6,5478.235078239955,2739.3895854154366,0.30000000000000004,2,12,5983.19558437259,2992.166663614465,-0.19999999999999996,2,8,504.9605061326347,252.77707819902844,-0.10000000000000009,7
50,2,0.2,correlated,0.0,0.6,0.989089382512342,0.9084964123597231,-0.09999999999999998,2,6,0.49470866099333133,0.2754263878232871,-0.09999999999999998,2,9,-0.4943807215190107,-0.633070024536436,0.0,8
50,2,0.2,correlated,0.0,0.6,0.3594796125392161,0.19150850103798253,0.4,2,15,1.1774667440706859,0.6826275287396844,0.0,2,11,0.8179871315314697,0.4911190277017018,-0.4,9
50,2,0.2,correlated,0.0,0.6,0.7085791358936916,0.5459725692777506,0.09999999999999998,2,13,4.893137663972814,2.887715209676257,-0.19999999999999996,2,8,4.184558528079123,2.341742640398506,0.09999999999999998,10
50,2,0.2,correlated,0.0,0.6,25.6239069259259,22.72164200608514,-0.19999999999999996,2,10,8.904783294625723,8.202359927782176,-0.09999999999999998,2,7,-16.719123631300178,-14.519282078302965,-0.09999999999999998,11
50,2,0.2,correlated,0.0,0.6,0.5364639507090787,0.4093128417246634,0.0,2,11,0.863720153651245,0.6778020668109705,0.0,2,9,0.3272562029421663,0.2684892250863071,0.0,12
50,2,0.2,correlated,0.0,0.6,0.15149582914873075,0.11328431677936687,0.09999999999999998,2,13,0.9404246044317375,0.8662107026440171,0.20000000000000007,2,14,0.7889287752830068,0.7529263858646502,0.10000000000000009,13
50,2,0.2,correlated,0.0,0.6,0.7001693643590586,0.4411796684075514,0.0,2,13,1.5307261702005017,1.3726629352098132,0.20000000000000007,2,11,0.8305568058414431,0.9314832668022618,0.20000000000000007,14
50,2,0.2,correlated,0.0,0.6,0.5957011039714096,0.39283108499061364,0.30000000000000004,2,13,0.4569389074325155,0.30405228407644086,-0.19999999999999996,2,5,-0.13876219653889416,-0.08877880091417278,-0.10000000000000009,15
50,2,0.2,correlated,0.0,0.6,2.18814349917141,1.5778661790737556,0.0,2,11,0.576395833913834,0.410942770753174,0.09999999999999998,2,12,-1.6117476652575762,-1.1669234083205815,0.09999999999999998,16
50,2,0.2,correlated,0.0,0.6,1.4969324004990556,1.0229178429706227,-0.09999999999999998,2,10,0.23819113537572023,0.14062435047109192,-0.09999999999999998,2,11,-1.2587412651233354,-0.8822934924995308,0.0,17
50,2,0.2,correlated,0.0,0.6,3.698152714632929,2.1347118973613113,0.09999999999999998,2,10,1.9349466052607511,1.6144785517144848,0.0,2,11,-1.763206109372178,-0.5202333456468264,-0.09999999999999998,18
50,2,0.2,correlated,0.0,0.6,1.2949168631766883,0.6814362626465611,0.0,2,10,0.5611813189553975,0.42744341155575244,0.20000000000000007,2,11,-0.7337355442212908,-0.25399285109080866,0.20000000000000007,19
50,2,0.2,correlated,0.1,0.6,0.460484554677469,0.41695174079931047,-0.09999999999999998,2,10,1.214224664098002,1.12685025742485,-0.19999999999999996,2,8,0.7537401094205329,0.7098985166255396,0.09999999999999998,0
50,2,0.2,correlated,0.1,0.6,5.5856966161539265,3.4944211983873514,0.0,2,9,2.919775074673099,1.51160606944019,-0.09999999999999998,2,10,-2.6659215414808277,-1.9828151289471614,0.09999999999999998,1
50,2,0.2,correlated,0.1,0.6,5.282494396938616,3.708204688779338,-0.09999999999999998,2,8,1.2288495389281995,0.8941888671014429,-0.19999999999999996,2,7,-4.053644858010417,-2.814015821677895,0.09999999999999998,2
50,2,0.2,correlated,0.1,0.6,31.889789019380483,16.389465510909172,0.20000000000000007,2,11,50.50775136220875,27.594550041370084,0.4,2,18,18.617962342828267,11.205084530460912,0.19999999999999996,3
50,2,0.2,correlated,0.1,0.6,0.17064003395733615,0.09734328469384015,0.30000000000000004,2,14,0.5188234536507959,0.41535606014508375,0.30000000000000004,2,13,0.3481834196934597,0.3180127754512436,0.0,4
50,2,0.2,correlated,0.1,0.6,0.14394945087396008,0.09801297840927188,-0.19999999999999996,2,6,0.6285892365827039,0.38510712253224627,-0.19999999999999996,2,9,0.4846397857087439,0.2870941441229744,0.0,5
50,2,0.2,correlated,0.1,0.6,17.787568357071095,10.642583982123165,0.0,2,8,18.394772466142882,12.116229612515834,-0.19999999999999996,2,7,0.6072041090717875,1.473645630392669,0.19999999999999996,6
50,2,0.2,correlated,0.1,0.6,1.1141364609068323,0.841900084865484,-0.09999999999999998,2,8,2.0751586763354193,1.465060853002162,0.0,2,10,0.961022215428587,0.6231607681366781,-0.09999999999999998,7
50,2,0.2,correlated,0.1,0.6,140.6711358941688,71.29216863990985,-0.09999999999999998,2,8,60.89487812903434,30.647551103711077,0.30000000000000004,2,13,-79.77625776513446,-40.644617536198766,0.20000000000000007,8
50,2,0.2,correlated,0.1,0.6,0.8402541019478706,0.4842596085399514,-0.09999999999999998,2,9,0.4115391112073319,0.2929357197192701,0.20000000000000007,2,11,-0.42871499074053876,-0.1913238888206813,0.10000000000000009,9
50,2,0.2,correlated,0.1,0.6,0.2338223356826365,0.1445640708854122,0.0,2,10,0.5620676622501776,0.40958160379566677,-0.09999999999999998,2,7,0.3282453265675411,0.26501753291025454,0.09999999999999998,10
50,2,0.2,correlated,0.1,0.6,2.8662910967025685,2.5215223696581326,0.20000000000000007,2,12,0.6815158365763984,0.5276154328160435,-0.09999999999999998,2,8,-2.18477526012617,-1.9939069368420892,-0.10000000000000009,11
50,2,0.2,correlated,0.1,0.6,1.9716898872959465,1.4628318268877385,0.0,2,10,0.4667261967345864,0.2734478975017239,-0.09999999999999998,2,8,-1.5049636905613601,-1.1893839293860147,0.09999999999999998,12
50,2,0.2,correlated,0.1,0.6,0.26755088726411413,0.23819754880504487,0.20000000000000007,2,12,0.8430206340961685,0.638313499524567,-0.09999999999999998,2,10,0.5754697468320543,0.4001159507195221,-0.10000000000000009,13
50,2,0.2,correlated,0.1,0.6,9.527082307927254,4.832735526619293,-0.3,2,5,12.811906827005766,6.689192899367541,0.09999999999999998,2,15,3.284824519078512,1.856457372748248,-0.2,14
50,2,0.2,correlated,0.1,0.6,4.3946314433644655,2.3043565036051024,0.20000000000000007,2,12,5.13423779890881,3.2080795076098516,-0.09999999999999998,2,10,0.7396063555443444,0.9037230040047493,-0.10000000000000009,15
50,2,0.2,correlated,0.1,0.6,0.39020421957467294,0.24112751482552042,-0.3,2,6,0.5929665641907749,0.3448555518658616,-0.19999999999999996,2,9,0.20276234461610193,0.10372803704034117,-0.10000000000000003,16
50,2,0.2,correlated,0.1,0.6,0.6520404404373807,0.6501932370915152,0.0,2,12,0.17512016577168948,0.13033134404433316,-0.19999999999999996,2,8,-0.47692027466569126,-0.5198618930471821,0.19999999999999996,17
50,2,0.2,correlated,0.1,0.6,1.3751415803142697,1.237337388898146,-0.3,2,6,4.81420672751625,2.443443746183513,0.09999999999999998,2,10,3.4390651472019806,1.206106357285367,-0.2,18
50,2,0.2,correlated,0.1,0.6,0.14728962559969583,0.14444787433816747,-0.09999999999999998,2,10,0.18397614912404156,0.14441492473680023,0.09999999999999998,2,11,0.03668652352434573,-3.2949601367238124e-05,0.0,19
50,2,0.2,correlated,0.2,0.6,1.0481322700348275,0.8699936929457691,-0.3,2,7,0.13339623281253993,0.12907899549820664,-0.19999999999999996,2,8,-0.9147360372222875,-0.7409146974475624,-0.10000000000000003,0
50,2,0.2,correlated,0.2,0.6,0.8388837013262399,0.7797982547611132,-0.09999999999999998,2,9,0.9511033240322452,0.4849566985757629,0.09999999999999998,2,11,0.11221962270600527,-0.2948415561853503,0.0,1
50,2,0.2,correlated,0.2,0.6,0.39122914817117965,0.3682102319490216,0.30000000000000004,2,15,0.7487141006060282,0.7227727959255471,-0.09999999999999998,2,12,0.3574849524348485,0.3545625639765255,-0.20000000000000007,2
50,2,0.2,correlated,0.2,0.6,0.27536349450907627,0.24245256768295845,-0.19999999999999996,2,10,0.5846460608582011,0.4490921129968375,0.0,2,13,0.3092825663491249,0.20663954531387904,-0.19999999999999996,3
50,2,0.2,correlated,0.2,0.6,273.0537001177508,136.89386413408116,0.5000000000000001,2,15,1995.0004183022609,998.8174715236855,0.4,2,18,1721.94671818451,861.9236073896044,-0.10000000000000009,4
50,2,0.2,correlated,0.2,0.6,0.4387774285095795,0.29790961618941425,-0.19999999999999996,2,8,0.13423633827639206,0.1260186669508728,0.09999999999999998,2,11,-0.30454109023318743,-0.17189094923854145,-0.09999999999999998,5
50,2,0.2,correlated,0.2,0.6,2.9996760736656083,1.5744444081887947,0.0,2,10,6.944468299087135,3.70393477181156,-0.09999999999999998,2,7,3.944792225421527,2.1294903636227653,0.09999999999999998,6
50,2,0.2,correlated,0.2,0.6,0.9544261923578414,0.7265398221417716,-0.19999999999999996,2,7,1.8781972162743363,1.1961154752754264,0.09999999999999998,2,10,0.9237710239164949,0.4695756531336548,-0.09999999999999998,7
50,2,0.2,correlated,0.2,0.6,1.8251169023349083,1.540587731626587,0.20000000000000007,2,12,1.0471709275603303,0.7329193110647303,-0.3,2,6,-0.777945974774578,-0.8076684205618567,0.09999999999999992,8
50,2,0.2,correlated,0.2,0.6,0.8864214185511403,0.7104474379249619,0.0,2,12,0.5496177618434027,0.47424118911488167,0.0,2,7,-0.3368036567077376,-0.23620624881008023,0.0,9
50,2,0.2,correlated,0.2,0.6,16.02321179263963,15.001625853762928,0.20000000000000007,2,14,3.0738696992117847,1.737665718957056,0.5000000000000001,2,14,-12.949342093427845,-13.263960134805872,0.30000000000000004,10
50,2,0.2,correlated,0.2,0.6,0.1374314580160168,0.08788741984636766,-0.09999999999999998,2,10,0.20915990699734371,0.1737082749844498,-0.19999999999999996,2,9,0.07172844898132691,0.08582085513808213,0.09999999999999998,11
50,2,0.2,correlated,0.2,0.6,40.063949012774685,20.287776605902085,0.30000000000000004,2,16,18.10867420784462,9.096749722046374,0.0,2,10,-21.955274804930067,-11.191026883855711,-0.30000000000000004,12
50,2,0.2,correlated,0.2,0.6,1.0296576108335347,0.8880748698619653,-0.19999999999999996,2,7,0.9883115519876237,0.612687238503403,-0.19999999999999996,2,6,-0.04134605884591103,-0.27538763135856226,0.0,13
50,2,0.2,correlated,0.2,0.6,0.7595404429775284,0.41525386738771164,-0.09999999999999998,2,10,1.3814953151747602,0.8230153565825398,-0.19999999999999996,2,7,0.6219548721972318,0.40776148919482813,0.09999999999999998,14
50,2,0.2,correlated,0.2,0.6,0.8553496648525067,0.4681180765948003,-0.3,2,8,1.2789659488889047,0.7664827611344462,0.09999999999999998,2,12,0.42361628403639795,0.29836468453964593,-0.2,15
50,2,0.2,correlated,0.2,0.6,8.790652514560488,8.332830236270533,0.20000000000000007,2,11,9.635304529388506,6.848038885776086,0.09999999999999998,2,8,0.8446520148280179,-1.4847913504944472,-0.10000000000000009,16
50,2,0.2,correlated,0.2,0.6,0.9456845696604482,0.7432415695979946,-0.39999999999999997,2,2,2.4645184273333642,1.6399109466351993,-0.19999999999999996,2,8,1.5188338576729161,0.8966693770372047,-0.2,17
50,2,0.2,correlated,0.2,0.6,0.3442477007977555,0.2965689627972385,-0.19999999999999996,2,6,0.8946907439660893,0.7368707184277448,-0.09999999999999998,2,7,0.5504430431683338,0.4403017556305063,-0.09999999999999998,18
50,2,0.2,correlated,0.2,0.6,2.654946814366737,1.457496785966695,0.09999999999999998,2,16,1.738269871724125,1.2268298602107746,0.20000000000000007,2,11,-0.916676942642612,-0.2306669257559204,0.10000000000000009,19
50,2,0.2,correlated,0.4,0.6,0.13431909351070184,0.071108264094335,-0.19999999999999996,2,5,0.4019815801025404,0.3227464885139587,0.09999999999999998,2,8,0.26766248659183856,0.2516382244196237,-0.09999999999999998,0
50,2,0.2,correlated,0.4,0.6,77.186841116398,39.35998732872776,0.0,2,11,26.15937060629662,13.56809180555715,-0.19999999999999996,2,8,-51.02747051010138,-25.79189552317061,0.19999999999999996,1
50,2,0.2,correlated,0.4,0.6,8.306860350323817,4.278270018629875,0.0,2,10,18.702881344644382,9.62041938435305,0.20000000000000007,2,9,10.396020994320565,5.342149365723175,0.20000000000000007,2
50,2,0.2,correlated,0.4,0.6,1.5380900926356396,1.1155594112154288,-0.09999999999999998,2,12,0.9360767530208012,0.8775507515928045,-0.19999999999999996,2,8,-0.6020133396148384,-0.2380086596226243,0.09999999999999998,3
50,2,0.2,correlated,0.4,0.6,0.5773420636562704,0.36041621578911975,-0.09999999999999998,2,7,0.6222566698517285,0.4518492410304181,0.09999999999999998,2,14,0.04491460619545806,0.09143302524129837,0.0,4
50,2,0.2,correlated,0.4,0.6,1.6559015109555713,1.5620362200573235,-0.19999999999999996,2,8,0.15481658887914423,0.1304245525652165,-0.3,2,5,-1.501084922076427,-1.4316116674921069,0.10000000000000003,5
50,2,0.2,correlated,0.4,0.6,0.47652819469706964,0.25501944354088907,0.20000000000000007,2,11,1.5540955097181386,0.8262893318311728,0.09999999999999998,2,11,1.077567315021069,0.5712698882902838,-0.10000000000000009,6
50,2,0.2,correlated,0.4,0.6,1.2451721824513,1.0313139134037375,0.30000000000000004,2,14,0.23895332746726664,0.1561735050507934,0.0,2,9,-1.0062188549840334,-0.875140408352944,-0.30000000000000004,7
50,2,0.2,correlated,0.4,0.6,1.1358293773321486,0.687479168519732,0.0,2,10,0.22378121177455484,0.21003212436957627,0.0,2,10,-0.9120481655575938,-0.4774470441501557,0.0,8
50,2,0.2,correlated,0.4,0.6,0.2770892078660151,0.23552009951738306,0.4,2,13,0.8159489593415848,0.6417511942752046,0.0,2,9,0.5388597514755697,0.4062310947578215,-0.4,9
50,2,0.2,correlated,0.4,0.6,3.0333408315812145,1.629592612641163,0.30000000000000004,2,13,0.8793598367189465,0.5239385744692118,-0.09999999999999998,2,8,-2.153980994862268,-1.1056540381719513,-0.20000000000000007,10
50,2,0.2,correlated,0.4,0.6,6.530260745820247,3.283522995283225,-0.3,2,6,12.945663062582824,6.838920334188509,-0.19999999999999996,2,12,6.415402316762577,3.5553973389052835,-0.10000000000000003,11
50,2,0.2,correlated,0.4,0.6,0.30421858472044117,0.19852502184870127,0.20000000000000007,2,12,0.6365459682054593,0.362723619753548,0.0,2,12,0.3323273834850181,0.16419859790484673,-0.20000000000000007,12
50,2,0.2,correlated,0.4,0.6,1.119473590330937,0.5978170748893125,-0.39999999999999997,2,5,1.6715757979094241,1.4649734061289448,-0.3,2,7,0.5521022075784872,0.8671563312396323,-0.09999999999999998,13
50,2,0.2,correlated,0.4,0.6,0.21925926428401596,0.18844442415483656,-0.3,2,8,0.5299533980320721,0.26599813006698053,-0.3,2,6,0.3106941337480561,0.07755370591214397,0.0,14
50,2,0.2,correlated,0.4,0.6,3.7683564325042003,2.254072422446556,-0.19999999999999996,2,11,0.4783729093097782,0.3200707537531533,-0.09999999999999998,2,8,-3.289983523194422,-1.9340016686934025,-0.09999999999999998,15
50,2,0.2,correlated,0.4,0.6,0.4395621236584494,0.24960711790199303,-0.19999999999999996,2,9,1.0526031449412125,0.9499416519848645,-0.19999999999999996,2,8,0.6130410212827632,0.7003345340828715,0.0,16
50,2,0.2,correlated,0.4,0.6,0.7991682103298464,0.6750267608563467,0.0,2,11,0.7388843405534279,0.6629129952741146,-0.19999999999999996,2,7,-0.06028386977641853,-0.012113765582232094,0.19999999999999996,17
50,2,0.2,correlated,0.4,0.6,0.6135666651625551,0.4391249648964749,-0.19999999999999996,2,9,1.4724150635535582,1.4124335293341597,-0.19999999999999996,2,10,0.8588483983910031,0.9733085644376848,0.0,18
50,2,0.2,correlated,0.4,0.6,0.6176016841806887,0.3796532002523254,0.30000000000000004,2,15,0.8878142083847236,0.7693667016760537,-0.19999999999999996,2,7,0.27021252420403485,0.3897135014237283,-0.10000000000000009,19
50,2,0.5,mixed,0.0,0.6,0.1657015647946509,0.10645433436082644,0.0,2,22,0.3847570968197249,0.28362920744453907,0.12,2,26,0.21905553202507402,0.17717487308371263,0.12,0
50,2,0.5,mixed,0.0,0.6,0.27569929313257824,0.1612609589251838,0.040000000000000036,2,24,0.25169140405193985,0.1333245602361446,0.08000000000000007,2,26,-0.02400788908063839,-0.027936398689039188,0.040000000000000036,1
50,2,0.5,mixed,0.0,0.6,0.4530988380612434,0.23418094121501562,0.0,2,26,0.7886492965966103,0.41178378175026203,-0.15999999999999998,2,25,0.3355504585353669,0.17760284053524641,0.15999999999999998,2
50,2,0.5,mixed,0.0,0.6,0.10071937026960869,0.0600125964994559,0.0,2,24,1.0467909833145213,0.5326761520365993,0.0,2,24,0.9460716130449126,0.47266355553714345,0.0,3
50,2,0.5,mixed,0.0,0.6,6.814283822791466,3.4250862204011323,0.0,2,26,0.34546214352444304,0.1836385966071581,-0.07999999999999996,2,22,-6.468821679267022,-3.241447623793974,0.07999999999999996,4
50,2,0.5,mixed,0.0,0.6,0.018958820724035208,0.01627074503571546,-0.07999999999999996,2,23,0.0033805084979811146,0.002138282667585315,0.0,2,25,-0.015578312226054093,-0.014132462368130146,-0.07999999999999996,5
50,2,0.5,mixed,0.0,0.6,2.1059212464995665,1.0605280034101607,0.0,2,27,3.5836048676294223,1.797727563842473,-0.039999999999999925,2,25,1.4776836211298559,0.7371995604323123,0.039999999999999925,6
50,2,0.5,mixed,0.0,0.6,0.20340288034029064,0.11316708428966064,0.12,2,31,0.6821287922632816,0.3538547471543104,0.08000000000000007,2,26,0.47872591192299097,0.24068766286464977,-0.039999999999999925,7
50,2,0.5,mixed,0.0,0.6,0.3275225814301864,0.19434070745173682,-0.07999999999999996,2,23,0.08250358564174072,0.05644700248457241,0.040000000000000036,2,27,-0.24501899578844571,-0.1378937049671644,-0.039999999999999925,8
50,2,0.5,mixed,0.0,0.6,0.22189892600408737,0.14584716636315614,0.08000000000000007,2,24,1.9947312541347122,1.0514668823064677,0.0,2,25,1.7728323281306249,0.9056197159433115,-0.08000000000000007,9
50,2,0.5,mixed,0.0,0.6,0.3390288816595844,0.17638835209321274,0.040000000000000036,2,28,0.282734585911763,0.15606012055878077,-0.039999999999999925,2,25,-0.05629429574782141,-0.020328231534431973,-1.1102230246251565e-16,10
50,2,0.5,mixed,0.0,0.6,0.31175304546537214,0.1720683742196907,-0.039999999999999925,2,21,0.20566175944436432,0.10780788319574576,-0.12,2,22,-0.10609128602100781,-0.06426049102394495,0.08000000000000007,11
50,2,0.5,mixed,0.0,0.6,0.24589429220407688,0.12475071458788942,0.040000000000000036,2,28,0.17050950693135755,0.09676483364154335,0.040000000000000036,2,26,-0.07538478527271933,-0.02798588094634606,0.0,12
50,2,0.5,mixed,0.0,0.6,0.09334528691403846,0.06890069579182684,0.040000000000000036,2,25,0.11723906203414183,0.08133805770630587,-0.07999999999999996,2,24,0.023893775120103378,0.012437361914479028,0.039999999999999925,13
50,2,0.5,mixed,0.0,0.6,0.1612120840076309,0.08378091861802316,0.0,2,25,0.11121479171371422,0.060275419057884756,-0.15999999999999998,2,21,-0.04999729229391668,-0.0235054995601384,0.15999999999999998,14
50,2,0.5,mixed,0.0,0.6,0.06639011079095278,0.03388729933018519,0.0,2,26,0.2819119052527149,0.14836639881403185,-0.07999999999999996,2,26,0.21552179446176215,0.11447909948384666,0.07999999999999996,15
50,2,0.5,mixed,0.0,0.6,8.655681460808301,4.378108330949504,0.0,2,28,8.484765804693447,4.276517395012086,0.08000000000000007,2,25,-0.17091565611485393,-0.10159093593741808,0.08000000000000007,16
50,2,0.5,mixed,0.0,0.6,1.1743714588681538,0.5888800164014695,-0.039999999999999925,2,25,0.2799551525651564,0.14572024142285195,0.0,2,29,-0.8944163063029973,-0.4431597749786175,-0.039999999999999925,17
50,2,0.5,mixed,0.0,0.6,0.05137909137142347,0.03558865683136637,0.08000000000000007,2,28,0.6355209640017164,0.38325137703051604,0.12,2,27,0.5841418726302929,0.3476627201991497,0.039999999999999925,18
50,2,0.5,mixed,0.0,0.6,0.147851842790869,0.11742240368243201,0.0,2,22,0.386394695778805,0.20908758634740457,0.08000000000000007,2,25,0.23854285298793598,0.09166518266497256,0.08000000000000007,19
50,2,0.5,mixed,0.1,0.6,0.1514687477486976,0.12057900008530929,0.040000000000000036,2,28,0.24535093597924945,0.14575836495796876,0.040000000000000036,2,24,0.09388218823055186,0.025179364872659468,0.0,0
50,2,0.5,mixed,0.1,0.6,0.3755715782490367,0.20864551839511786,0.0,2,23,0.3015651633565735,0.15552405105554012,-0.039999999999999925,2,25,-0.07400641489246318,-0.05312146733957773,0.039999999999999925,1
50,2,0.5,mixed,0.1,0.6,0.7037159781256901,0.3686839369360991,0.0,2,24,0.8465816731797361,0.42342202586587946,-0.039999999999999925,2,23,0.142865695054046,0.05473808892978038,0.039999999999999925,2
50,2,0.5,mixed,0.1,0.6,0.07129704229995093,0.042475921536054985,-0.039999999999999925,2,30,0.0236601436949712,0.018044147336031522,0.12,2,28,-0.04763689860497973,-0.024431774200023463,0.08000000000000007,3
50,2,0.5,mixed,0.1,0.6,0.02113037266896657,0.0205414172812865,-0.039999999999999925,2,19,0.15428457385511837,0.09997918602293913,0.040000000000000036,2,24,0.1331542011861518,0.07943776874165263,1.1102230246251565e-16,4
50,2,0.5,mixed,0.1,0.6,0.7350778844808517,0.37787960711572216,-0.07999999999999996,2,23,0.3062780741081932,0.17728837805652986,-0.039999999999999925,2,25,-0.42879981037265846,-0.2005912290591923,-0.040000000000000036,5
50,2,0.5,mixed,0.1,0.6,0.5189316799354374,0.28031816964792783,-0.039999999999999925,2,25,1.9947061823988645,1.0077056441555263,0.08000000000000007,2,31,1.4757745024634272,0.7273874745075986,0.04000000000000015,6
50,2,0.5,mixed,0.1,0.6,6.496044294489729,3.2884769998229895,-0.039999999999999925,2,26,1.5149249311457582,0.788626354817158,0.12,2,25,-4.9811193633439705,-2.4998506450058313,0.08000000000000007,7
50,2,0.5,mixed,0.1,0.6,0.008480067074775223,0.00546100315303078,0.040000000000000036,2,29,0.08377642013508696,0.0555607950840073,0.040000000000000036,2,28,0.07529635306031174,0.050099791930976516,0.0,8
50,2,0.5,mixed,0.1,0.6,2.5473290591761297,1.2850275441884895,0.0,2,28,2.437205224521107,1.2364020916884202,0.0,2,23,-0.11012383465502262,-0.04862545250006933,0.0,9
50,2,0.5,mixed,0.1,0.6,0.29622689659428275,0.17182995310551064,0.12,2,27,0.16288009688052435,0.09291482060162926,0.0,2,25,-0.1333467997137584,-0.07891513250388138,-0.12,10
50,2,0.5,mixed,0.1,0.6,0.20086370877301055,0.12456440872926035,-0.12,2,22,0.08374702667846047,0.07764206409565802,-0.039999999999999925,2,22,-0.11711668209455008,-0.04692234463360233,-0.08000000000000007,11
50,2,0.5,mixed,0.1,0.6,0.0411860111282291,0.0337075521866385,-0.07999999999999996,2,25,0.047821305915548486,0.0402617696368828,0.0,2,27,0.006635294787319383,0.006554217450244301,-0.07999999999999996,12
50,2,0.5,mixed,0.1,0.6,2.5410694935224303,1.2840309789879714,0.0,2,27,4.23658101422897,2.1698420457415186,0.040000000000000036,2,31,1.6955115207065399,0.8858110667535473,0.040000000000000036,13
50,2,0.5,mixed,0.1,0.6,0.0063623074601751395,0.003479916972693644,0.08000000000000007,2,26,0.1498422352075822,0.10492023353367545,0.0,2,24,0.14347992774740706,0.1014403165609818,-0.08000000000000007,14
50,2,0.5,mixed,0.1,0.6,0.4487084474205204,0.22906700252991327,0.040000000000000036,2,27,0.180083466611942,0.09152977538164785,0.08000000000000007,2,27,-0.26862498080857844,-0.13753722714826544,0.040000000000000036,15
50,2,0.5,mixed,0.1,0.6,0.24651794298181354,0.12394667122274688,0.12,2,27,0.09542261162996037,0.07784453972340095,-0.15999999999999998,2,21,-0.15109533135185316,-0.04610213149934593,0.03999999999999998,16
50,2,0.5,mixed,0.1,0.6,0.03267388061724779,0.020254558592171297,-0.07999999999999996,2,25,0.2758556869976575,0.14619547525193835,-0.039999999999999925,2,25,0.2431818063804097,0.12594091665976706,-0.040000000000000036,17
50,2,0.5,mixed,0.1,0.6,0.9194421943985143,0.4953668846063747,0.08000000000000007,2,27,0.3901488947732234,0.20697733087912695,-0.19999999999999996,2,18,-0.5292932996252908,-0.2883895537272477,0.11999999999999988,18
50,2,0.5,mixed,0.1,0.6,0.08054188878022707,0.04591125843023238,0.040000000000000036,2,23,0.4318659317226504,0.25953528729347286,0.040000000000000036,2,26,0.35132404294242336,0.21362402886324047,0.0,19
50,2,0.5,mixed,0.2,0.6,0.3150741585180041,0.16619573202200535,-0.07999999999999996,2,26,2.4721876102348475,1.236537851401865,-0.039999999999999925,2,24,2.1571134517168433,1.0703421193798597,-0.040000000000000036,0
50,2,0.5,mixed,0.2,0.6,2.4309821091976596,1.2192934571189888,0.040000000000000036,2,25,7.65753216883981,3.8351754911551192,-0.039999999999999925,2,25,5.22655005964215,2.6158820340361304,-1.1102230246251565e-16,1
50,2,0.5,mixed,0.2,0.6,0.12145736967770177,0.10481906474765232,0.0,2,27,0.3823005460045299,0.24476473702800777,-0.12,2,20,0.26084317632682813,0.13994567228035545,0.12,2
50,2,0.5,mixed,0.2,0.6,0.08984360651622818,0.06785166963367872,-0.039999999999999925,2,21,0.044067321993133055,0.029335230544833522,-0.039999999999999925,2,21,-0.04577628452309512,-0.0385164390888452,0.0,3
50,2,0.5,mixed,0.2,0.6,0.3322606630070003,0.23544052628220674,-0.15999999999999998,2,23,0.19406280412149368,0.11643426080994916,-0.039999999999999925,2,22,-0.13819785888550662,-0.11900626547225758,-0.12000000000000005,4
50,2,0.5,mixed,0.2,0.6,0.19895655927731287,0.11995235480709922,0.08000000000000007,2,26,0.2829427658182474,0.21258057627372562,-0.27999999999999997,2,18,0.08398620654093453,0.0926282214666264,0.1999999999999999,5
50,2,0.5,mixed,0.2,0.6,0.07753101600625739,0.06337602842855881,0.040000000000000036,2,26,0.11539130284578009,0.057854892472209964,0.0,2,25,0.037860286839522694,-0.005521135956348851,-0.040000000000000036,6
50,2,0.5,mixed,0.2,0.6,0.34348681788545504,0.2393720414275091,0.040000000000000036,2,29,0.21217846593765988,0.12019398180377144,-0.07999999999999996,2,29,-0.13130835194779517,-0.11917805962373765,0.039999999999999925,7
50,2,0.5,mixed,0.2,0.6,0.992124398155345,0.5011957081039895,0.0,2,24,0.2562868918234421,0.18562732236903934,0.040000000000000036,2,24,-0.7358375063319029,-0.31556838573495016,0.040000000000000036,8
50,2,0.5,mixed,0.2,0.6,0.036177775052081355,0.028817894387453954,0.12,2,27,0.3834688740161321,0.20872050917009133,0.0,2,25,0.34729109896405075,0.17990261478263736,-0.12,9
50,2,0.5,mixed,0.2,0.6,0.0676888966536375,0.0441087686833558,0.12,2,26,0.199233051498318,0.14126723189209597,-0.039999999999999925,2,28,0.1315441548446805,0.09715846320874016,-0.08000000000000007,10
50,2,0.5,mixed,0.2,0.6,0.24872527343557296,0.1340193216905854,-0.039999999999999925,2,22,0.26322598268569497,0.14361533935119764,-0.039999999999999925,2,24,0.014500709250122007,0.009596017660612244,0.0,11
50,2,0.5,mixed,0.2,0.6,0.1420885930049978,0.08747725728650288,0.08000000000000007,2,27,0.2892322376062633,0.17441166012437428,0.0,2,25,0.14714364460126553,0.0869344028378714,-0.08000000000000007,12
50,2,0.5,mixed,0.2,0.6,0.15460961098501597,0.08879179744094903,0.040000000000000036,2,26,0.33730721947065695,0.2474734589092344,-0.039999999999999925,2,24,0.18269760848564098,0.15868166146828536,-1.1102230246251565e-16,13
50,2,0.5,mixed,0.2,0.6,0.07902818173581723,0.04231407288125708,0.0,2,29,0.5689877974634397,0.31717892791481983,0.08000000000000007,2,24,0.48995961572762253,0.2748648550335627,0.08000000000000007,14
50,2,0.5,mixed,0.2,0.6,0.25344814701027596,0.21223880546109233,-0.039999999999999925,2,21,0.14677532254873205,0.09310492138069093,0.08000000000000007,2,24,-0.10667282446154391,-0.1191338840804014,0.04000000000000015,15
50,2,0.5,mixed,0.2,0.6,0.2704678704555218,0.1733858368440659,0.040000000000000036,2,26,0.13592519584730653,0.07650986983045478,-0.039999999999999925,2,22,-0.13454267460821526,-0.0968759670136111,-1.1102230246251565e-16,16
50,2,0.5,mixed,0.2,0.6,0.03453213920582226,0.022019892924632502,0.040000000000000036,2,26,0.4261561100097627,0.24901560868449388,-0.039999999999999925,2,22,0.39162397080394046,0.22699571575986138,-1.1102230246251565e-16,17
50,2,0.5,mixed,0.2,0.6,0.3437393273402649,0.18032205295988654,0.0,2,24,0.3916827975923023,0.19748639154362765,-0.039999999999999925,2,26,0.04794347025203738,0.017164338583741112,0.039999999999999925,18
50,2,0.5,mixed,0.2,0.6,0.04106242617224907,0.038495171304309905,0.040000000000000036,2,26,0.013182320619262907,0.010440546600982582,-0.15999999999999998,2,21,-0.02788010555298616,-0.028054624703327324,0.11999999999999994,19
50,2,0.5,mixed,0.4,0.6,0.22054158593295475,0.13143636508322182,-0.07999999999999996,2,23,0.015207437269464868,0.012122093746933574,0.040000000000000036,2,26,-0.2053341486634899,-0.11931427133628825,-0.039999999999999925,0
50,2,0.5,mixed,0.4,0.6,0.08962070670414182,0.0750721646580873,0.0,2,24,0.12217473405641799,0.09395817322106571,0.08000000000000007,2,28,0.032554027352276166,0.01888600856297841,0.08000000000000007,1
50,2,0.5,mixed,0.4,0.6,0.17584585014864149,0.10072363386873862,0.0,2,27,0.15994073251136046,0.1426633862764784,0.12,2,26,-0.01590511763728103,0.04193975240773978,0.12,2
50,2,0.5,mixed,0.4,0.6,0.08784532002676569,0.05715184223178921,-0.039999999999999925,2,27,0.08896026969147403,0.07290709329721265,-0.039999999999999925,2,26,0.001114949664708334,0.015755251065423442,0.0,3
50,2,0.5,mixed,0.4,0.6,0.3719095293960391,0.1943353012018776,0.0,2,25,0.08962952534308145,0.06735519269496551,0.0,2,26,-0.28228000405295767,-0.1269801085069121,0.0,4
50,2,0.5,mixed,0.4,0.6,0.03793695388355233,0.030311120675638976,0.040000000000000036,2,25,0.07330290402174945,0.04529768580541066,0.08000000000000007,2,27,0.03536595013819712,0.014986565129771683,0.040000000000000036,5
50,2,0.5,mixed,0.4,0.6,0.18683442447171608,0.14094382350946383,0.08000000000000007,2,28,1.1237022219609432,0.5753950796679216,0.0,2,25,0.9368677974892271,0.43445125615845775,-0.08000000000000007,6
50,2,0.5,mixed,0.4,0.6,0.2370496785918946,0.12854417393993897,0.040000000000000036,2,27,0.04399274117022988,0.03313756783749542,-0.039999999999999925,2,26,-0.19305693742166471,-0.09540660610244356,-1.1102230246251565e-16,7
50,2,0.5,mixed,0.4,0.6,0.27026271548476066,0.15560796853280118,0.0,2,26,0.08229179732217999,0.06041254051032173,-0.039999999999999925,2,24,-0.18797091816258066,-0.09519542802247945,0.039999999999999925,8
50,2,0.5,mixed,0.4,0.6,0.5361137044063722,0.2840994360447214,0.0,2,25,0.2617860826698056,0.15513369673618407,0.040000000000000036,2,27,-0.2743276217365666,-0.1289657393085373,0.040000000000000036,9
50,2,0.5,mixed,0.4,0.6,0.060611347279710584,0.04484299878516149,0.040000000000000036,2,27,0.18473597508029843,0.09239171151986733,0.0,2,25,0.12412462780058785,0.04754871273470584,-0.040000000000000036,10
50,2,0.5,mixed,0.4,0.6,0.0764698187131942,0.05260270216380135,0.040000000000000036,2,26,0.09514640884943674,0.09077385122931783,-0.07999999999999996,2,22,0.018676590136242552,0.03817114906551648,0.039999999999999925,11
50,2,0.5,mixed,0.4,0.6,0.10917642662052583,0.07685846740344777,0.08000000000000007,2,27,0.02629497423481691,0.01557234437631418,0.040000000000000036,2,26,-0.08288145238570892,-0.0612861230271336,-0.040000000000000036,12
50,2,0.5,mixed,0.4,0.6,0.3673998530003654,0.2096278370249467,-0.039999999999999925,2,23,0.22532072553812238,0.13724426246126883,-0.039999999999999925,2,27,-0.142079127462243,-0.07238357456367786,0.0,13
50,2,0.5,mixed,0.4,0.6,0.1396461859126324,0.07727254859028819,0.040000000000000036,2,26,0.08383913286638128,0.05854837898921719,0.08000000000000007,2,23,-0.05580705304625111,-0.018724169601070997,0.040000000000000036,14
50,2,0.5,mixed,0.4,0.6,0.2721334994301715,0.19420035372568278,-0.07999999999999996,2,24,0.1829491021759074,0.12718596391312673,-0.039999999999999925,2,24,-0.08918439725426411,-0.06701438981255606,-0.040000000000000036,15
50,2,0.5,mixed,0.4,0.6,0.36264181040384025,0.2267313589783837,-0.07999999999999996,2,21,0.405956360099649,0.25961724864498587,-0.07999999999999996,2,20,0.04331454969580878,0.032885889666602164,0.0,16
50,2,0.5,mixed,0.4,0.6,0.13783746757439094,0.08315611246617712,0.0,2,25,0.35481589642270017,0.18290694689037462,-0.039999999999999925,2,22,0.21697842884830923,0.09975083442419751,0.039999999999999925,17
50,2,0.5,mixed,0.4,0.6,9.807516100945838,4.9175152744343285,-0.12,2,23,7.671399523787584,3.8444493270459095,0.08000000000000007,2,26,-2.136116577158254,-1.073065947388419,-0.039999999999999925,18
50,2,0.5,mixed,0.4,0.6,1.0632240903725223,0.5596459875378954,0.0,2,25,0.407857323972483,0.20821732597386253,0.12,2,29,-0.6553667664000393,-0.35142866156403285,0.12,19
50,2,0.5,skewed,0.0,0.6,0.10616639786965432,0.06751173608911458,-0.15999999999999998,2,21,0.34563473462508154,0.20390865462983687,-0.039999999999999925,2,22,0.23946833675542722,0.13639691854072228,-0.12000000000000005,0
50,2,0.5,skewed,0.0,0.6,0.11976107847912658,0.06596532205857895,-0.15999999999999998,2,21,0.29534057510524203,0.25507865010061415,0.12,2,28,0.17557949662611544,0.18911332804203518,-0.03999999999999998,1
50,2,0.5,skewed,0.0,0.6,0.1235301139011807,0.10161949080496947,-0.07999999999999996,2,23,0.11293308877503244,0.05799995555024654,0.040000000000000036,2,19,-0.010597025126148255,-0.04361953525472293,-0.039999999999999925,2
50,2,0.5,skewed,0.0,0.6,0.27886311936915137,0.17534815655545183,0.16000000000000003,2,27,0.46080375168558496,0.25935210002223547,-0.039999999999999925,2,25,0.1819406323164336,0.08400394346678364,-0.1200000000000001,3
50,2,0.5,skewed,0.0,0.6,0.2307966453633506,0.21030522407949237,-0.07999999999999996,2,21,0.08767480197267802,0.04397047408080129,0.12,2,29,-0.14312184339067258,-0.16633474999869108,0.040000000000000036,4
50,2,0.5,skewed,0.0,0.6,0.7204533329840218,0.4760140283250228,0.24,2,29,0.5322219073765946,0.37148259194788913,0.040000000000000036,2,27,-0.18823142560742723,-0.10453143637713369,-0.19999999999999996,5
50,2,0.5,skewed,0.0,0.6,0.14380893706505324,0.1382402978053639,0.08000000000000007,2,25,0.33607892062144856,0.19355655812210873,0.08000000000000007,2,26,0.19226998355639532,0.05531626031674483,0.0,6
50,2,0.5,skewed,0.0,0.6,0.16537190866002527,0.09593943611026014,0.12,2,29,0.4538775838793536,0.39007264808536035,-0.07999999999999996,2,21,0.28850567521932835,0.29413321197510023,-0.040000000000000036,7
50,2,0.5,skewed,0.0,0.6,0.15201977138119804,0.11672706864778878,0.040000000000000036,2,26,0.07212679048260463,0.07168876946629804,-0.039999999999999925,2,29,-0.07989298089859341,-0.04503829918149074,-1.1102230246251565e-16,8
50,2,0.5,skewed,0.0,0.6,0.562441463677616,0.3021363870610203,0.040000000000000036,2,25,0.57565496731057,0.33173311609433814,-0.15999999999999998,2,22,0.013213503632953927,0.029596729033317837,0.11999999999999994,9
50,2,0.5,skewed,0.0,0.6,0.360088757839369,0.24778924462941043,-0.039999999999999925,2,24,0.4612316922079956,0.283165332536233,0.0,2,24,0.10114293436862659,0.03537608790682256,-0.039999999999999925,10
50,2,0.5,skewed,0.0,0.6,0.22886102144524587,0.1690610091929625,0.16000000000000003,2,24,0.11011216821008403,0.0796870923546599,0.08000000000000007,2,28,-0.11874885323516184,-0.08937391683830259,-0.07999999999999996,11
50,2,0.5,skewed,0.0,0.6,0.07788360034638502,0.06169022924097685,-0.12,2,22,0.13167743623072212,0.08075230568098823,0.0,2,25,0.0537938358843371,0.019062076440011386,-0.12,12
50,2,0.5,skewed,0.0,0.6,0.5036699261519143,0.3054331371033723,-0.12,2,20,0.09202948745611665,0.06791219704534787,0.040000000000000036,2,21,-0.41164043869579764,-0.2375209400580244,-0.07999999999999996,13
50,2,0.5,skewed,0.0,0.6,0.20022123435574224,0.18626348385952224,-0.12,2,21,0.4498282768549566,0.37146981269002344,0.040000000000000036,2,26,0.24960704249921434,0.1852063288305012,-0.07999999999999996,14
50,2,0.5,skewed,0.0,0.6,0.18464630197853094,0.10876997364839322,-0.07999999999999996,2,24,0.18242215335608472,0.10038471835336596,-0.039999999999999925,2,23,-0.002224148622446215,-0.00838525529502726,-0.040000000000000036,15
50,2,0.5,skewed,0.0,0.6,0.12797993981041725,0.06490083042820888,0.08000000000000007,2,28,0.19824771602869898,0.10748864360265471,0.0,2,25,0.07026777621828173,0.042587813174445835,-0.08000000000000007,16
50,2,0.5,skewed,0.0,0.6,0.1232473170350759,0.09393815490128937,0.08000000000000007,2,28,0.17352377978092312,0.0890480390211957,0.16000000000000003,2,28,0.050276462745847225,-0.004890115880093679,0.07999999999999996,17
50,2,0.5,skewed,0.0,0.6,0.1508270167246261,0.13679839907190336,-0.07999999999999996,2,21,0.45144440584825235,0.26863345196537874,-0.07999999999999996,2,22,0.30061738912362623,0.13183505289347539,0.0,18
50,2,0.5,skewed,0.0,0.6,0.3790778025689531,0.3171081553324644,0.040000000000000036,2,25,0.41630340830101364,0.21484282026165255,0.0,2,25,0.03722560573206052,-0.10226533507081184,-0.040000000000000036,19
50,2,0.5,skewed,0.1,0.6,0.5421965041047404,0.3005835418550541,0.08000000000000007,2,28,0.42253650710242174,0.2500234383559116,0.040000000000000036,2,27,-0.11965999700231866,-0.05056010349914247,-0.040000000000000036,0
50,2,0.5,skewed,0.1,0.6,0.03603870436929958,0.01826638503956049,-0.12,2,23,0.10957179185761437,0.05480402571490025,0.040000000000000036,2,26,0.07353308748831479,0.03653764067533976,-0.07999999999999996,1
50,2,0.5,skewed,0.1,0.6,0.5380375803574657,0.33106404958208524,-0.039999999999999925,2,24,0.50900671693066,0.2876570773117919,0.0,2,25,-0.02903086342680572,-0.04340697227029333,-0.039999999999999925,2
50,2,0.5,skewed,0.1,0.6,0.3720416466613855,0.26334049080646804,0.040000000000000036,2,25,0.6073911305750106,0.3116759337797701,-0.039999999999999925,2,27,0.2353494839136251,0.048335442973302056,-1.1102230246251565e-16,3
50,2,0.5,skewed,0.1,0.6,0.3626839493792892,0.32570215941299263,-0.039999999999999925,2,22,0.49813685220367493,0.48365883672519205,0.0,2,28,0.1354529028243857,0.15795667731219942,-0.039999999999999925,4
50,2,0.5,skewed,0.1,0.6,0.053144754572320416,0.03920055897208265,-0.039999999999999925,2,25,0.21552186584306504,0.1489893495957991,0.0,2,25,0.1623771112707446,0.10978879062371645,-0.039999999999999925,5
50,2,0.5,skewed,0.1,0.6,0.07820969785953803,0.04883476078953552,0.12,2,31,0.24971941974339235,0.21852089403340536,-0.039999999999999925,2,25,0.17150972188385433,0.16968613324386983,-0.08000000000000007,6
50,2,0.5,skewed,0.1,0.6,0.1097954418185197,0.09460025197750062,-0.15999999999999998,2,23,0.06889340356515494,0.0388941191537852,0.08000000000000007,2,27,-0.04090203825336476,-0.05570613282371542,-0.0799999999999999,7
50,2,0.5,skewed,0.1,0.6,0.567623917265026,0.3483013099360309,0.08000000000000007,2,25,0.4548613530581113,0.24789618619572698,0.0,2,22,-0.11276256420691472,-0.10040512374030394,-0.08000000000000007,8
50,2,0.5,skewed,0.1,0.6,0.20688320554040548,0.12463722989666523,-0.039999999999999925,2,25,0.010172356344973193,0.008587867579305243,-0.12,2,23,-0.1967108491954323,-0.11604936231735999,0.08000000000000007,9
50,2,0.5,skewed,0.1,0.6,0.1799691893006404,0.1555159919521502,-0.15999999999999998,2,22,0.4604444391156024,0.36079833836272135,-0.07999999999999996,2,25,0.28047524981496197,0.20528234641057114,-0.08000000000000002,10
50,2,0.5,skewed,0.1,0.6,0.11519654453640261,0.10702851996003708,-0.07999999999999996,2,25,0.07143982683162987,0.03793751916412452,0.040000000000000036,2,25,-0.04375671770477274,-0.06909100079591256,-0.039999999999999925,11
50,2,0.5,skewed,0.1,0.6,0.11722976537395949,0.07333556908182812,0.040000000000000036,2,26,0.045569626725686846,0.03454412574836849,0.08000000000000007,2,27,-0.07166013864827264,-0.03879144333345963,0.040000000000000036,12
50,2,0.5,skewed,0.1,0.6,0.1611593663211112,0.0806595451193183,-0.07999999999999996,2,24,0.10822386873868685,0.05576177239934119,-0.039999999999999925,2,22,-0.05293549758242434,-0.02489777271997711,-0.040000000000000036,13
50,2,0.5,skewed,0.1,0.6,0.11233322388636699,0.06378887485437097,-0.039999999999999925,2,26,0.022479070295458585,0.014343890625352072,-0.07999999999999996,2,22,-0.0898541535909084,-0.0494449842290189,0.040000000000000036,14
50,2,0.5,skewed,0.1,0.6,0.06137703011479042,0.043921282541806494,0.0,2,27,0.14886200568297106,0.08052481752053196,-0.12,2,25,0.08748497556818063,0.03660353497872547,0.12,15
50,2,0.5,skewed,0.1,0.6,0.10333113249991403,0.0771143750022841,0.040000000000000036,2,22,0.09070793256064502,0.058993500755039334,0.040000000000000036,2,26,-0.012623199939269011,-0.01812087424724477,0.0,16
50,2,0.5,skewed,0.1,0.6,0.20815194999871808,0.17761499882624088,-0.07999999999999996,2,24,0.24829354476989188,0.14261376766051964,-0.07999999999999996,2,22,0.040141594771173794,-0.035001231165721236,0.0,17
50,2,0.5,skewed,0.1,0.6,0.11936569069010146,0.11475332628573641,0.0,2,22,0.04507528974583033,0.04262709502947555,0.0,2,24,-0.07429040094427113,-0.07212623125626086,0.0,18
50,2,0.5,skewed,0.1,0.6,0.3108046312682436,0.23486799872050768,0.08000000000000007,2,27,0.4398726187436246,0.4235268912590848,0.0,2,25,0.129067987475381,0.18865889253857715,-0.08000000000000007,19
50,2,0.5,skewed,0.2,0.6,0.01865766351331063,0.009830039232409934,0.0,2,26,0.11385379649305924,0.09140637685001102,-0.15999999999999998,2,25,0.0951961329797486,0.08157633761760108,0.15999999999999998,0
50,2,0.5,skewed,0.2,0.6,0.2709586905281364,0.20996335702063618,0.0,2,25,0.2428484519788658,0.17616212727724817,-0.039999999999999925,2,26,-0.02811023854927064,-0.033801229743388006,0.039999999999999925,1
50,2,0.5,skewed,0.2,0.6,0.10037242006505284,0.0694627106938121,-0.039999999999999925,2,25,0.3244731825169351,0.21790203976136377,-0.19999999999999996,2,22,0.22410076245188223,0.14843932906755167,0.16000000000000003,2
50,2,0.5,skewed,0.2,0.6,0.11054918742791622,0.10095327059383134,0.08000000000000007,2,25,0.19100758230232198,0.1523653974577418,-0.039999999999999925,2,23,0.08045839487440576,0.05141212686391046,-0.04000000000000015,3
50,2,0.5,skewed,0.2,0.6,0.16596237754169244,0.12490404290792681,0.08000000000000007,2,23,0.21827467596544792,0.17215118995022183,0.0,2,23,0.05231229842375548,0.04724714704229502,-0.08000000000000007,4
50,2,0.5,skewed,0.2,0.6,0.2220909060375323,0.11500657095617402,0.12,2,27,0.06515145081371912,0.05087798836640489,-0.039999999999999925,2,22,-0.15693945522381317,-0.06412858258976913,-0.08000000000000007,5
50,2,0.5,skewed,0.2,0.6,0.28392311053152514,0.15270537653566923,0.16000000000000003,2,30,0.22439123014236778,0.11295792537615747,0.12,2,28,-0.059531880389157354,-0.03974745115951177,-0.040000000000000036,6
50,2,0.5,skewed,0.2,0.6,0.32215565284935627,0.1901099523760014,0.08000000000000007,2,26,0.38318208126364967,0.3252389883253198,-0.039999999999999925,2,23,0.0610264284142934,0.13512903594931838,-0.04000000000000015,7
50,2,0.5,skewed,0.2,0.6,0.7573228735487729,0.4991286391576769,0.0,2,23,0.6740679161992779,0.3497574868835101,-0.039999999999999925,2,23,-0.08325495734949506,-0.1493711522741668,0.039999999999999925,8
50,2,0.5,skewed,0.2,0.6,0.13775217333968146,0.08805416233294039,0.040000000000000036,2,25,0.3217234647383948,0.16902010867417466,-0.07999999999999996,2,29,0.18397129139871335,0.08096594634123427,0.039999999999999925,9
50,2,0.5,skewed,0.2,0.6,0.3461713563178981,0.2681352718038165,0.0,2,26,0.07004082409724742,0.04711878893284029,-0.039999999999999925,2,26,-0.27613053222065065,-0.22101648287097622,0.039999999999999925,10
50,2,0.5,skewed,0.2,0.6,0.5744234482872154,0.4849191773684012,0.0,2,25,0.6703384744010552,0.3950685567036849,0.08000000000000007,2,28,0.09591502611383984,-0.08985062066471627,0.08000000000000007,11
50,2,0.5,skewed,0.2,0.6,0.03776833521532235,0.02160681760941023,0.08000000000000007,2,26,0.3154841401791237,0.21691664402071306,0.040000000000000036,2,22,0.2777158049638013,0.19530982641130284,-0.040000000000000036,12
50,2,0.5,skewed,0.2,0.6,0.11656802758399842,0.08691954894242163,-0.07999999999999996,2,24,0.08012520315891535,0.06455143583820819,-0.07999999999999996,2,23,-0.03644282442508308,-0.02236811310421344,0.0,13
50,2,0.5,skewed,0.2,0.6,0.10272077811975819,0.09646356823215366,0.08000000000000007,2,27,0.11551373806940538,0.09149228313236381,0.0,2,22,0.012792959949647187,-0.004971285099789849,-0.08000000000000007,14
50,2,0.5,skewed,0.2,0.6,0.04651753227900755,0.033914701914244,-0.07999999999999996,2,26,0.2132325439386047,0.10899112239675603,-0.07999999999999996,2,20,0.16671501165959715,0.07507642048251204,0.0,15
50,2,0.5,skewed,0.2,0.6,0.3857663246728492,0.20755288166036676,0.040000000000000036,2,28,0.6722868244798181,0.399176332508263,0.040000000000000036,2,28,0.2865204998069689,0.19162345084789625,0.0,16
50,2,0.5,skewed,0.2,0.6,0.3557250494039984,0.2500848902826864,-0.12,2,23,0.2585533902773598,0.16444772194617013,0.12,2,27,-0.09717165912663861,-0.08563716833651625,0.0,17
50,2,0.5,skewed,0.2,0.6,0.1145847296866137,0.08007610751203491,0.08000000000000007,2,26,0.10486396855643011,0.08310681284196489,0.0,2,24,-0.009720761130183594,0.0030307053299299808,-0.08000000000000007,18
50,2,0.5,skewed,0.2,0.6,0.16758105928124156,0.09049071176669198,-0.12,2,20,0.3386257626814323,0.18625357194298559,0.08000000000000007,2,26,0.17104470340019073,0.09576286017629361,-0.039999999999999925,19
50,2,0.5,skewed,0.4,0.6,0.1928140376903836,0.13281900936711552,0.12,2,28,0.18168534860518107,0.165154939795534,-0.07999999999999996,2,20,-0.011128689085202537,0.03233593042841848,-0.040000000000000036,0
50,2,0.5,skewed,0.4,0.6,0.2641205202993553,0.1751550815363288,-0.07999999999999996,2,23,0.19762276402816942,0.17565702310808862,-0.15999999999999998,2,21,-0.06649775627118587,0.0005019415717598119,0.08000000000000002,1
50,2,0.5,skewed,0.4,0.6,0.49397436691761787,0.2779089544027135,0.0,2,25,0.29916765038484366,0.1509333597856095,0.0,2,27,-0.1948067165327742,-0.126975594617104,0.0,2
50,2,0.5,skewed,0.4,0.6,0.17297110162658816,0.09889900390688543,0.0,2,26,0.026985591004923412,0.02494387961883813,-0.07999999999999996,2,21,-0.14598551062166476,-0.07395512428804729,0.07999999999999996,3
50,2,0.5,skewed,0.4,0.6,0.2544915519809351,0.16797221826788228,-0.15999999999999998,2,22,0.381658986149335,0.35714211039416643,0.040000000000000036,2,28,0.12716743416839993,0.18916989212628416,-0.11999999999999994,4
50,2,0.5,skewed,0.4,0.6,0.004758589888369229,0.004098624359482441,0.040000000000000036,2,24,0.17462512218293405,0.15419112151416353,0.0,2,27,0.16986653229456483,0.1500924971546811,-0.040000000000000036,5
50,2,0.5,skewed,0.4,0.6,0.2794114108593799,0.1462951180510077,0.040000000000000036,2,23,0.11694285758519439,0.06692575027244925,-0.07999999999999996,2,22,-0.16246855327418552,-0.07936936777855845,0.039999999999999925,6
50,2,0.5,skewed,0.4,0.6,0.32596905501451434,0.16764504278892534,-0.12,2,21,0.4140968142995908,0.21820842575400046,-0.039999999999999925,2,24,0.08812775928507643,0.05056338296507512,-0.08000000000000007,7
50,2,0.5,skewed,0.4,0.6,0.09351043653206112,0.07357758320017471,0.0,2,23,0.11535666950353919,0.069643267492219,-0.039999999999999925,2,24,0.021846232971478072,-0.003934315707955716,0.039999999999999925,8
50,2,0.5,skewed,0.4,0.6,0.19270345265281727,0.1507119012866433,-0.07999999999999996,2,25,0.5922313501479888,0.3286548337570264,0.040000000000000036,2,27,0.3995278974951715,0.17794293247038312,-0.039999999999999925,9
50,2,0.5,skewed,0.4,0.6,0.3842655565565349,0.25842435656971446,-0.07999999999999996,2,22,0.4672805677959744,0.24191260028195755,0.0,2,25,0.0830150112394395,-0.016511756287756918,-0.07999999999999996,10
50,2,0.5,skewed,0.4,0.6,0.20605372058403423,0.12608264134735672,-0.039999999999999925,2,23,0.4250530144298166,0.29776186265494214,0.0,2,24,0.21899929384578234,0.17167922130758542,-0.039999999999999925,11
50,2,0.5,skewed,0.4,0.6,0.3285991862415657,0.16643279225708849,-0.039999999999999925,2,23,0.35435376190720086,0.27853361954429307,0.12,2,27,0.02575457566563516,0.11210082728720458,0.08000000000000007,12
50,2,0.5,skewed,0.4,0.6,0.2630730413000918,0.18914972048294054,-0.12,2,22,0.33212647159844433,0.23826194006668622,-0.07999999999999996,2,25,0.06905343029835254,0.049112219583745675,-0.040000000000000036,13
50,2,0.5,skewed,0.4,0.6,0.477227266850741,0.2924622501821821,-0.039999999999999925,2,25,0.6414436415936224,0.3568035839267582,0.08000000000000007,2,30,0.16421637474288142,0.06434133374457612,0.04000000000000015,14
50,2,0.5,skewed,0.4,0.6,0.1436277561896386,0.0923811771884781,0.040000000000000036,2,28,0.3059505807838881,0.17941059131823273,-0.039999999999999925,2,20,0.1623228245942495,0.08702941412975462,-1.1102230246251565e-16,15
50,2,0.5,skewed,0.4,0.6,0.4701445245512231,0.36598004858152516,-0.12,2,23,0.5011511828945499,0.2542262616411244,0.08000000000000007,2,28,0.031006658343326776,-0.11175378694040078,-0.039999999999999925,16
50,2,0.5,skewed,0.4,0.6,0.10130410540140421,0.07847416807179011,0.0,2,31,0.07591922917472091,0.07157585049640941,-0.039999999999999925,2,29,-0.025384876226683298,-0.0068983175753807024,0.039999999999999925,17
50,2,0.5,skewed,0.4,0.6,0.277559677645987,0.15906609390422416,0.040000000000000036,2,25,0.12219705874087085,0.06809846209859667,0.16000000000000003,2,29,-0.15536261890511616,-0.09096763180562749,0.12,18
50,2,0.5,skewed,0.4,0.6,0.10421141841725873,0.09265462312468287,0.20000000000000007,2,29,0.01040167179250589,0.007502489765373947,0.0,2,22,-0.09380974662475283,-0.08515213335930892,-0.20000000000000007,19
50,2,0.5,correlated,0.0,0.6,0.12390340550424238,0.10983918513638079,-0.07999999999999996,2,23,0.1105564927451707,0.055349923323439985,0.040000000000000036,2,24,-0.013346912759071683,-0.0544892618129408,-0.039999999999999925,0
50,2,0.5,correlated,0.0,0.6,1.251684206858607,1.0341988743135884,-0.12,2,23,0.0459649391817496,0.040843843232499996,0.0,2,27,-1.2057192676768573,-0.9933550310810884,-0.12,1
50,2,0.5,correlated,0.0,0.6,1.4016158894572057,1.020992025156308,-0.24,2,19,5.697933394952991,2.9650864870506086,0.0,2,27,4.296317505495786,1.9440944618943006,-0.24,2
50,2,0.5,correlated,0.0,0.6,1.0226416843116035,0.6566119191224572,0.08000000000000007,2,23,0.2583455099094091,0.21056579175509005,0.16000000000000003,2,30,-0.7642961744021944,-0.44604612736736715,0.07999999999999996,3
50,2,0.5,correlated,0.0,0.6,0.1167444937574714,0.07660904854997151,0.08000000000000007,2,29,0.15582551145435058,0.09211504991676837,-0.039999999999999925,2,22,0.03908101769687919,0.015506001366796862,-0.04000000000000015,4
50,2,0.5,correlated,0.0,0.6,4.541516428990602,2.289793845953407,-0.15999999999999998,2,20,15.891919424755521,8.003882993032507,-0.12,2,21,11.35040299576492,5.7140891470791,-0.03999999999999998,5
50,2,0.5,correlated,0.0,0.6,0.9138384518449455,0.6674921138580385,0.0,2,22,0.7477020766988374,0.3907452972360187,0.0,2,22,-0.16613637514610813,-0.27674681662201983,0.0,6
50,2,0.5,correlated,0.0,0.6,1.4172027549462378,0.7539523301547318,-0.07999999999999996,2,22,0.13928771422936045,0.11293882684474355,0.040000000000000036,2,30,-1.2779150407168773,-0.6410135033099883,-0.039999999999999925,7
50,2,0.5,correlated,0.0,0.6,0.4689568617923669,0.35899425792749157,0.08000000000000007,2,27,0.057234002445847185,0.05710318657960045,0.040000000000000036,2,25,-0.4117228593465197,-0.3018910713478911,-0.040000000000000036,8
50,2,0.5,correlated,0.0,0.6,0.23340329655394546,0.18571790267239213,-0.12,2,21,0.4684422434003855,0.317083750635808,-0.039999999999999925,2,24,0.23503894684644003,0.13136584796341588,-0.08000000000000007,9
50,2,0.5,correlated,0.0,0.6,0.194466822333943,0.17660127807467374,-0.12,2,21,0.457732933701267,0.23915185714117213,0.040000000000000036,2,27,0.26326611136732403,0.06255057906649839,-0.07999999999999996,10
50,2,0.5,correlated,0.0,0.6,3.028258476020175,1.6830464271323846,0.24,2,32,4.939155263787184,2.4698064437546705,-0.19999999999999996,2,16,1.9108967877670087,0.7867600166222859,-0.040000000000000036,11
50,2,0.5,correlated,0.0,0.6,0.595090597178803,0.3642677856129808,-0.039999999999999925,2,24,0.371356054452671,0.30095166831989606,-0.19999999999999996,2,22,-0.22373454272613197,-0.06331611729308473,0.16000000000000003,12
50,2,0.5,correlated,0.0,0.6,0.22144896770276315,0.17743373251105538,0.0,2,24,0.26157809964932494,0.22274131986892187,-0.12,2,22,0.040129131946561786,0.0453075873578665,0.12,13
50,2,0.5,correlated,0.0,0.6,0.5528996919011814,0.34928504888339384,-0.07999999999999996,2,22,0.38431775650408756,0.20078268895604162,-0.039999999999999925,2,26,-0.16858193539709382,-0.14850235992735222,-0.040000000000000036,14
50,2,0.5,correlated,0.0,0.6,0.21926023434692196,0.1442615308172481,0.040000000000000036,2,28,1.200465405160113,0.6883295821146276,0.08000000000000007,2,23,0.9812051708131909,0.5440680512973795,0.040000000000000036,15
50,2,0.5,correlated,0.0,0.6,0.07372853720974921,0.07149461403068387,0.08000000000000007,2,24,0.6236210640817834,0.4922152909425291,-0.039999999999999925,2,25,0.5498925268720342,0.4207206769118452,-0.04000000000000015,16
50,2,0.5,correlated,0.0,0.6,0.15356727721679428,0.09592919703046968,0.040000000000000036,2,23,0.18102924374235174,0.10218928905511755,-0.15999999999999998,2,20,0.027461966525557463,0.006260092024647876,0.11999999999999994,17
50,2,0.5,correlated,0.0,0.6,0.2730884725402776,0.13795410494112206,0.12,2,27,0.8871652217408399,0.5601669491719332,-0.039999999999999925,2,22,0.6140767492005623,0.4222128442308112,-0.08000000000000007,18
50,2,0.5,correlated,0.0,0.6,5.038184398507969,2.858775169031349,0.040000000000000036,2,24,2.13680252721756,1.1972027800706606,0.12,2,31,-2.901381871290409,-1.6615723889606884,0.07999999999999996,19
50,2,0.5,correlated,0.1,0.6,0.22782014453073784,0.1837206863693006,-0.07999999999999996,2,19,0.2266230172136758,0.15181416844944584,-0.039999999999999925,2,23,-0.0011971273170620356,-0.03190651791985477,-0.040000000000000036,0
50,2,0.5,correlated,0.1,0.6,0.1360978353784786,0.09321649206429475,-0.07999999999999996,2,23,0.06408562143212077,0.04843901609642731,0.040000000000000036,2,25,-0.07201221394635784,-0.044777475967867436,-0.039999999999999925,1
50,2,0.5,correlated,0.1,0.6,0.6440132159830498,0.3424915100356492,0.12,2,30,1.068280894330369,0.5620592677884841,-0.12,2,21,0.42426767834731915,0.21956775775283494,0.0,2
50,2,0.5,correlated,0.1,0.6,0.12205072160956702,0.06239514042587932,-0.039999999999999925,2,24,0.03985096624212721,0.029096149015324976,0.08000000000000007,2,27,-0.08219975536743981,-0.03329899141055434,0.04000000000000015,3
50,2,0.5,correlated,0.1,0.6,0.38918112949661504,0.24886986943995232,-0.07999999999999996,2,26,1.5379249240318256,1.0057525529098155,0.08000000000000007,2,25,1.1487437945352106,0.7568826834698632,1.1102230246251565e-16,4
50,2,0.5,correlated,0.1,0.6,0.2303590789079768,0.1948813296868912,0.0,2,24,0.4199964098575185,0.26590056617552005,0.12,2,29,0.18963733094954172,0.07101923648862885,0.12,5
50,2,0.5,correlated,0.1,0.6,0.19921382706604182,0.12988750325031911,0.0,2,23,0.18637281831605038,0.15070610519383248,-0.19999999999999996,2,22,-0.012841008749991445,0.02081860194351337,0.19999999999999996,6
50,2,0.5,correlated,0.1,0.6,0.12569097895003928,0.0974894050879622,0.08000000000000007,2,29,0.09492913029565188,0.08099756097821573,-0.07999999999999996,2,23,-0.0307618486543874,-0.016491844109746467,-1.1102230246251565e-16,7
50,2,0.5,correlated,0.1,0.6,0.3908312721269047,0.3153685099199194,-0.07999999999999996,2,23,0.9577008226761682,0.5957358174634455,0.20000000000000007,2,31,0.5668695505492635,0.2803673075435261,0.1200000000000001,8
50,2,0.5,correlated,0.1,0.6,0.5720829149196387,0.44929192468911144,-0.12,2,19,0.41192031677803354,0.36699376180703697,-0.039999999999999925,2,23,-0.16016259814160516,-0.08229816288207448,-0.08000000000000007,9
50,2,0.5,correlated,0.1,0.6,11.879771686278817,6.044278711660559,0.12,2,28,2.480529486536789,1.357161229517036,0.040000000000000036,2,30,-9.399242199742028,-4.687117482143523,-0.07999999999999996,10
50,2,0.5,correlated,0.1,0.6,2.4543290036783607,1.6829670835603934,0.08000000000000007,2,24,0.4207997893843804,0.3896031859264375,0.08000000000000007,2,26,-2.0335292142939805,-1.2933638976339559,0.0,11
50,2,0.5,correlated,0.1,0.6,0.1191577987984421,0.08488388827271276,-0.039999999999999925,2,25,0.08943691302157969,0.08037326010885187,-0.12,2,23,-0.02972088577686241,-0.004510628163860886,0.08000000000000007,12
50,2,0.5,correlated,0.1,0.6,0.4140312109969731,0.40124499581599155,0.040000000000000036,2,28,0.1450055796556969,0.14088322758537747,0.040000000000000036,2,25,-0.2690256313412762,-0.2603617682306141,0.0,13
50,2,0.5,correlated,0.1,0.6,0.061976047622523074,0.03668024543280182,0.040000000000000036,2,25,0.08353826311830125,0.05504584101032416,-0.039999999999999925,2,20,0.02156221549577817,0.01836559557752234,-1.1102230246251565e-16,14
50,2,0.5,correlated,0.1,0.6,3.3669671114044255,2.0659954281053445,0.0,2,23,0.37019953350245455,0.3149100479288246,0.0,2,27,-2.996767577901971,-1.7510853801765198,0.0,15
50,2,0.5,correlated,0.1,0.6,0.016834108416705927,0.009849334064323112,0.040000000000000036,2,27,0.11732401028484753,0.10278748246887537,0.12,2,33,0.1004899018681416,0.09293814840455225,0.07999999999999996,16
50,2,0.5,correlated,0.1,0.6,0.08656491794495838,0.07331559537469673,-0.07999999999999996,2,20,0.19480087401379623,0.1196246513422728,-0.12,2,19,0.10823595606883785,0.04630905596757608,0.040000000000000036,17
50,2,0.5,correlated,0.1,0.6,0.20637767515272828,0.16103139731985863,-0.12,2,24,0.121568213762041,0.10293030177802455,-0.19999999999999996,2,19,-0.08480946139068729,-0.05810109554183408,0.07999999999999996,18
50,2,0.5,correlated,0.1,0.6,0.4302488622457258,0.28182631358632315,0.12,2,25,0.21845067053916917,0.21623649627954855,0.0,2,25,-0.21179819170655662,-0.0655898173067746,-0.12,19
50,2,0.5,correlated,0.2,0.6,0.25395920688818824,0.21197539167319462,0.040000000000000036,2,27,0.2707805875949564,0.23539752363728467,0.12,2,30,0.01682138070676814,0.023422131964090043,0.07999999999999996,0
50,2,0.5,correlated,0.2,0.6,0.13694780527908737,0.07310148822565858,0.040000000000000036,2,23,0.13069866005753694,0.0732171247956316,0.20000000000000007,2,32,-0.006249145221550428,0.00011563656997301552,0.16000000000000003,1
50,2,0.5,correlated,0.2,0.6,0.816663530831009,0.4221392343936008,0.040000000000000036,2,26,2.7211322995506992,2.4504910934915953,0.0,2,24,1.9044687687196902,2.0283518590979943,-0.040000000000000036,2
50,2,0.5,correlated,0.2,0.6,0.9020134336316038,0.5501886231186285,0.08000000000000007,2,27,1.1075612780549031,0.7920920488371767,-0.07999999999999996,2,23,0.20554784442329932,0.24190342571854817,-1.1102230246251565e-16,3
50,2,0.5,correlated,0.2,0.6,5.146955805705225,2.756304853488501,0.12,2,29,4.304259916486925,2.2291049742513795,-0.039999999999999925,2,23,-0.8426958892183007,-0.5271998792371213,-0.08000000000000007,4
50,2,0.5,correlated,0.2,0.6,0.0660208321540359,0.03530708317463859,-0.19999999999999996,2,18,0.21335670765297252,0.19752259873977632,0.12,2,30,0.14733587549893662,0.16221551556513772,-0.07999999999999996,5
50,2,0.5,correlated,0.2,0.6,0.4588476434769151,0.263747634809562,0.16000000000000003,2,30,0.21787997425318775,0.21701736203674155,0.0,2,24,-0.24096766922372734,-0.046730272772820436,-0.16000000000000003,6
50,2,0.5,correlated,0.2,0.6,12.256401604261544,6.707321883589751,0.24,2,32,8.499235010194337,4.427705604167604,-0.039999999999999925,2,20,-3.7571665940672077,-2.2796162794221466,-0.20000000000000007,7
50,2,0.5,correlated,0.2,0.6,49.38742543224691,25.305763650617045,-0.039999999999999925,2,22,3.7519226615127175,1.9964036565355854,-0.12,2,21,-45.63550277073419,-23.30935999408146,0.08000000000000007,8
50,2,0.5,correlated,0.2,0.6,0.41707338659008414,0.32368308196279083,-0.07999999999999996,2,23,0.34775752061968157,0.21779832178402192,-0.039999999999999925,2,25,-0.06931586597040257,-0.10588476017876891,-0.040000000000000036,9
50,2,0.5,correlated,0.2,0.6,0.11026362574752421,0.07445233605048285,-0.039999999999999925,2,23,0.10056161189497918,0.07904155619122805,0.08000000000000007,2,24,-0.00970201385254503,0.004589220140745198,0.04000000000000015,10
50,2,0.5,correlated,0.2,0.6,0.2293056192080852,0.1505436433064457,0.0,2,25,0.172637699732605,0.14296327483163052,-0.07999999999999996,2,23,-0.056667919475480194,-0.007580368474815191,0.07999999999999996,11
50,2,0.5,correlated,0.2,0.6,0.07338610848199793,0.05351106415025117,-0.15999999999999998,2,20,0.034006424687438606,0.02915196622900292,0.08000000000000007,2,27,-0.03937968379455933,-0.02435909792124825,-0.0799999999999999,12
50,2,0.5,correlated,0.2,0.6,0.5663228410792903,0.4247319172112732,0.12,2,26,0.1704960525684102,0.16028247915612798,-0.039999999999999925,2,24,-0.39582678851088016,-0.2644494380551452,-0.08000000000000007,13
50,2,0.5,correlated,0.2,0.6,0.13126475510568275,0.10772339350057156,0.12,2,32,0.028615337662342546,0.02762499826034021,-0.07999999999999996,2,22,-0.1026494174433402,-0.08009839524023135,-0.040000000000000036,14
50,2,0.5,correlated,0.2,0.6,0.3441703538047038,0.2047749715172705,0.040000000000000036,2,26,0.5934305321921461,0.3020760850059353,0.0,2,25,0.24926017838744235,0.0973011134886648,-0.040000000000000036,15
50,2,0.5,correlated,0.2,0.6,0.10770829011884422,0.0745735585777444,0.20000000000000007,2,33,0.1966079454635186,0.11851048174442308,-0.12,2,19,0.08889965534467437,0.043936923166678674,-0.08000000000000007,16
50,2,0.5,correlated,0.2,0.6,0.2639874160798779,0.17432997370218392,0.12,2,26,0.3177324393537547,0.30902627203021166,0.08000000000000007,2,25,0.05374502327387681,0.13469629832802774,-0.039999999999999925,17
50,2,0.5,correlated,0.2,0.6,0.2581005732847055,0.1369172717983129,-0.039999999999999925,2,24,3.02230579892614,1.745282877097939,-0.039999999999999925,2,26,2.764205225641435,1.608365605299626,0.0,18
50,2,0.5,correlated,0.2,0.6,0.5364249140657796,0.2983277123478062,0.0,2,21,0.10863155234584691,0.05604907842641907,0.0,2,24,-0.4277933617199327,-0.24227863392138713,0.0,19
50,2,0.5,correlated,0.4,0.6,0.39569997520118266,0.3732045958509116,-0.12,2,18,0.49712445875753575,0.28527565784685716,-0.15999999999999998,2,19,0.10142448355635308,-0.08792893800405444,0.03999999999999998,0
50,2,0.5,correlated,0.4,0.6,0.15677038632004517,0.13784245251263974,-0.039999999999999925,2,26,0.11308212070956235,0.10905751578191444,0.08000000000000007,2,27,-0.04368826561048282,-0.028784936730725297,0.04000000000000015,1
50,2,0.5,correlated,0.4,0.6,0.24950263029722275,0.18908651087481582,0.0,2,23,0.6131010411930844,0.47004956634677375,0.040000000000000036,2,26,0.36359841089586165,0.28096305547195793,0.040000000000000036,2
50,2,0.5,correlated,0.4,0.6,0.24324410656125298,0.21567396572979872,-0.039999999999999925,2,23,0.4454111298399263,0.32840209714518953,0.040000000000000036,2,25,0.20216702327867334,0.11272813141539081,1.1102230246251565e-16,3
50,2,0.5,correlated,0.4,0.6,0.5851166251491748,0.2975102173947312,0.0,2,20,1.5857846711316392,0.7961812491114153,0.0,2,27,1.0006680459824644,0.4986710317166841,0.0,4
50,2,0.5,correlated,0.4,0.6,0.6583059331143192,0.5978939835844154,0.08000000000000007,2,27,0.44724429959774825,0.3448496375585779,0.0,2,27,-0.21106163351657092,-0.2530443460258375,-0.08000000000000007,5
50,2,0.5,correlated,0.4,0.6,0.7793106190512107,0.6378402546519557,-0.039999999999999925,2,23,0.20499825091774612,0.12643714881615825,-0.039999999999999925,2,22,-0.5743123681334645,-0.5114031058357975,0.0,6
50,2,0.5,correlated,0.4,0.6,1.7705080684074874,0.9991597856838,-0.19999999999999996,2,19,0.08748277281793503,0.08048970319672087,0.08000000000000007,2,25,-1.6830252955895524,-0.9186700824870792,-0.11999999999999988,7
50,2,0.5,correlated,0.4,0.6,0.6288691382408392,0.400870306874353,0.08000000000000007,2,29,0.11145622402494475,0.06736987576290153,0.12,2,29,-0.5174129142158945,-0.33350043111145145,0.039999999999999925,8
50,2,0.5,correlated,0.4,0.6,0.6163269128802753,0.3724773946521805,0.0,2,25,0.10383875570046958,0.07345796480082156,-0.039999999999999925,2,20,-0.5124881571798057,-0.29901942985135893,0.039999999999999925,9
50,2,0.5,correlated,0.4,0.6,5.55444995745055,2.8295835849277875,0.08000000000000007,2,24,1.9825140469603353,1.004058217897402,-0.12,2,21,-3.5719359104902146,-1.8255253670303855,0.039999999999999925,10
50,2,0.5,correlated,0.4,0.6,0.20566078579423785,0.1436917598490608,0.040000000000000036,2,24,0.5659774647856521,0.5434445688912691,-0.039999999999999925,2,24,0.3603166789914143,0.39975280904220833,-1.1102230246251565e-16,11
50,2,0.5,correlated,0.4,0.6,3.103728576234677,1.8931559171074837,-0.15999999999999998,2,19,2.1715308653074,1.2038540788677712,0.12,2,26,-0.932197710927277,-0.6893018382397125,-0.03999999999999998,12
50,2,0.5,correlated,0.4,0.6,0.5773251265766804,0.40488133655568065,-0.07999999999999996,2,22,4.904693134464853,2.656392967845126,0.16000000000000003,2,31,4.327368007888173,2.2515116312894454,0.08000000000000007,13
50,2,0.5,correlated,0.4,0.6,0.26614455861988856,0.2152801228604191,-0.039999999999999925,2,27,0.19530945378292047,0.13193846177397583,0.0,2,27,-0.07083510483696809,-0.08334166108644325,-0.039999999999999925,14
50,2,0.5,correlated,0.4,0.6,0.4232209754218588,0.2854770500141969,0.08000000000000007,2,26,1.0526328682303967,0.5648220583571977,0.040000000000000036,2,28,0.6294118928085379,0.2793450083430008,-0.040000000000000036,15
50,2,0.5,correlated,0.4,0.6,0.7419489328604384,0.40051373755524355,0.040000000000000036,2,26,0.8585762972527526,0.4752543611110661,-0.07999999999999996,2,22,0.11662736439231425,0.07474062355582256,0.039999999999999925,16
50,2,0.5,correlated,0.4,0.6,0.8876378016593452,0.575242187416202,0.16000000000000003,2,32,0.2263859992035611,0.1278795146001262,-0.12,2,22,-0.6612518024557842,-0.44736267281607583,-0.040000000000000036,17
50,2,0.5,correlated,0.4,0.6,0.29250898709744594,0.1691630688617676,-0.039999999999999925,2,24,1.0359056553794042,0.5899694945445413,-0.07999999999999996,2,28,0.7433966682819582,0.4208064256827737,0.040000000000000036,18
50,2,0.5,correlated,0.4,0.6,0.006670875164446675,0.005105542826364146,0.040000000000000036,2,25,0.14513752663740867,0.09287592602048018,0.0,2,27,0.138466651472962,0.08777038319411604,-0.040000000000000036,19
50,2,0.8,mixed,0.0,0.6,0.09168763956254895,0.04664506315056226,0.0,2,41,0.06885005160794934,0.050754218386206834,0.0,2,42,-0.022837587954599614,0.0041091552356445765,0.0,0
50,2,0.8,mixed,0.0,0.6,0.11581899822131607,0.09792191322830715,-0.025000000000000022,2,39,0.3847612183510696,0.20272699716922105,0.050000000000000044,2,43,0.2689422201297535,0.1048050839409139,0.025000000000000022,1
50,2,0.8,mixed,0.0,0.6,0.3532367198546562,0.1876141876476031,-0.025000000000000022,2,39,0.659776161019954,0.3394041182982033,0.025000000000000022,2,42,0.30653944116529774,0.15178993065060017,0.0,2
50,2,0.8,mixed,0.0,0.6,0.10829631127957945,0.0695576862238873,0.0,2,38,0.03501917725848027,0.029808546574021183,0.0,2,40,-0.07327713402109917,-0.03974913964986612,0.0,3
50,2,0.8,mixed,0.0,0.6,0.14954030960192688,0.08305263810985958,-0.025000000000000022,2,40,0.025248959518325644,0.01743863388137355,-0.04999999999999993,2,39,-0.12429135008360123,-0.06561400422848603,0.02499999999999991,4
50,2,0.8,mixed,0.0,0.6,0.49565696742393917,0.2534180437016698,-0.025000000000000022,2,37,0.058269530627495736,0.03632114406640767,0.0,2,41,-0.43738743679644343,-0.21709689963526213,-0.025000000000000022,5
50,2,0.8,mixed,0.0,0.6,0.03331153664596201,0.017883082915909346,-0.025000000000000022,2,41,0.039844865894112444,0.021535738814226605,-0.025000000000000022,2,39,0.006533329248150435,0.0036526558983172586,0.0,6
50,2,0.8,mixed,0.0,0.6,0.08443826936916814,0.05913639311973819,0.050000000000000044,2,43,0.063935279679931,0.03882757111945967,-0.025000000000000022,2,39,-0.02050298968923714,-0.020308822000278517,-0.025000000000000022,7
50,2,0.8,mixed,0.0,0.6,0.047350198012172086,0.026407353195716122,-0.04999999999999993,2,39,0.0726741103320754,0.043136500813628145,0.050000000000000044,2,38,0.02532391231990331,0.016729147617912023,1.1102230246251565e-16,8
50,2,0.8,mixed,0.0,0.6,0.5182441255786716,0.2802105444278682,0.025000000000000022,2,44,0.07305742842836188,0.038781067080736725,-0.025000000000000022,2,36,-0.44518669715030973,-0.24142947734713147,0.0,9
50,2,0.8,mixed,0.0,0.6,0.09699633399137479,0.06576947370432092,0.0,2,42,0.31851045880746975,0.17199947148932046,0.0,2,39,0.22151412481609495,0.10622999778499954,0.0,10
50,2,0.8,mixed,0.0,0.6,0.11315311534904289,0.0667764985706126,0.050000000000000044,2,41,0.05910946669289842,0.03434651222053373,-0.025000000000000022,2,37,-0.05404364865614447,-0.03242998635007887,-0.025000000000000022,11
50,2,0.8,mixed,0.0,0.6,0.5748454869429153,0.29506440463527656,0.0,2,41,0.6009506303098252,0.3059211919042272,-0.04999999999999993,2,39,0.026105143366909944,0.010856787268950618,0.04999999999999993,12
50,2,0.8,mixed,0.0,0.6,0.030484447729646324,0.027808288160386038,0.025000000000000022,2,40,0.02524401572544081,0.01366240728511057,-0.04999999999999993,2,38,-0.005240432004205514,-0.014145880875275468,0.02499999999999991,13
50,2,0.8,mixed,0.0,0.6,0.2104170703345021,0.10855197633187935,-0.04999999999999993,2,40,0.5117641353644667,0.2568286570284338,0.0,2,39,0.30134706502996467,0.14827668069655447,-0.04999999999999993,14
50,2,0.8,mixed,0.0,0.6,0.05629235065893677,0.035990023790786085,-0.025000000000000022,2,39,0.18702743012121256,0.09385597531804236,-0.04999999999999993,2,41,0.1307350794622758,0.05786595152725628,0.02499999999999991,15
50,2,0.8,mixed,0.0,0.6,0.05279732954511518,0.029142471388855,0.0,2,38,0.03987850545593414,0.02199218058814584,0.0,2,42,-0.01291882408918104,-0.007150290800709159,0.0,16
50,2,0.8,mixed,0.0,0.6,0.4724452730280596,0.24253104204950807,0.025000000000000022,2,40,1.1460863598443087,0.5811291174436931,0.050000000000000044,2,41,0.6736410868162491,0.33859807539418507,0.025000000000000022,17
50,2,0.8,mixed,0.0,0.6,0.1234732567316588,0.0790446912582788,-0.04999999999999993,2,36,0.015201912069100997,0.008439467228409343,-0.07499999999999996,2,37,-0.1082713446625578,-0.07060522402986946,0.025000000000000022,18
50,2,0.8,mixed,0.0,0.6,0.16565166403294343,0.08298668212000027,-0.025000000000000022,2,38,0.07850640416429575,0.05763263752371846,-0.07499999999999996,2,40,-0.08714525986864768,-0.025354044596281808,0.04999999999999993,19
50,2,0.8,mixed,0.1,0.6,0.054481643627665,0.043970739286367584,0.025000000000000022,2,43,0.062273669985793076,0.04025930240387897,0.0,2,40,0.007792026358128076,-0.0037114368824886154,-0.025000000000000022,0
50,2,0.8,mixed,0.1,0.6,0.15635537160802168,0.08932363337400417,-0.025000000000000022,2,38,0.03033369720299239,0.020522718195436995,0.025000000000000022,2,42,-0.1260216744050293,-0.06880091517856718,0.0,1
50,2,0.8,mixed,0.1,0.6,0.4313082546561194,0.259401896703761,0.0,2,42,0.21147591165839025,0.10966540245352081,0.0,2,40,-0.21983234299772914,-0.14973649425024022,0.0,2
50,2,0.8,mixed,0.1,0.6,0.5381129580631209,0.2775035325580506,-0.025000000000000022,2,37,0.6192871088372279,0.329074450031734,0.025000000000000022,2,40,0.08117415077410706,0.05157091747368342,0.0,3
50,2,0.8,mixed,0.1,0.6,0.10993412299054843,0.08124590360012576,0.0,2,40,0.02586878078495103,0.01825871452407513,-0.025000000000000022,2,40,-0.0840653422055974,-0.06298718907605064,0.025000000000000022,4
50,2,0.8,mixed,0.1,0.6,0.4308807385902718,0.22558987181251675,-0.04999999999999993,2,36,0.5638806741514437,0.29789157124967275,0.07500000000000007,2,42,0.1329999355611719,0.072301699437156,0.025000000000000133,5
50,2,0.8,mixed,0.1,0.6,0.06454275132402516,0.0620615991117823,0.025000000000000022,2,42,0.1355012234255308,0.0845613297859649,0.025000000000000022,2,41,0.07095847210150565,0.022499730674182594,0.0,6
50,2,0.8,mixed,0.1,0.6,1.6222264083051339,0.8739886868763054,0.0,2,41,0.812555955737606,0.4353970951742363,0.025000000000000022,2,42,-0.8096704525675279,-0.4385915917020691,0.025000000000000022,7
50,2,0.8,mixed,0.1,0.6,0.5926472947696506,0.3047420746315207,-0.04999999999999993,2,40,0.6629600668336745,0.33526887783552584,0.0,2,40,0.07031277206402387,0.030526803204005137,-0.04999999999999993,8
50,2,0.8,mixed,0.1,0.6,0.43261491864196255,0.2404114384111719,-0.025000000000000022,2,39,0.649195931301114,0.32913607573929604,0.050000000000000044,2,43,0.21658101265915142,0.08872463732812413,0.025000000000000022,9
50,2,0.8,mixed,0.1,0.6,0.48878751816110483,0.2539045286780047,0.050000000000000044,2,40,0.23768627802450787,0.12314658461952224,0.025000000000000022,2,38,-0.25110124013659696,-0.13075794405848248,-0.025000000000000022,10
50,2,0.8,mixed,0.1,0.6,0.005257350417570282,0.004745520408166291,-0.025000000000000022,2,41,0.12057846498255709,0.07015974260175635,-0.025000000000000022,2,38,0.11532111456498681,0.06541422219359005,0.0,11
50,2,0.8,mixed,0.1,0.6,0.026261656633488104,0.016023988423074922,0.025000000000000022,2,40,0.024835256017867863,0.023801027716218618,0.050000000000000044,2,40,-0.00142640061562024,0.007777039293143696,0.025000000000000022,12
50,2,0.8,mixed,0.1,0.6,0.010517159369213809,0.005624915807531322,-0.025000000000000022,2,38,0.02294250834150381,0.012423443950713495,0.025000000000000022,2,41,0.012425348972290003,0.0067985281431821734,0.0,13
50,2,0.8,mixed,0.1,0.6,0.7531003397439714,0.38182721953205906,0.0,2,40,0.013569912563629005,0.007326303096880876,-0.025000000000000022,2,42,-0.7395304271803423,-0.3745009164351782,0.025000000000000022,14
50,2,0.8,mixed,0.1,0.6,0.13483373797488873,0.0721729934520442,0.0,2,38,0.09822195696108833,0.04991030532840006,0.0,2,40,-0.0366117810138004,-0.02226268812364414,0.0,15
50,2,0.8,mixed,0.1,0.6,0.38542414943907594,0.20203990831675142,0.025000000000000022,2,40,0.0808159343138189,0.05796260435330728,-0.025000000000000022,2,38,-0.30460821512525704,-0.14407730396344415,0.0,16
50,2,0.8,mixed,0.1,0.6,0.1329993472807608,0.06679394433917375,0.0,2,40,0.0577454969986534,0.03243480802401952,0.0,2,42,-0.07525385028210739,-0.034359136315154234,0.0,17
50,2,0.8,mixed,0.1,0.6,0.0372155631852413,0.01996381903066118,0.025000000000000022,2,41,0.19533356096590285,0.09889929444750399,0.0,2,38,0.15811799778066155,0.07893547541684282,-0.025000000000000022,18
50,2,0.8,mixed,0.1,0.6,0.08505745385094837,0.05312124315496728,-0.04999999999999993,2,39,0.008144258413812833,0.004471513232350651,0.025000000000000022,2,42,-0.07691319543713554,-0.04864972992261663,-0.02499999999999991,19
50,2,0.8,mixed,0.2,0.6,0.12402095721984313,0.062310420325610474,0.0,2,38,0.15989116471775283,0.08648264564043467,0.09999999999999998,2,42,0.0358702074979097,0.0241722253148242,0.09999999999999998,0
50,2,0.8,mixed,0.2,0.6,4.327565695490873,2.1922536293947,0.0,2,41,4.570142092435918,2.30035844019238,-0.025000000000000022,2,40,0.2425763969450454,0.10810481079768008,0.025000000000000022,1
50,2,0.8,mixed,0.2,0.6,0.06070862452376353,0.04005815926494058,0.025000000000000022,2,39,0.585268340282464,0.3149595948630759,-0.07499999999999996,2,36,0.5245597157587004,0.2749014355981353,0.04999999999999993,2
50,2,0.8,mixed,0.2,0.6,0.040551254832410816,0.02472004507895804,0.0,2,41,0.08307963541025523,0.06274172265030964,0.050000000000000044,2,42,0.042528380577844416,0.038021677571351595,0.050000000000000044,3
50,2,0.8,mixed,0.2,0.6,1.6138218897656598,0.8103028948802662,0.07500000000000007,2,45,1.5724700868172736,0.7971417212272104,-0.025000000000000022,2,42,-0.04135180294838614,-0.013161173653055802,-0.050000000000000044,4
50,2,0.8,mixed,0.2,0.6,0.824957865194861,0.42093958320093994,-0.025000000000000022,2,38,0.5516780128878812,0.28004324239987766,0.0,2,40,-0.2732798523069798,-0.14089634080106228,-0.025000000000000022,5
50,2,0.8,mixed,0.2,0.6,0.07585187899202354,0.06365541950931507,0.0,2,39,1.3717789275565841,0.7001208246635235,0.025000000000000022,2,39,1.2959270485645606,0.6364654051542085,0.025000000000000022,6
50,2,0.8,mixed,0.2,0.6,0.04378099294632846,0.042552271656902306,0.025000000000000022,2,42,0.8112007277631015,0.4134955926049557,-0.025000000000000022,2,41,0.7674197348167731,0.37094332094805343,0.0,7
50,2,0.8,mixed,0.2,0.6,0.03608597878149559,0.03251682419259571,0.0,2,41,0.034494822598925036,0.023152742020381607,0.0,2,41,-0.0015911561825705522,-0.009364082172214103,0.0,8
50,2,0.8,mixed,0.2,0.6,1.7821180567059989,0.9015207851131267,0.025000000000000022,2,42,1.2592567500706957,0.6329726056733167,0.050000000000000044,2,39,-0.5228613066353032,-0.26854817943981,0.025000000000000022,9
50,2,0.8,mixed,0.2,0.6,0.16292232649238014,0.10818024329324014,-0.07499999999999996,2,38,0.038483467234465926,0.023245291041304184,0.050000000000000044,2,43,-0.12443885925791422,-0.08493495225193595,-0.02499999999999991,10
50,2,0.8,mixed,0.2,0.6,0.07946606660825944,0.04444734837709195,0.0,2,40,0.5004860387038577,0.2621902190435832,0.07500000000000007,2,42,0.4210199720955982,0.21774287066649123,0.07500000000000007,11
50,2,0.8,mixed,0.2,0.6,0.4311813136569647,0.24981766197018876,0.050000000000000044,2,44,0.14712633367189876,0.08147681104814454,0.025000000000000022,2,41,-0.28405497998506596,-0.1683408509220442,-0.025000000000000022,12
50,2,0.8,mixed,0.2,0.6,0.37500668686175237,0.21842667996765433,-0.07499999999999996,2,38,0.14930699823977817,0.08387492507505663,0.0,2,39,-0.2256996886219742,-0.13455175489259769,-0.07499999999999996,13
50,2,0.8,mixed,0.2,0.6,0.015254771589699049,0.013883713761423378,0.0,2,42,0.06380981050328194,0.046639803919812296,-0.04999999999999993,2,37,0.04855503891358289,0.032756090158388915,0.04999999999999993,14
50,2,0.8,mixed,0.2,0.6,0.058233767180941996,0.030832708069250155,0.0,2,41,0.19021864121968954,0.10706493538448854,-0.04999999999999993,2,39,0.13198487403874753,0.07623222731523838,0.04999999999999993,15
50,2,0.8,mixed,0.2,0.6,0.7681999608467076,0.39925195798075463,-0.025000000000000022,2,39,4.591277464662656,2.299950710625077,0.050000000000000044,2,42,3.823077503815948,1.9006987526443222,0.025000000000000022,16
50,2,0.8,mixed,0.2,0.6,0.1417759792013572,0.07649993120131303,-0.04999999999999993,2,39,0.1792935388949275,0.09771503112323736,-0.04999999999999993,2,40,0.03751755969357029,0.02121509992192433,0.0,17
50,2,0.8,mixed,0.2,0.6,0.047647659488380206,0.036612699148899204,-0.025000000000000022,2,37,0.6862266999865434,0.3611405623379053,0.050000000000000044,2,44,0.6385790404981632,0.3245278631890061,0.025000000000000022,18
50,2,0.8,mixed,0.2,0.6,0.22987795380190956,0.14351483279449523,-0.07499999999999996,2,39,0.21377827767790591,0.1110503624771032,0.025000000000000022,2,42,-0.016099676124003648,-0.032464470317392025,-0.04999999999999993,19
50,2,0.8,mixed,0.4,0.6,0.3372948480743267,0.1779668876200736,0.025000000000000022,2,39,0.18967983096456528,0.12096523838950805,-0.09999999999999998,2,38,-0.1476150171097614,-0.05700164923056554,0.07499999999999996,0
50,2,0.8,mixed,0.4,0.6,0.05147366314521392,0.03778957689869693,-0.04999999999999993,2,40,0.04971617774251613,0.033787905824982194,-0.025000000000000022,2,38,-0.001757485402697788,-0.004001671073714734,-0.02499999999999991,1
50,2,0.8,mixed,0.4,0.6,0.1081944454152255,0.05511455030971528,-0.025000000000000022,2,39,0.8596514425590371,0.4313708135804624,0.025000000000000022,2,42,0.7514569971438116,0.3762562632707471,0.0,2
50,2,0.8,mixed,0.4,0.6,0.03184611585628348,0.026647075763545233,-0.025000000000000022,2,41,0.05650954585595554,0.03639059427424049,0.025000000000000022,2,43,0.024663429999672054,0.009743518510695257,0.0,3
50,2,0.8,mixed,0.4,0.6,0.25306344038664336,0.15189287883311228,-0.025000000000000022,2,39,0.06840503268253113,0.05317416856577435,0.0,2,43,-0.18465840770411224,-0.09871871026733793,-0.025000000000000022,4
50,2,0.8,mixed,0.4,0.6,0.6557390930009699,0.3446994946093026,0.025000000000000022,2,40,0.7399716542376751,0.3741540680688518,0.0,2,40,0.0842325612367052,0.029454573459549216,-0.025000000000000022,5
50,2,0.8,mixed,0.4,0.6,0.9699608771700539,0.4998253627527638,-0.025000000000000022,2,37,0.2164203504623109,0.13395669109054772,0.050000000000000044,2,40,-0.753540526707743,-0.36586867166221604,0.025000000000000022,6
50,2,0.8,mixed,0.4,0.6,0.12407733666427971,0.06765704436792934,0.07500000000000007,2,44,0.025366995097014892,0.02052942299748911,-0.025000000000000022,2,40,-0.09871034156726483,-0.04712762137044023,-0.050000000000000044,7
50,2,0.8,mixed,0.4,0.6,0.011057130457168256,0.00988085231015376,-0.025000000000000022,2,39,0.182351752165315,0.10117117649114733,0.0,2,40,0.17129462170814674,0.09129032418099357,-0.025000000000000022,8
50,2,0.8,mixed,0.4,0.6,0.17458883722418095,0.10843552776579611,0.050000000000000044,2,42,0.3311957235566185,0.18495662881926236,-0.09999999999999998,2,37,0.15660688633243758,0.07652110105346625,0.04999999999999993,9
50,2,0.8,mixed,0.4,0.6,0.18339401921139045,0.13171161004788084,0.07500000000000007,2,43,0.05373338521639465,0.05187600277480961,0.0,2,39,-0.1296606339949958,-0.07983560727307124,-0.07500000000000007,10
50,2,0.8,mixed,0.4,0.6,0.0159398938505442,0.009441242428149766,0.025000000000000022,2,42,0.0497606578148253,0.03808266728811831,-0.025000000000000022,2,39,0.033820763964281096,0.02864142485996854,0.0,11
50,2,0.8,mixed,0.4,0.6,0.12719606310596526,0.06959049810274637,0.0,2,38,0.07907110550093258,0.07581949997754536,0.025000000000000022,2,44,-0.04812495760503269,0.006229001874798995,0.025000000000000022,12
50,2,0.8,mixed,0.4,0.6,0.06993994404306807,0.03560703778083904,-0.025000000000000022,2,37,0.014834696482706747,0.013393798900335206,-0.025000000000000022,2,38,-0.05510524756036132,-0.022213238880503833,0.0,13
50,2,0.8,mixed,0.4,0.6,0.2746611376450922,0.145086417592169,-0.025000000000000022,2,39,0.017536284436581697,0.012378484355449193,-0.025000000000000022,2,38,-0.25712485320851053,-0.1327079332367198,0.0,14
50,2,0.8,mixed,0.4,0.6,0.3548853682481643,0.19896075079496006,0.025000000000000022,2,41,0.971987135598824,0.5462388153810006,0.050000000000000044,2,43,0.6171017673506597,0.34727806458604055,0.025000000000000022,15
50,2,0.8,mixed,0.4,0.6,0.03722822665779039,0.024624343122548055,-0.025000000000000022,2,41,0.008559185611321546,0.006938615422663932,-0.025000000000000022,2,41,-0.028669041046468842,-0.01768572769988412,0.0,16
50,2,0.8,mixed,0.4,0.6,0.24426724977825115,0.12759345890753915,0.0,2,39,0.49001716568599263,0.2629624397311922,-0.025000000000000022,2,40,0.24574991590774148,0.13536898082365306,0.025000000000000022,17
50,2,0.8,mixed,0.4,0.6,0.004394477550472023,0.004228966483291906,0.025000000000000022,2,37,0.011546161798818282,0.011351509858718762,0.0,2,41,0.007151684248346259,0.007122543375426856,-0.025000000000000022,18
50,2,0.8,mixed,0.4,0.6,0.08724637474247207,0.07069436592295644,0.050000000000000044,2,41,0.15060066801208652,0.10540449070590299,-0.04999999999999993,2,40,0.06335429326961445,0.03471012478294655,-1.1102230246251565e-16,19
50,2,0.8,skewed,0.0,0.6,0.11628124983059471,0.0958689656624775,-0.04999999999999993,2,40,0.03359110328158546,0.02181159353265743,0.0,2,40,-0.08269014654900925,-0.07405737212982008,-0.04999999999999993,0
50,2,0.8,skewed,0.0,0.6,0.060993745958607175,0.038373986064232354,-0.025000000000000022,2,37,0.0650157271240744,0.03506652370803797,-0.04999999999999993,2,37,0.004021981165467224,-0.0033074623561943836,0.02499999999999991,1
50,2,0.8,skewed,0.0,0.6,0.06725306117018591,0.06043282237315183,0.050000000000000044,2,43,0.15975815525734705,0.0950013037667111,0.0,2,42,0.09250509408716114,0.034568481393559274,-0.050000000000000044,2
50,2,0.8,skewed,0.0,0.6,0.20367625913158907,0.1586290754079105,0.09999999999999998,2,44,0.19108601044142626,0.16006951198129188,0.07500000000000007,2,39,-0.012590248690162814,0.0014404365733813873,-0.02499999999999991,3
50,2,0.8,skewed,0.0,0.6,0.07012099497615011,0.0398278205706051,-0.025000000000000022,2,40,0.0636301346001681,0.042668150757143815,0.025000000000000022,2,42,-0.0064908603759820105,0.002840330186538717,0.0,4
50,2,0.8,skewed,0.0,0.6,0.14981507669879104,0.1366816843132822,0.050000000000000044,2,43,0.36972639184464434,0.27187191587744597,0.025000000000000022,2,43,0.2199113151458533,0.13519023156416377,-0.025000000000000022,5
50,2,0.8,skewed,0.0,0.6,0.16816596313379087,0.08559158327315526,0.0,2,40,0.8400010331517873,0.4400051658516101,-0.07499999999999996,2,36,0.6718350700179965,0.35441358257845484,0.07499999999999996,6
50,2,0.8,skewed,0.0,0.6,0.25695748703580057,0.19160599224476832,0.025000000000000022,2,39,0.18398512947216433,0.17046011447526527,0.0,2,42,-0.07297235756363624,-0.021145877769503052,-0.025000000000000022,7
50,2,0.8,skewed,0.0,0.6,0.0499878171765934,0.034388028760019944,0.07500000000000007,2,41,0.1819711151134768,0.0914308819853855,0.025000000000000022,2,43,0.1319832979368834,0.05704285322536556,-0.050000000000000044,8
50,2,0.8,skewed,0.0,0.6,0.03536173773493698,0.02242080232109815,-0.04999999999999993,2,39,0.05342569476455188,0.03461511142674314,0.0,2,39,0.018063957029614906,0.012194309105644986,-0.04999999999999993,9
50,2,0.8,skewed,0.0,0.6,0.2274613847586564,0.13206628862388584,-0.025000000000000022,2,41,0.2426294197748624,0.17711626539159614,0.09999999999999998,2,44,0.015168035016206005,0.045049976767710304,0.07499999999999996,10
50,2,0.8,skewed,0.0,0.6,0.16542108099770617,0.09304128328641467,-0.125,2,34,0.1522327800946244,0.12305594206666176,0.07500000000000007,2,44,-0.013188300903081762,0.03001465878024709,-0.04999999999999993,11
50,2,0.8,skewed,0.0,0.6,0.22015146849507328,0.1228061119315508,0.0,2,39,0.23037509682282112,0.12459682809225701,0.050000000000000044,2,44,0.010223628327747841,0.00179071616070621,0.050000000000000044,12
50,2,0.8,skewed,0.0,0.6,0.2357801633435865,0.19213301224532306,0.0,2,40,0.07697956567996872,0.05120569336362344,0.0,2,42,-0.1588005976636178,-0.14092731888169963,0.0,13
50,2,0.8,skewed,0.0,0.6,0.1046088361846214,0.05515007554391373,0.0,2,42,0.028729916436419894,0.02218955017183946,-0.025000000000000022,2,38,-0.0758789197482015,-0.03296052537207427,0.025000000000000022,14
50,2,0.8,skewed,0.0,0.6,0.24064357706657943,0.12046067754822729,0.025000000000000022,2,40,0.15361195951386025,0.099487973543081,-0.025000000000000022,2,38,-0.08703161755271918,-0.02097270400514628,0.0,15
50,2,0.8,skewed,0.0,0.6,0.5176364048464099,0.2947775276510285,0.025000000000000022,2,41,0.07634185130507679,0.06315710799503255,0.0,2,38,-0.4412945535413332,-0.23162041965599595,-0.025000000000000022,16
50,2,0.8,skewed,0.0,0.6,0.1763080806309255,0.10458058641661794,0.025000000000000022,2,44,0.1218633994322936,0.1094581742641202,-0.09999999999999998,2,38,-0.05444468119863191,0.0048775878475022655,0.07499999999999996,17
50,2,0.8,skewed,0.0,0.6,0.06896394880480992,0.037041276584793566,0.025000000000000022,2,39,0.039897989365960965,0.026065303813803058,0.025000000000000022,2,42,-0.02906595943884896,-0.010975972770990508,0.0,18
50,2,0.8,skewed,0.0,0.6,0.08220588064432105,0.058910497956063054,0.0,2,39,0.10569731586607824,0.05403837558229298,0.050000000000000044,2,39,0.023491435221757187,-0.004872122373770077,0.050000000000000044,19
50,2,0.8,skewed,0.1,0.6,0.038432142777377075,0.03057823467278384,0.025000000000000022,2,38,0.09230397818190139,0.06574536674013882,-0.07499999999999996,2,37,0.05387183540452432,0.035167132067354986,0.04999999999999993,0
50,2,0.8,skewed,0.1,0.6,0.1541923464692217,0.10659282944389911,-0.025000000000000022,2,42,0.03148251622151003,0.030240954308631482,0.0,2,42,-0.12270983024771168,-0.07635187513526763,-0.025000000000000022,1
50,2,0.8,skewed,0.1,0.6,0.025880054969267638,0.018008178956357784,0.050000000000000044,2,43,0.018350160899518755,0.011495280511326719,0.025000000000000022,2,39,-0.0075298940697488825,-0.006512898445031065,-0.025000000000000022,2
50,2,0.8,skewed,0.1,0.6,0.06412280043537434,0.042002637792714265,-0.04999999999999993,2,36,0.22376087299031105,0.12101106752651476,0.07500000000000007,2,45,0.15963807255493673,0.0790084297338005,0.025000000000000133,3
50,2,0.8,skewed,0.1,0.6,0.14959920623041043,0.11793610280225658,0.025000000000000022,2,42,0.06091714527345151,0.06069241173826884,0.025000000000000022,2,40,-0.08868206095695891,-0.057243691063987745,0.0,4
50,2,0.8,skewed,0.1,0.6,0.1496877627018729,0.13505392802681201,0.050000000000000044,2,43,0.06039883730414008,0.05060995100879545,0.025000000000000022,2,42,-0.08928892539773281,-0.08444397701801656,-0.025000000000000022,5
50,2,0.8,skewed,0.1,0.6,0.1049202900817596,0.05375704139018078,-0.07499999999999996,2,38,0.21271068491557513,0.14806484144886223,-0.025000000000000022,2,38,0.10779039483381553,0.09430780005868145,-0.04999999999999993,6
50,2,0.8,skewed,0.1,0.6,0.18145006489157647,0.11406027933810158,0.0,2,41,0.1771522341441051,0.08974260479186862,0.025000000000000022,2,40,-0.004297830747471365,-0.02431767454623296,0.025000000000000022,7
50,2,0.8,skewed,0.1,0.6,0.193215683859836,0.10405656502153919,0.0,2,42,0.059409103823827566,0.04439777580946094,0.0,2,38,-0.13380658003600843,-0.05965878921207825,0.0,8
50,2,0.8,skewed,0.1,0.6,0.09747729838808059,0.0841726740901328,-0.025000000000000022,2,39,0.02384579384600905,0.01843400538526706,0.07500000000000007,2,43,-0.07363150454207154,-0.06573866870486575,0.050000000000000044,9
50,2,0.8,skewed,0.1,0.6,0.19774908578526984,0.11491516560586336,0.0,2,38,0.17133768694221557,0.10599753818741721,0.025000000000000022,2,44,-0.026411398843054268,-0.00891762741844615,0.025000000000000022,10
50,2,0.8,skewed,0.1,0.6,0.11260241994331675,0.057215328158735305,0.050000000000000044,2,43,0.11781055851551725,0.06606991790198705,0.0,2,38,0.005208138572200496,0.008854589743251741,-0.050000000000000044,11
50,2,0.8,skewed,0.1,0.6,0.15808371075704253,0.13055660474319547,0.0,2,44,0.1280625154402699,0.07496966026044856,0.0,2,43,-0.030021195316772636,-0.05558694448274691,0.0,12
50,2,0.8,skewed,0.1,0.6,0.09065877297714132,0.07968575894588847,-0.07499999999999996,2,37,0.1048014042615406,0.06103968350832398,-0.09999999999999998,2,34,0.01414263128439927,-0.018646075437564497,0.025000000000000022,13
50,2,0.8,skewed,0.1,0.6,0.04608686292458542,0.03394357382005067,0.0,2,37,0.09668592318597118,0.05784690080916208,0.07500000000000007,2,40,0.050599060261385755,0.023903326989111406,0.07500000000000007,14
50,2,0.8,skewed,0.1,0.6,0.1745028984955055,0.10883516990217026,-0.04999999999999993,2,37,0.19186521558040612,0.1750276929505271,0.07500000000000007,2,44,0.01736231708490063,0.06619252304835682,0.025000000000000133,15
50,2,0.8,skewed,0.1,0.6,0.06593411437611416,0.05530108620238436,0.025000000000000022,2,44,0.1357229594859292,0.0720863787372452,0.025000000000000022,2,43,0.06978884510981503,0.016785292534860843,0.0,16
50,2,0.8,skewed,0.1,0.6,0.09586942235630828,0.05267242151388874,0.025000000000000022,2,40,0.10488875569545263,0.05637854386814521,-0.025000000000000022,2,35,0.009019333339144342,0.0037061223542564706,0.0,17
50,2,0.8,skewed,0.1,0.6,0.10336064942055553,0.09220822538618673,-0.07499999999999996,2,37,0.07360420295676352,0.05149551019405619,-0.025000000000000022,2,38,-0.02975644646379201,-0.04071271519213054,-0.04999999999999993,18
50,2,0.8,skewed,0.1,0.6,0.06440372916262836,0.03294282242264292,0.050000000000000044,2,38,0.021283773499881135,0.010674409393174265,-0.025000000000000022,2,37,-0.04311995566274723,-0.02226841302946865,-0.025000000000000022,19
50,2,0.8,skewed,0.2,0.6,0.17228832804656405,0.09970815871832497,0.0,2,42,0.18602223777670832,0.16629270508608246,0.025000000000000022,2,43,0.013733909730144267,0.06658454636775749,0.025000000000000022,0
50,2,0.8,skewed,0.2,0.6,0.1525171633215312,0.08612624475661097,0.025000000000000022,2,42,0.25479885396286445,0.19754963916739982,0.0,2,41,0.10228169064133324,0.11142339441078884,-0.025000000000000022,1
50,2,0.8,skewed,0.2,0.6,0.03864536406773791,0.0373255953466981,0.0,2,41,0.12839675959438052,0.10286928533708423,0.07500000000000007,2,45,0.0897513955266426,0.06554368999038612,0.07500000000000007,2
50,2,0.8,skewed,0.2,0.6,0.2115814421519015,0.1406292416603127,0.0,2,41,0.1623824426280783,0.13070498496997307,0.0,2,39,-0.0491989995238232,-0.009924256690339639,0.0,3
50,2,0.8,skewed,0.2,0.6,0.06376192546965422,0.03353522335709019,0.025000000000000022,2,42,0.13213651818986577,0.07628874140250914,-0.07499999999999996,2,38,0.06837459272021155,0.04275351804541896,0.04999999999999993,4
50,2,0.8,skewed,0.2,0.6,0.13040202612867563,0.10135230094249277,0.050000000000000044,2,42,0.020025732016546165,0.014741018955454686,0.07500000000000007,2,42,-0.11037629411212946,-0.08661128198703809,0.025000000000000022,5
50,2,0.8,skewed,0.2,0.6,0.035184544124203014,0.030826314634841086,0.025000000000000022,2,42,0.03253345611432305,0.02867182522149197,0.0,2,39,-0.002651088009879961,-0.002154489413349118,-0.025000000000000022,6
50,2,0.8,skewed,0.2,0.6,0.13025916120076453,0.07165781884764004,-0.14999999999999997,2,33,0.14873477316813666,0.07719867998242742,-0.125,2,36,0.01847561196737213,0.005540861134787384,-0.024999999999999967,7
50,2,0.8,skewed,0.2,0.6,0.128058598808921,0.10295802008925861,0.0,2,40,0.09295951228664365,0.07536859489961534,0.050000000000000044,2,40,-0.03509908652227736,-0.027589425189643274,0.050000000000000044,8
50,2,0.8,skewed,0.2,0.6,0.462592336360932,0.2908219264875791,-0.025000000000000022,2,37,0.5747719703047562,0.368689872886569,-0.025000000000000022,2,39,0.11217963394382424,0.07786794639898992,0.0,9
50,2,0.8,skewed,0.2,0.6,0.08095672069350167,0.06112950397753053,-0.025000000000000022,2,37,0.051919027541177346,0.03473229685398047,-0.125,2,34,-0.029037693152324323,-0.026397207123550058,0.09999999999999998,10
50,2,0.8,skewed,0.2,0.6,0.03479418259765818,0.03249208058804,-0.04999999999999993,2,37,0.055177076803750995,0.02828093042036308,0.0,2,39,0.020382894206092815,-0.004211150167676918,-0.04999999999999993,11
50,2,0.8,skewed,0.2,0.6,0.22493307833085144,0.14902716698836882,0.07500000000000007,2,39,0.03924667316997385,0.03155499064418185,0.0,2,39,-0.1856864051608776,-0.11747217634418697,-0.07500000000000007,12
50,2,0.8,skewed,0.2,0.6,0.0053729197109231895,0.0036163335581555415,-0.025000000000000022,2,41,0.04685256786006967,0.041524400055820226,-0.04999999999999993,2,39,0.04147964814914648,0.037908066497664684,0.02499999999999991,13
50,2,0.8,skewed,0.2,0.6,0.41379707379684827,0.21409496865882818,-0.025000000000000022,2,40,0.08504280821131921,0.08239934522785348,-0.025000000000000022,2,36,-0.32875426558552906,-0.13169562343097468,0.0,14
50,2,0.8,skewed,0.2,0.6,0.4468713813399018,0.3801797516062238,-0.07499999999999996,2,38,0.39149390235294584,0.2854747329317024,0.025000000000000022,2,39,-0.05537747898695594,-0.09470501867452141,-0.04999999999999993,15
50,2,0.8,skewed,0.2,0.6,0.10812525522827737,0.09838410583969782,0.050000000000000044,2,45,0.06113143621818207,0.03575883109925062,0.025000000000000022,2,41,-0.046993819010095306,-0.06262527474044721,-0.025000000000000022,16
50,2,0.8,skewed,0.2,0.6,0.06027157723435395,0.04575386575218511,-0.04999999999999993,2,38,0.07256385197694544,0.05301581502603875,-0.025000000000000022,2,38,0.012292274742591487,0.007261949273853638,-0.02499999999999991,17
50,2,0.8,skewed,0.2,0.6,0.08705806284297288,0.08173426066337622,0.0,2,40,0.0994416256480266,0.08504317632198273,0.0,2,41,0.012383562805053719,0.003308915658606512,0.0,18
50,2,0.8,skewed,0.2,0.6,0.057681842167044646,0.03255352572488407,-0.025000000000000022,2,37,0.15265934948641588,0.08957962943497683,-0.025000000000000022,2,39,0.09497750731937124,0.05702610371009276,0.0,19
50,2,0.8,skewed,0.4,0.6,0.07923930065223253,0.04814453821541115,-0.07499999999999996,2,40,0.06089052798119016,0.032049533764191715,0.125,2,43,-0.018348772671042374,-0.016095004451219433,0.050000000000000044,0
50,2,0.8,skewed,0.4,0.6,0.45503354299415605,0.2681304180851172,0.0,2,43,0.07198430186851319,0.04059045375962819,0.0,2,40,-0.38304924112564287,-0.22753996432548898,0.0,1
50,2,0.8,skewed,0.4,0.6,0.08685437001329464,0.05352543356571766,0.025000000000000022,2,41,0.0673062788913121,0.05307492246331666,0.0,2,39,-0.01954809112198254,-0.00045051110240099806,-0.025000000000000022,2
50,2,0.8,skewed,0.4,0.6,0.10439963910359987,0.0899592134845549,0.025000000000000022,2,41,0.07233997739922066,0.0678402961473095,0.050000000000000044,2,41,-0.03205966170437921,-0.0221189173372454,0.025000000000000022,3
50,2,0.8,skewed,0.4,0.6,0.12555832312128443,0.09977266564186339,0.0,2,38,0.20444789350992076,0.13324972132823928,0.050000000000000044,2,44,0.07888957038863634,0.03347705568637589,0.050000000000000044,4
50,2,0.8,skewed,0.4,0.6,0.027532711427638645,0.02400582730268795,-0.04999999999999993,2,38,0.07685995974713887,0.04083206622354883,0.050000000000000044,2,42,0.04932724831950022,0.01682623892086088,1.1102230246251565e-16,5
50,2,0.8,skewed,0.4,0.6,0.20554535343045993,0.1547720610385273,0.025000000000000022,2,43,0.07145851786277627,0.05379098070381186,-0.025000000000000022,2,37,-0.13408683556768367,-0.10098108033471545,0.0,6
50,2,0.8,skewed,0.4,0.6,0.07191402663204755,0.03642722669770298,-0.04999999999999993,2,39,0.051224968335957584,0.026273789019400393,0.0,2,41,-0.02068905829608996,-0.010153437678302586,-0.04999999999999993,7
50,2,0.8,skewed,0.4,0.6,0.2494236703300757,0.17780631353174103,0.025000000000000022,2,42,0.17136306181805203,0.10440238330251636,0.025000000000000022,2,41,-0.07806060851202368,-0.07340393022922467,0.0,8
50,2,0.8,skewed,0.4,0.6,0.1904781118069415,0.15664781408709222,-0.025000000000000022,2,39,0.7991255220387815,0.594099374340814,-0.07499999999999996,2,38,0.60864741023184,0.4374515602537217,0.04999999999999993,9
50,2,0.8,skewed,0.4,0.6,0.19984343392747345,0.10333396640739602,0.050000000000000044,2,40,0.20270284087574716,0.13371297799070217,-0.04999999999999993,2,40,0.0028594069482737183,0.03037901158330615,-1.1102230246251565e-16,10
50,2,0.8,skewed,0.4,0.6,0.10716386763941853,0.0767568666460755,0.0,2,39,0.16516518966738147,0.14650755844032917,0.025000000000000022,2,40,0.058001322027962945,0.06975069179425367,0.025000000000000022,11
50,2,0.8,skewed,0.4,0.6,0.08351949608520794,0.0435476357155764,0.0,2,42,0.18304238746018772,0.10160047828420408,0.025000000000000022,2,43,0.09952289137497979,0.05805284256862769,0.025000000000000022,12
50,2,0.8,skewed,0.4,0.6,0.0737465334232223,0.050501394773185285,0.0,2,42,0.13141137463583066,0.07080670477571939,0.0,2,39,0.05766484121260837,0.020305310002534105,0.0,13
50,2,0.8,skewed,0.4,0.6,0.21439089573217254,0.11399085580412137,0.0,2,42,0.11331209563895205,0.06335321702930632,0.0,2,44,-0.1010788000932205,-0.050637638774815044,0.0,14
50,2,0.8,skewed,0.4,0.6,0.012754350352208071,0.009603021474184667,-0.025000000000000022,2,41,0.4422027126293311,0.25874116725368373,0.0,2,40,0.429448362277123,0.24913814577949905,-0.025000000000000022,15
50,2,0.8,skewed,0.4,0.6,0.03340102667662474,0.027879930421863982,-0.07499999999999996,2,36,0.0201857857938869,0.014723145633038368,-0.025000000000000022,2,37,-0.013215240882737844,-0.013156784788825614,-0.04999999999999993,16
50,2,0.8,skewed,0.4,0.6,0.475239321893576,0.2574209598740739,0.050000000000000044,2,40,0.5756819581279857,0.3137670724216421,-0.04999999999999993,2,39,0.10044263623440974,0.05634611254756822,-1.1102230246251565e-16,17
50,2,0.8,skewed,0.4,0.6,0.34692514306261407,0.1795260974286885,-0.04999999999999993,2,42,0.2895972095747409,0.1675083261720868,0.025000000000000022,2,38,-0.057327933487873184,-0.012017771256601695,-0.02499999999999991,18
50,2,0.8,skewed,0.4,0.6,0.14310253339370832,0.08618725795250463,-0.04999999999999993,2,40,0.2125739428917301,0.15581323951117948,0.09999999999999998,2,42,0.06947140949802177,0.06962598155867485,0.050000000000000044,19
50,2,0.8,correlated,0.0,0.6,0.7360647596397827,0.3952624727611453,0.050000000000000044,2,39,0.026945685113072045,0.021319970203483002,-0.025000000000000022,2,40,-0.7091190745267106,-0.37394250255766226,-0.025000000000000022,0
50,2,0.8,correlated,0.0,0.6,2.7819372976789416,1.5666731806827945,0.050000000000000044,2,42,0.8920824922068318,0.5655847610033284,0.025000000000000022,2,41,-1.8898548054721098,-1.001088419679466,-0.025000000000000022,1
50,2,0.8,correlated,0.0,0.6,1.9145179773729823,0.973469072641401,0.0,2,38,2.6352474248858258,1.378838891985851,-0.025000000000000022,2,39,0.7207294475128434,0.40536981934444993,0.025000000000000022,2
50,2,0.8,correlated,0.0,0.6,0.13858234362960478,0.07289248783439081,0.025000000000000022,2,42,0.04399796313177225,0.04384613229470881,-0.025000000000000022,2,36,-0.09458438049783253,-0.029046355539682003,0.0,3
50,2,0.8,correlated,0.0,0.6,0.05483272140723391,0.05390612697583466,0.0,2,41,0.12502514970520484,0.07683034232969627,0.0,2,41,0.07019242829797093,0.022924215353861604,0.0,4
50,2,0.8,correlated,0.0,0.6,0.505610440805545,0.40509801304050297,0.025000000000000022,2,41,0.5235535463124174,0.3936972952587229,-0.09999999999999998,2,35,0.017943105506872392,-0.01140071778178009,0.07499999999999996,5
50,2,0.8,correlated,0.0,0.6,0.15575512475324949,0.0787887596197744,0.0,2,42,0.2619927246994209,0.13974281050425477,-0.125,2,35,0.10623759994617143,0.060954050884480374,0.125,6
50,2,0.8,correlated,0.0,0.6,0.8196271501043808,0.5049904506971932,-0.09999999999999998,2,37,0.5439067796179974,0.2763223202990123,-0.09999999999999998,2,37,-0.2757203704863834,-0.22866813039818085,0.0,7
50,2,0.8,correlated,0.0,0.6,0.6702768450667738,0.37432323140369134,-0.025000000000000022,2,39,0.6998091872456536,0.3518704273421245,-0.025000000000000022,2,39,0.02953234217887979,-0.022452804061566856,0.0,8
50,2,0.8,correlated,0.0,0.6,0.5948851383150264,0.36482301614527773,-0.04999999999999993,2,40,6.556396881465339,3.905582231631525,0.050000000000000044,2,43,5.961511743150313,3.540759215486247,1.1102230246251565e-16,9
50,2,0.8,correlated,0.0,0.6,0.08059076912928141,0.06429062408317297,0.025000000000000022,2,42,0.1859070271759038,0.09977333857743437,0.0,2,38,0.10531625804662238,0.035482714494261394,-0.025000000000000022,10
50,2,0.8,correlated,0.0,0.6,0.0590566754962263,0.04789843562884527,-0.025000000000000022,2,39,0.030633225254438633,0.0283726881746725,-0.025000000000000022,2,36,-0.028423450241787666,-0.019525747454172772,0.0,11
50,2,0.8,correlated,0.0,0.6,1.102281641264377,0.6267459028958376,-0.025000000000000022,2,39,0.49007197537597735,0.25619999160387963,-0.04999999999999993,2,39,-0.6122096658883996,-0.370545911291958,0.02499999999999991,12
50,2,0.8,correlated,0.0,0.6,0.24395295220129304,0.18355576617726865,0.025000000000000022,2,42,0.20964565823856326,0.13811222795011116,0.07500000000000007,2,45,-0.034307293962729773,-0.04544353822715749,0.050000000000000044,13
50,2,0.8,correlated,0.0,0.6,0.5101347970072226,0.4760217236691704,0.025000000000000022,2,42,0.2736627731341274,0.22745735827888136,0.050000000000000044,2,42,-0.23647202387309524,-0.24856436539028903,0.025000000000000022,14
50,2,0.8,correlated,0.0,0.6,0.3542540817821388,0.20617028822651606,0.050000000000000044,2,43,0.25478797438392115,0.2076734734304448,-0.025000000000000022,2,38,-0.09946610739821765,0.0015031852039287252,-0.025000000000000022,15
50,2,0.8,correlated,0.0,0.6,0.2435449913782061,0.14636564893363352,-0.025000000000000022,2,37,0.6742201853047518,0.3954805706313017,0.07500000000000007,2,41,0.43067519392654574,0.2491149216976682,0.050000000000000044,16
50,2,0.8,correlated,0.0,0.6,0.119275729116525,0.09650133042545507,0.025000000000000022,2,40,0.01833462084961284,0.009537122578384353,-0.04999999999999993,2,39,-0.10094110826691216,-0.08696420784707072,0.02499999999999991,17
50,2,0.8,correlated,0.0,0.6,0.15810685071339056,0.08860633899072601,0.025000000000000022,2,40,0.11624314282638971,0.11121525659300437,0.0,2,39,-0.04186370788700085,0.02260891760227836,-0.025000000000000022,18
50,2,0.8,correlated,0.0,0.6,0.05809897193070552,0.0497271577260773,0.050000000000000044,2,43,0.06214530823658392,0.03713184633256081,0.025000000000000022,2,41,0.0040463363058784035,-0.012595311393516495,-0.025000000000000022,19
50,2,0.8,correlated,0.1,0.6,2.253329861616016,1.4780582731809853,0.0,2,38,0.1872888819164929,0.18056603798340715,0.025000000000000022,2,40,-2.066040979699523,-1.2974922351975782,0.025000000000000022,0
50,2,0.8,correlated,0.1,0.6,0.011983685714749724,0.008640142279307454,0.025000000000000022,2,41,0.07876833980523806,0.06691214105262197,0.0,2,43,0.06678465409048834,0.058271998773314515,-0.025000000000000022,1
50,2,0.8,correlated,0.1,0.6,23.40956216697749,12.716678220088317,0.050000000000000044,2,43,17.30329868285654,9.383664249285921,-0.04999999999999993,2,37,-6.1062634841209515,-3.333013970802396,-1.1102230246251565e-16,2
50,2,0.8,correlated,0.1,0.6,0.48289061522111026,0.2625897217620161,-0.04999999999999993,2,37,0.982440671743826,0.5607559294855312,0.0,2,42,0.4995500565227157,0.2981662077235151,-0.04999999999999993,3
50,2,0.8,correlated,0.1,0.6,1.4546469289071713,0.7908661399294177,-0.07499999999999996,2,35,1.38416859376402,0.721020389094376,-0.07499999999999996,2,34,-0.07047833514315127,-0.06984575083504163,0.0,4
50,2,0.8,correlated,0.1,0.6,0.1654560528185705,0.08554709806757904,-0.09999999999999998,2,35,0.5366687648142167,0.28022636413782626,-0.025000000000000022,2,37,0.37121271199564615,0.19467926607024721,-0.07499999999999996,5
50,2,0.8,correlated,0.1,0.6,0.02223070331035009,0.019760115050176292,0.07500000000000007,2,45,0.050217331954243695,0.028300775055453108,0.0,2,41,0.027986628643893605,0.008540660005276816,-0.07500000000000007,6
50,2,0.8,correlated,0.1,0.6,0.14801111584236248,0.1263581901568341,-0.025000000000000022,2,37,0.14938416482414846,0.09262374188199542,0.0,2,39,0.0013730489817859737,-0.033734448274838694,-0.025000000000000022,7
50,2,0.8,correlated,0.1,0.6,0.1459976791414474,0.11493354758722084,0.0,2,39,0.18437948864279818,0.1688179856121731,0.0,2,38,0.03838180950135078,0.053884438024952255,0.0,8
50,2,0.8,correlated,0.1,0.6,0.1602557065872181,0.0932676961919586,0.07500000000000007,2,44,0.06876466508144069,0.05942040113939158,-0.125,2,35,-0.09149104150577742,-0.03384729505256702,0.04999999999999993,9
50,2,0.8,correlated,0.1,0.6,0.3256336666443042,0.31631771183954943,-0.07499999999999996,2,35,0.8871123033344096,0.47373448869963186,0.050000000000000044,2,44,0.5614786366901054,0.15741677686008243,-0.02499999999999991,10
50,2,0.8,correlated,0.1,0.6,2.120530105333339,1.121210212548852,-0.04999999999999993,2,38,0.5239987135232471,0.49620884471446536,-0.07499999999999996,2,38,-1.5965313918100918,-0.6250013678343865,0.025000000000000022,11
50,2,0.8,correlated,0.1,0.6,5.990734564488582,3.0439973769520834,0.07500000000000007,2,44,3.8075130667600257,1.9774608763276964,-0.04999999999999993,2,37,-2.1832214977285562,-1.066536500624387,-0.025000000000000133,12
50,2,0.8,correlated,0.1,0.6,0.18203617922803317,0.18014229307638224,-0.025000000000000022,2,41,0.2057828274061076,0.19514276738742076,0.025000000000000022,2,39,0.023746648178074425,0.015000474311038514,0.0,13
50,2,0.8,correlated,0.1,0.6,0.06353372595639162,0.03176916088484882,0.07500000000000007,2,44,0.12368426844737306,0.10153632809935778,0.09999999999999998,2,46,0.06015054249098144,0.06976716721450896,0.02499999999999991,14
50,2,0.8,correlated,0.1,0.6,0.5315920385242392,0.3853611656721612,0.025000000000000022,2,41,0.15207029348843232,0.11960356979477182,-0.07499999999999996,2,39,-0.3795217450358069,-0.2657575958773894,0.04999999999999993,15
50,2,0.8,correlated,0.1,0.6,0.25455791727289506,0.22120846627788965,0.050000000000000044,2,43,0.08971333915852199,0.07694907507091331,0.050000000000000044,2,45,-0.16484457811437309,-0.14425939120697634,0.0,16
50,2,0.8,correlated,0.1,0.6,0.397062746249707,0.2411179474944475,-0.025000000000000022,2,41,0.21153933783152437,0.20231364403655117,0.025000000000000022,2,41,-0.18552340841818263,-0.038804303457896344,0.0,17
50,2,0.8,correlated,0.1,0.6,0.9904553938952935,0.6416883805706054,-0.04999999999999993,2,37,0.11247227500317786,0.07559270482157124,0.025000000000000022,2,44,-0.8779831188921157,-0.5660956757490342,-0.02499999999999991,18
50,2,0.8,correlated,0.1,0.6,0.16230141195652234,0.1099157200613405,0.025000000000000022,2,40,0.07578295657232452,0.0509910569950172,-0.025000000000000022,2,39,-0.08651845538419782,-0.058924663066323296,0.0,19
50,2,0.8,correlated,0.2,0.6,0.4907024197223899,0.32058041495457285,0.025000000000000022,2,40,0.32251569306310773,0.2094888937102492,0.025000000000000022,2,38,-0.1681867266592822,-0.11109152124432364,0.0,0
50,2,0.8,correlated,0.2,0.6,0.24240584059112033,0.1748647562742597,0.0,2,40,1.0586549579312856,0.6349347015325244,0.050000000000000044,2,43,0.8162491173401653,0.4600699452582647,0.050000000000000044,1
50,2,0.8,correlated,0.2,0.6,0.1627638460778965,0.11334677588131847,0.0,2,39,0.4313052616924167,0.3767127194329345,-0.09999999999999998,2,36,0.26854141561452016,0.263365943551616,0.09999999999999998,2
50,2,0.8,correlated,0.2,0.6,0.767070095648808,0.6646834847022485,-0.04999999999999993,2,39,0.1405740455394592,0.08731815703238871,-0.04999999999999993,2,39,-0.6264960501093488,-0.5773653276698598,0.0,3
50,2,0.8,correlated,0.2,0.6,0.9375714548701874,0.6805150534962497,-0.025000000000000022,2,38,4.470440318318062,2.68897920074881,0.07500000000000007,2,44,3.532868863447874,2.00846414725256,0.050000000000000044,4
50,2,0.8,correlated,0.2,0.6,0.17396958186146547,0.15180937433914654,0.0,2,38,0.10957431691899007,0.10005507082649948,-0.025000000000000022,2,40,-0.0643952649424754,-0.051754303512647065,0.025000000000000022,5
50,2,0.8,correlated,0.2,0.6,0.6781706152873267,0.5362461011539328,-0.07499999999999996,2,38,0.3489411283812929,0.25113481122752945,0.025000000000000022,2,41,-0.3292294869060338,-0.28511128992640333,-0.04999999999999993,6
50,2,0.8,correlated,0.2,0.6,0.05650070316447412,0.04471872159215197,0.0,2,41,0.33702412063983933,0.2102783030236697,0.050000000000000044,2,45,0.2805234174753652,0.16555958143151772,0.050000000000000044,7
50,2,0.8,correlated,0.2,0.6,5.747955959543355,2.9446577682678687,0.050000000000000044,2,41,2.9008431628159315,1.8724464335118711,0.025000000000000022,2,41,-2.8471127967274237,-1.0722113347559976,-0.025000000000000022,8
50,2,0.8,correlated,0.2,0.6,0.3508339333407531,0.23443047794579677,0.0,2,39,0.26867223993759676,0.2636131533968723,0.0,2,40,-0.08216169340315632,0.02918267545107553,0.0,9
50,2,0.8,correlated,0.2,0.6,0.02452787232361265,0.013901666782817939,0.0,2,39,0.34419044589439757,0.26882533019051863,-0.025000000000000022,2,40,0.3196625735707849,0.2549236634077007,0.025000000000000022,10
50,2,0.8,correlated,0.2,0.6,0.21049742954966158,0.1373569897133545,-0.04999999999999993,2,38,0.06616419984852558,0.03757666359152209,0.025000000000000022,2,40,-0.144333229701136,-0.09978032612183241,-0.02499999999999991,11
50,2,0.8,correlated,0.2,0.6,0.04980264048514616,0.03386739278629822,-0.14999999999999997,2,35,0.18626138397192338,0.16516188818321392,0.07500000000000007,2,45,0.13645874348677722,0.1312944953969157,-0.0749999999999999,12
50,2,0.8,correlated,0.2,0.6,0.10697990304314951,0.0638490779675668,-0.04999999999999993,2,39,0.06084388639906632,0.051991369093230114,0.0,2,39,-0.04613601664408319,-0.011857708874336681,-0.04999999999999993,13
50,2,0.8,correlated,0.2,0.6,0.8055784065538849,0.490303017618081,0.025000000000000022,2,42,0.623390264140697,0.31376167919307263,0.025000000000000022,2,41,-0.18218814241318793,-0.17654133842500835,0.0,14
50,2,0.8,correlated,0.2,0.6,0.1880195040712404,0.10178719665124407,-0.04999999999999993,2,37,0.17343438290932708,0.09718054592674719,0.0,2,38,-0.014585121161913323,-0.004606650724496883,-0.04999999999999993,15
50,2,0.8,correlated,0.2,0.6,0.2947548210263434,0.17507771594790753,-0.04999999999999993,2,39,0.23756801468039804,0.11999666773049875,0.07500000000000007,2,44,-0.05718680634594539,-0.05508104821740878,0.025000000000000133,16
50,2,0.8,correlated,0.2,0.6,0.10540525607210632,0.10132307994901127,0.050000000000000044,2,44,0.10170031237824456,0.08467083873785869,-0.025000000000000022,2,38,-0.003704943693861762,-0.01665224121115258,-0.025000000000000022,17
50,2,0.8,correlated,0.2,0.6,0.14465390567963599,0.08196853015282961,-0.07499999999999996,2,34,0.22893799241194013,0.13450544753779914,-0.025000000000000022,2,41,0.08428408673230414,0.05253691738496953,-0.04999999999999993,18
50,2,0.8,correlated,0.2,0.6,0.3441242433564222,0.19140250857885005,0.050000000000000044,2,44,0.7108515447565923,0.4031283386679813,0.050000000000000044,2,40,0.36672730140017007,0.21172583008913126,0.0,19
50,2,0.8,correlated,0.4,0.6,0.08475773911822099,0.04721153312971553,-0.025000000000000022,2,39,0.19316886932964475,0.146201370895158,-0.025000000000000022,2,40,0.10841113021142376,0.09898983776544247,0.0,0
50,2,0.8,correlated,0.4,0.6,1.9508649986735493,0.9831688471738202,-0.04999999999999993,2,35,0.3963921589428564,0.2068167372352408,0.025000000000000022,2,42,-1.554472839730693,-0.7763521099385795,-0.02499999999999991,1
50,2,0.8,correlated,0.4,0.6,0.017745746408379767,0.01640266640867358,0.07500000000000007,2,44,0.12925616115547742,0.08689893286493255,0.0,2,39,0.11151041474709765,0.07049626645625898,-0.07500000000000007,2
50,2,0.8,correlated,0.4,0.6,0.1630284455785016,0.15556506799768277,0.025000000000000022,2,44,0.21572993172008526,0.20888354391367703,-0.025000000000000022,2,39,0.05270148614158365,0.05331847591599426,0.0,3
50,2,0.8,correlated,0.4,0.6,0.08251246907535884,0.06934855971139192,0.0,2,39,0.13904747943163653,0.13233957856590353,-0.04999999999999993,2,35,0.0565350103562777,0.06299101885451161,0.04999999999999993,4
50,2,0.8,correlated,0.4,0.6,0.19313500321937038,0.15915438595667084,0.025000000000000022,2,41,0.0679331856186526,0.04524346424430882,-0.09999999999999998,2,34,-0.1252018176007178,-0.11391092171236201,0.07499999999999996,5
50,2,0.8,correlated,0.4,0.6,0.31622161883315436,0.29383794477803005,0.0,2,40,0.5118878051812782,0.3112928587195025,0.0,2,41,0.19566618634812383,0.017454913941472472,0.0,6
50,2,0.8,correlated,0.4,0.6,0.13888322849198875,0.1014635003964787,0.050000000000000044,2,41,2.5605491278428114,2.104737801839262,-0.025000000000000022,2,40,2.4216658993508227,2.0032743014427834,-0.025000000000000022,7
50,2,0.8,correlated,0.4,0.6,0.1736726696911221,0.16165150575405518,-0.025000000000000022,2,37,0.8816102152307963,0.4671115899114811,0.0,2,37,0.7079375455396741,0.3054600841574259,-0.025000000000000022,8
50,2,0.8,correlated,0.4,0.6,0.7190707119669666,0.5741034658630554,0.025000000000000022,2,43,0.3290111904474751,0.1721559093082345,0.0,2,41,-0.39005952151949147,-0.4019475565548209,-0.025000000000000022,9
50,2,0.8,correlated,0.4,0.6,0.20679243575475453,0.17567586337119795,0.025000000000000022,2,41,0.29491390549562063,0.21840944040347648,-0.04999999999999993,2,33,0.0881214697408661,0.042733577032278536,0.02499999999999991,10
50,2,0.8,correlated,0.4,0.6,0.07638581244572377,0.07105666094753771,0.025000000000000022,2,41,0.07362995744360083,0.0705636735671766,-0.025000000000000022,2,36,-0.002755855002122942,-0.000492987380361104,0.0,11
50,2,0.8,correlated,0.4,0.6,0.1398856719371382,0.1331038838462302,-0.04999999999999993,2,37,2.198117160412429,1.2245032065192571,0.07500000000000007,2,43,2.0582314884752906,1.091399322673027,0.025000000000000133,12
50,2,0.8,correlated,0.4,0.6,0.13592431013632403,0.07251166496211642,0.0,2,40,0.051957753816642846,0.03732825467360418,0.050000000000000044,2,43,-0.08396655631968118,-0.03518341028851224,0.050000000000000044,13
50,2,0.8,correlated,0.4,0.6,4.594375054517803,2.380190819779912,0.025000000000000022,2,40,4.505106060190631,2.3180249181704906,0.025000000000000022,2,40,-0.08926899432717228,-0.06216590160942159,0.0,14
50,2,0.8,correlated,0.4,0.6,0.5191842878293793,0.36744376935661044,0.0,2,40,1.9328256419705268,1.4119645687070497,-0.025000000000000022,2,37,1.4136413541411474,1.0445207993504393,0.025000000000000022,15
50,2,0.8,correlated,0.4,0.6,0.15489376482748848,0.14041839879728585,0.050000000000000044,2,42,0.15058711616400447,0.07769037006966395,-0.04999999999999993,2,40,-0.004306648663484014,-0.0627280287276219,-1.1102230246251565e-16,16
50,2,0.8,correlated,0.4,0.6,1.0582193241036595,0.6303090887001639,0.025000000000000022,2,43,7.1837830013260655,3.7621783766670793,-0.025000000000000022,2,39,6.125563677222406,3.131869287966915,0.0,17
50,2,0.8,correlated,0.4,0.6,0.10757362895312332,0.0976548432205146,-0.09999999999999998,2,37,0.1686481234587357,0.13258044069382952,-0.04999999999999993,2,38,0.06107449450561238,0.03492559747331492,-0.050000000000000044,18
50,2,0.8,correlated,0.4,0.6,0.34660275798140144,0.22986215970089022,0.025000000000000022,2,40,0.14416145144368883,0.13965921508201096,0.0,2,40,-0.2024413065377126,-0.09020294461887926,-0.025000000000000022,19
50,5,0.2,mixed,0.0,0.6,0.30269801096143406,0.1696022546439965,0.0,5,9,0.4597339601036689,0.2188655918665119,0.09999999999999998,5,12,0.15703594914223484,0.049263337222515385,0.09999999999999998,0
50,5,0.2,mixed,0.0,0.6,4.512602928337059,0.9298949322078395,-0.19999999999999996,5,9,1.6635821928536694,0.4402354722118627,0.0,5,11,-2.8490207354833896,-0.48965945999597676,-0.19999999999999996,1
50,5,0.2,mixed,0.0,0.6,25.469080123291967,5.330734015082348,0.0,5,9,0.7520242681688493,0.3891408349343517,0.0,5,12,-24.717055855123117,-4.941593180147997,0.0,2
50,5,0.2,mixed,0.0,0.6,0.6693555443540452,0.2479658192719294,0.0,5,11,0.9154424508649915,0.32317916747398057,0.09999999999999998,5,9,0.24608690651094633,0.07521334820205117,0.09999999999999998,3
50,5,0.2,mixed,0.0,0.6,2.45627248185666,0.5203052327304349,0.09999999999999998,5,10,10.63563560384109,2.349640672263155,0.0,5,10,8.17936312198443,1.82933543953272,-0.09999999999999998,4
50,5,0.2,mixed,0.0,0.6,0.36024147437821735,0.13130750255035895,0.0,5,10,0.5293441545894079,0.26451530783642935,0.09999999999999998,5,11,0.16910268021119051,0.1332078052860704,0.09999999999999998,5
50,5,0.2,mixed,0.0,0.6,0.32647936229723956,0.17693329639544894,0.09999999999999998,5,10,1.0810303771869318,0.3611993975133122,0.09999999999999998,5,11,0.7545510148896923,0.18426610111786326,0.0,6
50,5,0.2,mixed,0.0,0.6,19.30655914083609,4.1011017103700755,-0.09999999999999998,5,11,13.363981059567955,2.802651820903816,0.09999999999999998,5,12,-5.942578081268135,-1.2984498894662595,0.0,7
50,5,0.2,mixed,0.0,0.6,1.1116036754627279,0.32881767228316033,-0.09999999999999998,5,10,1.067204066117009,0.4059296846149749,0.0,5,10,-0.04439960934571885,0.07711201233181458,-0.09999999999999998,8
50,5,0.2,mixed,0.0,0.6,3.9373971174449447,1.231290148470683,0.0,5,9,4.781920552351082,1.6780483157736419,0.20000000000000007,5,11,0.844523434906137,0.4467581673029588,0.20000000000000007,9
50,5,0.2,mixed,0.0,0.6,0.6688746354173586,0.36699848689874043,0.09999999999999998,5,10,0.28551090968787995,0.14425919757134414,0.0,5,11,-0.38336372572947863,-0.22273928932739628,-0.09999999999999998,10
50,5,0.2,mixed,0.0,0.6,1.4437653432339912,0.4409408283467465,0.30000000000000004,5,11,1.1449167499695845,0.2890738831712312,0.20000000000000007,5,12,-0.2988485932644067,-0.1518669451755153,-0.09999999999999998,11
50,5,0.2,mixed,0.0,0.6,0.9990437639468208,0.3331108360484455,-0.3,5,8,0.7322675888771227,0.26114476086607946,0.09999999999999998,5,11,-0.2667761750696981,-0.07196607518236603,-0.2,12
50,5,0.2,mixed,0.0,0.6,0.49193757099007346,0.15973993115504145,0.09999999999999998,5,11,0.9831110557453311,0.38141223970961,-0.19999999999999996,5,10,0.4911734847552576,0.22167230855456857,0.09999999999999998,13
50,5,0.2,mixed,0.0,0.6,0.5381643725774249,0.24044733966431298,-0.3,5,10,0.8675468746016239,0.2813819746764672,0.09999999999999998,5,11,0.32938250202419905,0.04093463501215422,-0.2,14
50,5,0.2,mixed,0.0,0.6,0.5740502074210397,0.15617827622701344,0.09999999999999998,5,11,1.3377922567602951,0.33325378247165355,0.20000000000000007,5,11,0.7637420493392554,0.1770755062446401,0.10000000000000009,15
50,5,0.2,mixed,0.0,0.6,2.1627120032058214,0.6134610228044487,-0.19999999999999996,5,8,0.46007997599634437,0.23688269197108122,0.20000000000000007,5,10,-1.702632027209477,-0.37657833083336745,1.1102230246251565e-16,16
50,5,0.2,mixed,0.0,0.6,0.3963615786968593,0.17899487843910716,0.0,5,11,1.3331879114186576,0.40939540600465163,0.20000000000000007,5,13,0.9368263327217983,0.23040052756554447,0.20000000000000007,17
50,5,0.2,mixed,0.0,0.6,33.31351433732906,6.86616085771851,0.20000000000000007,5,12,13.266469573944475,2.7843819025607295,0.0,5,10,-20.047044763384584,-4.08177895515778,-0.20000000000000007,18
50,5,0.2,mixed,0.0,0.6,2.097990940393357,0.6011117883735869,0.09999999999999998,5,10,0.7314488462532929,0.21576534039414708,0.0,5,10,-1.3665420941400643,-0.38534644797943984,-0.09999999999999998,19
50,5,0.2,mixed,0.1,0.6,2.3410754683608053,0.6420244108734432,-0.09999999999999998,5,10,2.38025134672238,0.7264698371715778,0.0,5,9,0.03917587836157477,0.08444542629813456,-0.09999999999999998,0
50,5,0.2,mixed,0.1,0.6,0.7115411650253799,0.2258274383470061,0.09999999999999998,5,10,0.5915984222534547,0.2578790712901564,0.09999999999999998,5,12,-0.11994274277192518,0.032051632943150304,0.0,1
50,5,0.2,mixed,0.1,0.6,6.029254649946738,1.5091546027833096,0.09999999999999998,5,11,4.671744760620629,1.7196268337951774,0.0,5,9,-1.357509889326109,0.21047223101186785,-0.09999999999999998,2
50,5,0.2,mixed,0.1,0.6,3.668244065235811,0.8651242898599959,-0.09999999999999998,5,9,8.397973836590912,1.8058424447505679,0.09999999999999998,5,11,4.729729771355101,0.940718154890572,0.0,3
50,5,0.2,mixed,0.1,0.6,0.38106781637360787,0.17930567677980927,0.0,5,9,2.3865812347979367,0.6226346225664158,0.0,5,9,2.0055134184243286,0.44332894578660653,0.0,4
50,5,0.2,mixed,0.1,0.6,6.823878609572796,1.6953618589597976,-0.09999999999999998,5,10,0.691758513680653,0.4332572918688524,-0.3,5,6,-6.132120095892144,-1.2621045670909452,0.2,5
50,5,0.2,mixed,0.1,0.6,0.25851542796571164,0.12603625292931014,0.0,5,11,0.9393846745117366,0.42312474871970335,-0.09999999999999998,5,8,0.6808692465460249,0.2970884957903932,0.09999999999999998,6
50,5,0.2,mixed,0.1,0.6,6.44354097559002,2.5399896619769864,0.09999999999999998,5,11,2.727021701188732,0.9169855637941385,-0.09999999999999998,5,11,-3.716519274401288,-1.623004098182848,0.0,7
50,5,0.2,mixed,0.1,0.6,1.8999275479625488,0.508768756975321,0.0,5,12,0.32489424595109956,0.11887622387448353,0.0,5,10,-1.5750333020114493,-0.38989253310083744,0.0,8
50,5,0.2,mixed,0.1,0.6,2.058926062262925,0.5816380183917771,0.0,5,12,1.457506585523663,0.32831695550345064,-0.09999999999999998,5,9,-0.601419476739262,-0.25332106288832645,0.09999999999999998,9
50,5,0.2,mixed,0.1,0.6,2.6496705297396868,0.7585914265283773,0.09999999999999998,5,10,1.7203299554561402,0.45004143823400533,0.20000000000000007,5,9,-0.9293405742835465,-0.30854998829437197,0.10000000000000009,10
50,5,0.2,mixed,0.1,0.6,18.088999392108004,3.711843742038764,-0.3,5,11,17.267533289195658,3.5765969012431924,-0.09999999999999998,5,10,-0.8214661029123462,-0.1352468407955718,-0.2,11
50,5,0.2,mixed,0.1,0.6,1.4836566488464213,0.5055686011330087,0.20000000000000007,5,11,2.571857930167099,0.7472371558450566,0.0,5,8,1.0882012813206776,0.24166855471204785,-0.20000000000000007,12
50,5,0.2,mixed,0.1,0.6,0.7766297590664409,0.17615640971499777,-0.09999999999999998,5,9,0.3381924895958491,0.23233093175556405,-0.19999999999999996,5,8,-0.43843726947059186,0.05617452204056628,0.09999999999999998,13
50,5,0.2,mixed,0.1,0.6,1.322936649156947,0.5800429731839307,0.09999999999999998,5,11,0.6986538173429122,0.20245803839582913,-0.09999999999999998,5,11,-0.6242828318140348,-0.3775849347881016,0.0,14
50,5,0.2,mixed,0.1,0.6,4.4096488132755285,0.9685218577234771,0.0,5,10,3.1616394703194,0.8570886295026637,0.09999999999999998,5,9,-1.2480093429561285,-0.11143322822081336,0.09999999999999998,15
50,5,0.2,mixed,0.1,0.6,5.773321027516511,1.4467157858025785,0.20000000000000007,5,12,2.4020686163673743,0.6484258630109762,0.20000000000000007,5,12,-3.3712524111491367,-0.7982899227916024,0.0,16
50,5,0.2,mixed,0.1,0.6,33.54945055281389,10.453903406694957,0.0,5,9,45.972827481528974,10.661765360178718,0.09999999999999998,5,11,12.423376928715086,0.2078619534837607,0.09999999999999998,17
50,5,0.2,mixed,0.1,0.6,0.30366431133630434,0.2250138750949188,0.20000000000000007,5,12,1.3800941266092932,0.4734724049386683,0.0,5,10,1.0764298152729888,0.24845852984374953,-0.20000000000000007,18
50,5,0.2,mixed,0.1,0.6,0.7884344388293,0.33367940813260716,-0.09999999999999998,5,11,2.041518882779355,0.5230168129297323,0.09999999999999998,5,9,1.2530844439500548,0.18933740479712519,0.0,19
50,5,0.2,mixed,0.2,0.6,1.403411334609167,0.6260326710289743,0.0,5,8,0.9773855620961404,0.29195054401253284,-0.19999999999999996,5,8,-0.42602577251302665,-0.33408212701644147,0.19999999999999996,0
50,5,0.2,mixed,0.2,0.6,31.83625704495221,6.593862050203732,0.0,5,9,24.613075339209434,5.21209714405473,-0.19999999999999996,5,8,-7.223181705742775,-1.3817649061490025,0.19999999999999996,1
50,5,0.2,mixed,0.2,0.6,5.3697072376355095,1.2040696076481727,-0.19999999999999996,5,9,0.2544894030494925,0.1571683770342041,-0.09999999999999998,5,8,-5.115217834586017,-1.0469012306139687,-0.09999999999999998,2
50,5,0.2,mixed,0.2,0.6,0.8012126983466941,0.3865730017118604,0.09999999999999998,5,10,1.3385349399349769,0.45069388942960975,0.09999999999999998,5,11,0.5373222415882828,0.06412088771774938,0.0,3
50,5,0.2,mixed,0.2,0.6,1.2481341823901853,0.44002589202759035,-0.09999999999999998,5,8,0.36011577655090554,0.17238575509483994,-0.09999999999999998,5,8,-0.8880184058392797,-0.2676401369327504,0.0,4
50,5,0.2,mixed,0.2,0.6,0.9537646533689279,0.44626804224432937,0.09999999999999998,5,10,9.920703366623984,2.1382312934707173,-0.09999999999999998,5,13,8.966938713255056,1.691963251226388,0.0,5
50,5,0.2,mixed,0.2,0.6,1.9344057033504118,0.5246671554856926,0.30000000000000004,5,12,2.1762809222646924,0.5149450282433021,0.0,5,10,0.24187521891428054,-0.009722127242390521,-0.30000000000000004,6
50,5,0.2,mixed,0.2,0.6,0.4606929370147557,0.22714762994562623,0.20000000000000007,5,11,0.4834070897653679,0.22590724376202104,0.09999999999999998,5,11,0.02271415275061217,-0.0012403861836051966,-0.10000000000000009,7
50,5,0.2,mixed,0.2,0.6,3.4896954321841456,1.0849967842713226,-0.19999999999999996,5,10,1.8558581592033676,0.6835244273179775,0.09999999999999998,5,9,-1.633837272980778,-0.40147235695334516,-0.09999999999999998,8
50,5,0.2,mixed,0.2,0.6,2.8512652434886947,1.1960860688334758,-0.09999999999999998,5,10,6.7664361908266395,1.9985106696958588,0.0,5,11,3.915170947337945,0.802424600862383,-0.09999999999999998,9
50,5,0.2,mixed,0.2,0.6,1.6862508099235298,0.6841136617301968,0.09999999999999998,5,10,4.983213543442707,1.1889879675499377,-0.09999999999999998,5,11,3.296962733519177,0.5048743058197409,0.0,10
50,5,0.2,mixed,0.2,0.6,105.54309264479619,21.23046251666501,0.0,5,9,66.2303336300461,13.30550745142068,0.0,5,11,-39.312759014750085,-7.92495506524433,0.0,11
50,5,0.2,mixed,0.2,0.6,7.65899273843307,1.635316548277223,-0.09999999999999998,5,9,1.5944570657925963,0.46208020650768333,0.0,5,10,-6.064535672640473,-1.1732363417695395,-0.09999999999999998,12
50,5,0.2,mixed,0.2,0.6,1.1110291039350852,0.42949716505267055,0.0,5,12,0.29757377024061626,0.1334132785595609,0.0,5,10,-0.813455333694469,-0.2960838864931097,0.0,13
50,5,0.2,mixed,0.2,0.6,1.634309819516607,0.49408955020407996,-0.09999999999999998,5,8,1.2278006950683937,0.6371365319311424,0.0,5,9,-0.4065091244482133,0.14304698172706243,-0.09999999999999998,14
50,5,0.2,mixed,0.2,0.6,97.72927687486865,21.691491721859578,0.09999999999999998,5,10,173.09247499132604,36.867405527093126,-0.09999999999999998,5,8,75.3631981164574,15.175913805233549,0.0,15
50,5,0.2,mixed,0.2,0.6,1.0522959242993524,0.44050258410165377,0.20000000000000007,5,12,1.2684942525598262,0.44551723360897677,-0.3,5,7,0.2161983282604738,0.005014649507322999,0.09999999999999992,16
50,5,0.2,mixed,0.2,0.6,1.7652784172121976,0.4228470281395513,0.0,5,10,1.8305810390967339,0.747967649111913,0.09999999999999998,5,10,0.06530262188453628,0.3251206209723618,0.09999999999999998,17
50,5,0.2,mixed,0.2,0.6,1.1748982565164068,0.31527729677800215,0.0,5,12,1.1851085694228372,0.3150408656250295,0.09999999999999998,5,12,0.010210312906430374,-0.00023643115297267148,0.09999999999999998,18
50,5,0.2,mixed,0.2,0.6,1.2422267891536964,0.5726510974608111,0.0,5,10,1.756449244973924,0.4543654122819684,-0.09999999999999998,5,9,0.5142224558202275,-0.11828568517884269,0.09999999999999998,19
50,5,0.2,mixed,0.4,0.6,0.8887414202897824,0.3680741830899342,0.20000000000000007,5,11,1.3731206033756254,0.3733489014375405,0.0,5,9,0.48437918308584293,0.005274718347606289,-0.20000000000000007,0
50,5,0.2,mixed,0.4,0.6,0.6710034288129295,0.22889671118623064,-0.09999999999999998,5,9,0.8149238313155149,0.316936244111168,0.09999999999999998,5,8,0.14392040250258542,0.08803953292493735,0.0,1
50,5,0.2,mixed,0.4,0.6,21.378470355672658,4.497500671170728,0.0,5,10,1.475979854449547,0.5428985902437733,-0.19999999999999996,5,8,-19.90249050122311,-3.9546020809269553,0.19999999999999996,2
50,5,0.2,mixed,0.4,0.6,3.0923748654381797,1.0239964365618195,0.0,5,9,1.5175277719788651,0.4034166968742425,-0.09999999999999998,5,11,-1.5748470934593146,-0.620579739687577,0.09999999999999998,3
50,5,0.2,mixed,0.4,0.6,1.259292727221467,0.33299182317916626,0.0,5,11,1.139615281326452,0.322961556616393,0.0,5,10,-0.11967744589501494,-0.010030266562773282,0.0,4
50,5,0.2,mixed,0.4,0.6,2.2717113480237527,0.847953570213182,-0.09999999999999998,5,13,0.8324477314783632,0.37189485509269954,0.0,5,10,-1.4392636165453896,-0.4760587151204824,-0.09999999999999998,5
50,5,0.2,mixed,0.4,0.6,1.8139066123532848,0.5826928539044463,0.09999999999999998,5,10,0.7330115696146178,0.2641689536849934,0.09999999999999998,5,12,-1.080895042738667,-0.31852390021945287,0.0,6
50,5,0.2,mixed,0.4,0.6,0.27553519032911483,0.19737634342498794,0.20000000000000007,5,10,4.423699860930164,1.1414050850117916,-0.19999999999999996,5,8,4.148164670601049,0.9440287415868036,-1.1102230246251565e-16,7
50,5,0.2,mixed,0.4,0.6,7.39630607229732,1.7877023030460641,-0.09999999999999998,5,8,1.3794323722072792,0.5589060795784324,-0.19999999999999996,5,7,-6.016873700090041,-1.2287962234676317,0.09999999999999998,8
50,5,0.2,mixed,0.4,0.6,1.445772411418573,0.5007117822441547,0.4,5,13,1.4614215655341034,0.4136533831273601,0.0,5,10,0.01564915411553036,-0.08705839911679458,-0.4,9
50,5,0.2,mixed,0.4,0.6,0.6267220979397564,0.27153228912404553,-0.09999999999999998,5,10,1.4020279171688625,0.3375065025787666,-0.09999999999999998,5,10,0.7753058192291061,0.06597421345472104,0.0,10
50,5,0.2,mixed,0.4,0.6,0.46833039479941985,0.14593394218134706,0.09999999999999998,5,12,0.2239919925441183,0.13673648677420086,-0.09999999999999998,5,10,-0.24433840225530154,-0.009197455407146199,0.0,11
50,5,0.2,mixed,0.4,0.6,0.9374945691875677,0.36180413764777575,-0.19999999999999996,5,8,0.6778924751753824,0.28542405476960686,-0.09999999999999998,5,8,-0.25960209401218526,-0.07638008287816889,-0.09999999999999998,12
50,5,0.2,mixed,0.4,0.6,1.3246993305315067,0.5323772993260041,0.09999999999999998,5,13,1.7927223038978999,0.5319108797004894,0.0,5,11,0.4680229733663932,-0.0004664196255146358,-0.09999999999999998,13
50,5,0.2,mixed,0.4,0.6,0.4124906520771116,0.20075409481033954,-0.09999999999999998,5,8,0.29975869411245243,0.15296817325552048,-0.19999999999999996,5,9,-0.11273195796465918,-0.04778592155481906,0.09999999999999998,14
50,5,0.2,mixed,0.4,0.6,3.8429597426607427,1.0069088248874372,-0.19999999999999996,5,8,4.942883923866812,1.0515264130151334,0.0,5,10,1.099924181206069,0.04461758812769623,-0.19999999999999996,15
50,5,0.2,mixed,0.4,0.6,2.4020828252489763,0.5997384602358543,-0.3,5,9,0.3348693347353789,0.13504605192206479,0.20000000000000007,5,11,-2.0672134905135975,-0.46469240831378955,-0.09999999999999992,16
50,5,0.2,mixed,0.4,0.6,2.561098242701933,0.6576390655911835,-0.09999999999999998,5,9,1.658633333218001,0.6292547167948825,-0.09999999999999998,5,7,-0.9024649094839321,-0.028384348796300918,0.0,17
50,5,0.2,mixed,0.4,0.6,4.203148662647615,1.141281786549154,0.0,5,11,2.5664053488691385,0.6442631863849468,-0.19999999999999996,5,10,-1.6367433137784761,-0.4970186001642072,0.19999999999999996,18
50,5,0.2,mixed,0.4,0.6,1.7531232401552912,0.3870217605886948,0.20000000000000007,5,10,2.5041109571523243,0.6408244538718423,-0.3,5,7,0.7509877169970332,0.2538026932831475,0.09999999999999992,19
50,5,0.2,skewed,0.0,0.6,0.5168141002095162,0.23204359766941168,0.0,5,10,0.4886305669764659,0.30660891444439564,-0.09999999999999998,5,8,-0.02818353323305034,0.07456531677498396,0.09999999999999998,0
50,5,0.2,skewed,0.0,0.6,2.23775465735884,0.6839541075599944,0.09999999999999998,5,14,0.7589081775025022,0.4647266984762772,-0.09999999999999998,5,7,-1.4788464798563379,-0.21922740908371724,0.0,1
50,5,0.2,skewed,0.0,0.6,2.480994704802873,1.1330461034244312,0.09999999999999998,5,13,0.5589196805701369,0.3654473204076514,-0.09999999999999998,5,8,-1.922075024232736,-0.7675987830167799,0.0,2
50,5,0.2,skewed,0.0,0.6,0.7968037391833924,0.3477045235210733,0.09999999999999998,5,13,0.8492285789201659,0.41521939931287105,-0.09999999999999998,5,10,0.052424839736773476,0.06751487579179777,0.0,3
50,5,0.2,skewed,0.0,0.6,0.6379754018589648,0.20679648826305147,-0.09999999999999998,5,8,0.6281345912368986,0.35754441646270946,0.30000000000000004,5,11,-0.00984081062206621,0.150747928199658,0.20000000000000007,4
50,5,0.2,skewed,0.0,0.6,0.8314415379499432,0.4622798281319519,-0.5,5,6,0.6075933091586574,0.4898433990151245,-0.19999999999999996,5,6,-0.22384822879128585,0.027563570883172628,-0.30000000000000004,5
50,5,0.2,skewed,0.0,0.6,0.6468870196918394,0.37683479758072397,-0.19999999999999996,5,10,1.0677977597344586,0.5147415849998065,-0.09999999999999998,5,9,0.4209107400426192,0.13790678741908252,-0.09999999999999998,6
50,5,0.2,skewed,0.0,0.6,0.6128814977676645,0.34838402987706596,0.0,5,12,0.772266274406691,0.329479103350228,0.09999999999999998,5,10,0.1593847766390265,-0.01890492652683795,0.09999999999999998,7
50,5,0.2,skewed,0.0,0.6,1.175084435977491,0.7386049602405468,-0.09999999999999998,5,11,2.208721256339988,0.7672585499639808,-0.09999999999999998,5,10,1.033636820362497,0.028653589723434014,0.0,8
50,5,0.2,skewed,0.0,0.6,1.1752010147199643,0.6007886252895881,0.4,5,10,0.6248382037198775,0.4190002527697253,0.20000000000000007,5,10,-0.5503628110000868,-0.1817883725198628,-0.19999999999999996,9
50,5,0.2,skewed,0.0,0.6,0.8608701511654117,0.598008337889911,-0.39999999999999997,5,7,0.6104995951988144,0.35257097903484147,0.20000000000000007,5,11,-0.2503705559665973,-0.24543735885506957,-0.1999999999999999,10
50,5,0.2,skewed,0.0,0.6,0.5085234517104323,0.1681158390308229,0.30000000000000004,5,13,0.42136063031139576,0.20645668737199013,-0.19999999999999996,5,8,-0.08716282139903658,0.038340848341167244,-0.10000000000000009,11
50,5,0.2,skewed,0.0,0.6,0.3326254525611064,0.20292307275961957,0.0,5,12,0.5535575067852918,0.2396712100405353,0.0,5,8,0.22093205422418538,0.03674813728091572,0.0,12
50,5,0.2,skewed,0.0,0.6,1.0506010409933992,0.36802650174519674,0.20000000000000007,5,10,0.4660786323865034,0.19502470761604765,0.09999999999999998,5,9,-0.5845224086068959,-0.1730017941291491,-0.10000000000000009,13
50,5,0.2,skewed,0.0,0.6,0.11462104804694795,0.07699136135830802,0.20000000000000007,5,15,0.46846951675073345,0.1797906879804227,0.0,5,12,0.3538484687037855,0.10279932662211468,-0.20000000000000007,14
50,5,0.2,skewed,0.0,0.6,1.6163419225184914,0.5881928367600031,0.09999999999999998,5,13,0.842500117786681,0.2962576193376677,-0.3,5,9,-0.7738418047318104,-0.2919352174223354,0.2,15
50,5,0.2,skewed,0.0,0.6,0.10219993106245868,0.06020986750084234,0.0,5,12,0.7038622475716536,0.31894691030661204,0.0,5,11,0.6016623165091949,0.2587370428057697,0.0,16
50,5,0.2,skewed,0.0,0.6,0.8345208873377677,0.4768304191751393,0.0,5,10,1.4223040679132468,0.46746564115006156,0.30000000000000004,5,15,0.5877831805754791,-0.009364778025077736,0.30000000000000004,17
50,5,0.2,skewed,0.0,0.6,3.494268372788725,0.8871248637980405,0.09999999999999998,5,13,0.9459455694725675,0.34192434466856353,0.0,5,12,-2.548322803316158,-0.5452005191294769,-0.09999999999999998,18
50,5,0.2,skewed,0.0,0.6,0.5249209977441294,0.24247069713660055,-0.09999999999999998,5,9,1.49477203580548,0.5410736688660409,0.20000000000000007,5,14,0.9698510380613505,0.2986029717294404,0.10000000000000009,19
50,5,0.2,skewed,0.1,0.6,0.7691089439859987,0.2909872768105716,0.20000000000000007,5,10,0.42084359763942064,0.1564630027101314,0.0,5,11,-0.3482653463465781,-0.13452427410044024,-0.20000000000000007,0
50,5,0.2,skewed,0.1,0.6,0.5305243617316355,0.23875912755177567,0.20000000000000007,5,12,1.0927035043787459,0.446676904483658,0.09999999999999998,5,10,0.5621791426471103,0.20791777693188232,-0.10000000000000009,1
50,5,0.2,skewed,0.1,0.6,1.114364386495001,0.34543236320231674,0.09999999999999998,5,11,0.565225923571315,0.31227582681600186,-0.09999999999999998,5,9,-0.5491384629236861,-0.03315653638631488,0.0,2
50,5,0.2,skewed,0.1,0.6,0.32227816836820683,0.24224275932230213,-0.09999999999999998,5,10,0.7663494592434266,0.36003105433988203,-0.09999999999999998,5,8,0.44407129087521974,0.1177882950175799,0.0,3
50,5,0.2,skewed,0.1,0.6,1.3790202240451548,0.787697079630535,0.0,5,8,0.7202363351828309,0.506035668130322,0.0,5,8,-0.6587838888623239,-0.28166141150021307,0.0,4
50,5,0.2,skewed,0.1,0.6,0.2938544183217694,0.1604142013736007,0.09999999999999998,5,13,0.517302168721722,0.4078538027153601,0.0,5,8,0.22344775039995257,0.24743960134175938,-0.09999999999999998,5
50,5,0.2,skewed,0.1,0.6,0.9034933659713941,0.47398838278409006,0.0,5,11,1.7378922540008162,0.6728231529299106,-0.09999999999999998,5,14,0.8343988880294221,0.19883477014582052,0.09999999999999998,6
50,5,0.2,skewed,0.1,0.6,0.4063349534031067,0.18665216157435496,0.0,5,12,0.6645437456289528,0.2580890693592084,-0.19999999999999996,5,8,0.2582087922258461,0.07143690778485343,0.19999999999999996,7
50,5,0.2,skewed,0.1,0.6,1.4813511559061594,0.686796778410731,-0.09999999999999998,5,8,0.8900825261512791,0.4615801329170325,-0.09999999999999998,5,8,-0.5912686297548803,-0.22521664549369846,0.0,8
50,5,0.2,skewed,0.1,0.6,0.5954951717374928,0.27977275117560557,0.09999999999999998,5,10,0.9564563471496083,0.3785425803743534,0.0,5,12,0.3609611754121155,0.09876982919874783,-0.09999999999999998,9
50,5,0.2,skewed,0.1,0.6,0.9352032603673704,0.6324622439333549,-0.39999999999999997,5,3,0.6597184825968492,0.20290464064099267,0.09999999999999998,5,12,-0.27548477777052127,-0.42955760329236226,-0.3,10
50,5,0.2,skewed,0.1,0.6,0.6962031457557626,0.41487314477229004,-0.3,5,7,0.45334463726152247,0.18953121694507688,0.0,5,10,-0.24285850849424012,-0.22534192782721316,-0.3,11
50,5,0.2,skewed,0.1,0.6,0.759482279369607,0.5387708240795269,-0.09999999999999998,5,11,0.8223139400004013,0.4974234939268071,0.09999999999999998,5,13,0.06283166063079426,-0.0413473301527198,0.0,12
50,5,0.2,skewed,0.1,0.6,0.5333237023871262,0.36765810291099976,0.20000000000000007,5,13,0.2803829186276808,0.10633815307549019,-0.09999999999999998,5,8,-0.25294078375944545,-0.26131994983550955,-0.10000000000000009,13
50,5,0.2,skewed,0.1,0.6,0.6711892695703788,0.3601727124525048,-0.09999999999999998,5,9,0.44639166735138835,0.21992118292069424,-0.09999999999999998,5,10,-0.22479760221899048,-0.14025152953181058,0.0,14
50,5,0.2,skewed,0.1,0.6,0.6009963402677141,0.30853758485043226,0.0,5,10,0.7991339698308493,0.5102609337411558,0.0,5,9,0.1981376295631352,0.20172334889072352,0.0,15
50,5,0.2,skewed,0.1,0.6,0.6157745273271674,0.2896695397031439,0.09999999999999998,5,12,0.6000088223088157,0.28335349537633453,-0.3,5,9,-0.015765705018351728,-0.006316044326809378,0.2,16
50,5,0.2,skewed,0.1,0.6,0.45270659982604317,0.1811729346877672,-0.19999999999999996,5,8,0.4087071809224594,0.29299280790346577,0.20000000000000007,5,11,-0.043999418903583776,0.11181987321569856,1.1102230246251565e-16,17
50,5,0.2,skewed,0.1,0.6,0.3188462981301931,0.20484749163396412,-0.09999999999999998,5,9,0.2393613941763723,0.12086038312170785,-0.09999999999999998,5,10,-0.0794849039538208,-0.08398710851225627,0.0,18
50,5,0.2,skewed,0.1,0.6,0.31965032826901,0.2597327489946333,-0.09999999999999998,5,12,1.0074778618176186,0.38071680253108453,-0.19999999999999996,5,9,0.6878275335486086,0.12098405353645125,0.09999999999999998,19
50,5,0.2,skewed,0.2,0.6,0.6335596083445983,0.29165889839538733,-0.19999999999999996,5,11,1.0197893440162846,0.4283788349039067,0.0,5,11,0.3862297356716863,0.13671993650851938,-0.19999999999999996,0
50,5,0.2,skewed,0.2,0.6,0.6276233348771819,0.3194014313379742,-0.19999999999999996,5,11,0.6335769789910648,0.40354823015119246,0.0,5,10,0.005953644113882883,0.08414679881321824,-0.19999999999999996,1
50,5,0.2,skewed,0.2,0.6,1.7426287704339753,0.6213229940109267,0.20000000000000007,5,14,0.7812786823960164,0.4364211976168716,-0.19999999999999996,5,11,-0.961350088037959,-0.18490179639405513,-1.1102230246251565e-16,2
50,5,0.2,skewed,0.2,0.6,0.5138148589562286,0.30851382268722594,-0.09999999999999998,5,10,0.35743551136771246,0.160958513980672,0.20000000000000007,5,12,-0.15637934758851613,-0.14755530870655392,0.10000000000000009,3
50,5,0.2,skewed,0.2,0.6,0.7901755132572673,0.378522928559454,0.20000000000000007,5,9,0.4807704075031298,0.21318361910950073,0.30000000000000004,5,13,-0.3094051057541375,-0.1653393094499533,0.09999999999999998,4
50,5,0.2,skewed,0.2,0.6,1.1484991037680454,0.46260105115422173,-0.09999999999999998,5,13,2.0288976859024324,0.8443263732694615,0.20000000000000007,5,12,0.8803985821343869,0.38172532211523974,0.10000000000000009,5
50,5,0.2,skewed,0.2,0.6,2.472187144364642,1.019059129326768,0.4,5,13,1.7580060214783721,0.7953753121323777,-0.19999999999999996,5,9,-0.7141811228862698,-0.22368381719439023,-0.20000000000000007,6
50,5,0.2,skewed,0.2,0.6,0.9269359016177202,0.34320426487694394,0.0,5,11,0.884294459923308,0.24191050776840325,0.09999999999999998,5,11,-0.0426414416944122,-0.10129375710854069,0.09999999999999998,7
50,5,0.2,skewed,0.2,0.6,0.26003917557850276,0.1332741883174549,0.0,5,11,0.6075551207980053,0.2473177140873665,0.09999999999999998,5,12,0.3475159452195026,0.11404352576991159,0.09999999999999998,8
50,5,0.2,skewed,0.2,0.6,0.7769026583391263,0.30776718180585216,0.4,5,12,1.02521254598902,0.4509738604390946,0.4,5,11,0.2483098876498937,0.14320667863324243,0.0,9
50,5,0.2,skewed,0.2,0.6,0.7434783665334028,0.378621473033041,0.0,5,11,3.589344725784019,0.9574207765578642,0.30000000000000004,5,15,2.8458663592506164,0.5787993035248231,0.30000000000000004,10
50,5,0.2,skewed,0.2,0.6,0.3368721178070534,0.23456010468948882,-0.09999999999999998,5,9,0.7279490129009051,0.31673493130734764,0.09999999999999998,5,11,0.3910768950938517,0.08217482661785883,0.0,11
50,5,0.2,skewed,0.2,0.6,0.4575803228297802,0.3219835369620119,-0.19999999999999996,5,7,1.4591385767260394,0.5201961607384429,0.20000000000000007,5,12,1.0015582538962593,0.198212623776431,1.1102230246251565e-16,12
50,5,0.2,skewed,0.2,0.6,0.45295867371942317,0.29252241940778473,0.09999999999999998,5,15,0.49977585893359333,0.2018277109942765,0.09999999999999998,5,10,0.046817185214170165,-0.09069470841350824,0.0,13
50,5,0.2,skewed,0.2,0.6,0.41715787080910344,0.17925695681005455,0.0,5,11,0.40071843711170324,0.2233768301159099,0.09999999999999998,5,12,-0.016439433697400196,0.044119873305855345,0.09999999999999998,14
50,5,0.2,skewed,0.2,0.6,0.5861728142650655,0.3524806739559671,-0.3,5,7,0.5047758544737861,0.24639206966004687,0.09999999999999998,5,12,-0.08139695979127937,-0.10608860429592024,-0.2,15
50,5,0.2,skewed,0.2,0.6,1.0452841530370978,0.5192298955702499,-0.19999999999999996,5,7,1.4904509614342483,0.5766243251667937,0.20000000000000007,5,13,0.4451668083971505,0.05739442959654384,1.1102230246251565e-16,16
50,5,0.2,skewed,0.2,0.6,0.31563238117580245,0.19948295102384714,0.09999999999999998,5,12,0.8580364793697259,0.34887363870062693,0.0,5,7,0.5424040981939235,0.1493906876767798,-0.09999999999999998,17
50,5,0.2,skewed,0.2,0.6,0.3463820056248327,0.13023863277965764,0.0,5,11,0.6073789133812787,0.22047495885463492,-0.19999999999999996,5,8,0.260996907756446,0.09023632607497728,0.19999999999999996,18
50,5,0.2,skewed,0.2,0.6,0.5015653833599866,0.33250553373565117,0.0,5,10,0.41736570553971486,0.20739601241348238,-0.09999999999999998,5,10,-0.08419967782027171,-0.1251095213221688,0.09999999999999998,19
50,5,0.2,skewed,0.4,0.6,0.7030733754377011,0.38418372395919526,0.09999999999999998,5,10,0.3731583688660376,0.13864544135618817,0.0,5,10,-0.3299150065716635,-0.24553828260300709,-0.09999999999999998,0
50,5,0.2,skewed,0.4,0.6,2.8207488424998215,0.8157313712958534,0.09999999999999998,5,10,0.8023971294033233,0.6194536048520624,-0.09999999999999998,5,9,-2.0183517130964983,-0.19627776644379102,0.0,1
50,5,0.2,skewed,0.4,0.6,0.3100182061465546,0.18531443871713474,0.20000000000000007,5,11,0.7861899077181035,0.3368752297899511,0.20000000000000007,5,11,0.47617170157154887,0.15156079107281636,0.0,2
50,5,0.2,skewed,0.4,0.6,0.711191190184798,0.4376933933181625,-0.19999999999999996,5,8,0.5213726547662875,0.23966011297762568,-0.09999999999999998,5,8,-0.18981853541851057,-0.1980332803405368,-0.09999999999999998,3
50,5,0.2,skewed,0.4,0.6,0.47451893091507885,0.22330515297611542,0.0,5,12,0.30713525251708995,0.17270025221711238,0.30000000000000004,5,12,-0.1673836783979889,-0.050604900759003035,0.30000000000000004,4
50,5,0.2,skewed,0.4,0.6,0.7638036590008368,0.3164282031568036,0.0,5,10,1.1086170895354919,0.37606918376990506,0.0,5,11,0.3448134305346551,0.05964098061310147,0.0,5
50,5,0.2,skewed,0.4,0.6,0.45413023053102713,0.26485541452927797,0.0,5,11,0.2564314266060343,0.15043829723930724,-0.09999999999999998,5,8,-0.19769880392499284,-0.11441711728997073,0.09999999999999998,6
50,5,0.2,skewed,0.4,0.6,0.4859976073922603,0.25339063279273566,-0.09999999999999998,5,10,0.264658704246269,0.17252785993391317,0.09999999999999998,5,12,-0.22133890314599125,-0.08086277285882248,0.0,7
50,5,0.2,skewed,0.4,0.6,0.9064965710582806,0.4984735882902416,-0.09999999999999998,5,8,2.673372844792236,0.7767616573284692,0.0,5,9,1.7668762737339552,0.27828806903822767,-0.09999999999999998,8
50,5,0.2,skewed,0.4,0.6,0.2439606372581103,0.1868129544353123,-0.09999999999999998,5,10,0.5659769291945592,0.3372117863850934,0.0,5,10,0.32201629193644893,0.15039883194978113,-0.09999999999999998,9
50,5,0.2,skewed,0.4,0.6,1.407797726255159,0.7059787088311775,-0.09999999999999998,5,11,1.2008790538277094,0.47037636180344455,-0.19999999999999996,5,7,-0.20691867242744966,-0.23560234702773297,0.09999999999999998,10
50,5,0.2,skewed,0.4,0.6,3.03190014693631,1.0241680868034417,0.09999999999999998,5,14,0.6350750977753138,0.31707857710373466,-0.09999999999999998,5,10,-2.3968250491609964,-0.7070895096997071,0.0,11
50,5,0.2,skewed,0.4,0.6,0.6430985512438564,0.345490048027584,0.0,5,8,0.7046062439045457,0.4641132898043354,-0.09999999999999998,5,9,0.06150769266068934,0.11862324177675143,0.09999999999999998,12
50,5,0.2,skewed,0.4,0.6,0.401382621548842,0.27877197342092846,0.09999999999999998,5,11,0.7466127891793932,0.22668715972436898,-0.19999999999999996,5,10,0.3452301676305512,-0.052084813696559484,0.09999999999999998,13
50,5,0.2,skewed,0.4,0.6,0.7585761453163766,0.37916385317015566,-0.19999999999999996,5,10,0.7601973670396907,0.2847163272304275,-0.09999999999999998,5,11,0.0016212217233140258,-0.09444752593972816,-0.09999999999999998,14
50,5,0.2,skewed,0.4,0.6,0.9071379348719217,0.49236669584853915,-0.19999999999999996,5,7,2.2168738568385256,0.748614829665416,0.09999999999999998,5,11,1.3097359219666038,0.2562481338168769,-0.09999999999999998,15
50,5,0.2,skewed,0.4,0.6,0.70630581758136,0.4032303199387976,0.0,5,10,0.6153183056078452,0.3205938939030353,-0.09999999999999998,5,10,-0.09098751197351485,-0.08263642603576232,0.09999999999999998,16
50,5,0.2,skewed,0.4,0.6,0.683382862295211,0.3244632355567908,0.0,5,10,0.3979155749888087,0.2521287793048269,-0.19999999999999996,5,9,-0.28546728730640225,-0.07233445625196389,0.19999999999999996,17
50,5,0.2,skewed,0.4,0.6,0.6315009010812366,0.30942823561071164,0.0,5,11,0.5054335265641694,0.21452029095862796,-0.09999999999999998,5,12,-0.12606737451706718,-0.09490794465208369,0.09999999999999998,18
50,5,0.2,skewed,0.4,0.6,0.9186457430322316,0.6185877816486914,-0.3,5,5,1.2868174651241115,0.6652155485428426,0.20000000000000007,5,11,0.36817172209188,0.04662776689415116,-0.09999999999999992,19
50,5,0.2,correlated,0.0,0.6,3.6078275652955676,1.5097928473400193,0.0,5,11,8.748395304030966,3.4422619305964304,-0.3,5,4,5.140567738735399,1.932469083256411,0.3,0
50,5,0.2,correlated,0.0,0.6,26.127395108266604,6.1365860626725475,0.09999999999999998,5,10,35.8237071177997,7.9005827557283554,-0.19999999999999996,5,11,9.696312009533095,1.763996693055808,0.09999999999999998,1
50,5,0.2,correlated,0.0,0.6,11.139781644908206,3.2760110853839324,-0.39999999999999997,5,7,16.816856165974176,4.912706064264489,0.0,5,6,5.67707452106597,1.6366949788805565,-0.39999999999999997,2
50,5,0.2,correlated,0.0,0.6,0.9206148654148054,0.5522878853871125,0.09999999999999998,5,9,3.3196141155165777,0.949642931736739,0.09999999999999998,5,12,2.398999250101772,0.3973550463496265,0.0,3
50,5,0.2,correlated,0.0,0.6,3.1928205365149718,1.0289398393363745,-0.19999999999999996,5,8,0.9739619428397478,0.2451816462522704,0.09999999999999998,5,12,-2.218858593675224,-0.783758193084104,-0.09999999999999998,4
50,5,0.2,correlated,0.0,0.6,2.5048354857323893,1.4466098676785784,0.0,5,13,9.59541728661506,4.117083141330899,-0.3,5,8,7.090581800882671,2.6704732736523207,0.3,5
50,5,0.2,correlated,0.0,0.6,96.99334266208263,23.028130935439155,0.20000000000000007,5,12,153.13712604760858,36.274999390089825,-0.3,5,8,56.14378338552595,13.24686845465067,0.09999999999999992,6
50,5,0.2,correlated,0.0,0.6,0.5439897684536819,0.25136141695199804,-0.09999999999999998,5,8,2.9724747942826473,2.023510523763344,0.5000000000000001,5,17,2.4284850258289654,1.7721491068113462,0.40000000000000013,7
50,5,0.2,correlated,0.0,0.6,2.600465369639182,1.2946574087511042,0.09999999999999998,5,11,3.6348547839221075,1.2892301720452872,0.09999999999999998,5,10,1.0343894142829253,-0.005427236705817018,0.0,8
50,5,0.2,correlated,0.0,0.6,3.888206851364893,1.1149744750974953,0.0,5,10,2.4888363196390966,0.6678582909528348,0.0,5,10,-1.3993705317257965,-0.4471161841446605,0.0,9
50,5,0.2,correlated,0.0,0.6,19.507532877535148,4.807106543925491,0.09999999999999998,5,9,2.186880669618789,1.4061481920935948,0.09999999999999998,5,12,-17.32065220791636,-3.4009583518318967,0.0,10
50,5,0.2,correlated,0.0,0.6,11.209819817475552,4.021642671428071,0.09999999999999998,5,12,3.203448889840877,0.9228859797643055,-0.09999999999999998,5,7,-8.006370927634675,-3.0987566916637657,0.0,11
50,5,0.2,correlated,0.0,0.6,7.505407589227974,1.7808994749283822,0.0,5,12,3.197945361844312,0.8155696131486717,-0.19999999999999996,5,6,-4.307462227383661,-0.9653298617797105,0.19999999999999996,12
50,5,0.2,correlated,0.0,0.6,4.235752214739981,1.8293322565581818,0.6,5,19,13.68522077638356,4.593403957696234,0.30000000000000004,5,13,9.449468561643577,2.764071701138052,-0.29999999999999993,13
50,5,0.2,correlated,0.0,0.6,4.316941141148113,1.2643529736978156,-0.3,5,6,3.527345424703763,1.2678021125656112,0.09999999999999998,5,9,-0.7895957164443494,0.0034491388677955204,-0.2,14
50,5,0.2,correlated,0.0,0.6,3.401236844665309,1.261630498681362,0.20000000000000007,5,12,2.855903215630427,1.2903242466708469,-0.3,5,6,-0.5453336290348823,0.028693747989484875,0.09999999999999992,15
50,5,0.2,correlated,0.0,0.6,10.435350689079295,2.396784996613057,-0.09999999999999998,5,11,4.160746654203592,1.8724422339212663,-0.3,5,5,-6.274604034875702,-0.5243427626917909,0.2,16
50,5,0.2,correlated,0.0,0.6,2.0569056393909264,0.867536523067607,0.30000000000000004,5,12,5.071796432085855,1.9699915539468091,-0.09999999999999998,5,9,3.0148907926949287,1.1024550308792023,-0.20000000000000007,17
50,5,0.2,correlated,0.0,0.6,1.0079219623174576,0.6574155031795115,-0.09999999999999998,5,9,0.2948600612661585,0.20506371872421103,0.4,5,15,-0.7130619010512991,-0.45235178445530044,0.30000000000000004,18
50,5,0.2,correlated,0.0,0.6,11.11801082840529,3.921628613678832,0.09999999999999998,5,12,14.10206428023771,5.07056146467199,0.0,5,11,2.9840534518324215,1.1489328509931584,-0.09999999999999998,19
50,5,0.2,correlated,0.1,0.6,2.361614848360445,1.8070661695556378,-0.39999999999999997,5,7,1.3203513272804612,0.5156827285104978,-0.09999999999999998,5,9,-1.0412635210799837,-1.2913834410451401,-0.3,0
50,5,0.2,correlated,0.1,0.6,4.388970843892601,1.7364869952431092,0.0,5,8,0.7504898013447328,0.4082905496314904,0.09999999999999998,5,12,-3.638481042547868,-1.3281964456116189,0.09999999999999998,1
50,5,0.2,correlated,0.1,0.6,44.458431298207316,13.876190787810202,-0.3,5,8,49.24827124031851,13.610071273486957,-0.19999999999999996,5,7,4.789839942111193,-0.2661195143232451,-0.10000000000000003,2
50,5,0.2,correlated,0.1,0.6,14.281409726679275,5.7960100755184145,0.30000000000000004,5,16,1.8981470696847285,0.8576576182373016,0.30000000000000004,5,15,-12.383262656994546,-4.938352457281113,0.0,3
50,5,0.2,correlated,0.1,0.6,5.216494286438225,2.534493740232083,-0.19999999999999996,5,7,12.58499266679313,3.1333098551577305,-0.09999999999999998,5,11,7.368498380354906,0.5988161149256475,-0.09999999999999998,4
50,5,0.2,correlated,0.1,0.6,3.188686049714005,1.1249464445762436,0.30000000000000004,5,18,1.6543366500278391,0.7266157425315457,0.20000000000000007,5,12,-1.534349399686166,-0.3983307020446979,-0.09999999999999998,5
50,5,0.2,correlated,0.1,0.6,0.7204927440766216,0.4214832042751461,-0.19999999999999996,5,7,1.0622185285035437,0.45898099935337855,0.09999999999999998,5,9,0.34172578442692214,0.037497795078232476,-0.09999999999999998,6
50,5,0.2,correlated,0.1,0.6,0.7272081285353689,0.31605073440667886,-0.09999999999999998,5,10,0.5310828810873648,0.2910585612600601,0.09999999999999998,5,11,-0.19612524744800408,-0.02499217314661878,0.0,7
50,5,0.2,correlated,0.1,0.6,9.810005091573265,2.5344901503729393,0.0,5,9,5.211240949825988,1.2895399827574068,0.09999999999999998,5,11,-4.598764141747277,-1.2449501676155326,0.09999999999999998,8
50,5,0.2,correlated,0.1,0.6,3.8338793697820406,1.3897702030040728,-0.5,5,3,2.075993629031204,1.033567427919928,0.20000000000000007,5,11,-1.7578857407508366,-0.3562027750841448,-0.29999999999999993,9
50,5,0.2,correlated,0.1,0.6,1.0221420434846358,0.663730434231603,-0.09999999999999998,5,7,0.1794086500933257,0.12056556904091069,-0.19999999999999996,5,5,-0.84273339339131,-0.5431648651906924,0.09999999999999998,10
50,5,0.2,correlated,0.1,0.6,1.8227954812551495,1.276726650002957,0.0,5,11,1.550855158591338,0.7834050028486588,-0.09999999999999998,5,9,-0.2719403226638115,-0.49332164715429827,0.09999999999999998,11
50,5,0.2,correlated,0.1,0.6,28.76974617514318,10.624116183696177,0.0,5,9,31.47911481832971,15.742039263048529,0.4,5,15,2.7093686431865294,5.117923079352352,0.4,12
50,5,0.2,correlated,0.1,0.6,4.129582558596273,1.4024840330174846,-0.09999999999999998,5,8,7.083449107917094,2.1498861168033563,0.30000000000000004,5,11,2.9538665493208205,0.7474020837858717,0.20000000000000007,13
50,5,0.2,correlated,0.1,0.6,0.5506385631676133,0.31371744481181757,-0.09999999999999998,5,8,0.53115627931367,0.2989952676462141,-0.19999999999999996,5,6,-0.01948228385394324,-0.014722177165603478,0.09999999999999998,14
50,5,0.2,correlated,0.1,0.6,9.857964116349674,4.583402602103426,0.5000000000000001,5,16,13.095339871369067,4.090140289723221,0.4,5,15,3.237375755019393,-0.4932623123802049,-0.10000000000000009,15
50,5,0.2,correlated,0.1,0.6,1.6933355534324015,0.8817121211474455,0.0,5,10,4.987560168096812,1.7539038970038399,0.20000000000000007,5,12,3.2942246146644107,0.8721917758563944,0.20000000000000007,16
50,5,0.2,correlated,0.1,0.6,1.384674220478937,0.507364377026577,0.30000000000000004,5,14,1.6401302275070841,0.3815914644091038,0.09999999999999998,5,11,0.2554560070281471,-0.1257729126174732,-0.20000000000000007,17
50,5,0.2,correlated,0.1,0.6,3.1962124742958893,1.5357052072952702,-0.09999999999999998,5,5,3.11689143507152,1.2981884234320584,-0.19999999999999996,5,6,-0.07932103922436928,-0.23751678386321173,0.09999999999999998,18
50,5,0.2,correlated,0.1,0.6,0.6992049344581374,0.3295477258906451,0.20000000000000007,5,10,0.656060559223866,0.40716342559604257,0.30000000000000004,5,11,-0.04314437523427139,0.07761569970539745,0.09999999999999998,19
50,5,0.2,correlated,0.2,0.6,4.496413216581223,1.0243141059928011,0.0,5,9,6.0056771718062985,1.7421876141104615,0.09999999999999998,5,13,1.5092639552250757,0.7178735081176604,0.09999999999999998,0
50,5,0.2,correlated,0.2,0.6,10.403329654703088,4.0327027221329725,0.0,5,11,6.504295035440276,1.9262876308116212,-0.09999999999999998,5,10,-3.899034619262811,-2.1064150913213515,0.09999999999999998,1
50,5,0.2,correlated,0.2,0.6,7.91812405013828,2.0486848131354307,0.20000000000000007,5,13,19.436684414681853,7.834367947605477,-0.19999999999999996,5,8,11.518560364543573,5.785683134470046,-1.1102230246251565e-16,2
50,5,0.2,correlated,0.2,0.6,31.544506601851236,8.066967697626723,-0.19999999999999996,5,10,10.949035509730288,3.4310710016246326,0.4,5,16,-20.595471092120945,-4.63589669600209,0.20000000000000007,3
50,5,0.2,correlated,0.2,0.6,2.48216558619564,1.650753067251501,0.09999999999999998,5,14,0.4572837086200652,0.25825167813308153,0.30000000000000004,5,14,-2.024881877575575,-1.3925013891184195,0.20000000000000007,4
50,5,0.2,correlated,0.2,0.6,3.6883085346589928,1.5403274557516027,-0.19999999999999996,5,8,4.3776273374715124,1.6002551293304947,0.0,5,11,0.6893188028125197,0.05992767357889206,-0.19999999999999996,5
50,5,0.2,correlated,0.2,0.6,11.760427638903117,3.6108768505412137,-0.09999999999999998,5,9,29.04872845012663,8.675692121713498,0.09999999999999998,5,11,17.288300811223515,5.064815271172284,0.0,6
50,5,0.2,correlated,0.2,0.6,18.046092180852668,3.855022721582072,0.5000000000000001,5,13,120.54218777633129,24.693415654676695,0.20000000000000007,5,13,102.49609559547862,20.838392933094624,-0.30000000000000004,7
50,5,0.2,correlated,0.2,0.6,6.032011970893783,2.115999275436007,-0.09999999999999998,5,9,3.3456669466344433,1.0854442777759747,-0.3,5,7,-2.6863450242593396,-1.0305549976600321,0.2,8
50,5,0.2,correlated,0.2,0.6,1.9764625594096372,1.5662832405187743,-0.09999999999999998,5,7,2.931977405417027,1.9344992603966453,-0.09999999999999998,5,8,0.9555148460073897,0.368216019877871,0.0,9
50,5,0.2,correlated,0.2,0.6,1.1029028539147405,0.3591165344873014,0.09999999999999998,5,9,2.530216921969438,1.6118259907722603,0.0,5,10,1.4273140680546974,1.252709456284959,-0.09999999999999998,10
50,5,0.2,correlated,0.2,0.6,514.7071672077329,107.08925015063706,0.4,5,14,75.80493709393454,15.99041034524971,0.20000000000000007,5,11,-438.9022301137984,-91.09883980538734,-0.19999999999999996,11
50,5,0.2,correlated,0.2,0.6,2.4127359722395276,1.6152375514619717,-0.09999999999999998,5,7,5.7556602473374445,2.4169267222407376,0.20000000000000007,5,13,3.342924275097917,0.8016891707787659,0.10000000000000009,12
50,5,0.2,correlated,0.2,0.6,3.3938865391732818,2.3356987203583115,0.0,5,8,1.4202638207337266,0.5656455673534684,-0.3,5,8,-1.9736227184395552,-1.7700531530048431,0.3,13
50,5,0.2,correlated,0.2,0.6,6.916892468981316,2.173712563264164,0.30000000000000004,5,12,2.8006872545094508,1.3662055253571803,0.30000000000000004,5,16,-4.116205214471865,-0.8075070379069835,0.0,14
50,5,0.2,correlated,0.2,0.6,1.885086608117642,0.5159106779311654,0.30000000000000004,5,15,5.791098400079882,2.4564764231460954,-0.19999999999999996,5,8,3.90601179196224,1.94056574521493,-0.10000000000000009,15
50,5,0.2,correlated,0.2,0.6,0.790638816779077,0.5111562730274092,0.0,5,10,0.7016430774753393,0.3247723197028346,0.0,5,10,-0.08899573930373772,-0.18638395332457458,0.0,16
50,5,0.2,correlated,0.2,0.6,3.2145020143350655,0.9812205206058018,-0.09999999999999998,5,7,2.5864008130432756,1.4196387929640397,-0.09999999999999998,5,10,-0.6281012012917899,0.43841827235823794,0.0,17
50,5,0.2,correlated,0.2,0.6,6.024102051145054,1.6223995345637718,-0.19999999999999996,5,7,1.7172184520604008,0.5682468779800816,0.0,5,10,-4.306883599084653,-1.0541526565836903,-0.19999999999999996,18
50,5,0.2,correlated,0.2,0.6,1.6468829200240855,0.9342798603079551,0.0,5,9,1.2279902408169432,0.6703227067539311,-0.09999999999999998,5,9,-0.41889267920714235,-0.26395715355402394,0.09999999999999998,19
50,5,0.2,correlated,0.4,0.6,1.3387199649184984,0.7009203021085332,-0.3,5,6,8.359715318275702,2.7128607560673745,0.0,5,12,7.020995353357204,2.0119404539588412,-0.3,0
50,5,0.2,correlated,0.4,0.6,3.9163309612918753,1.0054053023413785,-0.09999999999999998,5,7,6.725770560173123,1.9153958986546678,-0.19999999999999996,5,7,2.8094395988812475,0.9099905963132893,0.09999999999999998,1
50,5,0.2,correlated,0.4,0.6,0.5637647155688034,0.29991994267376876,-0.3,5,5,0.48724943510600505,0.237770348131943,0.0,5,11,-0.07651528046279832,-0.06214959454182575,-0.3,2
50,5,0.2,correlated,0.4,0.6,1.3535554932151908,1.0032472074789858,0.30000000000000004,5,13,1.1383233874746055,0.6857749685510505,-0.09999999999999998,5,9,-0.21523210574058527,-0.3174722389279353,-0.20000000000000007,3
50,5,0.2,correlated,0.4,0.6,2.1595411267818574,1.4025022706999937,0.09999999999999998,5,9,2.6530227625925393,1.10678317010173,0.20000000000000007,5,12,0.49348163581068194,-0.29571910059826356,0.10000000000000009,4
50,5,0.2,correlated,0.4,0.6,0.7169846897539012,0.24400826979897677,0.20000000000000007,5,10,0.11275595850876609,0.06585321421928755,-0.09999999999999998,5,8,-0.6042287312451351,-0.17815505557968922,-0.10000000000000009,5
50,5,0.2,correlated,0.4,0.6,7.585868487092902,3.1730414079503273,-0.09999999999999998,5,8,9.173440944863692,2.8079751072281613,0.20000000000000007,5,13,1.5875724577707908,-0.36506630072216595,0.10000000000000009,6
50,5,0.2,correlated,0.4,0.6,3.5596229081324915,1.1578016805521685,0.4,5,18,8.18833555850896,3.6092658349277875,0.4,5,15,4.628712650376469,2.451464154375619,0.0,7
50,5,0.2,correlated,0.4,0.6,9.000083406306915,3.27379304469086,0.0,5,7,15.723982217296548,8.727796289571137,0.30000000000000004,5,13,6.723898810989633,5.454003244880276,0.30000000000000004,8
50,5,0.2,correlated,0.4,0.6,24.330964075978507,7.412968126371075,-0.19999999999999996,5,8,139.92231736483055,32.55991720110784,-0.09999999999999998,5,9,115.59135328885205,25.14694907473676,-0.09999999999999998,9
50,5,0.2,correlated,0.4,0.6,1.7366328303191596,0.787293426426835,-0.09999999999999998,5,10,1.4973000917114965,1.0706207347928867,0.30000000000000004,5,14,-0.23933273860766313,0.2833273083660517,0.20000000000000007,10
50,5,0.2,correlated,0.4,0.6,77.18350170258583,18.69865238858926,-0.09999999999999998,5,8,9.399567674427374,3.768220448836798,-0.19999999999999996,5,5,-67.78393402815846,-14.930431939752461,0.09999999999999998,11
50,5,0.2,correlated,0.4,0.6,0.4675231468844284,0.2725461749275726,-0.09999999999999998,5,7,0.889194825799305,0.5023126487219269,0.09999999999999998,5,10,0.42167167891487656,0.22976647379435433,0.0,12
50,5,0.2,correlated,0.4,0.6,0.6987517021865836,0.5683262265140491,0.09999999999999998,5,9,1.5243138014818463,0.8183820615563911,0.20000000000000007,5,13,0.8255620992952627,0.2500558350423421,0.10000000000000009,13
50,5,0.2,correlated,0.4,0.6,25.84926873410592,10.759261223041213,-0.3,5,9,13.65726365337205,4.2235766820956,0.09999999999999998,5,12,-12.19200508073387,-6.535684540945613,-0.2,14
50,5,0.2,correlated,0.4,0.6,0.7623635900662987,0.27490039396181987,-0.3,5,5,0.9378719331094216,0.5240571818705717,0.20000000000000007,5,13,0.1755083430431229,0.24915678790875184,-0.09999999999999992,15
50,5,0.2,correlated,0.4,0.6,18.82474477852481,6.578162233738219,0.20000000000000007,5,12,15.798692883082461,7.140189478141575,0.5000000000000001,5,16,-3.0260518954423485,0.5620272444033558,0.30000000000000004,16
50,5,0.2,correlated,0.4,0.6,0.29683426525445905,0.15270423457408802,0.30000000000000004,5,14,0.27722820012492266,0.10564217440288044,-0.19999999999999996,5,7,-0.019606065129536387,-0.04706206017120758,-0.10000000000000009,17
50,5,0.2,correlated,0.4,0.6,11.812399657434876,3.2669332555645716,0.30000000000000004,5,11,38.63220367810793,9.513116435253046,-0.39999999999999997,5,2,26.819804020673054,6.246183179688474,0.09999999999999992,18
50,5,0.2,correlated,0.4,0.6,4.297993504439953,1.6489092068147237,0.0,5,10,1.309230425913775,0.8538926659368562,-0.3,5,8,-2.988763078526178,-0.7950165408778676,0.3,19
50,5,0.5,mixed,0.0,0.6,0.05720474439574542,0.038344906025407764,-0.07999999999999996,5,26,0.11502308922296496,0.05148755184479118,0.0,5,25,0.057818344827219544,0.013142645819383417,-0.07999999999999996,0
50,5,0.5,mixed,0.0,0.6,11.648607594677943,2.4580010511492,0.040000000000000036,5,25,22.025787287510784,4.519377045207624,0.12,5,28,10.377179692832842,2.061375994058424,0.07999999999999996,1
50,5,0.5,mixed,0.0,0.6,0.2759661550460692,0.12454692099065268,0.040000000000000036,5,24,0.43052991547575636,0.1723582638154637,0.08000000000000007,5,25,0.15456376042968717,0.04781134282481103,0.040000000000000036,2
50,5,0.5,mixed,0.0,0.6,0.2787364885766793,0.12120713422369131,0.0,5,24,1.7914745254578281,0.4140975052429089,0.040000000000000036,5,26,1.512738036881149,0.29289037101921755,0.040000000000000036,3
50,5,0.5,mixed,0.0,0.6,0.10473166289374339,0.0700228027103211,0.040000000000000036,5,26,0.44949516547080015,0.11807411192487409,0.0,5,26,0.3447635025770568,0.04805130921455299,-0.040000000000000036,4
50,5,0.5,mixed,0.0,0.6,1.4571009485310036,0.33163093269004423,-0.039999999999999925,5,24,3.74156612998368,0.8083087707004444,0.040000000000000036,5,25,2.2844651814526764,0.47667783801040015,1.1102230246251565e-16,5
50,5,0.5,mixed,0.0,0.6,0.17488518310178502,0.05920032588556945,-0.12,5,26,0.20347320522388593,0.07929825478950517,0.08000000000000007,5,27,0.028588022122100903,0.02009792890393572,-0.039999999999999925,6
50,5,0.5,mixed,0.0,0.6,0.9806357915268081,0.2886933344483925,0.0,5,23,0.7322447913675454,0.21617399308735466,-0.039999999999999925,5,25,-0.24839100015926274,-0.07251934136103785,0.039999999999999925,7
50,5,0.5,mixed,0.0,0.6,0.21648097575003217,0.10343083684656644,-0.039999999999999925,5,26,0.16706511018008754,0.07484963459407054,0.040000000000000036,5,26,-0.04941586556994462,-0.0285812022524959,1.1102230246251565e-16,8
50,5,0.5,mixed,0.0,0.6,0.2287414782021717,0.08464369166090288,0.0,5,24,0.04891638932534915,0.014679226243159052,0.08000000000000007,5,25,-0.17982508887682255,-0.06996446541774383,0.08000000000000007,9
50,5,0.5,mixed,0.0,0.6,0.9089317717807562,0.28680318721647835,-0.039999999999999925,5,24,0.45850452596368646,0.11828283693209504,-0.07999999999999996,5,27,-0.4504272458170698,-0.1685203502843833,0.040000000000000036,10
50,5,0.5,mixed,0.0,0.6,0.6587246206133154,0.2114497791011158,0.040000000000000036,5,27,0.43945465208454126,0.13267864942971072,0.0,5,24,-0.21926996852877412,-0.07877112967140507,-0.040000000000000036,11
50,5,0.5,mixed,0.0,0.6,0.5587206853702542,0.12563164344215946,0.040000000000000036,5,26,1.1493272063283904,0.30626804261765184,0.0,5,23,0.5906065209581361,0.18063639917549237,-0.040000000000000036,12
50,5,0.5,mixed,0.0,0.6,3.7299767922238534,0.7831348419331433,0.0,5,24,0.07572025512098696,0.04006349190828097,-0.07999999999999996,5,26,-3.6542565371028664,-0.7430713500248624,0.07999999999999996,13
50,5,0.5,mixed,0.0,0.6,0.6525239344204077,0.3154167312980416,-0.15999999999999998,5,21,0.2777826952959028,0.13816353240513063,-0.039999999999999925,5,24,-0.37474123912450485,-0.17725319889291097,-0.12000000000000005,14
50,5,0.5,mixed,0.0,0.6,0.09370441239057573,0.05057523759824907,0.08000000000000007,5,25,0.1981269586347976,0.06881407828212442,0.0,5,26,0.10442254624422187,0.01823884068387535,-0.08000000000000007,15
50,5,0.5,mixed,0.0,0.6,0.920775016062932,0.308649866306031,0.0,5,24,1.3072551968438757,0.34435747097715275,-0.12,5,23,0.3864801807809437,0.03570760467112177,0.12,16
50,5,0.5,mixed,0.0,0.6,2.0946414153731845,0.4629097608831274,-0.039999999999999925,5,24,2.2347568950204506,0.5520768051997863,0.040000000000000036,5,27,0.14011547964726612,0.0891670443166589,1.1102230246251565e-16,17
50,5,0.5,mixed,0.0,0.6,0.30315791812099796,0.07138595871569406,-0.039999999999999925,5,25,0.27412741415851405,0.07551929440036319,0.12,5,25,-0.02903050396248391,0.004133335684669129,0.08000000000000007,18
50,5,0.5,mixed,0.0,0.6,0.2699116220919748,0.09415316946394177,0.0,5,26,0.16713190184358154,0.09092599853890973,-0.039999999999999925,5,24,-0.10277972024839324,-0.0032271709250320385,0.039999999999999925,19
50,5,0.5,mixed,0.1,0.6,0.3168254036086913,0.13731745921256985,0.12,5,24,0.2047370612931582,0.1024787367080154,0.0,5,24,-0.11208834231553313,-0.034838722504554456,-0.12,0
50,5,0.5,mixed,0.1,0.6,1.0585861158485945,0.2857641283086318,0.12,5,28,0.6112708562243714,0.22657292168297388,-0.07999999999999996,5,22,-0.44731525962422314,-0.05919120662565791,-0.040000000000000036,1
50,5,0.5,mixed,0.1,0.6,0.903605312693958,0.2579974064497379,-0.07999999999999996,5,24,0.5210890590270596,0.24256296825357598,-0.07999999999999996,5,25,-0.38251625366689845,-0.015434438196161915,0.0,2
50,5,0.5,mixed,0.1,0.6,0.09573112207926843,0.04628254042314425,0.08000000000000007,5,27,0.23710662592025453,0.140042683384093,0.040000000000000036,5,28,0.1413755038409861,0.09376014296094876,-0.040000000000000036,3
50,5,0.5,mixed,0.1,0.6,0.2902989094616482,0.10852551679720704,-0.039999999999999925,5,25,0.76059159990849,0.18508459381908593,-0.039999999999999925,5,21,0.4702926904468418,0.07655907702187889,0.0,4
50,5,0.5,mixed,0.1,0.6,0.29842132907301006,0.07803234441618266,0.0,5,26,0.1189693483179241,0.0680689418219783,0.040000000000000036,5,25,-0.17945198075508595,-0.009963402594204362,0.040000000000000036,5
50,5,0.5,mixed,0.1,0.6,1.162245375565146,0.2757049111772337,0.040000000000000036,5,27,1.1404702042365988,0.28612336353018203,0.040000000000000036,5,27,-0.021775171328547227,0.010418452352948304,0.0,6
50,5,0.5,mixed,0.1,0.6,0.7883945896892912,0.23729192256991133,-0.15999999999999998,5,25,2.108570488634594,0.46718884003908323,-0.039999999999999925,5,25,1.3201758989453027,0.2298969174691719,-0.12000000000000005,7
50,5,0.5,mixed,0.1,0.6,0.3356039591982333,0.12223448829426839,0.040000000000000036,5,25,0.3463026906655801,0.15716373040037007,0.16000000000000003,5,26,0.01069873146734679,0.03492924210610168,0.12,8
50,5,0.5,mixed,0.1,0.6,0.28008571857769193,0.0978072363039872,-0.039999999999999925,5,23,0.17415454981287562,0.07024789126869761,0.08000000000000007,5,26,-0.10593116876481631,-0.02755934503528959,0.04000000000000015,9
50,5,0.5,mixed,0.1,0.6,3.514112562462726,0.8450276912878791,-0.07999999999999996,5,26,8.681560595170744,1.8139163680670927,0.16000000000000003,5,27,5.167448032708018,0.9688886767792135,0.08000000000000007,10
50,5,0.5,mixed,0.1,0.6,0.39420002518260333,0.1497618872361331,-0.07999999999999996,5,25,0.2215690380636261,0.07458345267824576,0.040000000000000036,5,26,-0.17263098711897723,-0.07517843455788734,-0.039999999999999925,11
50,5,0.5,mixed,0.1,0.6,0.3370252838468142,0.08392900668826384,0.0,5,26,0.10113901507494856,0.05409904067081263,0.0,5,24,-0.23588626877186564,-0.029829966017451207,0.0,12
50,5,0.5,mixed,0.1,0.6,1.1426007333388226,0.35446139401689003,0.08000000000000007,5,27,0.20264943108212446,0.07268204802662917,0.0,5,24,-0.9399513022566981,-0.2817793459902609,-0.08000000000000007,13
50,5,0.5,mixed,0.1,0.6,0.486421349905355,0.15435372887381554,-0.07999999999999996,5,24,0.2254279358412662,0.08463116190868535,0.08000000000000007,5,27,-0.2609934140640888,-0.0697225669651302,1.1102230246251565e-16,14
50,5,0.5,mixed,0.1,0.6,0.959917627944663,0.3258461230687373,0.0,5,24,0.3181677160709853,0.14609052827034624,0.040000000000000036,5,26,-0.6417499118736776,-0.17975559479839104,0.040000000000000036,15
50,5,0.5,mixed,0.1,0.6,1.0588624595570562,0.33762898009237663,-0.12,5,23,4.281418593682912,1.0776079127042686,-0.039999999999999925,5,26,3.222556134125856,0.739978932611892,-0.08000000000000007,16
50,5,0.5,mixed,0.1,0.6,0.6774725444640288,0.19805807802030587,0.0,5,27,1.578252492810965,0.3898831404048199,-0.07999999999999996,5,25,0.9007799483469361,0.19182506238451405,0.07999999999999996,17
50,5,0.5,mixed,0.1,0.6,0.8911002840423692,0.22432567896369182,0.08000000000000007,5,25,0.6712663535195258,0.18484335629756674,-0.039999999999999925,5,22,-0.2198339305228434,-0.039482322666125086,-0.04000000000000015,18
50,5,0.5,mixed,0.1,0.6,0.3618629363963004,0.10755769178689349,0.0,5,26,0.7249741351128958,0.1691846117533055,0.0,5,27,0.36311119871659536,0.06162691996641202,0.0,19
50,5,0.5,mixed,0.2,0.6,0.11566942554668451,0.07694107740949215,-0.039999999999999925,5,24,0.28688105555576965,0.10605418400954456,-0.039999999999999925,5,26,0.17121163000908513,0.02911310660005241,0.0,0
50,5,0.5,mixed,0.2,0.6,2.101299492934749,0.5119802327653362,0.0,5,25,2.086494268411823,0.4982908288868586,0.08000000000000007,5,26,-0.014805224522925986,-0.013689403878477613,0.08000000000000007,1
50,5,0.5,mixed,0.2,0.6,0.9953741970348208,0.2184791320321701,-0.07999999999999996,5,27,1.4015329858305134,0.3308389680979072,-0.039999999999999925,5,25,0.40615878879569267,0.1123598360657371,-0.040000000000000036,2
50,5,0.5,mixed,0.2,0.6,39.18621030975777,7.866052980809113,0.0,5,26,11.48247607623449,2.4187784214146943,-0.039999999999999925,5,25,-27.703734233523278,-5.447274559394419,0.039999999999999925,3
50,5,0.5,mixed,0.2,0.6,0.1581336054111219,0.0790484657175685,-0.15999999999999998,5,24,0.22741551909957394,0.10173288184797302,-0.039999999999999925,5,24,0.06928191368845205,0.02268441613040452,-0.12000000000000005,4
50,5,0.5,mixed,0.2,0.6,0.14683557906088876,0.05348319784385451,0.0,5,22,0.3364681130607245,0.1253164073143112,0.0,5,22,0.18963253399983573,0.0718332094704567,0.0,5
50,5,0.5,mixed,0.2,0.6,0.8656684600138208,0.24044037066006246,0.0,5,26,0.5106081905587793,0.1893098753364563,-0.07999999999999996,5,27,-0.35506026945504154,-0.05113049532360617,0.07999999999999996,6
50,5,0.5,mixed,0.2,0.6,0.04782386330693704,0.027581363545526538,-0.07999999999999996,5,25,0.2815788041287002,0.11240321543946682,0.08000000000000007,5,26,0.23375494082176312,0.08482185189394029,1.1102230246251565e-16,7
50,5,0.5,mixed,0.2,0.6,0.46024280317166544,0.1705953264505004,0.0,5,24,0.8266728577291435,0.25184120683385786,-0.039999999999999925,5,22,0.366430054557478,0.08124588038335745,0.039999999999999925,8
50,5,0.5,mixed,0.2,0.6,0.21529183649925118,0.08193821752100604,-0.039999999999999925,5,25,0.2953053811900965,0.10571604072199255,0.0,5,24,0.08001354469084535,0.02377782320098651,-0.039999999999999925,9
50,5,0.5,mixed,0.2,0.6,0.9842266893651804,0.2875460452458213,0.040000000000000036,5,26,1.7900886317044238,0.4772251767990176,0.040000000000000036,5,27,0.8058619423392434,0.18967913155319632,0.0,10
50,5,0.5,mixed,0.2,0.6,1.0385907673809864,0.23311676231541756,0.040000000000000036,5,24,0.4763823290855546,0.1881803337156927,0.08000000000000007,5,23,-0.5622084382954318,-0.044936428599724854,0.040000000000000036,11
50,5,0.5,mixed,0.2,0.6,1845.3597701064998,369.1283091579727,-0.039999999999999925,5,23,2260.1389622010206,452.07491484384826,-0.039999999999999925,5,25,414.7791920945208,82.94660568587557,0.0,12
50,5,0.5,mixed,0.2,0.6,1.0190651649722684,0.21980791261495475,-0.039999999999999925,5,25,1.2077889163581266,0.3552111907032597,0.040000000000000036,5,27,0.18872375138585817,0.13540327808830493,1.1102230246251565e-16,13
50,5,0.5,mixed,0.2,0.6,0.2356416152949665,0.0916329295348571,0.0,5,25,1.9401588178862772,0.4495450503883648,0.08000000000000007,5,24,1.7045172025913107,0.35791212085350765,0.08000000000000007,14
50,5,0.5,mixed,0.2,0.6,0.10689076180640202,0.0520892798336535,0.08000000000000007,5,24,0.15265573090785636,0.03837563785614499,-0.039999999999999925,5,24,0.04576496910145435,-0.01371364197750851,-0.04000000000000015,15
50,5,0.5,mixed,0.2,0.6,0.6225140726246503,0.22338850807218374,0.040000000000000036,5,28,0.5195121388518914,0.2226850032757855,0.0,5,25,-0.1030019337727589,-0.0007035047963982466,-0.040000000000000036,16
50,5,0.5,mixed,0.2,0.6,0.5221983553600801,0.15436575643087574,0.0,5,25,0.2888896180644258,0.07504326314093794,-0.039999999999999925,5,24,-0.23330873729565427,-0.0793224932899378,0.039999999999999925,17
50,5,0.5,mixed,0.2,0.6,2.209319151557805,0.7475211918379656,0.0,5,27,1.1291489859941504,0.28272706929653457,-0.039999999999999925,5,23,-1.0801701655636544,-0.46479412254143104,0.039999999999999925,18
50,5,0.5,mixed,0.2,0.6,0.13281716253889245,0.05776066646352401,0.040000000000000036,5,27,0.1292685617008704,0.06031815783817187,0.0,5,23,-0.0035486008380220535,0.0025574913746478564,-0.040000000000000036,19
50,5,0.5,mixed,0.4,0.6,0.23593193309165972,0.09044442043350868,-0.039999999999999925,5,25,0.5290290094079917,0.22013021816790754,0.040000000000000036,5,24,0.293097076316332,0.12968579773439887,1.1102230246251565e-16,0
50,5,0.5,mixed,0.4,0.6,0.9045345464926414,0.3854848157792768,0.0,5,26,1.048009728956591,0.2568475767076118,-0.15999999999999998,5,23,0.14347518246394964,-0.12863723907166497,0.15999999999999998,1
50,5,0.5,mixed,0.4,0.6,0.4299450390935562,0.17951197326016036,0.08000000000000007,5,27,0.19886422434737885,0.06206700888757237,0.12,5,27,-0.23108081474617734,-0.11744496437258799,0.039999999999999925,2
50,5,0.5,mixed,0.4,0.6,0.21578600655574012,0.1067975836911745,-0.07999999999999996,5,22,0.22930547913531982,0.0928181476775332,0.040000000000000036,5,27,0.013519472579579694,-0.013979436013641294,-0.039999999999999925,3
50,5,0.5,mixed,0.4,0.6,0.22072254178525758,0.08650578251033345,0.08000000000000007,5,27,0.05787493140629239,0.030949706337714544,0.08000000000000007,5,27,-0.16284761037896517,-0.0555560761726189,0.0,4
50,5,0.5,mixed,0.4,0.6,0.8774672504760983,0.30476882357466845,0.040000000000000036,5,24,6.527782311702372,1.406170268536124,-0.12,5,21,5.650315061226273,1.1014014449614555,0.07999999999999996,5
50,5,0.5,mixed,0.4,0.6,0.22709897101240537,0.0922739533039766,0.08000000000000007,5,26,0.40043366738839914,0.1073125206154468,0.040000000000000036,5,24,0.17333469637599377,0.0150385673114702,-0.040000000000000036,6
50,5,0.5,mixed,0.4,0.6,2.350712368839789,0.5277303932146808,-0.12,5,24,11.276005301979657,3.3756036885773413,-0.039999999999999925,5,26,8.925292933139868,2.8478732953626604,-0.08000000000000007,7
50,5,0.5,mixed,0.4,0.6,0.21955513655600678,0.060190101547660246,-0.039999999999999925,5,24,0.2490293239726587,0.0743512680205374,0.040000000000000036,5,22,0.02947418741665192,0.014161166472877157,1.1102230246251565e-16,8
50,5,0.5,mixed,0.4,0.6,1.5680942912410922,0.3879766733032606,0.0,5,24,0.2618238429690086,0.10447246263940672,-0.07999999999999996,5,23,-1.3062704482720835,-0.28350421066385384,0.07999999999999996,9
50,5,0.5,mixed,0.4,0.6,4.836807713301899,1.5588521870271141,0.0,5,26,1.0385493668763357,0.4314763739228993,-0.15999999999999998,5,23,-3.798258346425563,-1.1273758131042149,0.15999999999999998,10
50,5,0.5,mixed,0.4,0.6,1.1591080040886308,0.3628832648538386,-0.15999999999999998,5,24,1.7029530293817867,0.611594753676713,-0.039999999999999925,5,22,0.5438450252931559,0.24871148882287442,-0.12000000000000005,11
50,5,0.5,mixed,0.4,0.6,1.289163160120578,0.2974197799054454,-0.07999999999999996,5,22,1.1518404194635843,0.2725359691240596,0.08000000000000007,5,23,-0.13732274065699368,-0.024883810781385796,1.1102230246251565e-16,12
50,5,0.5,mixed,0.4,0.6,1.487088678203016,0.42750980283345835,0.12,5,28,0.7828521535804687,0.32837580898151986,-0.12,5,24,-0.7042365246225473,-0.0991339938519385,0.0,13
50,5,0.5,mixed,0.4,0.6,11.512176360951475,2.53172918499084,0.0,5,25,58.62406644052883,12.140052849848306,0.16000000000000003,5,27,47.11189007957735,9.608323664857465,0.16000000000000003,14
50,5,0.5,mixed,0.4,0.6,1.715049238203369,0.4200171538711842,0.0,5,26,0.9614020072822143,0.24476970404709752,-0.039999999999999925,5,25,-0.7536472309211548,-0.1752474498240867,0.039999999999999925,15
50,5,0.5,mixed,0.4,0.6,0.10235758658282486,0.06916838219990223,0.040000000000000036,5,27,0.41884198014013757,0.10524786294461821,0.08000000000000007,5,28,0.3164843935573127,0.03607948074471598,0.040000000000000036,16
50,5,0.5,mixed,0.4,0.6,0.6036247284257931,0.2603831811379198,0.040000000000000036,5,25,0.15593096891493324,0.07201641331161558,-0.07999999999999996,5,24,-0.4476937595108598,-0.18836676782630424,0.039999999999999925,17
50,5,0.5,mixed,0.4,0.6,0.46119236029744776,0.206127242993361,-0.039999999999999925,5,26,0.14341278453482442,0.07856058884031383,0.040000000000000036,5,24,-0.31777957576262333,-0.12756665415304716,1.1102230246251565e-16,18
50,5,0.5,mixed,0.4,0.6,0.18979908001774995,0.05847775905665751,0.0,5,27,1.0533858099729052,0.25569238620657164,-0.07999999999999996,5,25,0.8635867299551553,0.19721462714991414,0.07999999999999996,19
50,5,0.5,skewed,0.0,0.6,0.23661223667837306,0.14549544867401853,-0.12,5,27,0.18599813911193175,0.08878097017845939,0.0,5,26,-0.05061409756644131,-0.05671447849555915,-0.12,0
50,5,0.5,skewed,0.0,0.6,0.1912388002895367,0.09701859315696107,0.040000000000000036,5,23,0.4012135837679799,0.13378471135528308,-0.039999999999999925,5,23,0.2099747834784432,0.03676611819832201,-1.1102230246251565e-16,1
50,5,0.5,skewed,0.0,0.6,0.22987266239761459,0.07484128389026781,-0.039999999999999925,5,23,0.27376269557152616,0.11371341258125042,0.08000000000000007,5,24,0.043890033173911575,0.03887212869098261,0.04000000000000015,2
50,5,0.5,skewed,0.0,0.6,0.22046116889969583,0.11555338424408665,-0.039999999999999925,5,24,0.2685806708531154,0.11965601685038914,0.040000000000000036,5,23,0.04811950195341955,0.004102632606302489,1.1102230246251565e-16,3
50,5,0.5,skewed,0.0,0.6,0.5390279203433661,0.22056909861321214,0.12,5,25,0.558811514806859,0.2351613560444043,0.0,5,23,0.01978359446349287,0.014592257431192163,-0.12,4
50,5,0.5,skewed,0.0,0.6,0.5152036108289173,0.2218987104488312,0.08000000000000007,5,27,0.44910327029563035,0.18754189053908027,0.0,5,27,-0.06610034053328695,-0.034356819909750924,-0.08000000000000007,5
50,5,0.5,skewed,0.0,0.6,0.5691120509575259,0.24452638692848588,0.0,5,26,0.7083330661212555,0.24521210485810538,0.08000000000000007,5,29,0.13922101516372953,0.0006857179296194948,0.08000000000000007,6
50,5,0.5,skewed,0.0,0.6,0.7134271264941684,0.4569186810292418,0.040000000000000036,5,26,0.7643741556722772,0.4290041469594244,-0.07999999999999996,5,23,0.05094702917810878,-0.02791453406981742,0.039999999999999925,7
50,5,0.5,skewed,0.0,0.6,0.2630691186658934,0.11749643970262551,0.12,5,27,0.38642284074043254,0.16060831994446706,-0.07999999999999996,5,26,0.12335372207453915,0.04311188024184155,-0.040000000000000036,8
50,5,0.5,skewed,0.0,0.6,0.14784438487994814,0.08532136026426478,-0.12,5,27,0.44311729903255476,0.18931754895523506,-0.07999999999999996,5,22,0.2952729141526066,0.10399618869097028,-0.040000000000000036,9
50,5,0.5,skewed,0.0,0.6,0.8419344894115274,0.45637912724667073,-0.07999999999999996,5,24,0.8006578241989268,0.2730332983524566,-0.07999999999999996,5,26,-0.04127666521260054,-0.18334582889421414,0.0,10
50,5,0.5,skewed,0.0,0.6,0.7538442639232198,0.34208201841078895,-0.12,5,23,0.42664156942790715,0.15607913216302616,-0.15999999999999998,5,24,-0.32720269449531264,-0.1860028862477628,0.03999999999999998,11
50,5,0.5,skewed,0.0,0.6,0.5924619690216045,0.23916058110236055,0.12,5,28,0.44377325252691785,0.15936164206807085,0.0,5,25,-0.14868871649468668,-0.0797989390342897,-0.12,12
50,5,0.5,skewed,0.0,0.6,0.7321823863141182,0.30183118105195467,-0.039999999999999925,5,23,0.7733981842451515,0.36425327053701995,0.040000000000000036,5,24,0.04121579793103325,0.06242208948506528,1.1102230246251565e-16,13
50,5,0.5,skewed,0.0,0.6,0.2920508542465865,0.16047499435769258,0.0,5,22,0.31288722445964556,0.1223009735394637,-0.039999999999999925,5,25,0.020836370213059063,-0.038174020818228876,0.039999999999999925,14
50,5,0.5,skewed,0.0,0.6,0.2417329328829169,0.10183047716713838,0.0,5,23,0.15340254537223796,0.10586682429500369,0.0,5,26,-0.08833038751067893,0.004036347127865311,0.0,15
50,5,0.5,skewed,0.0,0.6,0.31673428465039705,0.14493998119787516,-0.07999999999999996,5,22,0.43435200455492956,0.20904176318812956,-0.07999999999999996,5,21,0.11761771990453251,0.0641017819902544,0.0,16
50,5,0.5,skewed,0.0,0.6,0.5338262577110989,0.21152778755504772,0.040000000000000036,5,25,0.330191213488138,0.12773069069513626,-0.15999999999999998,5,19,-0.20363504422296091,-0.08379709685991146,0.11999999999999994,17
50,5,0.5,skewed,0.0,0.6,0.6262932196120002,0.34246329962421357,0.08000000000000007,5,27,0.343835576789895,0.18771004060182328,-0.12,5,21,-0.2824576428221052,-0.1547532590223903,0.039999999999999925,18
50,5,0.5,skewed,0.0,0.6,0.32663075744620257,0.14126599619683797,-0.07999999999999996,5,21,0.5112064627119488,0.20825917466484917,0.0,5,23,0.18457570526574624,0.0669931784680112,-0.07999999999999996,19
50,5,0.5,skewed,0.1,0.6,0.7588432884030147,0.25728778343149794,-0.07999999999999996,5,23,0.38332509894800426,0.16379477260843595,0.0,5,30,-0.3755181894550105,-0.093493010823062,-0.07999999999999996,0
50,5,0.5,skewed,0.1,0.6,0.6479501372419566,0.2673195413798562,-0.12,5,18,0.4927304235883027,0.1552566624324426,-0.12,5,18,-0.1552197136536539,-0.1120628789474136,0.0,1
50,5,0.5,skewed,0.1,0.6,0.6018592527807111,0.19415704006849807,-0.07999999999999996,5,23,0.4864980360785617,0.19075692904997904,0.0,5,20,-0.11536121670214938,-0.003400111018519031,-0.07999999999999996,2
50,5,0.5,skewed,0.1,0.6,0.180105225774172,0.06886641439972488,-0.07999999999999996,5,25,0.19742927996769302,0.09368123705697039,0.040000000000000036,5,27,0.01732405419352101,0.02481482265724551,-0.039999999999999925,3
50,5,0.5,skewed,0.1,0.6,0.39116040096003185,0.21231570287005513,-0.07999999999999996,5,23,0.3334269021110956,0.14647801096093582,0.12,5,28,-0.05773349884893625,-0.06583769190911931,0.040000000000000036,4
50,5,0.5,skewed,0.1,0.6,0.43311068411086795,0.23169722273858467,-0.039999999999999925,5,22,0.4158078229348049,0.1793935994283914,0.040000000000000036,5,29,-0.017302861176063056,-0.05230362331019328,1.1102230246251565e-16,5
50,5,0.5,skewed,0.1,0.6,0.2134783909366614,0.14224459689641467,0.08000000000000007,5,24,0.48306875590476334,0.1856553296456994,-0.19999999999999996,5,19,0.26959036496810196,0.043410732749284725,0.11999999999999988,6
50,5,0.5,skewed,0.1,0.6,0.7883563099260495,0.3577100547771007,0.16000000000000003,5,25,0.6182358485067756,0.3030366837232249,0.040000000000000036,5,25,-0.17012046141927395,-0.05467337105387582,-0.12,7
50,5,0.5,skewed,0.1,0.6,0.8478402402492395,0.3735833865836384,-0.07999999999999996,5,20,0.8366330243262979,0.32738317280871937,-0.07999999999999996,5,23,-0.011207215922941605,-0.04620021377491901,0.0,8
50,5,0.5,skewed,0.1,0.6,0.6201605248697237,0.2512283326424033,0.08000000000000007,5,25,0.5388759864598638,0.2807447458902198,0.040000000000000036,5,27,-0.08128453840985994,0.02951641324781651,-0.040000000000000036,9
50,5,0.5,skewed,0.1,0.6,0.24873797755108806,0.09024452371634072,-0.07999999999999996,5,21,0.18561934644543565,0.09842403845440703,0.0,5,26,-0.06311863110565241,0.008179514738066315,-0.07999999999999996,10
50,5,0.5,skewed,0.1,0.6,0.2628277335447759,0.13178737593033216,0.0,5,26,0.30105978161916924,0.16532110161561847,-0.039999999999999925,5,27,0.03823204807439334,0.033533725685286314,0.039999999999999925,11
50,5,0.5,skewed,0.1,0.6,0.21556937820493832,0.09822306345121726,0.040000000000000036,5,25,0.26863076635794353,0.162653432996608,0.040000000000000036,5,26,0.05306138815300521,0.06443036954539075,0.0,12
50,5,0.5,skewed,0.1,0.6,0.8021520953603469,0.31901671973446466,0.0,5,26,0.7366681144690097,0.28025367070947216,-0.07999999999999996,5,25,-0.06548398089133722,-0.0387630490249925,0.07999999999999996,13
50,5,0.5,skewed,0.1,0.6,0.5987495770393121,0.2741121631774998,0.0,5,25,0.466547926698276,0.23178874709100955,0.0,5,26,-0.1322016503410361,-0.04232341608649026,0.0,14
50,5,0.5,skewed,0.1,0.6,0.33901025182752414,0.18185866125943284,-0.039999999999999925,5,26,0.5363575105675965,0.2723524427476996,-0.039999999999999925,5,26,0.19734725874007236,0.09049378148826676,0.0,15
50,5,0.5,skewed,0.1,0.6,0.37124354598513865,0.18018271679435288,0.0,5,23,0.11880908944700505,0.07338336102172795,-0.039999999999999925,5,23,-0.25243445653813357,-0.10679935577262493,0.039999999999999925,16
50,5,0.5,skewed,0.1,0.6,0.5744258987149415,0.14854507378225926,-0.039999999999999925,5,25,0.7806157421520283,0.28120258109842894,-0.039999999999999925,5,23,0.2061898434370868,0.13265750731616968,0.0,17
50,5,0.5,skewed,0.1,0.6,0.8719493182433159,0.2481446945392686,0.20000000000000007,5,30,0.7519705490688052,0.22757590296529587,0.0,5,24,-0.11997876917451067,-0.020568791573972733,-0.20000000000000007,18
50,5,0.5,skewed,0.1,0.6,0.6137249602877051,0.2314037580384956,0.12,5,32,0.2929040978941055,0.1450354442207662,0.08000000000000007,5,29,-0.3208208623935996,-0.08636831381772941,-0.039999999999999925,19
50,5,0.5,skewed,0.2,0.6,0.6207654955015641,0.20108751773549988,0.0,5,27,0.8817935791197307,0.2948225855910097,-0.039999999999999925,5,25,0.26102808361816654,0.09373506785550983,0.039999999999999925,0
50,5,0.5,skewed,0.2,0.6,0.20253314713719756,0.06298267414257824,0.040000000000000036,5,27,0.2491921612019547,0.1510169595771488,0.12,5,26,0.04665901406475714,0.08803428543457056,0.07999999999999996,1
50,5,0.5,skewed,0.2,0.6,0.6763154824633992,0.3001290512712108,0.040000000000000036,5,26,0.7148819354632104,0.2756145622690523,0.08000000000000007,5,26,0.03856645299981121,-0.024514489002158524,0.040000000000000036,2
50,5,0.5,skewed,0.2,0.6,0.42037950787437484,0.2029627457407334,0.040000000000000036,5,24,0.4518668644180968,0.22769216007603155,0.0,5,23,0.03148735654372198,0.024729414335298155,-0.040000000000000036,3
50,5,0.5,skewed,0.2,0.6,0.2075683172233853,0.09330882188363945,-0.039999999999999925,5,27,0.20655671671373968,0.09804917025257436,-0.039999999999999925,5,24,-0.0010116005096456326,0.004740348368934902,0.0,4
50,5,0.5,skewed,0.2,0.6,0.4689218663064912,0.13812968638975545,0.0,5,26,0.6210805789828361,0.26152604973840965,0.040000000000000036,5,29,0.1521587126763449,0.1233963633486542,0.040000000000000036,5
50,5,0.5,skewed,0.2,0.6,0.44799121148066734,0.1645961201847399,0.040000000000000036,5,25,0.24026892322265606,0.1441204291874821,0.08000000000000007,5,28,-0.20772228825801128,-0.020475690997257795,0.040000000000000036,6
50,5,0.5,skewed,0.2,0.6,0.7956791207506605,0.3503179382441747,-0.07999999999999996,5,21,0.6453033707485764,0.30023425083857724,0.040000000000000036,5,31,-0.15037575000208414,-0.05008368740559743,-0.039999999999999925,7
50,5,0.5,skewed,0.2,0.6,0.5938481831197627,0.2459807750479687,0.08000000000000007,5,29,0.44139380816530516,0.26478141585104725,-0.07999999999999996,5,22,-0.15245437495445757,0.018800640803078555,-1.1102230246251565e-16,8
50,5,0.5,skewed,0.2,0.6,0.4745309315736806,0.14041167244338948,-0.039999999999999925,5,23,0.5593997756087216,0.15959460565314365,-0.039999999999999925,5,23,0.08486884403504097,0.01918293320975417,0.0,9
50,5,0.5,skewed,0.2,0.6,0.39039163440133545,0.19956312379635185,0.16000000000000003,5,28,0.12140142884558357,0.05603997880815879,-0.12,5,25,-0.26899020555575187,-0.14352314498819307,-0.040000000000000036,10
50,5,0.5,skewed,0.2,0.6,0.4856785422951145,0.1504476777578028,-0.039999999999999925,5,23,0.3144531723062835,0.20199559345631987,-0.039999999999999925,5,24,-0.17122536998883098,0.05154791569851708,0.0,11
50,5,0.5,skewed,0.2,0.6,0.5708681534634805,0.28829696714129005,0.08000000000000007,5,28,0.2661512795718919,0.14128990090082202,-0.07999999999999996,5,24,-0.30471687389158864,-0.14700706624046803,-1.1102230246251565e-16,12
50,5,0.5,skewed,0.2,0.6,0.37424366260985775,0.20787895613363117,0.08000000000000007,5,26,0.2733829350584629,0.1921374145352213,0.12,5,25,-0.10086072755139486,-0.015741541598409875,0.039999999999999925,13
50,5,0.5,skewed,0.2,0.6,0.27141295623341166,0.1614859788127558,0.040000000000000036,5,29,0.3076063585318001,0.16024114880708734,-0.039999999999999925,5,25,0.03619340229838841,-0.001244830005668468,-1.1102230246251565e-16,14
50,5,0.5,skewed,0.2,0.6,0.2670258167988568,0.1030930745426181,-0.039999999999999925,5,22,0.3073019407565949,0.17453065593435863,0.0,5,23,0.04027612395773811,0.07143758139174053,-0.039999999999999925,15
50,5,0.5,skewed,0.2,0.6,0.6723638089631732,0.2198855025915593,-0.039999999999999925,5,26,0.4701156994543028,0.18541821927503938,0.0,5,25,-0.20224810950887034,-0.03446728331651994,-0.039999999999999925,16
50,5,0.5,skewed,0.2,0.6,0.6323679189486846,0.26143604011060995,-0.12,5,20,0.6575199752084715,0.25900673051603923,-0.039999999999999925,5,26,0.025152056259786892,-0.0024293095945707166,-0.08000000000000007,17
50,5,0.5,skewed,0.2,0.6,0.44758179770994166,0.17568613607344688,-0.039999999999999925,5,26,0.4324075400386412,0.17363989521767512,0.040000000000000036,5,26,-0.015174257671300484,-0.0020462408557717637,1.1102230246251565e-16,18
50,5,0.5,skewed,0.2,0.6,0.48771943864867134,0.18660916364043506,0.08000000000000007,5,31,0.5124666442165171,0.16659971861785944,-0.039999999999999925,5,24,0.024747205567845765,-0.020009445022575623,-0.04000000000000015,19
50,5,0.5,skewed,0.4,0.6,0.5490320078461134,0.2823534227309361,0.040000000000000036,5,25,0.7765762949098717,0.3605524955595559,0.0,5,26,0.2275442870637583,0.07819907282861976,-0.040000000000000036,0
50,5,0.5,skewed,0.4,0.6,0.5487725001149564,0.2636928534409425,0.040000000000000036,5,25,0.48737986013147766,0.24469743822290094,0.12,5,26,-0.061392639983478714,-0.018995415218041573,0.07999999999999996,1
50,5,0.5,skewed,0.4,0.6,0.5513648965323066,0.14431029781658422,-0.12,5,25,0.5511541429988727,0.1743726398323769,-0.039999999999999925,5,22,-0.00021075353343391612,0.030062342015792692,-0.08000000000000007,2
50,5,0.5,skewed,0.4,0.6,0.5410027826523081,0.26032711887947,0.0,5,25,0.2854164381956595,0.12666065150117123,0.08000000000000007,5,29,-0.2555863444566486,-0.1336664673782988,0.08000000000000007,3
50,5,0.5,skewed,0.4,0.6,0.28896833923747556,0.1522038078403772,-0.07999999999999996,5,24,0.4744659754782703,0.1795973562497631,-0.039999999999999925,5,20,0.18549763624079474,0.027393548409385904,-0.040000000000000036,4
50,5,0.5,skewed,0.4,0.6,0.3596737480902706,0.16556285864777948,0.040000000000000036,5,26,0.6424589788500364,0.21818617091431936,0.040000000000000036,5,26,0.28278523075976586,0.05262331226653988,0.0,5
50,5,0.5,skewed,0.4,0.6,0.17099072525002268,0.06337652111972651,-0.07999999999999996,5,23,0.15261349607246266,0.0702229179490796,0.08000000000000007,5,26,-0.018377229177560017,0.006846396829353091,1.1102230246251565e-16,6
50,5,0.5,skewed,0.4,0.6,0.7572577009198435,0.27381460470457697,0.12,5,25,0.8049736892635905,0.301698323169494,-0.039999999999999925,5,28,0.04771598834374702,0.02788371846491705,-0.08000000000000007,7
50,5,0.5,skewed,0.4,0.6,0.26281308851552737,0.17057586673214603,-0.039999999999999925,5,24,0.29973742516018376,0.1458215408459304,0.16000000000000003,5,25,0.036924336644656386,-0.024754325886215622,0.1200000000000001,8
50,5,0.5,skewed,0.4,0.6,0.4941330233868896,0.25266003593607234,-0.039999999999999925,5,21,0.6025054390503914,0.3132601006016712,-0.15999999999999998,5,21,0.10837241566350186,0.06060006466559886,0.12000000000000005,9
50,5,0.5,skewed,0.4,0.6,0.7535177769834188,0.3207306234100759,0.08000000000000007,5,27,0.8931950847954429,0.41271658514485693,0.040000000000000036,5,23,0.13967730781202403,0.09198596173478102,-0.040000000000000036,10
50,5,0.5,skewed,0.4,0.6,0.5781379807360565,0.18261917928743393,0.08000000000000007,5,27,0.4860851978561094,0.13672111414969695,0.16000000000000003,5,26,-0.09205278287994711,-0.045898065137736976,0.07999999999999996,11
50,5,0.5,skewed,0.4,0.6,0.9688843691001491,0.23359557875417827,-0.039999999999999925,5,22,0.959368028821402,0.3065902483187965,-0.039999999999999925,5,26,-0.009516340278747037,0.07299466956461823,0.0,12
50,5,0.5,skewed,0.4,0.6,0.7577726552632376,0.2929944404182191,0.0,5,26,0.8013157957676468,0.31366960353471657,0.08000000000000007,5,28,0.04354314050440922,0.020675163116497475,0.08000000000000007,13
50,5,0.5,skewed,0.4,0.6,0.6905316293976276,0.3933956675998003,0.08000000000000007,5,26,0.5694356385003366,0.2823847799036856,-0.19999999999999996,5,23,-0.12109599089729095,-0.11101088769611472,0.11999999999999988,14
50,5,0.5,skewed,0.4,0.6,0.49743245562294025,0.30318112669199465,-0.19999999999999996,5,22,0.6133605530680734,0.19128271613768016,-0.07999999999999996,5,28,0.1159280974451331,-0.11189841055431449,-0.12,15
50,5,0.5,skewed,0.4,0.6,0.6246352939988421,0.450546840274647,0.0,5,25,0.8546993552685703,0.42786044257961403,-0.07999999999999996,5,28,0.23006406126972823,-0.022686397695032945,0.07999999999999996,16
50,5,0.5,skewed,0.4,0.6,0.19216519848373392,0.09459632560414225,-0.12,5,24,0.4414878399973185,0.23884649534849886,-0.039999999999999925,5,23,0.24932264151358458,0.14425016974435662,-0.08000000000000007,17
50,5,0.5,skewed,0.4,0.6,0.2684764673004689,0.1874902962720723,0.040000000000000036,5,28,0.4750352109872526,0.14432803223608986,0.0,5,28,0.20655874368678367,-0.043162264035982445,-0.040000000000000036,18
50,5,0.5,skewed,0.4,0.6,0.2162919956611225,0.1162261974339743,-0.07999999999999996,5,24,0.04185609972480749,0.029491597274674215,-0.07999999999999996,5,23,-0.174435895936315,-0.0867346001593001,0.0,19
50,5,0.5,correlated,0.0,0.6,6.424739866576994,1.4213590811511896,-0.12,5,19,10.249093723289677,3.0079789056664197,0.0,5,26,3.8243538567126834,1.58661982451523,-0.12,0
50,5,0.5,correlated,0.0,0.6,0.1808801126762031,0.12087472201094407,-0.039999999999999925,5,23,0.19806484021892742,0.13104293015601293,-0.07999999999999996,5,22,0.01718472754272432,0.010168208145068858,0.040000000000000036,1
50,5,0.5,correlated,0.0,0.6,0.3108759957106323,0.1458651899881987,-0.07999999999999996,5,23,0.9591051303790716,0.5452542398866165,-0.12,5,17,0.6482291346684393,0.3993890498984178,0.040000000000000036,2
50,5,0.5,correlated,0.0,0.6,0.18009643914923543,0.09573740113429788,-0.039999999999999925,5,21,0.31521641669637274,0.16790871221335713,0.040000000000000036,5,28,0.1351199775471373,0.07217131107905925,1.1102230246251565e-16,3
50,5,0.5,correlated,0.0,0.6,1.5379311954177841,0.7173187234177444,0.040000000000000036,5,23,0.45281058413947284,0.2943076695289816,-0.039999999999999925,5,25,-1.0851206112783114,-0.4230110538887628,-1.1102230246251565e-16,4
50,5,0.5,correlated,0.0,0.6,0.2706657055350017,0.13387369589467296,0.08000000000000007,5,26,0.8287306251010403,0.2366992296443388,0.08000000000000007,5,26,0.5580649195660387,0.10282553374966583,0.0,5
50,5,0.5,correlated,0.0,0.6,0.48681123587145697,0.20175669047278305,0.040000000000000036,5,27,0.382092830192468,0.2838552307963546,0.08000000000000007,5,30,-0.10471840567898899,0.08209854032357156,0.040000000000000036,6
50,5,0.5,correlated,0.0,0.6,1.8661815293455648,0.5706411952528745,-0.12,5,23,3.2712588016555855,2.0289836045879923,0.12,5,29,1.4050772723100207,1.4583424093351178,0.0,7
50,5,0.5,correlated,0.0,0.6,0.2240018866742825,0.14087915333936327,0.12,5,29,0.24460584665272472,0.08248606982483792,-0.12,5,21,0.02060395997844222,-0.05839308351452535,0.0,8
50,5,0.5,correlated,0.0,0.6,0.7300527526223839,0.34482398211887577,0.12,5,30,0.6046946813103856,0.40201229554478646,-0.12,5,25,-0.12535807131199828,0.057188313425910686,0.0,9
50,5,0.5,correlated,0.0,0.6,0.37073969783067423,0.20165891685807216,-0.039999999999999925,5,25,0.3601475129285816,0.12125202441952361,-0.19999999999999996,5,20,-0.010592184902092627,-0.08040689243854855,0.16000000000000003,10
50,5,0.5,correlated,0.0,0.6,1.7503204111742194,1.0611133339130823,0.08000000000000007,5,26,9.868734240483912,5.591378840042412,0.040000000000000036,5,25,8.118413829309691,4.53026550612933,-0.040000000000000036,11
50,5,0.5,correlated,0.0,0.6,0.15415077207274056,0.06139800783657625,-0.07999999999999996,5,22,0.13390577161261843,0.08325178422867466,0.12,5,28,-0.02024500046012212,0.021853776392098408,0.040000000000000036,12
50,5,0.5,correlated,0.0,0.6,1.2152247832860517,0.7199334531773058,-0.039999999999999925,5,25,1.5239541525053237,0.5910683676983156,-0.19999999999999996,5,22,0.3087293692192721,-0.12886508547899023,0.16000000000000003,13
50,5,0.5,correlated,0.0,0.6,2.354530083709534,0.9360636577223997,-0.12,5,21,1.1723513995219672,0.38030316292793087,0.08000000000000007,5,25,-1.1821786841875668,-0.5557604947944689,-0.039999999999999925,14
50,5,0.5,correlated,0.0,0.6,2.4049357673152487,1.612566126001893,0.20000000000000007,5,36,5.657172882420145,3.1616310808138515,-0.07999999999999996,5,23,3.2522371151048963,1.5490649548119584,-0.1200000000000001,15
50,5,0.5,correlated,0.0,0.6,1.3292427248586207,0.6164342133807098,0.0,5,20,7.796610871289996,1.8849550770834345,0.28,5,33,6.467368146431375,1.2685208637027245,0.28,16
50,5,0.5,correlated,0.0,0.6,3.9749635962380716,0.9425318815386614,-0.12,5,27,2.8686562808705336,0.6597217726248175,0.0,5,26,-1.106307315367538,-0.28281010891384395,-0.12,17
50,5,0.5,correlated,0.0,0.6,1.9645875176987382,0.7358625119852906,-0.07999999999999996,5,25,2.9617389127798526,1.8293042795187575,-0.039999999999999925,5,25,0.9971513950811144,1.093441767533467,-0.040000000000000036,18
50,5,0.5,correlated,0.0,0.6,0.4739443471060686,0.2581655798844457,0.0,5,25,0.8004824170277336,0.5992799108523467,-0.15999999999999998,5,20,0.326538069921665,0.34111433096790095,0.15999999999999998,19
50,5,0.5,correlated,0.1,0.6,0.19509274754064482,0.11515931770638806,0.040000000000000036,5,27,0.17268569795174765,0.06231373755709981,-0.12,5,18,-0.022407049588897165,-0.052845580149288245,0.07999999999999996,0
50,5,0.5,correlated,0.1,0.6,1.7026726763634779,0.6152501688924267,-0.12,5,21,0.5046057566666126,0.2952972195491051,0.040000000000000036,5,28,-1.1980669196968652,-0.3199529493433216,-0.07999999999999996,1
50,5,0.5,correlated,0.1,0.6,0.31157167841395084,0.2230341023803409,0.12,5,29,0.39167302355627187,0.16462062115488324,-0.19999999999999996,5,18,0.08010134514232103,-0.05841348122545767,0.07999999999999996,2
50,5,0.5,correlated,0.1,0.6,0.5875011800506136,0.2797329767138016,-0.19999999999999996,5,20,1.7466735034909315,0.3797947590585363,0.12,5,26,1.159172323440318,0.10006178234473473,-0.07999999999999996,3
50,5,0.5,correlated,0.1,0.6,0.10795313027029879,0.04571693076517898,0.08000000000000007,5,28,0.5074435886554444,0.14699775676629545,0.08000000000000007,5,29,0.3994904583851456,0.10128082600111647,0.0,4
50,5,0.5,correlated,0.1,0.6,3.347341106358039,1.343163203831738,0.040000000000000036,5,27,0.6418517687890102,0.22881301201099075,-0.07999999999999996,5,23,-2.7054893375690288,-1.1143501918207472,0.039999999999999925,5
50,5,0.5,correlated,0.1,0.6,0.3663674920226901,0.24464693026758727,-0.12,5,22,0.863440179297371,0.24217435944568116,0.08000000000000007,5,26,0.49707268727468096,-0.002472570821906106,-0.039999999999999925,6
50,5,0.5,correlated,0.1,0.6,0.6970141777587479,0.3304720011399477,-0.07999999999999996,5,23,2.424294260156989,1.2243483004989062,-0.039999999999999925,5,22,1.727280082398241,0.8938762993589585,-0.040000000000000036,7
50,5,0.5,correlated,0.1,0.6,3.2425531871624838,0.9781369626887308,-0.07999999999999996,5,22,7.457951410080542,1.8973134210920624,0.08000000000000007,5,28,4.215398222918059,0.9191764584033315,1.1102230246251565e-16,8
50,5,0.5,correlated,0.1,0.6,0.14898516849679325,0.0757313697545507,0.0,5,26,0.6507218902902743,0.381197592163277,0.040000000000000036,5,23,0.501736721793481,0.3054662224087263,0.040000000000000036,9
50,5,0.5,correlated,0.1,0.6,1.4147822602485274,0.7822547332067091,-0.12,5,22,0.4855434895721446,0.3161628250668075,0.20000000000000007,5,31,-0.9292387706763827,-0.46609190813990165,0.08000000000000007,10
50,5,0.5,correlated,0.1,0.6,0.23496026357826885,0.08605148418496267,0.20000000000000007,5,32,0.4797667079823165,0.23759808017932366,0.12,5,28,0.24480644440404767,0.151546595994361,-0.08000000000000007,11
50,5,0.5,correlated,0.1,0.6,6.254691372165657,2.2092307616887377,-0.07999999999999996,5,23,1.972994454522769,0.9654107215783332,0.08000000000000007,5,25,-4.281696917642888,-1.2438200401104045,1.1102230246251565e-16,12
50,5,0.5,correlated,0.1,0.6,1.738747705669392,0.8809360700500113,0.08000000000000007,5,29,1.9257920919458749,0.7881778775629023,0.040000000000000036,5,27,0.1870443862764828,-0.09275819248710904,-0.040000000000000036,13
50,5,0.5,correlated,0.1,0.6,30.537779448763263,6.399311502763947,-0.07999999999999996,5,25,29.87800843562538,6.098233363490621,0.16000000000000003,5,29,-0.6597710131378847,-0.3010781392733257,0.08000000000000007,14
50,5,0.5,correlated,0.1,0.6,0.780857901662215,0.25390050005297143,-0.039999999999999925,5,24,1.079174387390008,0.32439771858453437,0.08000000000000007,5,28,0.2983164857277929,0.07049721853156293,0.04000000000000015,15
50,5,0.5,correlated,0.1,0.6,8.42859707203877,2.3250267998380245,-0.12,5,25,5.953607120160791,1.440646276881989,0.12,5,30,-2.474989951877978,-0.8843805229560355,0.0,16
50,5,0.5,correlated,0.1,0.6,2.4529969023109333,1.8152267257264385,-0.07999999999999996,5,22,1.8085064874440677,0.7563555327075677,-0.039999999999999925,5,22,-0.6444904148668655,-1.0588711930188708,-0.040000000000000036,17
50,5,0.5,correlated,0.1,0.6,0.7476779436309038,0.25134569908394544,-0.12,5,22,0.3942238395550752,0.12879643834770393,-0.31999999999999995,5,14,-0.3534541040758286,-0.1225492607362415,0.19999999999999996,18
50,5,0.5,correlated,0.1,0.6,0.18801520635118982,0.17377447481500202,0.040000000000000036,5,25,1.1148348059071485,0.5549113131849056,0.0,5,25,0.9268195995559586,0.3811368383699036,-0.040000000000000036,19
50,5,0.5,correlated,0.2,0.6,0.35935014351276495,0.22801638528045695,0.16000000000000003,5,30,0.2858794318144898,0.14011900605823163,-0.039999999999999925,5,23,-0.07347071169827513,-0.08789737922222532,-0.1200000000000001,0
50,5,0.5,correlated,0.2,0.6,2.2643709707611803,1.1239598770004302,0.040000000000000036,5,28,1.7547307655260849,1.2910719616212833,0.0,5,22,-0.5096402052350955,0.16711208462085314,-0.040000000000000036,1
50,5,0.5,correlated,0.2,0.6,3.344563895370194,1.8440816108582503,0.16000000000000003,5,29,1.86852530642405,0.7988811860914258,-0.12,5,21,-1.476038588946144,-1.0452004247668245,-0.040000000000000036,2
50,5,0.5,correlated,0.2,0.6,10.747799196521486,3.295055222652482,0.08000000000000007,5,27,5.361794589967211,1.5930975608044937,0.16000000000000003,5,29,-5.386004606554275,-1.7019576618479881,0.07999999999999996,3
50,5,0.5,correlated,0.2,0.6,0.7522179879540811,0.37744487471862415,-0.15999999999999998,5,18,1.142701673370206,0.5019980901689723,-0.19999999999999996,5,19,0.3904836854161249,0.1245532154503482,0.03999999999999998,4
50,5,0.5,correlated,0.2,0.6,6.887003727644022,1.6363798142118227,0.0,5,25,23.856916858117174,5.203051131837307,0.040000000000000036,5,25,16.969913130473152,3.566671317625484,0.040000000000000036,5
50,5,0.5,correlated,0.2,0.6,0.2972743235193931,0.17541620884587122,0.040000000000000036,5,25,1.5765239000716058,0.48380918864890177,0.12,5,28,1.2792495765522127,0.30839297980303054,0.07999999999999996,6
50,5,0.5,correlated,0.2,0.6,1.7073575244202823,0.5969568596978287,0.20000000000000007,5,34,1.0476792313608416,0.6314291144234012,-0.15999999999999998,5,22,-0.6596782930594407,0.03447225472557247,-0.04000000000000009,7
50,5,0.5,correlated,0.2,0.6,0.7656589106339264,0.32228566647029216,-0.039999999999999925,5,25,0.8584959261668405,0.522255295731268,0.0,5,25,0.09283701553291401,0.1999696292609759,-0.039999999999999925,8
50,5,0.5,correlated,0.2,0.6,1.466266545330329,0.8038014778644218,-0.12,5,22,0.6210126144579011,0.39331468016173654,0.08000000000000007,5,31,-0.8452539308724278,-0.41048679770268526,-0.039999999999999925,9
50,5,0.5,correlated,0.2,0.6,0.10473195141985522,0.046324311637956236,0.08000000000000007,5,30,0.3182938571268508,0.20752970721807804,-0.07999999999999996,5,23,0.2135619057069956,0.1612053955801218,-1.1102230246251565e-16,10
50,5,0.5,correlated,0.2,0.6,156.4880816055403,35.74147463432949,0.0,5,28,40.628998016447234,9.55930808311381,-0.039999999999999925,5,23,-115.85908358909305,-26.18216655121568,0.039999999999999925,11
50,5,0.5,correlated,0.2,0.6,2.03734368561557,0.48468546309168686,0.12,5,26,10.548736099570837,2.957656761601669,-0.039999999999999925,5,25,8.511392413955267,2.472971298509982,-0.08000000000000007,12
50,5,0.5,correlated,0.2,0.6,0.5126250920069114,0.22757794921247004,0.040000000000000036,5,24,1.7178239190128628,0.6080202958861918,0.12,5,25,1.2051988270059515,0.38044234667372173,0.07999999999999996,13
50,5,0.5,correlated,0.2,0.6,0.15005070020634054,0.10796543165787471,0.12,5,29,0.6986697376742405,0.2835554152868854,0.08000000000000007,5,27,0.5486190374678999,0.17558998362901068,-0.039999999999999925,14
50,5,0.5,correlated,0.2,0.6,1.881469534794066,0.8360344950427425,-0.07999999999999996,5,21,4.002250802703119,2.0803890677043926,0.08000000000000007,5,30,2.120781267909053,1.24435457266165,1.1102230246251565e-16,15
50,5,0.5,correlated,0.2,0.6,0.7991180087770612,0.3990272666842089,0.040000000000000036,5,27,0.4310368010937976,0.2378028952507049,-0.039999999999999925,5,24,-0.3680812076832636,-0.16122437143350402,-1.1102230246251565e-16,16
50,5,0.5,correlated,0.2,0.6,11.333503590069594,3.541391891661255,0.0,5,21,3.223024265289188,1.0219884430422486,-0.039999999999999925,5,25,-8.110479324780405,-2.5194034486190064,0.039999999999999925,17
50,5,0.5,correlated,0.2,0.6,3.3041274641503486,0.7425418801683541,-0.07999999999999996,5,23,2.6030433863256635,0.6216289923498035,-0.24,5,18,-0.7010840778246852,-0.12091288781855059,0.16000000000000003,18
50,5,0.5,correlated,0.2,0.6,1.1411499544296049,0.5171050633770313,0.08000000000000007,5,27,0.7682170851777229,0.4353586858035686,-0.07999999999999996,5,24,-0.37293286925188196,-0.0817463775734627,-1.1102230246251565e-16,19
50,5,0.5,correlated,0.4,0.6,2.787686395035862,0.6879549681245313,0.08000000000000007,5,29,0.791689708402609,0.27175388769018094,-0.039999999999999925,5,27,-1.9959966866332532,-0.41620108043435033,-0.04000000000000015,0
50,5,0.5,correlated,0.4,0.6,0.6663582743659979,0.39693329270235134,0.0,5,26,0.43561732453226093,0.23430886914757815,0.040000000000000036,5,27,-0.230740949833737,-0.1626244235547732,0.040000000000000036,1
50,5,0.5,correlated,0.4,0.6,1.170775748522157,0.4510471207072685,-0.19999999999999996,5,19,4.7086260425379605,1.0155087768527642,0.08000000000000007,5,27,3.5378502940158034,0.5644616561454957,-0.11999999999999988,2
50,5,0.5,correlated,0.4,0.6,0.44908219056993615,0.12237930428040773,0.16000000000000003,5,26,0.1469086029777749,0.09275631493926462,0.12,5,25,-0.3021735875921613,-0.029622989341143116,-0.040000000000000036,3
50,5,0.5,correlated,0.4,0.6,20.260854279821267,4.516905184917034,0.08000000000000007,5,23,0.537709092061046,0.22398642938149083,0.24,5,31,-19.72314518776022,-4.292918755535544,0.15999999999999992,4
50,5,0.5,correlated,0.4,0.6,7.408455553163224,1.7018213806833107,0.0,5,26,0.4052907813032354,0.3195186150154458,0.040000000000000036,5,27,-7.003164771859988,-1.3823027656678648,0.040000000000000036,5
50,5,0.5,correlated,0.4,0.6,7.985900918356758,3.0898347606790795,0.040000000000000036,5,28,5.058985797143155,2.028691315042863,-0.039999999999999925,5,25,-2.926915121213603,-1.0611434456362163,-1.1102230246251565e-16,6
50,5,0.5,correlated,0.4,0.6,12.39958094826826,4.023937487371891,0.040000000000000036,5,25,2.9536274277314134,1.2075953485340836,-0.039999999999999925,5,25,-9.445953520536847,-2.8163421388378076,-1.1102230246251565e-16,7
50,5,0.5,correlated,0.4,0.6,1.918887027887372,1.1563415535598867,-0.07999999999999996,5,23,0.6745402463822874,0.2952593332700505,0.040000000000000036,5,24,-1.2443467815050846,-0.8610822202898362,-0.039999999999999925,8
50,5,0.5,correlated,0.4,0.6,0.525407407687856,0.343067109328815,-0.24,5,19,2.0153100945231723,0.7752680028642306,-0.039999999999999925,5,22,1.4899026868353165,0.4322008935354156,-0.20000000000000007,9
50,5,0.5,correlated,0.4,0.6,1.9194887535609282,0.6407859993237163,-0.15999999999999998,5,18,1.2782926482663584,0.5854175976655792,0.040000000000000036,5,25,-0.6411961052945698,-0.055368401658137056,-0.11999999999999994,10
50,5,0.5,correlated,0.4,0.6,0.44279293646375645,0.3016056879696574,0.040000000000000036,5,23,0.1558968877555038,0.1313010838481716,0.16000000000000003,5,34,-0.28689604870825264,-0.17030460412148582,0.12,11
50,5,0.5,correlated,0.4,0.6,6.027800396996376,1.579587882870275,0.12,5,30,7.076235333757641,1.8904712261425445,0.12,5,28,1.0484349367612644,0.3108833432722695,0.0,12
50,5,0.5,correlated,0.4,0.6,1315.0077400091595,263.6114018872775,-0.07999999999999996,5,22,1038.4309344213364,208.05023466955586,-0.31999999999999995,5,14,-276.5768055878232,-55.561167217721646,0.24,13
50,5,0.5,correlated,0.4,0.6,3.8246825586288504,2.349325324748535,-0.039999999999999925,5,24,5.927578971024075,1.3429542232465106,-0.07999999999999996,5,23,2.1028964123952245,-1.0063711015020245,0.040000000000000036,14
50,5,0.5,correlated,0.4,0.6,0.10291022651460528,0.06749193410337002,0.040000000000000036,5,28,0.2680966547548399,0.09047197888253138,0.040000000000000036,5,23,0.1651864282402346,0.02298004477916135,0.0,15
50,5,0.5,correlated,0.4,0.6,49.0007502258172,15.492024855485074,0.040000000000000036,5,25,44.45901310499894,11.452550663971781,0.0,5,23,-4.5417371208182615,-4.039474191513293,-0.040000000000000036,16
50,5,0.5,correlated,0.4,0.6,1.4119793321292713,0.40390457441682115,-0.27999999999999997,5,19,3.792053581758974,1.202552612412415,0.0,5,26,2.3800742496297027,0.7986480379955939,-0.27999999999999997,17
50,5,0.5,correlated,0.4,0.6,2.0705045686393233,0.6051047663951394,-0.15999999999999998,5,23,4.7127443909953675,1.3617534421352224,0.12,5,28,2.642239822356044,0.756648675740083,-0.03999999999999998,18
50,5,0.5,correlated,0.4,0.6,0.9534847820342769,0.3323457402811758,-0.039999999999999925,5,23,0.24990176100638242,0.09227519227204942,-0.039999999999999925,5,24,-0.7035830210278945,-0.2400705480091264,0.0,19
50,5,0.8,mixed,0.0,0.6,1.4142389913621012,0.33325215865435864,0.09999999999999998,5,43,0.7242051931396453,0.1946312770681579,-0.025000000000000022,5,41,-0.6900337982224559,-0.13862088158620076,-0.07499999999999996,0
50,5,0.8,mixed,0.0,0.6,2.2537086082023032,0.5062111426009817,0.0,5,39,9.9094567800131,2.067020207870788,-0.07499999999999996,5,39,7.655748171810797,1.5608090652698063,0.07499999999999996,1
50,5,0.8,mixed,0.0,0.6,0.22684090805474558,0.07612396984975138,0.025000000000000022,5,40,0.10233173521553904,0.04384358055510804,-0.025000000000000022,5,39,-0.12450917283920654,-0.03228038929464334,0.0,2
50,5,0.8,mixed,0.0,0.6,0.6710295432625197,0.1894283330388806,0.0,5,41,0.5435051942413228,0.13433237099982281,0.0,5,40,-0.12752434902119691,-0.05509596203905778,0.0,3
50,5,0.8,mixed,0.0,0.6,0.6919871357933219,0.16932873625644965,-0.04999999999999993,5,38,0.2560932137412318,0.07124700810265638,-0.04999999999999993,5,36,-0.43589392205209015,-0.09808172815379326,0.0,4
50,5,0.8,mixed,0.0,0.6,12.013754325632581,2.451426518618729,0.07500000000000007,5,41,2.3491741802105666,0.5155228621467751,-0.04999999999999993,5,39,-9.664580145422015,-1.9359036564719538,-0.025000000000000133,5
50,5,0.8,mixed,0.0,0.6,3.2881235577843184,0.7308795154017221,-0.025000000000000022,5,39,0.071203078240995,0.02797040232361741,-0.025000000000000022,5,40,-3.2169204795433233,-0.7029091130781048,0.0,6
50,5,0.8,mixed,0.0,0.6,1.3844561778536788,0.3412674297678363,0.0,5,39,8.779978061335152,1.9318676859830675,0.0,5,40,7.395521883481473,1.590600256215231,0.0,7
50,5,0.8,mixed,0.0,0.6,0.12791359374610195,0.061972358535474725,-0.04999999999999993,5,38,0.5168591557163198,0.12352887211783378,0.025000000000000022,5,40,0.38894556197021785,0.06155651358235906,-0.02499999999999991,8
50,5,0.8,mixed,0.0,0.6,0.5093202466954485,0.14359923681604223,0.0,5,41,0.9921827616574702,0.24384110360599123,0.0,5,41,0.4828625149620217,0.10024186678994901,0.0,9
50,5,0.8,mixed,0.0,0.6,0.17986513248845123,0.05014967879017322,0.025000000000000022,5,41,1.1114840000288082,0.27520504642895416,0.07500000000000007,5,42,0.9316188675403569,0.22505536763878092,0.050000000000000044,10
50,5,0.8,mixed,0.0,0.6,2.518311256224139,0.596539265661802,-0.025000000000000022,5,38,1.1971445484875154,0.3092228703793779,0.07500000000000007,5,41,-1.3211667077366236,-0.28731639528242414,0.050000000000000044,11
50,5,0.8,mixed,0.0,0.6,0.21584365728288155,0.057880351564445785,0.0,5,39,0.23374262278864238,0.0888679185194074,0.0,5,39,0.01789896550576084,0.03098756695496161,0.0,12
50,5,0.8,mixed,0.0,0.6,0.1140090628463906,0.04376949396283745,0.0,5,39,0.06011039978879946,0.023688472298862447,0.0,5,41,-0.05389866305759115,-0.020081021663975,0.0,13
50,5,0.8,mixed,0.0,0.6,0.19744475288554528,0.08294065851030515,-0.025000000000000022,5,40,0.2996397791899327,0.08245357311886024,-0.025000000000000022,5,39,0.1021950263043874,-0.0004870853914449025,0.0,14
50,5,0.8,mixed,0.0,0.6,2.0402826561493312,0.7561321805146917,-0.04999999999999993,5,40,3.4573089553290526,0.779625558646728,-0.025000000000000022,5,39,1.4170262991797213,0.023493378132036336,-0.02499999999999991,15
50,5,0.8,mixed,0.0,0.6,2.3418755487838303,0.6035509676956216,0.025000000000000022,5,39,0.7175256158666907,0.16115703139873233,0.050000000000000044,5,41,-1.6243499329171396,-0.4423939362968892,0.025000000000000022,16
50,5,0.8,mixed,0.0,0.6,0.1790902165450502,0.052610211492237546,0.0,5,39,0.1121816692887372,0.05060951096659305,0.025000000000000022,5,39,-0.066908547256313,-0.0020007005256444943,0.025000000000000022,17
50,5,0.8,mixed,0.0,0.6,0.2299606421340677,0.06355226345364531,-0.04999999999999993,5,41,0.22333586130683974,0.06060847109420311,0.0,5,41,-0.00662478082722795,-0.002943792359442206,-0.04999999999999993,18
50,5,0.8,mixed,0.0,0.6,3.55889103172677,0.7414479779891349,-0.025000000000000022,5,41,76.10322946456171,15.24830324836345,0.0,5,41,72.54433843283493,14.506855270374317,-0.025000000000000022,19
50,5,0.8,mixed,0.1,0.6,1.055676651127152,0.2633908726917745,0.050000000000000044,5,43,0.7004529471850938,0.1627512437078392,-0.025000000000000022,5,41,-0.35522370394205827,-0.10063962898393533,-0.025000000000000022,0
50,5,0.8,mixed,0.1,0.6,0.5276146004784882,0.1773987620859684,0.025000000000000022,5,41,0.18079417361815503,0.08247780834831213,0.0,5,39,-0.34682042686033315,-0.09492095373765626,-0.025000000000000022,1
50,5,0.8,mixed,0.1,0.6,1.3212237306867165,0.3209507236392883,0.0,5,42,3.151518548762536,0.6746854615424083,-0.025000000000000022,5,38,1.8302948180758196,0.35373473790312,0.025000000000000022,2
50,5,0.8,mixed,0.1,0.6,3.216139673093855,0.6671256209330043,0.0,5,38,1.9954637639479,0.4506761361063113,-0.025000000000000022,5,40,-1.220675909145955,-0.21644948482669302,0.025000000000000022,3
50,5,0.8,mixed,0.1,0.6,0.9004272432047312,0.2417773588970789,-0.07499999999999996,5,36,0.6005715436372084,0.17487589785968347,-0.025000000000000022,5,39,-0.2998556995675228,-0.06690146103739544,-0.04999999999999993,4
50,5,0.8,mixed,0.1,0.6,0.18320972565099275,0.04316294728120969,0.0,5,40,0.16018977824466824,0.059132380290186345,-0.04999999999999993,5,40,-0.023019947406324515,0.015969433008976658,0.04999999999999993,5
50,5,0.8,mixed,0.1,0.6,1.7452067928458994,0.4347311526282292,0.0,5,39,0.7176673742470103,0.16987833033918895,0.0,5,41,-1.027539418598889,-0.2648528222890403,0.0,6
50,5,0.8,mixed,0.1,0.6,0.8991572422369035,0.21293450371317063,0.025000000000000022,5,41,0.4138140849319205,0.16726705594004337,0.050000000000000044,5,41,-0.485343157304983,-0.04566744777312726,0.025000000000000022,7
50,5,0.8,mixed,0.1,0.6,0.8784482941878288,0.24170544071518513,-0.025000000000000022,5,40,0.3759572324628253,0.1204919169196453,-0.025000000000000022,5,37,-0.5024910617250035,-0.12121352379553983,0.0,8
50,5,0.8,mixed,0.1,0.6,0.10025712782347958,0.052379987596207746,-0.04999999999999993,5,38,0.4068808161554817,0.1297582240241185,0.0,5,41,0.30662368833200215,0.07737823642791075,-0.04999999999999993,9
50,5,0.8,mixed,0.1,0.6,0.25679937614562065,0.05757272849052127,-0.04999999999999993,5,40,3.406359427155838,0.7059950764446092,-0.025000000000000022,5,39,3.1495600510102175,0.6484223479540879,-0.02499999999999991,10
50,5,0.8,mixed,0.1,0.6,0.9219940703953663,0.21828907406125203,-0.025000000000000022,5,39,0.4350280679842878,0.17743439897026492,0.0,5,40,-0.4869660024110785,-0.040854675090987114,-0.025000000000000022,11
50,5,0.8,mixed,0.1,0.6,0.30850735063889656,0.1340675999401521,-0.025000000000000022,5,39,0.8069870430857817,0.18740925737830602,-0.025000000000000022,5,41,0.49847969244688517,0.05334165743815392,0.0,12
50,5,0.8,mixed,0.1,0.6,0.08042852047256811,0.031145503421486254,0.025000000000000022,5,41,0.3562197686695354,0.12333164538799549,0.0,5,39,0.2757912481969673,0.09218614196650923,-0.025000000000000022,13
50,5,0.8,mixed,0.1,0.6,7.554106777443647,1.609893455726348,0.025000000000000022,5,43,1.5002561690924372,0.40196910185172935,0.0,5,42,-6.05385060835121,-1.2079243538746187,-0.025000000000000022,14
50,5,0.8,mixed,0.1,0.6,4.294588828392577,0.9262205707917375,0.050000000000000044,5,41,2.3047662750587725,0.6918162089284656,0.025000000000000022,5,41,-1.9898225533338043,-0.23440436186327185,-0.025000000000000022,15
50,5,0.8,mixed,0.1,0.6,1.495269024290851,0.3240112385284881,-0.025000000000000022,5,39,0.9374740996187285,0.22196723362406515,0.0,5,39,-0.5577949246721225,-0.10204400490442297,-0.025000000000000022,16
50,5,0.8,mixed,0.1,0.6,0.16405742647888943,0.07120394535765744,0.0,5,40,0.2604373137850466,0.09600569684914768,-0.07499999999999996,5,37,0.09637988730615715,0.024801751491490248,0.07499999999999996,17
50,5,0.8,mixed,0.1,0.6,0.568784281985239,0.2224048032425451,0.025000000000000022,5,39,1.0413717933112985,0.27774025633964833,0.0,5,37,0.4725875113260595,0.05533545309710322,-0.025000000000000022,18
50,5,0.8,mixed,0.1,0.6,0.45914871286224485,0.1261907609636955,0.025000000000000022,5,41,0.1584097798932171,0.04231266002358485,0.025000000000000022,5,41,-0.30073893296902776,-0.08387810094011064,0.0,19
50,5,0.8,mixed,0.2,0.6,1.5903194037013764,0.3810721070977839,0.025000000000000022,5,44,0.5009200157595695,0.15756067996898482,0.050000000000000044,5,41,-1.089399387941807,-0.22351142712879907,0.025000000000000022,0
50,5,0.8,mixed,0.2,0.6,1.5221566055978946,0.3354802302013409,0.050000000000000044,5,40,5.258948068864192,1.0821635094506643,0.025000000000000022,5,41,3.7367914632662975,0.7466832792493234,-0.025000000000000022,1
50,5,0.8,mixed,0.2,0.6,0.264092346419001,0.07575993320308894,0.025000000000000022,5,40,0.13426061777813666,0.07677350109596472,0.0,5,42,-0.1298317286408643,0.0010135678928757802,-0.025000000000000022,2
50,5,0.8,mixed,0.2,0.6,0.054471426052672155,0.038532831790351746,-0.07499999999999996,5,39,0.03585446298015456,0.01890182881188659,0.0,5,40,-0.018616963072517596,-0.019631002978465154,-0.07499999999999996,3
50,5,0.8,mixed,0.2,0.6,0.205773405842698,0.07464315661914281,0.0,5,42,0.12159911733975032,0.03537696830752601,-0.025000000000000022,5,41,-0.08417428850294767,-0.039266188311616795,0.025000000000000022,4
50,5,0.8,mixed,0.2,0.6,0.5567245485034865,0.15765180537153972,0.0,5,40,0.6563778966824948,0.17326984174612878,0.07500000000000007,5,40,0.09965334817900828,0.015618036374589056,0.07500000000000007,5
50,5,0.8,mixed,0.2,0.6,10.99192756659083,2.228687802674703,-0.025000000000000022,5,39,3.6084492870952425,0.7325075444339006,-0.07499999999999996,5,37,-7.383478279495588,-1.4961802582408024,0.04999999999999993,6
50,5,0.8,mixed,0.2,0.6,0.14202321828712763,0.09450700420790256,0.050000000000000044,5,39,0.19099637719545406,0.06979663619011382,0.025000000000000022,5,40,0.04897315890832643,-0.02471036801778874,-0.025000000000000022,7
50,5,0.8,mixed,0.2,0.6,1.6624709787274914,0.34574351039835977,0.0,5,40,1.3569303620786277,0.30075922265393923,-0.025000000000000022,5,42,-0.30554061664886367,-0.04498428774442054,0.025000000000000022,8
50,5,0.8,mixed,0.2,0.6,0.0864507398889385,0.03835930768798611,-0.025000000000000022,5,38,0.20804174264431174,0.08638359791938073,0.0,5,39,0.12159100275537324,0.04802429023139462,-0.025000000000000022,9
50,5,0.8,mixed,0.2,0.6,0.5468587982845634,0.15201631965331738,0.0,5,39,0.8582091527983556,0.29173306259394927,0.0,5,43,0.3113503545137922,0.13971674294063188,0.0,10
50,5,0.8,mixed,0.2,0.6,0.2008455116563405,0.09706061182984196,0.0,5,40,0.07816952859615299,0.030032436218272895,-0.025000000000000022,5,39,-0.1226759830601875,-0.06702817561156907,0.025000000000000022,11
50,5,0.8,mixed,0.2,0.6,1.5325375586284324,0.3558898734339929,0.0,5,41,1.3710470278545386,0.29673010380762943,0.0,5,41,-0.16149053077389386,-0.05915976962636349,0.0,12
50,5,0.8,mixed,0.2,0.6,0.19417995437086694,0.051366488887849185,0.0,5,40,0.1569860319556996,0.08596473199339932,-0.025000000000000022,5,40,-0.037193922415167335,0.03459824310555014,0.025000000000000022,13
50,5,0.8,mixed,0.2,0.6,1.1929252173493086,0.3379811454543638,0.0,5,40,0.9428056793377748,0.2099903339246393,-0.025000000000000022,5,39,-0.25011953801153375,-0.1279908115297245,0.025000000000000022,14
50,5,0.8,mixed,0.2,0.6,0.5313174641113574,0.15025116932790802,-0.025000000000000022,5,39,0.4909964877872887,0.12097162010133859,0.0,5,40,-0.04032097632406867,-0.029279549226569432,-0.025000000000000022,15
50,5,0.8,mixed,0.2,0.6,0.22123322847143514,0.09732159168924122,0.0,5,39,0.14489030813444118,0.04842919607517798,0.025000000000000022,5,41,-0.07634292033699397,-0.048892395614063236,0.025000000000000022,16
50,5,0.8,mixed,0.2,0.6,0.21253029234255555,0.08158062288910446,0.07500000000000007,5,42,2.769495947838468,0.6130761797559134,-0.025000000000000022,5,39,2.5569656554959126,0.5314955568668089,-0.050000000000000044,17
50,5,0.8,mixed,0.2,0.6,0.2877141163515168,0.0959432159299888,-0.025000000000000022,5,41,0.4900956182237546,0.1588897378724159,0.050000000000000044,5,42,0.2023815018722378,0.06294652194242709,0.025000000000000022,18
50,5,0.8,mixed,0.2,0.6,0.5052755898766045,0.11724111660221001,0.0,5,39,0.6297263682477038,0.1995999675996029,0.0,5,39,0.1244507783710993,0.0823588509973929,0.0,19
50,5,0.8,mixed,0.4,0.6,0.25774954066731753,0.09670012911534272,0.0,5,41,0.16802458866157344,0.07323665628703255,0.0,5,39,-0.0897249520057441,-0.02346347282831017,0.0,0
50,5,0.8,mixed,0.4,0.6,0.2513493970810041,0.0774957173017341,-0.025000000000000022,5,40,0.0356754825027961,0.023178099123403944,-0.04999999999999993,5,40,-0.21567391457820803,-0.054317618178330154,0.02499999999999991,1
50,5,0.8,mixed,0.4,0.6,0.1858371150934692,0.07214598246561932,0.025000000000000022,5,41,0.4296535004536013,0.1771261353504674,0.0,5,41,0.2438163853601321,0.10498015288484808,-0.025000000000000022,2
50,5,0.8,mixed,0.4,0.6,7.659743833922517,1.5854614291848041,0.025000000000000022,5,40,4.873123328852887,1.0063887433271055,0.025000000000000022,5,41,-2.7866205050696298,-0.5790726858576987,0.0,3
50,5,0.8,mixed,0.4,0.6,0.22537737232255464,0.0972688050237361,0.0,5,39,0.2999804621231612,0.07514892840150704,0.0,5,40,0.07460308980060656,-0.022119876622229057,0.0,4
50,5,0.8,mixed,0.4,0.6,0.7068311892854383,0.19314746535294314,-0.04999999999999993,5,37,0.8190460996695852,0.1879636100816677,0.0,5,41,0.11221491038414688,-0.005183855271275434,-0.04999999999999993,5
50,5,0.8,mixed,0.4,0.6,6.458252752031825,1.3688185232795589,-0.04999999999999993,5,40,0.8445475643158822,0.21330750654037117,-0.025000000000000022,5,39,-5.613705187715943,-1.1555110167391878,-0.02499999999999991,6
50,5,0.8,mixed,0.4,0.6,3.0060849384794,0.6286576548515009,0.0,5,40,1.4526097985615642,0.29911824350640687,0.050000000000000044,5,41,-1.5534751399178357,-0.32953941134509407,0.050000000000000044,7
50,5,0.8,mixed,0.4,0.6,0.29768139087607326,0.1033373616767665,-0.025000000000000022,5,41,0.4597837627973109,0.10706864270699556,0.0,5,40,0.16210237192123766,0.0037312810302290583,-0.025000000000000022,8
50,5,0.8,mixed,0.4,0.6,1.0126935847239873,0.27553479495715305,0.0,5,41,3.522778120515357,1.0431594023473645,0.0,5,40,2.5100845357913695,0.7676246073902114,0.0,9
50,5,0.8,mixed,0.4,0.6,0.1865623709610284,0.07447020324566866,-0.025000000000000022,5,41,0.9980273516912956,0.25477565396157803,0.025000000000000022,5,40,0.8114649807302672,0.18030545071590937,0.0,10
50,5,0.8,mixed,0.4,0.6,6.148245867299096,1.2718600453429594,-0.04999999999999993,5,39,0.9885739762251687,0.2399216093366749,0.0,5,41,-5.159671891073927,-1.0319384360062844,-0.04999999999999993,11
50,5,0.8,mixed,0.4,0.6,10.02706509989023,2.925874628600133,0.0,5,39,28.488569739211872,7.534342802813837,0.0,5,38,18.461504639321642,4.608468174213704,0.0,12
50,5,0.8,mixed,0.4,0.6,1.9008796465957245,0.4029932928117367,-0.025000000000000022,5,40,0.29590213349622757,0.08888792915682335,0.050000000000000044,5,42,-1.604977513099497,-0.3141053636549133,0.025000000000000022,13
50,5,0.8,mixed,0.4,0.6,0.20501728003157327,0.08608011468877359,-0.025000000000000022,5,40,0.39398988678996966,0.11411154454637895,0.025000000000000022,5,40,0.1889726067583964,0.02803142985760536,0.0,14
50,5,0.8,mixed,0.4,0.6,1.3371383679141844,0.2998195820400754,0.0,5,40,0.3506897527289022,0.08027016247849987,0.025000000000000022,5,41,-0.9864486151852823,-0.21954941956157553,0.025000000000000022,15
50,5,0.8,mixed,0.4,0.6,0.2809192658972249,0.10468819912714486,-0.07499999999999996,5,39,2.295773794027049,0.5000404430743506,0.0,5,41,2.014854528129824,0.3953522439472057,-0.07499999999999996,16
50,5,0.8,mixed,0.4,0.6,0.13090463649724907,0.05014729050305513,0.0,5,41,0.2516602833232433,0.10919604966072413,0.025000000000000022,5,41,0.12075564682599424,0.059048759157669,0.025000000000000022,17
50,5,0.8,mixed,0.4,0.6,0.11076041976388987,0.04856246905564314,0.07500000000000007,5,41,0.43849728473471045,0.12632389759800433,0.0,5,39,0.32773686497082055,0.07776142854236119,-0.07500000000000007,18
50,5,0.8,mixed,0.4,0.6,0.27209244812508904,0.07213393166283105,0.0,5,39,0.19109563094119023,0.07874775240799611,0.025000000000000022,5,38,-0.08099681718389881,0.006613820745165061,0.025000000000000022,19
50,5,0.8,skewed,0.0,0.6,0.2026465364456445,0.11685878900677571,0.0,5,41,0.6759553253050259,0.21087412845481684,0.0,5,42,0.4733087888593814,0.09401533944804114,0.0,0
50,5,0.8,skewed,0.0,0.6,0.19014504512791283,0.1314603677565277,0.07500000000000007,5,44,0.27464357761967356,0.13707636737314108,-0.04999999999999993,5,40,0.08449853249176073,0.005615999616613382,-0.025000000000000133,1
50,5,0.8,skewed,0.0,0.6,0.23735605155028183,0.12464801728393733,0.025000000000000022,5,41,0.2338985205764862,0.16738418430150498,0.07500000000000007,5,44,-0.0034575309737956417,0.04273616701756765,0.050000000000000044,2
50,5,0.8,skewed,0.0,0.6,0.5368364957503962,0.1663775642032857,0.0,5,39,0.2128020840164406,0.13403186392535305,0.050000000000000044,5,43,-0.32403441173395553,-0.032345700277932654,0.050000000000000044,3
50,5,0.8,skewed,0.0,0.6,0.1606698462450347,0.11678086307309736,0.050000000000000044,5,41,0.3036617437290091,0.12054757762460477,0.050000000000000044,5,41,0.14299189748397442,0.0037667145515074135,0.0,4
50,5,0.8,skewed,0.0,0.6,0.20585530145334527,0.11759714683907123,0.0,5,44,0.18046848157061657,0.0612582319648458,-0.07499999999999996,5,36,-0.0253868198827287,-0.05633891487422543,0.07499999999999996,5
50,5,0.8,skewed,0.0,0.6,0.22002465679773658,0.1312200059232928,0.07500000000000007,5,45,0.14807822425263778,0.10037536425842722,0.025000000000000022,5,43,-0.0719464325450988,-0.030844641664865585,-0.050000000000000044,6
50,5,0.8,skewed,0.0,0.6,0.09887903278756008,0.042419322380209845,-0.025000000000000022,5,40,0.06306770696441157,0.034602358859650365,-0.025000000000000022,5,41,-0.03581132582314851,-0.00781696352055948,0.0,7
50,5,0.8,skewed,0.0,0.6,0.16627929275491285,0.12283035506953821,0.07500000000000007,5,42,0.1717789780736642,0.09649572134218037,-0.025000000000000022,5,39,0.005499685318751363,-0.026334633727357837,-0.050000000000000044,8
50,5,0.8,skewed,0.0,0.6,0.17905628034239301,0.09024390637437418,-0.025000000000000022,5,41,0.13737361418742428,0.0703165835823972,0.050000000000000044,5,40,-0.04168266615496874,-0.01992732279197698,0.025000000000000022,9
50,5,0.8,skewed,0.0,0.6,0.4566195452388596,0.21160953561216772,0.0,5,37,0.18322049753258898,0.1393440531703854,0.07500000000000007,5,42,-0.27339904770627066,-0.07226548244178232,0.07500000000000007,10
50,5,0.8,skewed,0.0,0.6,0.15095229951175984,0.07581528222973742,0.0,5,39,0.1417531300605053,0.06523750437651524,-0.025000000000000022,5,37,-0.00919916945125454,-0.010577777853222184,0.025000000000000022,11
50,5,0.8,skewed,0.0,0.6,0.1743241943548951,0.08275463581864353,0.025000000000000022,5,41,0.17811636699620448,0.09035466685451592,0.025000000000000022,5,39,0.003792172641309377,0.007600031035872382,0.0,12
50,5,0.8,skewed,0.0,0.6,0.3012807515490238,0.18150079170999908,-0.025000000000000022,5,41,0.3180016553117585,0.20077292366249394,0.07500000000000007,5,43,0.016720903762734718,0.01927213195249486,0.050000000000000044,13
50,5,0.8,skewed,0.0,0.6,0.5966828704750884,0.2561963877654939,-0.025000000000000022,5,40,0.7449900818537579,0.2216917060141949,0.0,5,40,0.14830721137866953,-0.034504681751299004,-0.025000000000000022,14
50,5,0.8,skewed,0.0,0.6,0.15342345378373087,0.1038115623126454,0.09999999999999998,5,45,0.13888079102275414,0.0680914678297852,0.07500000000000007,5,42,-0.014542662760976738,-0.035720094482860204,-0.02499999999999991,15
50,5,0.8,skewed,0.0,0.6,0.1814877515157695,0.0925492593845,0.050000000000000044,5,45,0.19882670879848238,0.12882019672206582,0.050000000000000044,5,45,0.01733895728271287,0.036270937337565826,0.0,16
50,5,0.8,skewed,0.0,0.6,0.24829583422265683,0.1293009847264906,0.025000000000000022,5,40,0.1091982535630914,0.0684714473203913,-0.025000000000000022,5,40,-0.13909758065956543,-0.060829537406099296,0.0,17
50,5,0.8,skewed,0.0,0.6,0.12620305917381033,0.05245045925241894,-0.04999999999999993,5,41,0.1872650876210174,0.09888517196598386,0.025000000000000022,5,43,0.06106202844720707,0.04643471271356492,-0.02499999999999991,18
50,5,0.8,skewed,0.0,0.6,0.12517621892225522,0.048038011186835684,-0.09999999999999998,5,36,0.1325600672140831,0.05993819226955656,-0.04999999999999993,5,39,0.007383848291827866,0.011900181082720875,-0.050000000000000044,19
50,5,0.8,skewed,0.1,0.6,0.18674014055638535,0.11257660260884532,0.07500000000000007,5,43,0.2993113409623658,0.10906019494656774,-0.025000000000000022,5,39,0.11257120040598043,-0.003516407662277579,-0.050000000000000044,0
50,5,0.8,skewed,0.1,0.6,0.17087094336099162,0.10467555145269684,-0.04999999999999993,5,40,0.2162263226993415,0.10719032208370968,0.025000000000000022,5,40,0.04535537933834988,0.0025147706310128387,-0.02499999999999991,1
50,5,0.8,skewed,0.1,0.6,0.11176996936673364,0.047850345126853114,0.0,5,39,0.1942754385238342,0.09929535581762956,0.0,5,39,0.08250546915710055,0.05144501069077645,0.0,2
50,5,0.8,skewed,0.1,0.6,0.17910788883002768,0.06488830549731432,0.0,5,38,0.08227394934192608,0.03631215646610081,-0.04999999999999993,5,40,-0.0968339394881016,-0.028576149031213513,0.04999999999999993,3
50,5,0.8,skewed,0.1,0.6,0.16407997931658946,0.0943289084818224,-0.025000000000000022,5,40,0.19670855313320543,0.07388538843050982,-0.025000000000000022,5,38,0.03262857381661596,-0.020443520051312586,0.0,4
50,5,0.8,skewed,0.1,0.6,0.16950462037687,0.05330772674739459,0.0,5,42,0.06900597765906949,0.04040165887278989,0.050000000000000044,5,41,-0.10049864271780051,-0.012906067874604701,0.050000000000000044,5
50,5,0.8,skewed,0.1,0.6,0.09521466018547155,0.03994860132693845,0.025000000000000022,5,42,0.06361833386507691,0.03688522694463854,0.0,5,41,-0.031596326320394635,-0.0030633743822999077,-0.025000000000000022,6
50,5,0.8,skewed,0.1,0.6,0.23888447426787618,0.13173895511352446,0.07500000000000007,5,45,0.3159814440198569,0.15879488538444708,0.050000000000000044,5,42,0.07709696975198072,0.027055930270922623,-0.025000000000000022,7
50,5,0.8,skewed,0.1,0.6,0.20708095063810147,0.1370708591495218,0.0,5,43,0.21325158457246238,0.13894087198353983,0.025000000000000022,5,41,0.006170633934360903,0.0018700128340180255,0.025000000000000022,8
50,5,0.8,skewed,0.1,0.6,0.137598104557264,0.09893624014879454,0.07500000000000007,5,43,0.4831194565483698,0.11667398493214129,-0.04999999999999993,5,39,0.3455213519911058,0.01773774478334675,-0.025000000000000133,9
50,5,0.8,skewed,0.1,0.6,0.5658007888291791,0.1793251526199585,-0.025000000000000022,5,39,0.21937797352783506,0.09643669938541297,0.025000000000000022,5,42,-0.346422815301344,-0.08288845323454552,0.0,10
50,5,0.8,skewed,0.1,0.6,0.1887577657315346,0.10389927521782191,0.050000000000000044,5,42,0.15096486785555305,0.08324446138779913,-0.04999999999999993,5,39,-0.03779289787598156,-0.02065481383002278,-1.1102230246251565e-16,11
50,5,0.8,skewed,0.1,0.6,0.2933848994208408,0.1004931545081823,0.0,5,39,0.08794038990711242,0.04069314764437433,0.025000000000000022,5,41,-0.20544450951372836,-0.05980000686380797,0.025000000000000022,12
50,5,0.8,skewed,0.1,0.6,0.21407884038844682,0.09313074912106713,-0.04999999999999993,5,39,0.18787040651992862,0.12106196864645491,0.0,5,39,-0.026208433868518205,0.027931219525387782,-0.04999999999999993,13
50,5,0.8,skewed,0.1,0.6,0.13421108712894353,0.051643759068425735,0.0,5,41,0.024072624893942424,0.007626602168356422,-0.04999999999999993,5,40,-0.11013846223500111,-0.04401715690006931,0.04999999999999993,14
50,5,0.8,skewed,0.1,0.6,0.1494098749396144,0.09262096248638275,0.0,5,39,0.10593132050170122,0.054507510047290285,0.0,5,41,-0.043478554437913194,-0.03811345243909247,0.0,15
50,5,0.8,skewed,0.1,0.6,0.2347413512255228,0.08398525525897912,0.025000000000000022,5,40,0.19604151556539903,0.0766306994958001,0.025000000000000022,5,40,-0.03869983566012378,-0.007354555763179019,0.0,16
50,5,0.8,skewed,0.1,0.6,0.17255044035910685,0.0698397188215629,-0.04999999999999993,5,37,0.1896026773242589,0.12064292801673768,0.025000000000000022,5,41,0.01705223696515204,0.05080320919517478,-0.02499999999999991,17
50,5,0.8,skewed,0.1,0.6,0.10629681358697853,0.037316805011359325,0.050000000000000044,5,41,0.07083931971015578,0.044675369442327736,-0.025000000000000022,5,40,-0.035457493876822746,0.007358564430968412,-0.025000000000000022,18
50,5,0.8,skewed,0.1,0.6,0.18150867186017844,0.10586424818876454,-0.04999999999999993,5,39,0.06494414755914772,0.05704445954806936,0.025000000000000022,5,39,-0.11656452430103072,-0.04881978864069518,-0.02499999999999991,19
50,5,0.8,skewed,0.2,0.6,0.08947553301011757,0.062177930586061116,-0.025000000000000022,5,39,0.3917164753136125,0.1182373794406045,-0.025000000000000022,5,36,0.3022409423034949,0.056059448854543385,0.0,0
50,5,0.8,skewed,0.2,0.6,0.18914924505999797,0.09865118129956212,0.025000000000000022,5,42,0.08028899502627136,0.04047296010781083,0.050000000000000044,5,40,-0.10886025003372661,-0.058178221191751284,0.025000000000000022,1
50,5,0.8,skewed,0.2,0.6,0.22190650773611417,0.13509139717718385,0.07500000000000007,5,42,0.15388763492204008,0.03818061564131133,0.050000000000000044,5,40,-0.0680188728140741,-0.09691078153587251,-0.025000000000000022,2
50,5,0.8,skewed,0.2,0.6,0.23644111621783165,0.08716123333416818,0.07500000000000007,5,41,0.23544623279139565,0.09018797102630714,-0.07499999999999996,5,40,-0.0009948834264359996,0.003026737692138959,-1.1102230246251565e-16,3
50,5,0.8,skewed,0.2,0.6,0.22445612433895526,0.0714740084761349,0.050000000000000044,5,38,0.23265484095682043,0.11081393759139427,0.050000000000000044,5,40,0.00819871661786517,0.03933992911525937,0.0,4
50,5,0.8,skewed,0.2,0.6,0.10600146394198445,0.0339107581322996,-0.025000000000000022,5,40,0.23757801881285198,0.1313523682147502,0.07500000000000007,5,41,0.13157655487086753,0.09744161008245059,0.050000000000000044,5
50,5,0.8,skewed,0.2,0.6,0.1733673140554292,0.09385003733177207,0.07500000000000007,5,42,0.17679327134780382,0.04122021803357635,0.07500000000000007,5,42,0.003425957292374604,-0.05262981929819571,0.0,6
50,5,0.8,skewed,0.2,0.6,0.18138692897999456,0.09140235167403914,0.07500000000000007,5,42,0.0791181908494171,0.0300230570335617,-0.07499999999999996,5,39,-0.10226873813057746,-0.061379294640477436,-1.1102230246251565e-16,7
50,5,0.8,skewed,0.2,0.6,0.23568794468568874,0.09431843814668638,0.025000000000000022,5,43,0.5317444444318704,0.17428227658108403,-0.09999999999999998,5,37,0.29605649974618164,0.07996383843439765,0.07499999999999996,8
50,5,0.8,skewed,0.2,0.6,0.38051660558101674,0.10470074669803191,-0.04999999999999993,5,39,0.39952668795582563,0.12566358877532133,-0.04999999999999993,5,38,0.01901008237480889,0.02096284207728942,0.0,9
50,5,0.8,skewed,0.2,0.6,0.18070921861779735,0.10555700205605927,0.0,5,42,0.15219075526520062,0.0573673476749186,0.0,5,42,-0.028518463352596723,-0.048189654381140666,0.0,10
50,5,0.8,skewed,0.2,0.6,0.3180816835199027,0.12952928963247573,-0.025000000000000022,5,42,0.21383810611163934,0.11067378366248373,-0.04999999999999993,5,39,-0.10424357740826334,-0.018855505969991998,0.02499999999999991,11
50,5,0.8,skewed,0.2,0.6,0.43246409956612086,0.1290182750097185,-0.04999999999999993,5,37,0.15573218890384163,0.08580036248902127,0.025000000000000022,5,42,-0.2767319106622792,-0.04321791252069722,-0.02499999999999991,12
50,5,0.8,skewed,0.2,0.6,0.135719110599781,0.051940745658352515,-0.025000000000000022,5,38,0.10130376459112307,0.03473005885906662,-0.07499999999999996,5,37,-0.034415346008657935,-0.017210686799285897,0.04999999999999993,13
50,5,0.8,skewed,0.2,0.6,0.15331075592486215,0.09987039587604041,0.050000000000000044,5,41,0.4812133389865989,0.14379451916161193,-0.04999999999999993,5,38,0.32790258306173675,0.04392412328557152,-1.1102230246251565e-16,14
50,5,0.8,skewed,0.2,0.6,0.05709210245451404,0.03895753503547453,-0.04999999999999993,5,39,0.1341395259318703,0.0662108939139597,0.025000000000000022,5,42,0.07704742347735627,0.02725335887848518,-0.02499999999999991,15
50,5,0.8,skewed,0.2,0.6,0.30055376953085905,0.14599473376427619,0.025000000000000022,5,41,0.18217749037989575,0.09228012958568403,0.0,5,40,-0.1183762791509633,-0.053714604178592154,-0.025000000000000022,16
50,5,0.8,skewed,0.2,0.6,0.1760026448334974,0.09505873514876159,0.025000000000000022,5,38,0.12595847371065283,0.05547513924698858,0.025000000000000022,5,41,-0.050044171122844566,-0.03958359590177301,0.0,17
50,5,0.8,skewed,0.2,0.6,0.06983471834004791,0.022453276155583766,-0.025000000000000022,5,40,0.17006541648690515,0.0913230584133728,0.050000000000000044,5,44,0.10023069814685724,0.06886978225778904,0.025000000000000022,18
50,5,0.8,skewed,0.2,0.6,0.20622041674646222,0.11914111660464652,-0.04999999999999993,5,39,0.29065347128121,0.13734785640256258,0.025000000000000022,5,38,0.08443305453474778,0.018206739797916066,-0.02499999999999991,19
50,5,0.8,skewed,0.4,0.6,0.16000214016955455,0.07986423310251659,-0.07499999999999996,5,37,0.5830474237317547,0.1687116719236907,-0.04999999999999993,5,37,0.4230452835622001,0.0888474388211741,-0.025000000000000022,0
50,5,0.8,skewed,0.4,0.6,0.15252908670351664,0.05201430996926051,0.050000000000000044,5,40,0.39491470354291663,0.15236377794826667,0.025000000000000022,5,42,0.2423856168394,0.10034946797900615,-0.025000000000000022,1
50,5,0.8,skewed,0.4,0.6,0.1751288790694326,0.05231853221353243,-0.025000000000000022,5,37,0.2125300413124691,0.10252793451122014,0.0,5,40,0.037401162243036495,0.05020940229768771,-0.025000000000000022,2
50,5,0.8,skewed,0.4,0.6,0.3865525280474193,0.11100649743115945,0.050000000000000044,5,43,0.25019953713723275,0.12426938966581631,0.025000000000000022,5,41,-0.13635299091018654,0.013262892234656862,-0.025000000000000022,3
50,5,0.8,skewed,0.4,0.6,0.24294704744481693,0.14969936274275564,0.0,5,44,0.23174735582900768,0.15262474931146208,0.050000000000000044,5,41,-0.011199691615809249,0.002925386568706445,0.050000000000000044,4
50,5,0.8,skewed,0.4,0.6,0.39271848763123335,0.1538948800220657,0.050000000000000044,5,41,0.23161602040824383,0.12545741607887173,0.025000000000000022,5,41,-0.16110246722298951,-0.028437463943193964,-0.025000000000000022,5
50,5,0.8,skewed,0.4,0.6,0.1540728534229549,0.058845885680069196,0.025000000000000022,5,40,0.17123958732309105,0.06152172903470625,-0.025000000000000022,5,36,0.01716673390013615,0.002675843354637053,0.0,6
50,5,0.8,skewed,0.4,0.6,0.2286443719073889,0.08989898393838977,0.0,5,39,0.2570866617821682,0.10424837831454155,-0.07499999999999996,5,36,0.028442289874779314,0.014349394376151778,0.07499999999999996,7
50,5,0.8,skewed,0.4,0.6,0.17492488631900027,0.11319450517643379,0.025000000000000022,5,42,0.14142003674787648,0.09675329507472881,0.050000000000000044,5,41,-0.03350484957112379,-0.016441210101704976,0.025000000000000022,8
50,5,0.8,skewed,0.4,0.6,0.2377217509777147,0.1478579201243669,0.025000000000000022,5,39,0.1248688887448273,0.07691710496653058,-0.025000000000000022,5,42,-0.1128528622328874,-0.07094081515783633,0.0,9
50,5,0.8,skewed,0.4,0.6,0.17081702012829642,0.0952596443136843,0.025000000000000022,5,41,0.09873495562280787,0.08356802625518746,0.025000000000000022,5,40,-0.07208206450548854,-0.011691618058496847,0.0,10
50,5,0.8,skewed,0.4,0.6,0.12004533917057215,0.07741914840217048,0.0,5,41,0.11805403894140257,0.054450084453663464,0.0,5,42,-0.0019913002291695875,-0.02296906394850702,0.0,11
50,5,0.8,skewed,0.4,0.6,0.041220413481632086,0.0212882670157647,0.0,5,38,0.1705091463235738,0.09291884822885654,0.050000000000000044,5,44,0.12928873284194173,0.07163058121309185,0.050000000000000044,12
50,5,0.8,skewed,0.4,0.6,0.17215116269019307,0.10514873477200581,-0.04999999999999993,5,37,0.21219520540700143,0.07898082419335194,-0.025000000000000022,5,40,0.040044042716808365,-0.026167910578653877,-0.02499999999999991,13
50,5,0.8,skewed,0.4,0.6,0.08639162519640964,0.04821332934163576,0.0,5,42,0.09274379198727646,0.03420324340092774,0.0,5,43,0.006352166790866823,-0.014010085940708024,0.0,14
50,5,0.8,skewed,0.4,0.6,0.5783188409885344,0.18452897789886702,0.07500000000000007,5,41,0.612309854597115,0.20757481427390329,-0.025000000000000022,5,40,0.03399101360858059,0.023045836375036266,-0.050000000000000044,15
50,5,0.8,skewed,0.4,0.6,0.24101395103135895,0.10778886168865157,0.050000000000000044,5,41,0.22123367147834644,0.08922770990289881,-0.025000000000000022,5,40,-0.01978027955301251,-0.018561151785752752,-0.025000000000000022,16
50,5,0.8,skewed,0.4,0.6,0.12850223748178438,0.06296066402223403,0.050000000000000044,5,38,0.16532419333602383,0.06360592895920358,0.050000000000000044,5,41,0.036821955854239447,0.0006452649369695501,0.0,17
50,5,0.8,skewed,0.4,0.6,0.3031297573326806,0.11072355140105958,-0.07499999999999996,5,37,0.12710669782091655,0.0408110952052286,-0.025000000000000022,5,38,-0.17602305951176406,-0.06991245619583097,-0.04999999999999993,18
50,5,0.8,skewed,0.4,0.6,0.14932877491689336,0.11099860784724218,0.025000000000000022,5,41,0.1959689531651317,0.07540880062890895,0.025000000000000022,5,38,0.04664017824823832,-0.03558980721833323,0.0,19
50,5,0.8,correlated,0.0,0.6,1.2032068111326297,0.2556345628881669,0.025000000000000022,5,41,1.7583664986341256,0.45933375003142485,-0.04999999999999993,5,37,0.5551596875014959,0.20369918714325796,0.02499999999999991,0
50,5,0.8,correlated,0.0,0.6,1.5699493168006515,0.568027945844619,0.025000000000000022,5,40,1.3966437296744696,0.5679050002949986,0.025000000000000022,5,41,-0.17330558712618194,-0.00012294554962044568,0.0,1
50,5,0.8,correlated,0.0,0.6,2.812537044060083,1.0439111247885988,-0.09999999999999998,5,34,0.37751954824967454,0.17391448681245592,0.0,5,39,-2.4350174958104085,-0.8699966379761429,-0.09999999999999998,2
50,5,0.8,correlated,0.0,0.6,5.5520141366205795,1.4154410864324156,0.0,5,40,1.386485579460146,0.43242741181404865,0.050000000000000044,5,43,-4.1655285571604335,-0.983013674618367,0.050000000000000044,3
50,5,0.8,correlated,0.0,0.6,0.5365571977029943,0.25131073532838216,0.0,5,40,0.6658040778489507,0.22427097708935836,-0.04999999999999993,5,40,0.12924688014595642,-0.027039758239023798,0.04999999999999993,4
50,5,0.8,correlated,0.0,0.6,16.55453021379977,3.7194393196190942,0.0,5,38,0.6509472905865378,0.3108348004729155,0.0,5,39,-15.90358292321323,-3.408604519146179,0.0,5
50,5,0.8,correlated,0.0,0.6,1.0004100590194334,0.4662989003568308,-0.09999999999999998,5,35,2.013890070453388,0.5566115066787942,-0.04999999999999993,5,39,1.0134800114339546,0.09031260632196342,-0.050000000000000044,6
50,5,0.8,correlated,0.0,0.6,0.773841735397403,0.2733481501487575,0.0,5,40,1.8203480043616798,0.9368160547843323,-0.07499999999999996,5,36,1.0465062689642768,0.6634679046355747,0.07499999999999996,7
50,5,0.8,correlated,0.0,0.6,1.7512164866138047,0.5835622956026918,-0.04999999999999993,5,36,0.8703428639689065,0.4128650057853995,0.050000000000000044,5,41,-0.8808736226448982,-0.17069728981729232,1.1102230246251565e-16,8
50,5,0.8,correlated,0.0,0.6,1.4678516134430477,0.3610470016241466,0.0,5,39,0.9713006081372361,0.2670649333295774,-0.04999999999999993,5,39,-0.49655100530581164,-0.09398206829456918,0.04999999999999993,9
50,5,0.8,correlated,0.0,0.6,1.7964254700891824,0.6302075613508495,0.07500000000000007,5,44,1.7084644199999084,0.5856376057202155,0.0,5,38,-0.08796105008927402,-0.04456995563063404,-0.07500000000000007,10
50,5,0.8,correlated,0.0,0.6,1.3370009156357225,0.4680644987662749,0.025000000000000022,5,42,4.887232937647722,1.6702592290623755,0.09999999999999998,5,47,3.5502320220119996,1.2021947302961005,0.07499999999999996,11
50,5,0.8,correlated,0.0,0.6,0.8826480541409205,0.48306571779090735,-0.04999999999999993,5,38,3.147484736535945,0.8985929407976903,0.0,5,40,2.264836682395025,0.4155272230067829,-0.04999999999999993,12
50,5,0.8,correlated,0.0,0.6,0.2634040452027584,0.1764753117431089,-0.025000000000000022,5,40,0.20602547049463457,0.11445500950183014,-0.07499999999999996,5,35,-0.057378574708123825,-0.06202030224127876,0.04999999999999993,13
50,5,0.8,correlated,0.0,0.6,3.106100545399707,0.8522886459188064,0.0,5,40,2.6842637626874137,0.9947136008503467,0.025000000000000022,5,42,-0.4218367827122931,0.14242495493154028,0.025000000000000022,14
50,5,0.8,correlated,0.0,0.6,0.248515643485143,0.11950290185678536,0.050000000000000044,5,40,0.3816914998337663,0.20965003552719574,0.025000000000000022,5,44,0.13317585634862333,0.09014713367041038,-0.025000000000000022,15
50,5,0.8,correlated,0.0,0.6,0.3229453691166325,0.11773447677444356,-0.025000000000000022,5,39,0.7067542656067858,0.26222614078743717,0.050000000000000044,5,40,0.38380889649015326,0.14449166401299363,0.025000000000000022,16
50,5,0.8,correlated,0.0,0.6,0.15416988788308822,0.09875220625814815,-0.04999999999999993,5,38,0.26356236955095824,0.078236238555805,0.050000000000000044,5,39,0.10939248166787002,-0.020515967702343152,1.1102230246251565e-16,17
50,5,0.8,correlated,0.0,0.6,0.36235181921693044,0.20537793304686894,0.050000000000000044,5,43,0.44111039285811854,0.22268321731860202,0.0,5,39,0.0787585736411881,0.017305284271733085,-0.050000000000000044,18
50,5,0.8,correlated,0.0,0.6,0.8270960891355305,0.40810658121626303,0.0,5,39,2.0556227701197916,0.8826008179074224,0.07500000000000007,5,43,1.228526680984261,0.47449423669115937,0.07500000000000007,19
50,5,0.8,correlated,0.1,0.6,0.08785681554679235,0.04502448036217712,-0.025000000000000022,5,38,0.2998455904259438,0.14152213645290954,0.0,5,42,0.2119887748791514,0.09649765609073241,-0.025000000000000022,0
50,5,0.8,correlated,0.1,0.6,0.30315095173704854,0.16873718913056257,0.050000000000000044,5,41,0.6505553784913136,0.20574929978760248,0.050000000000000044,5,43,0.3474044267542651,0.03701211065703991,0.0,1
50,5,0.8,correlated,0.1,0.6,0.19293263535756172,0.0767985260911355,0.050000000000000044,5,42,0.3979830210992741,0.1628469623238139,0.050000000000000044,5,42,0.20505038574171236,0.08604843623267841,0.0,2
50,5,0.8,correlated,0.1,0.6,0.5021133257822804,0.33970839909255474,-0.125,5,34,0.10793209934614773,0.06580294899833657,-0.025000000000000022,5,38,-0.3941812264361327,-0.2739054500942182,-0.09999999999999998,3
50,5,0.8,correlated,0.1,0.6,0.0955386783673944,0.048029460398703955,0.025000000000000022,5,39,0.13611662048485088,0.05287864817954681,0.050000000000000044,5,41,0.04057794211745648,0.0048491877808428535,0.025000000000000022,4
50,5,0.8,correlated,0.1,0.6,0.18048360030555932,0.09718531545137385,0.0,5,38,0.16212152585945,0.11601503473542563,0.025000000000000022,5,43,-0.018362074446109322,0.018829719284051777,0.025000000000000022,5
50,5,0.8,correlated,0.1,0.6,0.27013239364410635,0.13366511905077935,0.0,5,40,0.12801923348174873,0.0702593133103739,-0.025000000000000022,5,40,-0.14211316016235762,-0.06340580574040545,0.025000000000000022,6
50,5,0.8,correlated,0.1,0.6,5.070461751417094,1.1022168998130923,0.050000000000000044,5,40,44.48261067266954,9.228589871725717,0.0,5,38,39.412148921252445,8.126372971912625,-0.050000000000000044,7
50,5,0.8,correlated,0.1,0.6,0.15127596241920663,0.1113548230077781,-0.07499999999999996,5,36,0.21597589706434597,0.06664029555912819,0.025000000000000022,5,41,0.06469993464513935,-0.04471452744864991,-0.04999999999999993,8
50,5,0.8,correlated,0.1,0.6,0.10457031247763512,0.07000102955746443,0.07500000000000007,5,43,0.22430115401007739,0.15145123261225207,0.050000000000000044,5,42,0.11973084153244226,0.08145020305478765,-0.025000000000000022,9
50,5,0.8,correlated,0.1,0.6,0.0816293849046451,0.045710183824165765,0.07500000000000007,5,44,0.06964024441252491,0.044275018055926804,0.050000000000000044,5,43,-0.011989140492120187,-0.0014351657682389607,-0.025000000000000022,10
50,5,0.8,correlated,0.1,0.6,0.2794859603181739,0.15238070330609324,0.0,5,39,0.18735168411944045,0.1274854978848323,0.0,5,42,-0.09213427619873346,-0.024895205421260946,0.0,11
50,5,0.8,correlated,0.1,0.6,0.958476068756905,0.47870324846706025,0.0,5,41,2.3415079171411266,0.6860687168635875,-0.04999999999999993,5,39,1.3830318483842214,0.20736546839652725,0.04999999999999993,12
50,5,0.8,correlated,0.1,0.6,6.7721258018742505,1.5495611545545487,0.025000000000000022,5,41,7.484527026713826,2.5623308065564947,0.050000000000000044,5,45,0.7124012248395752,1.012769652001946,0.025000000000000022,13
50,5,0.8,correlated,0.1,0.6,4.018461465393343,1.0397754817096643,0.07500000000000007,5,46,0.5510542414350005,0.25598547130783245,0.07500000000000007,5,45,-3.467407223958342,-0.7837900104018318,0.0,14
50,5,0.8,correlated,0.1,0.6,0.5432025511068715,0.15094122159009862,-0.04999999999999993,5,37,1.7173163038903083,0.44754947030277936,0.050000000000000044,5,41,1.1741137527834367,0.29660824871268077,1.1102230246251565e-16,15
50,5,0.8,correlated,0.1,0.6,0.11780795529551476,0.04637845158308122,0.025000000000000022,5,42,0.15858275656040938,0.05195667889286452,-0.025000000000000022,5,40,0.04077480126489462,0.005578227309783294,0.0,16
50,5,0.8,correlated,0.1,0.6,0.29214596137422016,0.14064503640277648,0.025000000000000022,5,39,0.10725563791191538,0.07675246761230384,-0.07499999999999996,5,37,-0.18489032346230477,-0.06389256879047264,0.04999999999999993,17
50,5,0.8,correlated,0.1,0.6,0.7770116228466675,0.25009977415387563,0.0,5,38,0.5894447870102231,0.23893299484171404,0.050000000000000044,5,41,-0.1875668358364444,-0.01116677931216159,0.050000000000000044,18
50,5,0.8,correlated,0.1,0.6,0.20842157320738258,0.06390211379020998,0.025000000000000022,5,42,1.4905068258276708,0.38991028434572034,0.050000000000000044,5,38,1.2820852526202882,0.32600817055551035,0.025000000000000022,19
50,5,0.8,correlated,0.2,0.6,0.15133559565497137,0.07678148763769001,-0.025000000000000022,5,40,0.707835068278443,0.26926835399528837,0.09999999999999998,5,44,0.5564994726234717,0.19248686635759837,0.07499999999999996,0
50,5,0.8,correlated,0.2,0.6,0.028836736278944185,0.014778941843706784,0.025000000000000022,5,42,0.23446505277692783,0.10583037227773522,0.0,5,40,0.20562831649798366,0.09105143043402843,-0.025000000000000022,1
50,5,0.8,correlated,0.2,0.6,0.5345434324991638,0.2571641685714726,-0.025000000000000022,5,40,0.25145654907652226,0.1357604399588639,0.025000000000000022,5,39,-0.28308688342264154,-0.12140372861260873,0.0,2
50,5,0.8,correlated,0.2,0.6,0.4915636092606013,0.2569910343601487,0.09999999999999998,5,38,0.9291844451705163,0.21865695250726488,-0.04999999999999993,5,40,0.4376208359099151,-0.03833408185288381,-0.050000000000000044,3
50,5,0.8,correlated,0.2,0.6,1.3651702352022463,0.613347664641364,-0.025000000000000022,5,38,0.812043414328343,0.3858834472689491,0.0,5,40,-0.5531268208739033,-0.22746421737241496,-0.025000000000000022,4
50,5,0.8,correlated,0.2,0.6,0.8281577193436623,0.3474477683757271,-0.04999999999999993,5,39,0.3064704745566016,0.11866085998717073,-0.09999999999999998,5,37,-0.5216872447870607,-0.22878690838855636,0.050000000000000044,5
50,5,0.8,correlated,0.2,0.6,5.185818060246265,1.1632685995028296,-0.04999999999999993,5,38,8.983881257377456,1.8416967513678717,0.07500000000000007,5,45,3.7980631971311913,0.6784281518650421,0.025000000000000133,6
50,5,0.8,correlated,0.2,0.6,1.3822801558530222,0.4453365186927889,0.0,5,38,1.3587226734281685,0.83802085532771,-0.09999999999999998,5,36,-0.02355748242485367,0.3926843366349211,0.09999999999999998,7
50,5,0.8,correlated,0.2,0.6,3.631661530736745,1.2054620701632648,0.025000000000000022,5,41,2.389036672669154,0.7139552215595966,-0.07499999999999996,5,40,-1.242624858067591,-0.4915068486036682,0.04999999999999993,8
50,5,0.8,correlated,0.2,0.6,0.5374021832436534,0.2052341987475094,-0.025000000000000022,5,39,1.0978828757496688,0.43117722140632236,0.050000000000000044,5,43,0.5604806925060154,0.22594302265881297,0.025000000000000022,9
50,5,0.8,correlated,0.2,0.6,3.0936764904146963,0.7198816106591689,0.050000000000000044,5,44,2.567418644432874,1.0270274859064836,-0.04999999999999993,5,39,-0.5262578459818221,0.30714587524731474,-1.1102230246251565e-16,10
50,5,0.8,correlated,0.2,0.6,0.6996399035738289,0.2501463125886758,0.050000000000000044,5,41,2.3182984737081176,0.9185128417637364,0.025000000000000022,5,39,1.6186585701342886,0.6683665291750606,-0.025000000000000022,11
50,5,0.8,correlated,0.2,0.6,0.10317158967614647,0.05524131509159562,0.0,5,38,0.3511608748266385,0.2099660065774347,-0.025000000000000022,5,42,0.247989285150492,0.15472469148583906,0.025000000000000022,12
50,5,0.8,correlated,0.2,0.6,1.0522742047892744,0.45027143834508543,0.0,5,37,2.3232615107238757,0.708153435657424,0.0,5,40,1.2709873059346013,0.2578819973123385,0.0,13
50,5,0.8,correlated,0.2,0.6,0.7776422216609962,0.3674636783059129,0.09999999999999998,5,44,0.744676081701447,0.42726751489934944,0.025000000000000022,5,42,-0.03296613995954922,0.05980383659343652,-0.07499999999999996,14
50,5,0.8,correlated,0.2,0.6,0.44688702011270864,0.3331997477740904,0.025000000000000022,5,41,0.11593683608000965,0.061065959635777156,-0.025000000000000022,5,37,-0.330950184032699,-0.27213378813831324,0.0,15
50,5,0.8,correlated,0.2,0.6,7.993549824091306,2.2153202486510097,0.07500000000000007,5,46,4.574436066810208,1.5399617642612335,-0.025000000000000022,5,39,-3.4191137572810977,-0.6753584843897762,-0.050000000000000044,16
50,5,0.8,correlated,0.2,0.6,0.19105475976505185,0.12522639514361608,0.050000000000000044,5,44,0.1518173937319378,0.0848438669033819,-0.025000000000000022,5,41,-0.039237366033114035,-0.04038252824023418,-0.025000000000000022,17
50,5,0.8,correlated,0.2,0.6,0.2852558586735425,0.10733744590147735,-0.07499999999999996,5,37,0.1737994774235799,0.09278349027215833,0.050000000000000044,5,43,-0.11145638124996257,-0.014553955629319021,-0.02499999999999991,18
50,5,0.8,correlated,0.2,0.6,32.35944736096408,6.746361455539285,-0.125,5,37,25.92555830706115,5.346325118459822,0.025000000000000022,5,42,-6.433889053902934,-1.400036337079463,-0.09999999999999998,19
50,5,0.8,correlated,0.4,0.6,0.14676014886861816,0.1098806905157996,0.07500000000000007,5,45,0.30263498472317385,0.15675158252367757,0.07500000000000007,5,44,0.1558748358545557,0.04687089200787797,0.0,0
50,5,0.8,correlated,0.4,0.6,0.4484535075211537,0.21175668250270804,0.0,5,38,2.100640707788397,0.8779675595819931,-0.04999999999999993,5,40,1.6521872002672433,0.6662108770792851,0.04999999999999993,1
50,5,0.8,correlated,0.4,0.6,75.19282505292425,15.269607311231834,0.025000000000000022,5,40,22.285620720555922,4.612461119624967,0.025000000000000022,5,42,-52.90720433236832,-10.657146191606866,0.0,2
50,5,0.8,correlated,0.4,0.6,0.7675526939848686,0.4114687900124768,0.050000000000000044,5,45,0.4622930733647699,0.19491900549054994,0.050000000000000044,5,43,-0.3052596206200987,-0.21654978452192689,0.0,3
50,5,0.8,correlated,0.4,0.6,0.516071227840349,0.29669048423294975,-0.025000000000000022,5,35,0.186401451673535,0.1219310213165203,-0.025000000000000022,5,38,-0.329669776166814,-0.17475946291642946,0.0,4
50,5,0.8,correlated,0.4,0.6,0.11595364574692771,0.0664466467252247,0.025000000000000022,5,40,0.1444729893015836,0.05581447400333005,0.025000000000000022,5,38,0.02851934355465588,-0.01063217272189465,0.0,5
50,5,0.8,correlated,0.4,0.6,0.09206858864661226,0.056881772647926654,0.050000000000000044,5,41,0.08958000701370794,0.035141375737147616,0.050000000000000044,5,39,-0.002488581632904316,-0.021740396910779038,0.0,6
50,5,0.8,correlated,0.4,0.6,8.385053154001376,1.8222992824913962,-0.04999999999999993,5,37,1.4476160416636765,0.4072678797258689,0.050000000000000044,5,42,-6.937437112337699,-1.4150314027655273,1.1102230246251565e-16,7
50,5,0.8,correlated,0.4,0.6,0.3099765239427699,0.24444452085175478,-0.04999999999999993,5,41,0.07589251495431058,0.029760230960790602,0.050000000000000044,5,42,-0.23408400898845932,-0.21468428989096416,1.1102230246251565e-16,8
50,5,0.8,correlated,0.4,0.6,1.7946490488081237,1.05744089362815,0.050000000000000044,5,42,0.870557936655514,0.4091095817330065,0.0,5,39,-0.9240911121526098,-0.6483313118951436,-0.050000000000000044,9
50,5,0.8,correlated,0.4,0.6,3.044835915069617,1.033169552160123,0.0,5,39,0.7917887646047342,0.4053651205254639,0.025000000000000022,5,42,-2.253047150464883,-0.627804431634659,0.025000000000000022,10
50,5,0.8,correlated,0.4,0.6,0.41890117747284844,0.19785584681781296,0.025000000000000022,5,38,0.5162345342544373,0.21763017167980253,-0.04999999999999993,5,37,0.09733335678158889,0.019774324861989573,0.02499999999999991,11
50,5,0.8,correlated,0.4,0.6,1.0155724889502236,0.2936238314911882,0.0,5,40,4.63033473224493,1.176098755310438,-0.07499999999999996,5,37,3.6147622432947064,0.8824749238192499,0.07499999999999996,12
50,5,0.8,correlated,0.4,0.6,0.8991930419329341,0.3902599844106344,-0.025000000000000022,5,39,1.20572506620732,0.6026785872523029,0.0,5,38,0.30653202427438586,0.21241860284166852,-0.025000000000000022,13
50,5,0.8,correlated,0.4,0.6,0.11650329817032821,0.07313612886590876,-0.025000000000000022,5,42,1.2299101841660423,0.5375081074296504,0.0,5,41,1.113406885995714,0.4643719785637416,-0.025000000000000022,14
50,5,0.8,correlated,0.4,0.6,0.5007618703724481,0.3610559790125695,-0.07499999999999996,5,39,0.47517390771329726,0.2788541121469426,0.0,5,40,-0.025587962659150865,-0.08220186686562686,-0.07499999999999996,15
50,5,0.8,correlated,0.4,0.6,5.5520412354751825,1.9507539730612269,-0.09999999999999998,5,35,16.620283363753536,4.311270496793342,0.0,5,38,11.068242128278353,2.360516523732115,-0.09999999999999998,16
50,5,0.8,correlated,0.4,0.6,0.2953586065691603,0.14964430726124944,0.09999999999999998,5,46,0.11890868893139397,0.07948864387025953,0.0,5,38,-0.17644991763776632,-0.07015566339098991,-0.09999999999999998,17
50,5,0.8,correlated,0.4,0.6,2.668911658491444,0.6631981803721037,-0.04999999999999993,5,38,8.734937508210347,2.668612623266154,-0.04999999999999993,5,37,6.066025849718903,2.0054144428940504,0.0,18
50,5,0.8,correlated,0.4,0.6,0.5051746180386243,0.22855276185762857,0.0,5,40,1.14447480207612,0.47695643807799515,0.0,5,41,0.6393001840374957,0.24840367622036658,0.0,19
50,10,0.2,mixed,0.0,0.6,0.6966248700190361,0.15743929341306712,-0.016666666666666607,10,11,4.0533200731635946,0.5411358420833323,0.15000000000000002,10,12,3.3566952031445583,0.3836965486702652,0.13333333333333341,0
50,10,0.2,mixed,0.0,0.6,5.076557634287884,0.9667158602603403,-0.09999999999999987,10,11,5.612095498806711,0.7736739882925623,-0.016666666666666496,10,13,0.5355378645188269,-0.193041871967778,-0.08333333333333337,1
50,10,0.2,mixed,0.0,0.6,4.549136894041049,0.5877934899089707,-0.09999999999999987,10,12,4.166025257797789,0.7957327420526791,0.06666666666666676,10,13,-0.3831116362432603,0.20793925214370834,-0.033333333333333104,2
50,10,0.2,mixed,0.0,0.6,2.224176074752498,0.36136667907871045,0.15000000000000002,10,13,0.6431677328347529,0.16896641368844897,-0.09999999999999987,10,12,-1.581008341917745,-0.19240026539026148,-0.050000000000000155,3
50,10,0.2,mixed,0.0,0.6,0.6172575092705029,0.24294006110935987,0.06666666666666676,10,13,1.1213106229565961,0.27400371056068495,-0.18333333333333324,10,10,0.5040531136860932,0.031063649451325087,0.11666666666666647,4
50,10,0.2,mixed,0.0,0.6,2.5490599703050782,0.43273918109741893,-0.016666666666666496,10,13,4.066145493712135,0.7310033857259323,-0.016666666666666496,10,12,1.5170855234070566,0.29826420462851333,0.0,5
50,10,0.2,mixed,0.0,0.6,0.6384542795869271,0.19641796374322443,-0.016666666666666496,10,12,1.5723127830674883,0.3359648556470586,-0.18333333333333324,10,11,0.9338585034805612,0.13954689190383415,0.16666666666666674,6
50,10,0.2,mixed,0.0,0.6,6.762975849817449,0.914953591251126,0.06666666666666676,10,12,2.9429374151081285,0.6024017378481858,-0.18333333333333324,10,10,-3.820038434709321,-0.3125518534029401,0.11666666666666647,7
50,10,0.2,mixed,0.0,0.6,9.686639816431603,1.4570952136897166,-0.09999999999999987,10,13,8.603297367065114,1.7813398048425586,-0.016666666666666496,10,13,-1.083342449366489,0.324244591152842,-0.08333333333333337,8
50,10,0.2,mixed,0.0,0.6,6.4825108514588035,1.133603756299269,-0.016666666666666496,10,13,10.65028186655053,1.323120546868877,-0.016666666666666607,10,9,4.167771015091727,0.18951679056960802,1.1102230246251565e-16,9
50,10,0.2,mixed,0.0,0.6,0.6165290557774186,0.23299093049854352,-0.016666666666666607,10,13,1.7679259980563342,0.4545733150487742,0.15000000000000002,10,15,1.1513969422789156,0.22158238455023066,0.13333333333333341,10
50,10,0.2,mixed,0.0,0.6,1.0518473554781105,0.33198206371425576,-0.016666666666666496,10,10,1.7227329931851119,0.24821854451457356,0.06666666666666676,10,13,0.6708856377070014,-0.0837635191996822,0.050000000000000266,11
50,10,0.2,mixed,0.0,0.6,2.5403751812942854,0.4443061316940722,0.06666666666666676,10,12,4.348057774930596,0.6511655671069668,-0.09999999999999987,10,11,1.8076825936363106,0.20685943541289464,0.033333333333333104,12
50,10,0.2,mixed,0.0,0.6,0.6297220989551665,0.1996629218658321,-0.18333333333333324,10,10,2.3031420145264607,0.44073428310686147,0.15000000000000002,10,14,1.6734199155712943,0.24107136124102937,-0.033333333333333215,13
50,10,0.2,mixed,0.0,0.6,2.7387445533975905,0.478774903789389,-0.016666666666666496,10,12,8.59067445810415,0.9989459551946492,-0.016666666666666607,10,10,5.85192990470656,0.5201710514052602,1.1102230246251565e-16,14
50,10,0.2,mixed,0.0,0.6,0.8127700734516384,0.24442402296468396,-0.09999999999999987,10,11,1.1160018179880178,0.30881733166120046,-0.016666666666666496,10,12,0.30323174453637936,0.0643933086965165,-0.08333333333333337,15
50,10,0.2,mixed,0.0,0.6,1.8965944747828656,0.47714690236588747,0.23333333333333328,10,14,3.8314051139327243,0.859921297865869,-0.18333333333333324,10,11,1.9348106391498587,0.38277439549998155,-0.050000000000000044,16
50,10,0.2,mixed,0.0,0.6,1.3686744498029333,0.3428868241845161,0.15000000000000002,10,14,0.6390800065669591,0.15864243339210438,0.06666666666666676,10,13,-0.7295944432359742,-0.18424439079241173,-0.08333333333333326,17
50,10,0.2,mixed,0.0,0.6,2.259145801763593,0.4563740386525338,-0.016666666666666607,10,11,0.4078649959483563,0.17738149486234084,0.06666666666666676,10,14,-1.8512808058152368,-0.27899254379019295,0.050000000000000155,18
50,10,0.2,mixed,0.0,0.6,1.0586022107218804,0.28742169422219627,0.06666666666666676,10,11,0.6824220950996037,0.1520203087447633,0.06666666666666676,10,12,-0.3761801156222767,-0.13540138547743297,0.0,19
50,10,0.2,mixed,0.1,0.6,2.752662637688426,0.7574439325151533,-0.18333333333333324,10,8,4.815173935336712,0.6898370057874903,0.15000000000000002,10,12,2.062511297648286,-0.067606926727663,-0.033333333333333215,0
50,10,0.2,mixed,0.1,0.6,2.726307204264478,0.4001983778620226,0.06666666666666676,10,11,2.2327247972903796,0.6345443387360374,0.15000000000000002,10,15,-0.4935824069740984,0.23434596087401482,0.08333333333333326,1
50,10,0.2,mixed,0.1,0.6,2.131318724378441,0.5277211286966768,-0.18333333333333324,10,11,3.035243653022083,0.5909750952692405,-0.09999999999999987,10,10,0.9039249286436419,0.06325396657256377,-0.08333333333333337,2
50,10,0.2,mixed,0.1,0.6,2.6904074701465994,0.8301358739743726,0.15000000000000002,10,16,4.324000130541549,0.8814211624432646,-0.016666666666666607,10,10,1.6335926603949495,0.05128528846889202,-0.13333333333333341,3
50,10,0.2,mixed,0.1,0.6,5.07576383246827,1.0895793737550703,-0.09999999999999987,10,10,0.9299458278099365,0.2775426496627818,-0.016666666666666607,10,12,-4.1458180046583335,-0.8120367240922886,-0.08333333333333326,4
50,10,0.2,mixed,0.1,0.6,2.758305606058284,0.5063029163379272,0.06666666666666676,10,13,2.6759610632209854,0.5214897122022955,0.15000000000000002,10,12,-0.08234454283729864,0.015186795864368219,0.08333333333333326,5
50,10,0.2,mixed,0.1,0.6,34.09817895520841,3.753798908802581,0.06666666666666676,10,12,8.996326257979987,1.1650768144390027,-0.09999999999999987,10,12,-25.101852697228423,-2.588722094363578,0.033333333333333104,6
50,10,0.2,mixed,0.1,0.6,1.4819145520985129,0.4068562138839321,0.15000000000000002,10,14,1.349773226816459,0.34069615491093436,0.15000000000000002,10,13,-0.1321413252820538,-0.06616005897299776,0.0,7
50,10,0.2,mixed,0.1,0.6,14.44328813159234,1.7150718046751596,-0.2666666666666666,10,10,23.352790571106002,2.585880401921718,-0.2666666666666666,10,10,8.909502439513663,0.8708085972465585,0.0,8
50,10,0.2,mixed,0.1,0.6,1.0173382428733813,0.30417793303237584,-0.016666666666666496,10,12,0.981785020721196,0.2843228888824837,-0.016666666666666496,10,12,-0.03555322215218526,-0.019855044149892143,0.0,9
50,10,0.2,mixed,0.1,0.6,1.2589744729451058,0.38230923755790464,0.31666666666666654,10,15,5.587274549448041,0.6905591789406402,-0.09999999999999987,10,9,4.328300076502935,0.3082499413827356,-0.21666666666666667,10
50,10,0.2,mixed,0.1,0.6,5.87501326721042,0.9299225161206366,-0.016666666666666496,10,14,1.9156896577338671,0.39826145722438583,0.06666666666666676,10,13,-3.959323609476553,-0.5316610588962507,0.050000000000000266,11
50,10,0.2,mixed,0.1,0.6,0.9563810010502863,0.24437524799512844,-0.35,10,12,1.7455154404456612,0.3283535200530135,0.23333333333333328,10,13,0.7891344393953749,0.08397827205788505,-0.1166666666666667,12
50,10,0.2,mixed,0.1,0.6,27.649363180586317,3.1755880388585527,0.06666666666666676,10,13,35.03877275089715,3.798869577285457,-0.016666666666666607,10,9,7.389409570310836,0.6232815384269044,-0.050000000000000155,13
50,10,0.2,mixed,0.1,0.6,1.79732842897079,0.4945003754878587,-0.18333333333333324,10,12,3.1874658700256098,0.4976586237724502,-0.09999999999999987,10,11,1.3901374410548197,0.0031582482845914917,-0.08333333333333337,14
50,10,0.2,mixed,0.1,0.6,1.2063583578033263,0.20407212348355674,-0.016666666666666607,10,12,2.2727795119517094,0.3330923721802533,0.15000000000000002,10,12,1.066421154148383,0.12902024869669654,0.13333333333333341,15
50,10,0.2,mixed,0.1,0.6,1.3223260736735252,0.3115324168361822,0.15000000000000002,10,12,1.2647415613102375,0.23936772733193679,0.06666666666666676,10,13,-0.057584512363287654,-0.07216468950424543,-0.08333333333333326,16
50,10,0.2,mixed,0.1,0.6,5.309295130815924,0.7659861449683922,-0.016666666666666496,10,12,2.8832134024655227,0.5634708603016375,0.06666666666666676,10,11,-2.4260817283504013,-0.20251528466675472,0.050000000000000266,17
50,10,0.2,mixed,0.1,0.6,3.2568886952913165,0.802342547016833,0.23333333333333328,10,15,0.8354245207411073,0.2376749168148878,0.06666666666666676,10,14,-2.4214641745502092,-0.5646676302019452,-0.16666666666666652,18
50,10,0.2,mixed,0.1,0.6,3.0825813082184825,0.5038549896814362,-0.09999999999999987,10,12,8.204535480238961,1.0570185190168182,-0.016666666666666496,10,14,5.121954172020478,0.553163529335382,-0.08333333333333337,19
50,10,0.2,mixed,0.2,0.6,1.5904439305227982,0.22900645009324333,0.06666666666666676,10,12,1.861780852282475,0.4913758226729664,-0.18333333333333324,10,10,0.27133692175967683,0.2623693725797231,0.11666666666666647,0
50,10,0.2,mixed,0.2,0.6,2.641680650650341,0.6064812195406641,0.06666666666666676,10,13,5.693465829142033,0.8174681736857764,0.23333333333333328,10,14,3.051785178491692,0.21098695414511226,0.16666666666666652,1
50,10,0.2,mixed,0.2,0.6,6.807218533207967,1.1360705990069528,-0.09999999999999987,10,11,1.6173189714014762,0.3329951141647956,-0.016666666666666496,10,11,-5.189899561806492,-0.8030754848421573,-0.08333333333333337,2
50,10,0.2,mixed,0.2,0.6,138.79460692179896,14.392139272489194,0.06666666666666676,10,11,32.10958578380897,3.4325474091903003,0.06666666666666676,10,13,-106.68502113798999,-10.959591863298893,0.0,3
50,10,0.2,mixed,0.2,0.6,5.24762289270661,1.0134385133970611,-0.18333333333333324,10,9,15.424869296377796,1.9042773320032793,-0.016666666666666496,10,11,10.177246403671187,0.8908388186062182,-0.16666666666666674,4
50,10,0.2,mixed,0.2,0.6,1.569225875077158,0.4005686538015555,0.06666666666666676,10,12,2.2439739853563445,0.6556100254154529,0.06666666666666676,10,13,0.6747481102791866,0.2550413716138974,0.0,5
50,10,0.2,mixed,0.2,0.6,1.9817132347729038,0.5144805511347493,-0.016666666666666496,10,14,1.3452711572968734,0.3579970380509685,0.23333333333333328,10,12,-0.6364420774760304,-0.15648351308378083,0.21666666666666679,6
50,10,0.2,mixed,0.2,0.6,6.331466550644407,0.9229184976460912,-0.016666666666666496,10,14,1.497466949858726,0.4447019625839716,-0.2666666666666666,10,10,-4.833999600785681,-0.47821653506211964,0.2500000000000001,7
50,10,0.2,mixed,0.2,0.6,9.440974501857545,1.2902230888219743,0.06666666666666676,10,12,3.285335035931024,0.5903186276801222,0.06666666666666676,10,14,-6.155639465926521,-0.6999044611418521,0.0,8
50,10,0.2,mixed,0.2,0.6,6.350710030254518,0.7594618407370097,-0.09999999999999987,10,13,1.7292470296572156,0.32505886122741556,0.06666666666666676,10,10,-4.621463000597303,-0.43440297950959417,-0.033333333333333104,9
50,10,0.2,mixed,0.2,0.6,6.515240785958937,0.7862929129186627,-0.016666666666666607,10,10,0.9684262704703211,0.22433246647269783,-0.016666666666666607,10,11,-5.546814515488617,-0.5619604464459649,0.0,10
50,10,0.2,mixed,0.2,0.6,71.52544642604197,7.323832582408397,-0.016666666666666496,10,15,69.22422752642657,7.229101597357479,0.15000000000000002,10,11,-2.3012188996153924,-0.09473098505091837,0.13333333333333353,11
50,10,0.2,mixed,0.2,0.6,1.8920266787658317,0.3470101381492323,0.15000000000000002,10,14,2.5023663305319976,0.35593373036423764,0.06666666666666676,10,12,0.6103396517661659,0.008923592215005327,-0.08333333333333326,12
50,10,0.2,mixed,0.2,0.6,2.5851450705760275,0.5362860388900315,-0.18333333333333324,10,11,3.0309395021906114,0.8845748387291593,-0.18333333333333324,10,10,0.4457944316145839,0.34828879983912786,0.0,13
50,10,0.2,mixed,0.2,0.6,11.52638949064806,1.809735667270808,0.06666666666666676,10,12,3.301427996127324,0.6325838379325968,0.15000000000000002,10,13,-8.224961494520738,-1.1771518293382113,0.08333333333333326,14
50,10,0.2,mixed,0.2,0.6,2.0002865703682575,0.31980450173552943,0.06666666666666676,10,11,5.805746358843351,1.2950384091530673,-0.09999999999999987,10,10,3.805459788475093,0.9752339074175379,0.033333333333333104,15
50,10,0.2,mixed,0.2,0.6,11.013369124031096,1.2308109156697693,0.15000000000000002,10,13,13.306461658376964,1.518612434919241,-0.016666666666666496,10,12,2.2930925343458686,0.2878015192494716,-0.13333333333333353,16
50,10,0.2,mixed,0.2,0.6,2.530414159847235,0.5447810277534161,-0.09999999999999987,10,12,7.360518409144492,0.9390819154003618,0.06666666666666676,10,11,4.830104249297257,0.3943008876469457,-0.033333333333333104,17
50,10,0.2,mixed,0.2,0.6,1.218297576827112,0.3586294135545778,-0.016666666666666496,10,11,3.0463054033403236,0.4773345590716044,0.15000000000000002,10,12,1.8280078265132116,0.1187051455170266,0.13333333333333353,18
50,10,0.2,mixed,0.2,0.6,9.05446328571036,1.2616980701658638,0.06666666666666676,10,9,18.42584751585455,2.12924905186474,-0.09999999999999987,10,10,9.371384230144189,0.867550981698876,0.033333333333333104,19
50,10,0.2,mixed,0.4,0.6,2.533231958806801,0.3742832262880248,-0.016666666666666496,10,12,3.2442894351479636,0.5069743413100312,-0.18333333333333324,10,9,0.7110574763411628,0.13269111502200637,0.16666666666666674,0
50,10,0.2,mixed,0.4,0.6,1.7499573032851259,0.38796288608446367,0.23333333333333328,10,13,2.7005999830869767,0.6608313576325622,-0.18333333333333324,10,11,0.9506426798018508,0.2728684715480985,-0.050000000000000044,1
50,10,0.2,mixed,0.4,0.6,8.828818301480934,1.2789006290559504,-0.016666666666666496,10,12,2.001947108192471,0.6337260241034504,0.06666666666666676,10,15,-6.826871193288463,-0.6451746049525,0.050000000000000266,2
50,10,0.2,mixed,0.4,0.6,3.882362746439118,0.45303845458449565,0.06666666666666676,10,12,13.63757109836369,1.43686426813997,0.06666666666666676,10,12,9.755208351924573,0.9838258135554743,0.0,3
50,10,0.2,mixed,0.4,0.6,7.30199804478368,1.7392451028646618,-0.016666666666666607,10,11,1.8286245849328042,0.4353962617808137,-0.09999999999999987,10,11,-5.473373459850876,-1.3038488410838482,0.08333333333333326,4
50,10,0.2,mixed,0.4,0.6,1.5178983754310102,0.3535471240269638,0.06666666666666676,10,13,8.41168290189005,0.989278171415186,0.06666666666666676,10,11,6.893784526459039,0.6357310473882223,0.0,5
50,10,0.2,mixed,0.4,0.6,0.6578625737996401,0.21027797939889084,-0.016666666666666496,10,12,0.5460482314859991,0.2602363452994495,0.06666666666666676,10,14,-0.11181434231364096,0.04995836590055866,0.050000000000000266,6
50,10,0.2,mixed,0.4,0.6,13.018904522696301,1.52143342630733,0.23333333333333328,10,14,2.0882389225179963,0.4246145963056153,0.06666666666666676,10,11,-10.930665600178305,-1.0968188300017145,-0.16666666666666652,7
50,10,0.2,mixed,0.4,0.6,4.329650667104358,1.0659027356777693,0.06666666666666676,10,12,2.2305570910502595,0.4624572726182893,-0.016666666666666496,10,11,-2.099093576054099,-0.60344546305948,-0.050000000000000266,8
50,10,0.2,mixed,0.4,0.6,1.2497015170090062,0.239625056890128,-0.016666666666666607,10,13,2.170540600139825,0.4390047489064547,-0.016666666666666496,10,11,0.9208390831308186,0.1993796920163267,-1.1102230246251565e-16,9
50,10,0.2,mixed,0.4,0.6,1.1324893655099646,0.3580472622764866,0.23333333333333328,10,14,2.385514412556442,0.4912708876621476,-0.016666666666666496,10,13,1.2530250470464774,0.13322362538566102,-0.21666666666666679,10
50,10,0.2,mixed,0.4,0.6,2.5707369091497587,0.377056285866217,-0.016666666666666496,10,12,15.348849595211137,1.8291296526058258,0.15000000000000002,10,12,12.778112686061379,1.4520733667396089,0.13333333333333353,11
50,10,0.2,mixed,0.4,0.6,0.7480630678226463,0.15033790364697477,-0.016666666666666496,10,13,0.8861781735441632,0.1987583923625034,-0.016666666666666496,10,12,0.13811510572151686,0.04842048871552862,0.0,12
50,10,0.2,mixed,0.4,0.6,1.6993912909521673,0.29880389977461685,-0.016666666666666496,10,12,2.3857307024746497,0.4137522322700772,-0.016666666666666607,10,11,0.6863394115224823,0.11494833249546033,1.1102230246251565e-16,13
50,10,0.2,mixed,0.4,0.6,4.560163511047095,0.708491472185403,-0.09999999999999987,10,13,1.2472736768953294,0.29523284187021004,-0.09999999999999987,10,14,-3.312889834151765,-0.41325863031519294,0.0,14
50,10,0.2,mixed,0.4,0.6,3.1279786725198755,0.461439598034159,-0.18333333333333324,10,11,2.686257668462756,0.7657606848132172,-0.09999999999999987,10,14,-0.44172100405711934,0.3043210867790582,-0.08333333333333337,15
50,10,0.2,mixed,0.4,0.6,1.361507806998231,0.3432652511941371,-0.016666666666666496,10,10,0.4442008573679115,0.2025607331895162,0.23333333333333328,10,13,-0.9173069496303194,-0.1407045180046209,0.21666666666666679,16
50,10,0.2,mixed,0.4,0.6,4.369074960528548,0.7345293624332712,0.15000000000000002,10,14,4.792233822312904,1.0470811296119842,0.06666666666666676,10,14,0.4231588617843567,0.312551767178713,-0.08333333333333326,17
50,10,0.2,mixed,0.4,0.6,1.4874473354789144,0.32618599380545343,-0.18333333333333324,10,15,1.9386259757930837,0.5881275780677837,-0.2666666666666666,10,9,0.4511786403141693,0.2619415842623303,0.08333333333333337,18
50,10,0.2,mixed,0.4,0.6,1.0032276740913584,0.30685583029371,-0.18333333333333324,10,10,2.316077766481172,0.4893734216813244,-0.016666666666666496,10,13,1.3128500923898134,0.18251759138761442,-0.16666666666666674,19
50,10,0.2,skewed,0.0,0.6,1.2233794076234512,0.4258548873209631,-0.09999999999999987,10,12,0.9189242956761146,0.301446190125625,0.06666666666666676,10,12,-0.30445511194733665,-0.12440869719533809,-0.033333333333333104,0
50,10,0.2,skewed,0.0,0.6,1.1917296276986566,0.43827186570125976,0.15000000000000002,10,13,2.423596762372835,0.5679409415815762,-0.18333333333333324,10,10,1.2318671346741783,0.1296690758803164,0.033333333333333215,1
50,10,0.2,skewed,0.0,0.6,1.8004788090661787,0.5737892864145671,0.15000000000000002,10,13,0.8622077419665333,0.3974215562949054,-0.016666666666666496,10,11,-0.9382710670996455,-0.17636773011966167,-0.13333333333333353,2
50,10,0.2,skewed,0.0,0.6,0.6236034458215813,0.2633975529902443,0.06666666666666676,10,12,0.9392088881326666,0.3729499191869708,-0.09999999999999987,10,13,0.3156054423110852,0.10955236619672648,0.033333333333333104,3
50,10,0.2,skewed,0.0,0.6,0.7290830361369349,0.3446750315039271,-0.09999999999999987,10,10,0.6815706325814428,0.3245930552088229,0.06666666666666676,10,9,-0.04751240355549213,-0.020081976295104165,-0.033333333333333104,4
50,10,0.2,skewed,0.0,0.6,1.0354776682895,0.33972407768891133,0.23333333333333328,10,13,0.6132628469207787,0.19976082029949443,0.06666666666666676,10,10,-0.42221482136872124,-0.1399632573894169,-0.16666666666666652,5
50,10,0.2,skewed,0.0,0.6,0.8839299596842937,0.376892013268967,-0.016666666666666607,10,11,0.9747373544984381,0.4206727680510228,0.23333333333333328,10,12,0.09080739481414446,0.04378075478205584,0.21666666666666667,6
50,10,0.2,skewed,0.0,0.6,1.2206426779483242,0.3677633505336748,0.15000000000000002,10,13,1.0183200637850198,0.36479982392720356,-0.2666666666666666,10,11,-0.20232261416330433,-0.002963526606471256,0.11666666666666659,7
50,10,0.2,skewed,0.0,0.6,0.6360524332802135,0.24176989677223487,0.4,10,16,0.5640662957815132,0.19846103706877075,-0.016666666666666496,10,13,-0.07198613749870031,-0.043308859703464125,-0.3833333333333335,8
50,10,0.2,skewed,0.0,0.6,1.034698458167632,0.4496476790382733,-0.09999999999999987,10,9,0.7271251128546214,0.4095770269713405,-0.18333333333333324,10,9,-0.3075733453130105,-0.04007065206693278,0.08333333333333337,9
50,10,0.2,skewed,0.0,0.6,1.1603286542629203,0.24507916605654606,-0.016666666666666607,10,11,0.49948339206758974,0.18462979881487654,0.06666666666666676,10,13,-0.6608452621953306,-0.06044936724166952,0.050000000000000155,10
50,10,0.2,skewed,0.0,0.6,2.1411123624887365,0.571861884207429,-0.09999999999999987,10,11,1.5938801501778939,0.4876824112035537,0.31666666666666654,10,13,-0.5472322123108426,-0.0841794730038753,0.21666666666666667,11
50,10,0.2,skewed,0.0,0.6,0.4983356918859576,0.1794042685789669,0.15000000000000002,10,13,0.9504734139977918,0.2757184387672945,-0.016666666666666496,10,13,0.45213772211183423,0.09631417018832761,-0.13333333333333353,12
50,10,0.2,skewed,0.0,0.6,0.6947362892584874,0.26944336179548767,-0.2666666666666666,10,11,0.797068633206694,0.3299701467189668,-0.016666666666666496,10,13,0.10233234394820656,0.06052678492347913,-0.2500000000000001,13
50,10,0.2,skewed,0.0,0.6,0.7894355346715908,0.29226654522174533,-0.016666666666666496,10,13,1.2245362815879242,0.40850621446690455,-0.09999999999999987,10,15,0.4351007469163334,0.11623966924515922,0.08333333333333337,14
50,10,0.2,skewed,0.0,0.6,0.873335105865435,0.3482455790298259,-0.2666666666666666,10,10,0.8227752442422053,0.26982282717749206,-0.016666666666666496,10,11,-0.050559861623229674,-0.07842275185233383,-0.2500000000000001,15
50,10,0.2,skewed,0.0,0.6,0.6214516069563094,0.24395369345212675,0.06666666666666676,10,13,0.6425508116230377,0.3116677807112014,-0.016666666666666496,10,12,0.02109920466672832,0.06771408725907463,-0.050000000000000266,16
50,10,0.2,skewed,0.0,0.6,1.407984775249344,0.3756732522084959,0.06666666666666676,10,13,0.9810536369442837,0.35960951289213383,-0.016666666666666607,10,11,-0.42693113830506024,-0.01606373931636207,-0.050000000000000155,17
50,10,0.2,skewed,0.0,0.6,1.5291390859504037,0.4742725199043255,0.06666666666666676,10,14,1.0388189905616803,0.28012369430710726,-0.016666666666666607,10,12,-0.49032009538872345,-0.19414882559721824,-0.050000000000000155,18
50,10,0.2,skewed,0.0,0.6,1.6367034027423744,0.3662514220044308,-0.18333333333333324,10,12,1.0003121673314708,0.33791020277110845,0.15000000000000002,10,12,-0.6363912354109036,-0.028341219233322335,-0.033333333333333215,19
50,10,0.2,skewed,0.1,0.6,1.00177737051849,0.38654432035700437,0.06666666666666676,10,15,0.748365749349773,0.36326231575856077,0.23333333333333328,10,14,-0.25341162116871707,-0.023282004598443595,0.16666666666666652,0
50,10,0.2,skewed,0.1,0.6,0.718776925777988,0.3689907157268554,0.31666666666666654,10,13,0.6239385378942253,0.3285446885275974,0.06666666666666676,10,13,-0.09483838788376275,-0.040446027199257994,-0.24999999999999978,1
50,10,0.2,skewed,0.1,0.6,0.5105883189508349,0.31047577890651323,0.23333333333333328,10,14,0.6833123998053166,0.34037291788569485,-0.2666666666666666,10,10,0.17272408085448165,0.029897138979181614,0.033333333333333326,2
50,10,0.2,skewed,0.1,0.6,0.7144530387728731,0.29067060966042496,-0.016666666666666496,10,13,0.5965846566412146,0.33588166100657185,0.15000000000000002,10,12,-0.11786838213165851,0.04521105134614689,0.13333333333333353,3
50,10,0.2,skewed,0.1,0.6,0.7470183048119237,0.3593059979395511,-0.2666666666666666,10,10,0.8270259032575918,0.28746206033609767,0.06666666666666676,10,10,0.08000759844566818,-0.07184393760345342,-0.19999999999999984,4
50,10,0.2,skewed,0.1,0.6,2.763206465791727,0.5156324440396407,-0.016666666666666496,10,10,2.8091575481810565,0.5101893553835384,0.23333333333333328,10,15,0.045951082389329656,-0.005443088656102324,0.21666666666666679,5
50,10,0.2,skewed,0.1,0.6,1.9072965880820847,0.4830016872453842,-0.09999999999999987,10,15,0.5465492158527534,0.15968889173453973,0.06666666666666676,10,13,-1.3607473722293313,-0.32331279551084446,-0.033333333333333104,6
50,10,0.2,skewed,0.1,0.6,0.8412638070558255,0.41975062217237313,-0.09999999999999987,10,11,1.0063060939547568,0.3984210465044963,0.06666666666666676,10,13,0.1650422868989313,-0.021329575667876854,-0.033333333333333104,7
50,10,0.2,skewed,0.1,0.6,0.5211089848765709,0.1498144691838066,0.06666666666666676,10,13,0.7182863770204803,0.2227077848919719,-0.18333333333333324,10,9,0.1971773921439094,0.07289331570816532,0.11666666666666647,8
50,10,0.2,skewed,0.1,0.6,0.7387146996355852,0.3132331947498401,0.23333333333333328,10,14,0.6812765410283455,0.2081135637707129,-0.18333333333333324,10,11,-0.057438158607239775,-0.10511963097912722,-0.050000000000000044,9
50,10,0.2,skewed,0.1,0.6,0.45630653810615357,0.23147910043158001,0.06666666666666676,10,13,0.7876902419806315,0.3879706650128826,-0.18333333333333324,10,13,0.33138370387447796,0.15649156458130256,0.11666666666666647,10
50,10,0.2,skewed,0.1,0.6,1.7751089263836053,0.4350722711138896,-0.09999999999999987,10,13,0.7408205499392561,0.39909054176020897,-0.09999999999999998,10,8,-1.0342883764443491,-0.0359817293536806,1.1102230246251565e-16,11
50,10,0.2,skewed,0.1,0.6,1.2668771241363836,0.3791535616828779,-0.09999999999999987,10,13,0.5917011704920769,0.2789579939849837,-0.09999999999999987,10,11,-0.6751759536443067,-0.10019556769789417,0.0,12
50,10,0.2,skewed,0.1,0.6,2.5113737374973417,0.6504852592527643,-0.016666666666666607,10,14,2.2639893608278814,0.4097741616453452,0.06666666666666676,10,14,-0.24738437666946034,-0.24071109760741916,0.050000000000000155,13
50,10,0.2,skewed,0.1,0.6,0.7607984195230384,0.2682148194993955,-0.016666666666666607,10,11,1.4601100527263626,0.4005968002088694,0.15000000000000002,10,13,0.6993116332033242,0.13238198070947388,0.13333333333333341,14
50,10,0.2,skewed,0.1,0.6,0.8983071921412181,0.3244618389821327,-0.09999999999999987,10,12,0.9999584879744045,0.3038268184777371,-0.09999999999999987,10,10,0.10165129583318633,-0.020635020504395585,0.0,15
50,10,0.2,skewed,0.1,0.6,0.8370223031553495,0.41898921540609,-0.09999999999999987,10,7,0.9330493441285935,0.3150510786804947,0.23333333333333328,10,11,0.096027040973244,-0.10393813672559532,0.13333333333333341,16
50,10,0.2,skewed,0.1,0.6,0.5144716901351242,0.22530202996901863,-0.09999999999999987,10,13,1.1762571856782729,0.5186328526325574,0.15000000000000002,10,14,0.6617854955431487,0.2933308226635388,0.050000000000000155,17
50,10,0.2,skewed,0.1,0.6,0.7065496951903655,0.3415042103357263,-0.016666666666666496,10,13,0.7752264411343589,0.43814444182797835,0.06666666666666676,10,12,0.06867674594399342,0.09664023149225204,0.050000000000000266,18
50,10,0.2,skewed,0.1,0.6,1.2772790155454363,0.3719396446874126,-0.18333333333333324,10,14,0.34091089208935116,0.19661473744792604,0.06666666666666676,10,13,-0.9363681234560852,-0.17532490723948654,-0.11666666666666647,19
50,10,0.2,skewed,0.2,0.6,0.919625065964512,0.18274588652145252,0.06666666666666676,10,13,0.8144431725506379,0.32367504937095937,0.06666666666666676,10,12,-0.10518189341387407,0.14092916284950685,0.0,0
50,10,0.2,skewed,0.2,0.6,0.4182216901184139,0.17379959340356516,-0.016666666666666496,10,12,0.381770988264606,0.13507020180158696,-0.18333333333333324,10,15,-0.03645070185380794,-0.03872939160197819,0.16666666666666674,1
50,10,0.2,skewed,0.2,0.6,0.8431110403819233,0.6378190430592928,-0.09999999999999987,10,9,1.2689886131206163,0.6135635952070418,-0.2666666666666666,10,12,0.425877572738693,-0.024255447852250978,0.16666666666666674,2
50,10,0.2,skewed,0.2,0.6,1.7649227752211891,0.4265445193984544,0.06666666666666676,10,13,0.8976569656170414,0.44237036068648045,0.06666666666666676,10,12,-0.8672658096041477,0.015825841288026055,0.0,3
50,10,0.2,skewed,0.2,0.6,1.0778554624038827,0.40083246459410704,-0.09999999999999987,10,14,0.5158882649684638,0.2953388176354595,-0.016666666666666607,10,12,-0.5619671974354189,-0.10549364695864755,-0.08333333333333326,4
50,10,0.2,skewed,0.2,0.6,0.7854394719070908,0.33893354271732384,0.06666666666666676,10,18,0.7415721263401572,0.4547046152323526,-0.35,10,10,-0.04386734556693361,0.11577107251502877,0.2833333333333332,5
50,10,0.2,skewed,0.2,0.6,1.8986154128647248,0.4930085141885929,-0.09999999999999998,10,9,0.7822685723027226,0.342407869835414,-0.016666666666666607,10,10,-1.1163468405620023,-0.15060064435317888,-0.08333333333333337,6
50,10,0.2,skewed,0.2,0.6,0.8889869856121344,0.5509287599187432,-0.016666666666666496,10,12,0.8722370770719854,0.4281604271954979,-0.18333333333333324,10,12,-0.016749908540149017,-0.12276833272324533,0.16666666666666674,7
50,10,0.2,skewed,0.2,0.6,1.4326973299001147,0.4448945914134728,-0.09999999999999987,10,12,2.0917589999259976,0.734752337837668,-0.4333333333333333,10,6,0.6590616700258829,0.2898577464241952,0.3333333333333334,8
50,10,0.2,skewed,0.2,0.6,0.7969003873307778,0.3055325525629288,-0.18333333333333324,10,12,0.7638127789645031,0.2655920947372789,-0.016666666666666607,10,12,-0.03308760836627478,-0.03994045782564992,-0.16666666666666663,9
50,10,0.2,skewed,0.2,0.6,0.7427492331424154,0.41739686437875595,0.15000000000000002,10,11,2.7152291225807863,0.6045066784052937,0.23333333333333328,10,14,1.9724798894383708,0.18710981402653776,0.08333333333333326,10
50,10,0.2,skewed,0.2,0.6,0.9875904839807651,0.41350743624798625,-0.2666666666666666,10,8,3.1393970054669547,0.6519492425905129,0.15000000000000002,10,16,2.1518065214861894,0.23844180634252665,-0.11666666666666659,11
50,10,0.2,skewed,0.2,0.6,2.6666159514012246,0.5295641837683379,-0.016666666666666496,10,15,2.6968068786552473,0.4885579850954181,0.06666666666666676,10,14,0.030190927254022615,-0.041006198672919825,0.050000000000000266,12
50,10,0.2,skewed,0.2,0.6,1.3442217004926258,0.4567524779620027,0.06666666666666676,10,12,1.2691832367105105,0.4700725672216877,0.06666666666666676,10,12,-0.07503846378211532,0.01332008925968503,0.0,13
50,10,0.2,skewed,0.2,0.6,0.612713952642547,0.3517332651132048,-0.09999999999999987,10,13,0.8449206766883417,0.5649548001533244,-0.2666666666666666,10,8,0.23220672404579468,0.21322153504011965,0.16666666666666674,14
50,10,0.2,skewed,0.2,0.6,2.0213824614507945,0.5434768372555596,0.06666666666666676,10,11,2.1577871380409377,0.4930066055027891,0.15000000000000002,10,11,0.13640467659014321,-0.050470231752770545,0.08333333333333326,15
50,10,0.2,skewed,0.2,0.6,0.7427568997020532,0.46592956181607176,-0.09999999999999987,10,11,1.4288708743164016,0.7992235208108326,-0.016666666666666496,10,11,0.6861139746143484,0.33329395899476083,-0.08333333333333337,16
50,10,0.2,skewed,0.2,0.6,0.6981398350340144,0.27966223261240736,-0.016666666666666496,10,15,1.3028355231606046,0.4242031273979213,-0.09999999999999987,10,13,0.6046956881265901,0.14454089478551396,0.08333333333333337,17
50,10,0.2,skewed,0.2,0.6,0.9988991496620822,0.3212868794750678,-0.016666666666666496,10,13,0.6172763893638541,0.3947821244703795,-0.18333333333333324,10,8,-0.38162276029822806,0.07349524499531174,0.16666666666666674,18
50,10,0.2,skewed,0.2,0.6,0.7546796939794558,0.4222639079036942,-0.18333333333333324,10,11,0.5135027895348048,0.3214664754602351,-0.09999999999999987,10,12,-0.241176904444651,-0.10079743244345912,-0.08333333333333337,19
50,10,0.2,skewed,0.4,0.6,0.5017569552475843,0.22420284237403534,0.23333333333333328,10,11,0.6429904220552894,0.26678270386185554,-0.2666666666666666,10,10,0.1412334668077051,0.0425798614878202,0.033333333333333326,0
50,10,0.2,skewed,0.4,0.6,0.7643671421025691,0.3670508566337046,-0.18333333333333324,10,10,0.6739177927733153,0.20150281561248998,-0.016666666666666496,10,10,-0.09044934932925375,-0.16554804102121465,-0.16666666666666674,1
50,10,0.2,skewed,0.4,0.6,1.225059848136044,0.4104933856982651,-0.09999999999999987,10,11,0.922861411974213,0.41625079224034545,-0.016666666666666607,10,10,-0.30219843616183095,0.0057574065420803455,-0.08333333333333326,2
50,10,0.2,skewed,0.4,0.6,0.8747199919398236,0.28511370979016776,0.15000000000000002,10,17,0.8831058941975418,0.37367851576048194,-0.18333333333333324,10,9,0.00838590225771818,0.08856480597031419,0.033333333333333215,3
50,10,0.2,skewed,0.4,0.6,1.2105466154128794,0.2501201388245927,-0.016666666666666496,10,12,0.7797399392897348,0.3724877477614157,0.23333333333333328,10,13,-0.4308066761231446,0.12236760893682297,0.21666666666666679,4
50,10,0.2,skewed,0.4,0.6,0.7164942880193111,0.30459057733906836,-0.016666666666666496,10,12,0.7460868420781448,0.3644637554567417,0.15000000000000002,10,13,0.029592554058833653,0.05987317811767334,0.13333333333333353,5
50,10,0.2,skewed,0.4,0.6,0.7594424334546617,0.3772031138239681,0.06666666666666676,10,11,0.7944494942751595,0.41401090955049524,-0.016666666666666607,10,8,0.03500706082049787,0.03680779572652715,-0.050000000000000155,6
50,10,0.2,skewed,0.4,0.6,1.1498273507955583,0.48938575122049544,0.06666666666666676,10,11,1.862328306643746,0.5845810223055443,0.06666666666666676,10,14,0.7125009558481876,0.09519527108504888,0.0,7
50,10,0.2,skewed,0.4,0.6,0.7549872141236739,0.29256428633719966,-0.18333333333333324,10,9,0.6400389212333369,0.2948650509585442,-0.2666666666666666,10,11,-0.11494829289033692,0.002300764621344542,0.08333333333333337,8
50,10,0.2,skewed,0.4,0.6,1.0950412990646778,0.31881254561586136,-0.016666666666666496,10,14,0.746604413994079,0.30421779364432394,-0.016666666666666496,10,14,-0.3484368850705989,-0.014594751971537423,0.0,9
50,10,0.2,skewed,0.4,0.6,0.8786301585913338,0.3808110056048014,-0.016666666666666496,10,11,0.908733043486513,0.26049708979641395,-0.09999999999999987,10,11,0.030102884895179205,-0.12031391580838746,0.08333333333333337,10
50,10,0.2,skewed,0.4,0.6,0.7131347935659007,0.3288313392007765,0.06666666666666676,10,11,0.7552757079416265,0.38440914749831145,0.15000000000000002,10,12,0.04214091437572576,0.05557780829753495,0.08333333333333326,11
50,10,0.2,skewed,0.4,0.6,2.090858409323396,0.5598289056026817,0.15000000000000002,10,15,0.8784262528844039,0.43037795978332244,0.06666666666666676,10,11,-1.2124321564389922,-0.1294509458193593,-0.08333333333333326,12
50,10,0.2,skewed,0.4,0.6,1.191188544746751,0.27122921572439546,0.15000000000000002,10,13,0.6229115345686631,0.2622839779571273,-0.18333333333333324,10,10,-0.5682770101780878,-0.008945237767268133,0.033333333333333215,13
50,10,0.2,skewed,0.4,0.6,0.8071308820879016,0.3607820956599689,0.06666666666666676,10,11,2.246196203932549,0.6893622675183877,0.15000000000000002,10,14,1.4390653218446472,0.3285801718584188,0.08333333333333326,14
50,10,0.2,skewed,0.4,0.6,0.4502227505877607,0.16953666416705854,0.06666666666666676,10,11,0.9280845934983433,0.2981366143373996,-0.09999999999999987,10,12,0.4778618429105826,0.12859995017034104,0.033333333333333104,15
50,10,0.2,skewed,0.4,0.6,1.3920027703851128,0.30162899571750124,-0.18333333333333324,10,11,0.6813961031610838,0.3248276791485243,-0.09999999999999987,10,10,-0.710606667224029,0.02319868343102305,-0.08333333333333337,16
50,10,0.2,skewed,0.4,0.6,0.6932674100807553,0.39385715073429783,0.15000000000000002,10,14,1.9923209059035998,0.5243280309407445,0.06666666666666676,10,14,1.2990534958228444,0.1304708802064467,-0.08333333333333326,17
50,10,0.2,skewed,0.4,0.6,0.8411746558851612,0.4455662223047204,0.2333333333333335,10,16,0.6393760408381625,0.35607803964990303,-0.09999999999999987,10,13,-0.2017986150469987,-0.0894881826548174,-0.13333333333333364,18
50,10,0.2,skewed,0.4,0.6,1.3727073534183987,0.40245172823186903,0.06666666666666676,10,13,1.293857639927155,0.4033514724975215,0.06666666666666676,10,15,-0.07884971349124359,0.0008997442656524801,0.0,19
50,10,0.2,correlated,0.0,0.6,1.5059486019663204,0.8741865193478177,0.15000000000000002,10,12,2.1352125691879795,0.8624563433819425,-0.18333333333333324,10,8,0.6292639672216591,-0.011730175965875111,0.033333333333333215,0
50,10,0.2,correlated,0.0,0.6,45.06349769233667,8.401055779513547,0.2333333333333335,10,19,225.24627534971916,23.48835976433539,-0.016666666666666607,10,10,180.18277765738247,15.087303984821842,-0.2166666666666669,1
50,10,0.2,correlated,0.0,0.6,14.664826442525225,2.1098874116689017,0.31666666666666676,10,16,15.583790999662803,1.9036743606858528,-0.18333333333333324,10,7,0.9189645571375777,-0.20621305098304887,-0.13333333333333353,2
50,10,0.2,correlated,0.0,0.6,4.511546753428763,1.4664145308047296,0.31666666666666654,10,15,1.3284164793913904,0.34059102997149887,-0.2666666666666666,10,9,-3.1831302740373726,-1.1258235008332307,-0.04999999999999993,3
50,10,0.2,correlated,0.0,0.6,3.084050993426844,1.6465716376980049,-0.09999999999999987,10,11,2.298891073816239,0.3946783905268446,-0.016666666666666496,10,12,-0.7851599196106047,-1.2518932471711604,-0.08333333333333337,4
50,10,0.2,correlated,0.0,0.6,26.627648162913502,6.889633159623375,-0.18333333333333324,10,7,25.662065216431845,4.536043707785379,0.06666666666666676,10,13,-0.965582946481657,-2.353589451837996,-0.11666666666666647,5
50,10,0.2,correlated,0.0,0.6,23.427453231139776,4.393095386105777,0.15000000000000002,10,15,5.854183158984711,1.8410542954816649,0.15000000000000002,10,11,-17.573270072155065,-2.5520410906241127,0.0,6
50,10,0.2,correlated,0.0,0.6,40.963610861375194,9.722509129065966,0.06666666666666676,10,13,148.27997843703145,29.82353007852392,0.2333333333333335,10,16,107.31636757565624,20.101020949457954,0.16666666666666674,7
50,10,0.2,correlated,0.0,0.6,30.854988670622195,6.423643673461044,0.4,10,18,13.249192160043334,3.542552762947076,0.23333333333333328,10,17,-17.605796510578863,-2.8810909105139677,-0.16666666666666674,8
50,10,0.2,correlated,0.0,0.6,5.942313850211067,1.4550235361453336,-0.09999999999999987,10,13,6.345189849510401,1.5200012823958626,-0.016666666666666496,10,13,0.4028759992993338,0.06497774625052899,-0.08333333333333337,9
50,10,0.2,correlated,0.0,0.6,2.5049792100096018,0.5928124769691332,-0.016666666666666496,10,12,16.767198431592135,2.9685170890983854,-0.18333333333333324,10,10,14.262219221582534,2.375704612129252,0.16666666666666674,10
50,10,0.2,correlated,0.0,0.6,1.4398622782666257,0.7388348169588147,0.15000000000000002,10,15,0.9610322728921089,0.3413803339695329,-0.18333333333333324,10,8,-0.4788300053745168,-0.3974544829892818,0.033333333333333215,11
50,10,0.2,correlated,0.0,0.6,39755.3227429108,3977.026637398582,-0.016666666666666496,10,14,6338.603416046138,637.5985269644118,0.15000000000000002,10,16,-33416.719326864666,-3339.42811043417,0.13333333333333353,12
50,10,0.2,correlated,0.0,0.6,44.52990527624164,6.154432836635374,-0.18333333333333324,10,12,53.815709613219596,11.3584534788009,-0.35,10,6,9.285804336977954,5.204020642165526,0.16666666666666674,13
50,10,0.2,correlated,0.0,0.6,107.35593826344432,11.98473503089787,0.06666666666666676,10,15,198.5148597083703,21.825861607139792,0.15000000000000002,10,16,91.15892144492598,9.841126576241923,0.08333333333333326,14
50,10,0.2,correlated,0.0,0.6,58.894447422979056,6.817440618245692,0.31666666666666676,10,17,38.031793466401574,5.29766888963369,0.06666666666666676,10,14,-20.862653956577482,-1.5197717286120023,-0.25,15
50,10,0.2,correlated,0.0,0.6,4.770852625443987,1.9178497959183773,-0.09999999999999987,10,7,2.240382598085899,1.3331054839394427,-0.2666666666666666,10,8,-2.530470027358088,-0.5847443119789346,0.16666666666666674,16
50,10,0.2,correlated,0.0,0.6,4.115838178480434,0.9481628388752948,0.15000000000000002,10,14,53.66590465329629,8.296102305589903,-0.18333333333333324,10,9,49.55006647481585,7.3479394667146085,0.033333333333333215,17
50,10,0.2,correlated,0.0,0.6,20.184275789345257,6.015780321495685,-0.2666666666666666,10,8,31.001632608430743,11.722943431330574,-0.18333333333333324,10,11,10.817356819085486,5.707163109834889,-0.08333333333333337,18
50,10,0.2,correlated,0.0,0.6,367.20248437978665,44.0521750719431,-0.016666666666666607,10,11,23.982575193961715,3.5508441425507784,0.06666666666666676,10,14,-343.2199091858249,-40.50133092939232,0.050000000000000155,19
50,10,0.2,correlated,0.1,0.6,3.6559859098650676,1.3736452997835162,-0.2666666666666666,10,10,2.8277955111185604,1.069382469343509,-0.016666666666666607,10,10,-0.8281903987465071,-0.30426283044000724,-0.25,0
50,10,0.2,correlated,0.1,0.6,1.861449538602369,0.6172360817562713,-0.016666666666666496,10,12,1.644460789083093,0.5515841020501064,-0.4333333333333333,10,6,-0.21698874951927616,-0.06565197970616488,0.4166666666666668,1
50,10,0.2,correlated,0.1,0.6,29.474305520256006,4.238528680769864,-0.35,10,8,58.11445319550044,9.402164766937991,0.06666666666666676,10,13,28.64014767524443,5.163636086168127,-0.2833333333333332,2
50,10,0.2,correlated,0.1,0.6,15.039035045585306,4.426110907492256,-0.09999999999999998,10,8,10.343964889426701,2.0742191993552135,0.15000000000000002,10,14,-4.6950701561586055,-2.3518917081370425,0.050000000000000044,3
50,10,0.2,correlated,0.1,0.6,1.1224516558014181,0.4096545600759337,-0.18333333333333324,10,11,2.644048146279366,0.5630814995117241,0.15000000000000002,10,14,1.521596490477948,0.15342693943579044,-0.033333333333333215,4
50,10,0.2,correlated,0.1,0.6,72.81473845278185,11.721755675201392,0.23333333333333328,10,12,46.067087124906195,9.25063542879506,0.31666666666666676,10,17,-26.74765132787566,-2.471120246406331,0.08333333333333348,5
50,10,0.2,correlated,0.1,0.6,59.51898600124827,6.927440347048889,-0.09999999999999987,10,11,101.71974896508995,16.193192342982872,0.4,10,18,42.200762963841676,9.265751995933982,0.30000000000000016,6
50,10,0.2,correlated,0.1,0.6,2.933691828544561,1.0035632383850566,-0.18333333333333324,10,9,2.2306856803997963,0.8221316120539056,-0.09999999999999987,10,11,-0.7030061481447647,-0.18143162633115095,-0.08333333333333337,7
50,10,0.2,correlated,0.1,0.6,5.797819145635371,1.6754557419279927,-0.09999999999999987,10,10,14.177719182757674,3.2127010961245746,-0.35,10,5,8.379900037122303,1.5372453541965818,0.2500000000000001,8
50,10,0.2,correlated,0.1,0.6,0.8780480216451438,0.48045424433389305,-0.016666666666666607,10,11,0.8604671513776622,0.26718784908065796,-0.09999999999999998,10,10,-0.017580870267481674,-0.2132663952532351,0.08333333333333337,9
50,10,0.2,correlated,0.1,0.6,17.897051138195646,5.992791024923861,-0.09999999999999987,10,14,33.118857931240825,5.734153322143874,-0.18333333333333324,10,10,15.221806793045179,-0.25863770277998643,0.08333333333333337,10
50,10,0.2,correlated,0.1,0.6,784.8500633770325,83.79627470710494,-0.09999999999999987,10,13,504.52767336766044,54.912176651625295,-0.18333333333333324,10,13,-280.32239000937204,-28.884098055479647,0.08333333333333337,11
50,10,0.2,correlated,0.1,0.6,277.5386369319531,28.27541455522613,-0.09999999999999998,10,9,639.0078630962685,64.18834028790953,-0.016666666666666607,10,16,361.4692261643154,35.91292573268339,-0.08333333333333337,12
50,10,0.2,correlated,0.1,0.6,5.550072183239147,1.8828953066923333,0.31666666666666654,10,19,21.790525873499963,3.949558935709912,-0.35,10,7,16.240453690260814,2.0666636290175786,0.03333333333333344,13
50,10,0.2,correlated,0.1,0.6,7.252100597085322,2.209963157078024,0.06666666666666676,10,12,11.995753950435622,2.5725176139613395,0.3999999999999999,10,19,4.7436533533503,0.36255445688331545,0.33333333333333315,14
50,10,0.2,correlated,0.1,0.6,2.0733651774196282,1.1390793076296108,-0.2666666666666666,10,11,0.9133970370154877,0.33722622523275536,-0.09999999999999987,10,10,-1.1599681404041404,-0.8018530823968555,-0.16666666666666674,15
50,10,0.2,correlated,0.1,0.6,80.83419170511426,9.503669949375539,-0.016666666666666496,10,12,216.5871749066706,24.182772050947783,0.06666666666666676,10,12,135.75298320155633,14.679102101572244,0.050000000000000266,16
50,10,0.2,correlated,0.1,0.6,3.582862000175391,1.3890193276949132,0.31666666666666654,10,14,1.6607041900871249,0.7493425430518174,-0.18333333333333324,10,10,-1.922157810088266,-0.6396767846430959,-0.1333333333333333,17
50,10,0.2,correlated,0.1,0.6,2.7428452139337436,0.7872544848879816,-0.09999999999999987,10,13,1.763473274228922,0.5124807183966823,-0.09999999999999998,10,11,-0.9793719397048215,-0.27477376649129925,1.1102230246251565e-16,18
50,10,0.2,correlated,0.1,0.6,23.308440112009105,4.864891632723404,0.4,10,16,7.019803077980549,2.2935775487209566,-0.016666666666666496,10,10,-16.288637034028557,-2.5713140840024478,-0.3833333333333335,19
50,10,0.2,correlated,0.2,0.6,0.8766800959991919,0.36905406365672544,0.4833333333333333,10,18,0.7438670435956944,0.3841017691262768,-0.18333333333333324,10,9,-0.1328130524034975,0.015047705469551365,-0.30000000000000004,0
50,10,0.2,correlated,0.2,0.6,51.98350792499266,8.023051849153026,-0.09999999999999987,10,9,12.442252838122043,3.870682391863082,-0.35,10,8,-39.54125508687061,-4.152369457289944,0.2500000000000001,1
50,10,0.2,correlated,0.2,0.6,1.7218428811714195,0.581254829620294,0.15000000000000002,10,16,0.6242588327618326,0.32160575144327486,0.06666666666666676,10,13,-1.097584048409587,-0.2596490781770191,-0.08333333333333326,2
50,10,0.2,correlated,0.2,0.6,2.863201646399597,1.2663417684059062,-0.016666666666666607,10,12,17.162370617963408,8.528080859963733,0.15000000000000002,10,13,14.29916897156381,7.261739091557827,0.13333333333333341,3
50,10,0.2,correlated,0.2,0.6,16.0065360064176,2.73867197773327,0.4,10,18,6.711079639788458,1.0352257175683293,-0.09999999999999987,10,13,-9.295456366629143,-1.7034462601649407,-0.30000000000000016,4
50,10,0.2,correlated,0.2,0.6,0.7892299664425972,0.29537073768249533,-0.09999999999999998,10,8,1.1990979566761955,0.5526302492659847,0.2333333333333335,10,16,0.4098679902335982,0.25725951158348936,0.13333333333333353,5
50,10,0.2,correlated,0.2,0.6,20.15753743998213,3.0772705167762413,0.23333333333333328,10,15,20.32786173710686,2.5349839833539543,0.06666666666666676,10,13,0.17032429712473274,-0.542286533422287,-0.16666666666666652,6
50,10,0.2,correlated,0.2,0.6,4.751845805812056,1.5810056286261998,-0.016666666666666496,10,12,3.034990755105108,1.2051495319622945,-0.18333333333333324,10,10,-1.7168550507069478,-0.3758560966639053,0.16666666666666674,7
50,10,0.2,correlated,0.2,0.6,2.0803611509261337,0.8314211844667989,0.15000000000000002,10,13,1.7848680222152864,0.6228340790101023,-0.09999999999999998,10,8,-0.2954931287108473,-0.20858710545669656,-0.050000000000000044,8
50,10,0.2,correlated,0.2,0.6,4.4808910770750305,1.1077726988422747,-0.016666666666666607,10,11,3.8643544232217577,1.4240331616651356,-0.2666666666666666,10,7,-0.6165366538532728,0.3162604628228609,0.25,9
50,10,0.2,correlated,0.2,0.6,82.28749106837154,11.536843237718415,-0.18333333333333324,10,10,68.28908974610538,10.041113651031507,-0.09999999999999987,10,14,-13.998401322266162,-1.4957295866869078,-0.08333333333333337,10
50,10,0.2,correlated,0.2,0.6,4.395594211631134,1.2885191848286612,0.15000000000000002,10,15,4.565087054622461,1.554531929736647,0.06666666666666676,10,16,0.16949284299132739,0.26601274490798565,-0.08333333333333326,11
50,10,0.2,correlated,0.2,0.6,13.885145902477987,2.043506403477526,0.15000000000000002,10,17,6.990953914565905,1.682886756323915,0.06666666666666676,10,12,-6.894191987912082,-0.36061964715361094,-0.08333333333333326,12
50,10,0.2,correlated,0.2,0.6,5.5668864084563205,1.040290659686193,0.15000000000000002,10,15,7.381184843665386,1.2906836195056095,0.15000000000000002,10,16,1.8142984352090652,0.25039295981941656,0.0,13
50,10,0.2,correlated,0.2,0.6,66.02256527108823,8.316702905757461,0.31666666666666654,10,20,35.85214958554452,5.072049443751594,-0.09999999999999987,10,10,-30.17041568554371,-3.244653462005867,-0.21666666666666667,14
50,10,0.2,correlated,0.2,0.6,7.7625056520098905,2.0825057517098964,-0.2666666666666666,10,10,8.421267129754911,2.0786754602231396,0.15000000000000002,10,12,0.6587614777450206,-0.0038302914867567317,-0.11666666666666659,15
50,10,0.2,correlated,0.2,0.6,13.949627529037688,2.6327947394857776,-0.016666666666666607,10,10,4.3546028577611775,1.8542830204529956,-0.09999999999999987,10,11,-9.59502467127651,-0.7785117190327819,0.08333333333333326,16
50,10,0.2,correlated,0.2,0.6,48.96468209937141,8.734893579392821,-0.016666666666666496,10,13,17.880036737881618,4.1103315559138345,0.06666666666666676,10,13,-31.08464536148979,-4.624562023478987,0.050000000000000266,17
50,10,0.2,correlated,0.2,0.6,120.75811489573482,14.366946223128437,0.06666666666666676,10,15,75.03097965557788,8.458959563974734,0.15000000000000002,10,13,-45.72713524015694,-5.907986659153703,0.08333333333333326,18
50,10,0.2,correlated,0.2,0.6,48.38283469237569,12.327218020419075,0.15000000000000002,10,12,17.205846181636566,2.580901340611388,0.15000000000000002,10,14,-31.176988510739122,-9.746316679807688,0.0,19
50,10,0.2,correlated,0.4,0.6,6.52552266233212,2.608872988688602,-0.09999999999999987,10,10,4.78547020947882,1.5820834978730924,-0.09999999999999998,10,8,-1.7400524528533001,-1.0267894908155095,1.1102230246251565e-16,0
50,10,0.2,correlated,0.4,0.6,31.510578067907392,6.9555550820768275,-0.016666666666666496,10,12,3.886172536012442,1.8750134626148203,-0.18333333333333324,10,11,-27.62440553189495,-5.080541619462007,0.16666666666666674,1
50,10,0.2,correlated,0.4,0.6,8.136730762128591,2.0324019609255988,0.15000000000000002,10,12,6.970176986583183,1.4449840839570713,0.15000000000000002,10,12,-1.1665537755454087,-0.5874178769685274,0.0,2
50,10,0.2,correlated,0.4,0.6,134.4789831399074,16.66744776376115,0.15000000000000002,10,15,38.900599434824684,5.900846715353549,0.4,10,18,-95.57838370508271,-10.766601048407601,0.25,3
50,10,0.2,correlated,0.4,0.6,6.63799869183327,2.116519247413771,-0.09999999999999987,10,10,2.5498214478861905,1.168523331336498,0.06666666666666676,10,13,-4.088177243947079,-0.9479959160772731,-0.033333333333333104,4
50,10,0.2,correlated,0.4,0.6,0.49173814776247243,0.16465311774325458,-0.09999999999999987,10,12,1.9048304443049267,0.7342088604030077,0.5666666666666668,10,18,1.4130922965424542,0.5695557426597531,0.4666666666666669,5
50,10,0.2,correlated,0.4,0.6,46.35885709322252,6.76710836625716,0.06666666666666676,10,13,70.53587101241364,8.786541283630376,0.06666666666666676,10,13,24.17701391919112,2.0194329173732157,0.0,6
50,10,0.2,correlated,0.4,0.6,1.6770795514584342,0.8510851162690962,-0.18333333333333324,10,8,0.843949586993951,0.4297114298707392,-0.09999999999999987,10,11,-0.8331299644644833,-0.42137368639835704,-0.08333333333333337,7
50,10,0.2,correlated,0.4,0.6,3.3287912516356952,1.3769420829040968,0.15000000000000002,10,14,7.810610781272067,2.0031284531767968,-0.016666666666666496,10,14,4.481819529636372,0.6261863702727,-0.13333333333333353,8
50,10,0.2,correlated,0.4,0.6,28.39990021090848,7.582319674585686,-0.09999999999999987,10,13,14.819436885780464,6.232899000147831,0.23333333333333328,10,15,-13.580463325128017,-1.3494206744378552,0.13333333333333341,9
50,10,0.2,correlated,0.4,0.6,8.988911779833897,2.8069385824638635,-0.09999999999999987,10,12,23.16116834835611,4.51866244190712,-0.2666666666666666,10,8,14.172256568522213,1.7117238594432562,0.16666666666666674,10
50,10,0.2,correlated,0.4,0.6,161.9040107906557,17.844744148232966,0.06666666666666676,10,14,38.97254453751182,5.0750992778419866,0.23333333333333328,10,18,-122.93146625314387,-12.76964487039098,0.16666666666666652,11
50,10,0.2,correlated,0.4,0.6,49.1104486995992,11.451703068983546,-0.016666666666666607,10,11,22.900686390127113,5.014596054217357,0.23333333333333328,10,13,-26.20976230947209,-6.437107014766189,0.21666666666666667,12
50,10,0.2,correlated,0.4,0.6,5.558909350459946,1.3520492034713345,-0.2666666666666666,10,8,11.106938998528216,2.0580792546414033,-0.35,10,7,5.54802964806827,0.7060300511700688,0.08333333333333337,13
50,10,0.2,correlated,0.4,0.6,1.1529017589209634,0.30397408604063736,-0.09999999999999987,10,11,1.5711560946049457,0.7004901866779106,0.23333333333333328,10,14,0.4182543356839823,0.39651610063727327,0.13333333333333341,14
50,10,0.2,correlated,0.4,0.6,6.5240037195134475,1.1700197144733366,-0.18333333333333324,10,9,5.035662838327114,1.0203456319708297,-0.016666666666666496,10,12,-1.4883408811863337,-0.1496740825025069,-0.16666666666666674,15
50,10,0.2,correlated,0.4,0.6,6.243477105065434,1.6519458894998127,0.31666666666666676,10,16,1.788603785544337,0.6894449162523338,0.06666666666666676,10,14,-4.454873319521097,-0.9625009732474789,-0.25,16
50,10,0.2,correlated,0.4,0.6,3.5422195512573724,0.9057760421277956,0.15000000000000002,10,15,3.1288627442501475,1.0161159081109983,-0.016666666666666496,10,12,-0.4133568070072249,0.11033986598320267,-0.13333333333333353,17
50,10,0.2,correlated,0.4,0.6,17.978114165236924,2.670289061324631,0.06666666666666676,10,10,48.03898429300611,8.787108286471796,0.06666666666666676,10,12,30.060870127769185,6.1168192251471645,0.0,18
50,10,0.2,correlated,0.4,0.6,52.72035005922626,11.94494893534025,0.15000000000000002,10,12,20.005751794282887,3.508896293457487,-0.016666666666666496,10,11,-32.714598264943376,-8.436052641882762,-0.13333333333333353,19
50,10,0.5,mixed,0.0,0.6,1.259406518958165,0.23445646503075554,-0.039999999999999925,10,25,1.6046508107695614,0.23212291967857862,-0.039999999999999925,10,23,0.3452442918113965,-0.002333545352176919,0.0,0
50,10,0.5,mixed,0.0,0.6,1.035551856488353,0.20361406548705796,-0.07999999999999996,10,23,0.672869364361152,0.1516663314157402,-0.12,10,22,-0.36268249212720105,-0.05194773407131775,0.040000000000000036,1
50,10,0.5,mixed,0.0,0.6,2.301368405678439,0.3634445771858067,-0.039999999999999925,10,25,4.1706718325883685,0.5684052798587096,-0.039999999999999925,10,26,1.8693034269099296,0.2049607026729029,0.0,2
50,10,0.5,mixed,0.0,0.6,2.181379094449558,0.35387073192064167,0.040000000000000036,10,26,15.370880820446892,1.5917081961632074,0.040000000000000036,10,25,13.189501725997335,1.2378374642425656,0.0,3
50,10,0.5,mixed,0.0,0.6,16.971248278239635,1.942298695979114,-0.039999999999999925,10,23,5.543555547456412,0.7830281166778331,0.0,10,26,-11.427692730783223,-1.159270579301281,-0.039999999999999925,4
50,10,0.5,mixed,0.0,0.6,0.8123968497991749,0.23325744473534385,0.0,10,26,0.8548751133886165,0.12938621634754122,0.040000000000000036,10,26,0.04247826358944162,-0.10387122838780263,0.040000000000000036,5
50,10,0.5,mixed,0.0,0.6,0.7185294941311662,0.19634430227629524,0.040000000000000036,10,25,0.5136083339737767,0.148805263429779,0.0,10,22,-0.20492116015738948,-0.047539038846516224,-0.040000000000000036,6
50,10,0.5,mixed,0.0,0.6,0.3540779546890922,0.1480090309762568,-0.07999999999999996,10,24,21.19222224197425,3.217663958953586,0.0,10,25,20.838144287285157,3.069654927977329,-0.07999999999999996,7
50,10,0.5,mixed,0.0,0.6,1.087747342105811,0.1610662511287203,0.040000000000000036,10,25,0.8837641892128294,0.2127327976420918,0.0,10,24,-0.20398315289298163,0.05166654651337149,-0.040000000000000036,8
50,10,0.5,mixed,0.0,0.6,1.8321493575982646,0.3993998157338478,-0.039999999999999925,10,25,2.9596587585675236,0.5569639649513902,0.040000000000000036,10,23,1.127509400969259,0.15756414921754242,1.1102230246251565e-16,9
50,10,0.5,mixed,0.0,0.6,1.3808018450254358,0.26459590355984103,0.040000000000000036,10,25,0.7106215071689568,0.11289344015503913,0.040000000000000036,10,23,-0.670180337856479,-0.1517024634048019,0.0,10
50,10,0.5,mixed,0.0,0.6,7.471333546858158,0.9508792558072896,0.08000000000000007,10,25,10.309092790390515,1.1854573884904576,-0.039999999999999925,10,25,2.837759243532357,0.23457813268316796,-0.04000000000000015,11
50,10,0.5,mixed,0.0,0.6,11.095899570439451,1.1963438835075282,-0.12,10,22,4.194608021454227,0.5727746567949212,-0.07999999999999996,10,23,-6.901291548985224,-0.623569226712607,-0.040000000000000036,12
50,10,0.5,mixed,0.0,0.6,0.959011116341925,0.23262460522418996,0.0,10,24,1.6954381536845782,0.2916168923968161,0.040000000000000036,10,27,0.7364270373426531,0.05899228717262614,0.040000000000000036,13
50,10,0.5,mixed,0.0,0.6,0.7385259221328362,0.1300553618714957,-0.07999999999999996,10,24,2.63556137237215,0.594107366909445,0.0,10,26,1.8970354502393139,0.4640520050379493,-0.07999999999999996,14
50,10,0.5,mixed,0.0,0.6,0.8389319422175278,0.17327983381574538,0.08000000000000007,10,27,24.653402003363695,2.637392219391565,-0.039999999999999925,10,23,23.814470061146167,2.46411238557582,-0.04000000000000015,15
50,10,0.5,mixed,0.0,0.6,1.4541140614595285,0.2581082132423408,0.040000000000000036,10,26,2.4429247247701533,0.3551001232297426,0.040000000000000036,10,23,0.9888106633106248,0.09699190998740181,0.0,16
50,10,0.5,mixed,0.0,0.6,4.9324082480457045,0.568978233082386,-0.039999999999999925,10,24,3.4912925409747713,0.3862893735608811,0.040000000000000036,10,24,-1.4411157070709333,-0.18268885952150493,1.1102230246251565e-16,17
50,10,0.5,mixed,0.0,0.6,6.883037193575292,0.950503574468746,-0.039999999999999925,10,26,9.30933245163889,1.2182791192266134,-0.039999999999999925,10,23,2.4262952580635977,0.26777554475786736,0.0,18
50,10,0.5,mixed,0.0,0.6,0.5621429858667545,0.1248765744655651,0.040000000000000036,10,26,1.0405796170081576,0.2168038747880346,0.040000000000000036,10,24,0.4784366311414031,0.09192730032246949,0.0,19
50,10,0.5,mixed,0.1,0.6,0.6864739077494727,0.14929232409209583,0.0,10,24,0.21502272730269598,0.07892893353000484,-0.039999999999999925,10,24,-0.4714511804467767,-0.070363390562091,0.039999999999999925,0
50,10,0.5,mixed,0.1,0.6,0.7727753930736341,0.12378492689657569,-0.039999999999999925,10,26,1.0984433603357033,0.23699500805166784,0.12,10,26,0.32566796726206926,0.11321008115509215,0.08000000000000007,1
50,10,0.5,mixed,0.1,0.6,0.5955659325314598,0.1755467166588763,0.08000000000000007,10,25,0.5248839014992671,0.15426495919505734,-0.039999999999999925,10,24,-0.07068203103219273,-0.021281757463818968,-0.04000000000000015,2
50,10,0.5,mixed,0.1,0.6,2.7502247372696376,0.3310243861632363,0.0,10,25,0.9161720704114784,0.128771020718162,-0.039999999999999925,10,24,-1.8340526668581592,-0.20225336544507433,0.039999999999999925,3
50,10,0.5,mixed,0.1,0.6,0.26929520831185005,0.08827538488474942,-0.039999999999999925,10,25,1.0408922488660617,0.23615031287395233,-0.039999999999999925,10,23,0.7715970405542116,0.1478749279892029,0.0,4
50,10,0.5,mixed,0.1,0.6,6.3198604690159454,0.7162251780855643,0.16000000000000003,10,27,12.874935493568353,1.4377021440342315,0.0,10,24,6.555075024552408,0.7214769659486672,-0.16000000000000003,5
50,10,0.5,mixed,0.1,0.6,6.254023555875767,0.8234455855554274,0.0,10,23,4.770705294703787,0.5834125877545819,0.12,10,25,-1.4833182611719797,-0.24003299780084542,0.12,6
50,10,0.5,mixed,0.1,0.6,0.27649533504921514,0.0722370478242075,0.0,10,26,2.1398304129775063,0.337621748959348,0.0,10,27,1.8633350779282911,0.26538470113514046,0.0,7
50,10,0.5,mixed,0.1,0.6,7.076633746790991,1.0030464122981957,0.0,10,24,9.710489712348103,1.720451158502756,0.0,10,23,2.633855965557112,0.7174047462045603,0.0,8
50,10,0.5,mixed,0.1,0.6,0.19879344050871361,0.10911174450059462,0.0,10,23,0.6027219198205429,0.10559344009109702,0.12,10,26,0.4039284793118293,-0.0035183044094976024,0.12,9
50,10,0.5,mixed,0.1,0.6,0.8669570159383424,0.15871520396717623,0.12,10,26,0.7798367134112537,0.23827473797604487,-0.07999999999999996,10,25,-0.08712030252708869,0.07955953400886864,-0.040000000000000036,10
50,10,0.5,mixed,0.1,0.6,4.048683249461796,0.4907640362910171,0.0,10,24,22.174137712196902,2.3781033144536288,0.040000000000000036,10,26,18.125454462735107,1.8873392781626117,0.040000000000000036,11
50,10,0.5,mixed,0.1,0.6,0.6989346947892681,0.19262973745164413,0.0,10,26,0.5877557551557795,0.14501034680540098,0.0,10,24,-0.11117893963348857,-0.047619390646243154,0.0,12
50,10,0.5,mixed,0.1,0.6,52.5782747631277,5.332511525297071,0.08000000000000007,10,25,16.79601884302804,1.7629661545615793,0.08000000000000007,10,27,-35.78225592009966,-3.569545370735492,0.0,13
50,10,0.5,mixed,0.1,0.6,0.8150760849557612,0.20480335699366062,-0.039999999999999925,10,25,1.3108354087955663,0.35123209534546984,-0.039999999999999925,10,24,0.49575932383980503,0.14642873835180922,0.0,14
50,10,0.5,mixed,0.1,0.6,0.18135519884965376,0.0390150977010724,0.0,10,27,0.518211396795724,0.11564520137295853,0.12,10,28,0.33685619794607025,0.07663010367188614,0.12,15
50,10,0.5,mixed,0.1,0.6,2.598108878354865,0.47992392874600276,-0.12,10,25,0.8958763189706377,0.1401977451235106,-0.039999999999999925,10,25,-1.7022325593842274,-0.3397261836224922,-0.08000000000000007,16
50,10,0.5,mixed,0.1,0.6,0.8274032945970553,0.18039947100251338,-0.039999999999999925,10,24,0.9470209372640273,0.22952633332276395,0.040000000000000036,10,25,0.11961764266697195,0.04912686232025057,1.1102230246251565e-16,17
50,10,0.5,mixed,0.1,0.6,36.4336284697086,4.036302605662987,0.040000000000000036,10,27,110.88698545060025,11.62964240336246,0.0,10,26,74.45335698089164,7.593339797699473,-0.040000000000000036,18
50,10,0.5,mixed,0.1,0.6,2.977008307338044,0.42927462785771964,0.040000000000000036,10,26,2.2695377971805186,0.3782023166901384,0.12,10,25,-0.7074705101575254,-0.051072311167581264,0.07999999999999996,19
50,10,0.5,mixed,0.2,0.6,0.944691238214176,0.14258632770167162,0.12,10,26,1.820996531474972,0.3940062400365942,-0.039999999999999925,10,23,0.8763052932607961,0.25141991233492256,-0.08000000000000007,0
50,10,0.5,mixed,0.2,0.6,4.608040021833886,0.5320244680907661,0.0,10,24,0.9566470972054835,0.213269704228266,-0.039999999999999925,10,25,-3.6513929246284023,-0.3187547638625001,0.039999999999999925,1
50,10,0.5,mixed,0.2,0.6,0.9100499657519462,0.14556990832377176,0.0,10,25,2.0245265343262053,0.37267191783088993,0.0,10,25,1.114476568574259,0.22710200950711817,0.0,2
50,10,0.5,mixed,0.2,0.6,0.5342328254636514,0.1650232049104334,-0.039999999999999925,10,24,0.618738249476174,0.17472698199421832,-0.039999999999999925,10,24,0.08450542401252259,0.00970377708378492,0.0,3
50,10,0.5,mixed,0.2,0.6,1.4114634675258015,0.3192505471094881,0.040000000000000036,10,26,4.059280007124358,0.6736422299876204,-0.07999999999999996,10,24,2.6478165395985567,0.3543916828781323,0.039999999999999925,4
50,10,0.5,mixed,0.2,0.6,0.318048259457576,0.11646718126176214,0.08000000000000007,10,26,0.5576283512123992,0.153426825400866,-0.039999999999999925,10,25,0.2395800917548232,0.03695964413910385,-0.04000000000000015,5
50,10,0.5,mixed,0.2,0.6,3.606856331508769,0.4460734081929084,0.040000000000000036,10,25,0.6646776389083072,0.147265133295498,0.040000000000000036,10,26,-2.9421786926004616,-0.2988082748974104,0.0,6
50,10,0.5,mixed,0.2,0.6,5.697491132357781,0.801794881273295,0.0,10,24,4.4633142919292625,1.0054450832064306,-0.07999999999999996,10,27,-1.2341768404285185,0.20365020193313554,0.07999999999999996,7
50,10,0.5,mixed,0.2,0.6,1.7913234925866592,0.2656539762718295,-0.07999999999999996,10,24,0.7111928168092895,0.2540666123672005,0.0,10,28,-1.0801306757773697,-0.011587363904629,-0.07999999999999996,8
50,10,0.5,mixed,0.2,0.6,0.3582222265564095,0.10145773303661654,0.08000000000000007,10,26,0.2720721942555925,0.1486258616165218,0.08000000000000007,10,30,-0.08615003230081703,0.047168128579905266,0.0,9
50,10,0.5,mixed,0.2,0.6,0.4901759908144972,0.13063503529586312,0.08000000000000007,10,24,1.0087158037893342,0.1493214947820929,0.0,10,25,0.5185398129748371,0.018686459486229767,-0.08000000000000007,10
50,10,0.5,mixed,0.2,0.6,0.22131355113177073,0.06293301532995094,-0.12,10,25,0.3123703566943886,0.12303608601306318,0.0,10,25,0.09105680556261789,0.06010307068311224,-0.12,11
50,10,0.5,mixed,0.2,0.6,0.4559188637862243,0.136174103296757,0.0,10,22,0.39226048937958785,0.08413625961326156,-0.039999999999999925,10,24,-0.06365837440663646,-0.05203784368349544,0.039999999999999925,12
50,10,0.5,mixed,0.2,0.6,1.9544487576392586,0.33706679469402884,0.040000000000000036,10,26,2.984854311019693,0.46929482276888396,0.040000000000000036,10,25,1.0304055533804344,0.13222802807485512,0.0,13
50,10,0.5,mixed,0.2,0.6,1.4152608686800656,0.2043269538714394,-0.07999999999999996,10,25,2.216264646828562,0.29442576787813013,0.040000000000000036,10,23,0.8010037781484964,0.09009881400669073,-0.039999999999999925,14
50,10,0.5,mixed,0.2,0.6,0.9401775567142233,0.21857933108928124,0.0,10,24,2.087143969522157,0.4581984042390338,-0.039999999999999925,10,26,1.1469664128079335,0.23961907314975256,0.039999999999999925,15
50,10,0.5,mixed,0.2,0.6,1.9267380958256413,0.25989988479622717,0.08000000000000007,10,26,6.155607350029246,0.7069762050362219,-0.07999999999999996,10,26,4.228869254203605,0.4470763202399948,-1.1102230246251565e-16,16
50,10,0.5,mixed,0.2,0.6,0.41204563869093375,0.09598729142007995,0.040000000000000036,10,24,1.4098368379682455,0.2723354088463904,-0.12,10,21,0.9977911992773119,0.17634811742631046,0.07999999999999996,17
50,10,0.5,mixed,0.2,0.6,1.0375158098029904,0.2943799989657961,0.08000000000000007,10,26,1.7769799302179443,0.3173552206282161,0.08000000000000007,10,26,0.7394641204149539,0.022975221662419998,0.0,18
50,10,0.5,mixed,0.2,0.6,0.5019847212338185,0.12417588037648848,0.040000000000000036,10,26,0.5522026032536107,0.10274812246454616,-0.039999999999999925,10,24,0.05021788201979216,-0.02142775791194232,-1.1102230246251565e-16,19
50,10,0.5,mixed,0.4,0.6,2.5641581629183325,0.42155336194645,-0.039999999999999925,10,26,7.305310653643992,1.1837506446455055,0.040000000000000036,10,25,4.741152490725659,0.7621972826990555,1.1102230246251565e-16,0
50,10,0.5,mixed,0.4,0.6,0.6167806612282044,0.1446889148848994,0.040000000000000036,10,25,2.941884010301715,0.33914515514112986,0.0,10,26,2.3251033490735105,0.19445624025623046,-0.040000000000000036,1
50,10,0.5,mixed,0.4,0.6,0.9311468615182991,0.14586777258991446,-0.039999999999999925,10,24,5.071115824334378,0.6422604096210169,-0.07999999999999996,10,23,4.139968962816079,0.4963926370311025,0.040000000000000036,2
50,10,0.5,mixed,0.4,0.6,53.327814386919094,5.519044157589916,0.0,10,27,88.94457862239716,8.983721362771934,-0.039999999999999925,10,24,35.616764235478065,3.464677205182018,0.039999999999999925,3
50,10,0.5,mixed,0.4,0.6,3.832491577663075,0.5985650267776763,-0.039999999999999925,10,24,0.6465313757967915,0.1430962524257027,0.0,10,24,-3.1859602018662834,-0.45546877435197364,-0.039999999999999925,4
50,10,0.5,mixed,0.4,0.6,6.808961959543594,0.8812471893091084,0.08000000000000007,10,26,1.3792309675303835,0.31857300985327164,-0.039999999999999925,10,22,-5.42973099201321,-0.5626741794558368,-0.04000000000000015,5
50,10,0.5,mixed,0.4,0.6,5.479760297054447,0.8144754760705183,0.12,10,28,5.485676988368782,0.7950118684691495,-0.039999999999999925,10,23,0.005916691314335587,-0.019463607601368782,-0.08000000000000007,6
50,10,0.5,mixed,0.4,0.6,0.9782724873625238,0.14119476546109516,-0.039999999999999925,10,26,1.2055613157897744,0.24451668975161578,0.08000000000000007,10,27,0.22728882842725062,0.10332192429052062,0.04000000000000015,7
50,10,0.5,mixed,0.4,0.6,2.779109363646565,0.3032984324334199,0.0,10,26,2.181376043964956,0.31628318463318844,0.0,10,23,-0.597733319681609,0.012984752199768523,0.0,8
50,10,0.5,mixed,0.4,0.6,1.1615549016961229,0.15787130185662943,0.0,10,26,0.7668713356590492,0.20000222504507975,0.0,10,27,-0.39468356603707366,0.042130923188450325,0.0,9
50,10,0.5,mixed,0.4,0.6,0.7298132490055504,0.1498493249023892,-0.039999999999999925,10,24,0.7246204841951877,0.16730608249464243,0.040000000000000036,10,26,-0.005192764810362793,0.017456757592253236,1.1102230246251565e-16,10
50,10,0.5,mixed,0.4,0.6,40.22392444500094,4.622013243560671,0.16000000000000003,10,27,29.36829187291962,4.107613950906226,-0.12,10,25,-10.85563257208132,-0.5143992926544447,-0.040000000000000036,11
50,10,0.5,mixed,0.4,0.6,0.5294204311114463,0.1192195646153326,0.0,10,23,2.4541180245919283,0.3736216440239077,0.040000000000000036,10,24,1.924697593480482,0.25440207940857507,0.040000000000000036,12
50,10,0.5,mixed,0.4,0.6,1.241465103830412,0.30801795782196295,0.08000000000000007,10,25,2.0145067081865404,0.30881582500055715,-0.12,10,25,0.7730416043561283,0.0007978671785942026,0.039999999999999925,13
50,10,0.5,mixed,0.4,0.6,0.4305099332435128,0.12562756751874798,0.0,10,25,0.6752952360070695,0.1754939669475757,-0.07999999999999996,10,23,0.24478530276355676,0.04986639942882773,0.07999999999999996,14
50,10,0.5,mixed,0.4,0.6,5.549167444848987,0.8685213586102185,-0.039999999999999925,10,25,5.757155658097692,1.0250331696534958,-0.039999999999999925,10,24,0.2079882132487052,0.15651181104327727,0.0,15
50,10,0.5,mixed,0.4,0.6,2.7253342855357654,0.41618198369960285,0.040000000000000036,10,26,2.911418413300399,0.39774413004504366,0.0,10,25,0.18608412776463368,-0.01843785365455919,-0.040000000000000036,16
50,10,0.5,mixed,0.4,0.6,0.2545556630315083,0.07704348671086,0.0,10,25,0.18731803880798603,0.03161157529624496,0.0,10,24,-0.06723762422352225,-0.04543191141461504,0.0,17
50,10,0.5,mixed,0.4,0.6,0.6814043393851976,0.16947014807515498,-0.24,10,24,1.1155755063152897,0.19448113903756187,0.0,10,25,0.43417116693009206,0.025010990962406887,-0.24,18
50,10,0.5,mixed,0.4,0.6,0.7101705031877807,0.16587236661342988,0.0,10,26,1.445713210022235,0.17648095257301638,0.0,10,24,0.7355427068344542,0.010608585959586497,0.0,19
50,10,0.5,skewed,0.0,0.6,0.48566906636962653,0.18723234281448692,-0.039999999999999925,10,26,0.4256158426175852,0.17789484644518433,0.0,10,24,-0.06005322375204131,-0.00933749636930259,-0.039999999999999925,0
50,10,0.5,skewed,0.0,0.6,0.7374748066578731,0.3442060971228093,-0.07999999999999996,10,23,0.7154990878936189,0.24462249543176048,0.08000000000000007,10,27,-0.021975718764254193,-0.09958360169104882,1.1102230246251565e-16,1
50,10,0.5,skewed,0.0,0.6,0.7751383312941144,0.27678639866040083,-0.039999999999999925,10,23,0.8485980092519546,0.27219367221349866,0.12,10,29,0.07345967795784025,-0.004592726446902173,0.08000000000000007,2
50,10,0.5,skewed,0.0,0.6,0.33210267921293474,0.1445339233579132,-0.07999999999999996,10,25,0.5705883854085937,0.17329711504977632,-0.12,10,22,0.23848570619565895,0.028763191691863116,0.040000000000000036,3
50,10,0.5,skewed,0.0,0.6,0.37638912458136026,0.0974029556443117,-0.12,10,21,0.4910162773660678,0.16260969975430828,-0.12,10,22,0.11462715278470753,0.06520674410999658,0.0,4
50,10,0.5,skewed,0.0,0.6,0.5438661108602432,0.12229848573138083,0.040000000000000036,10,25,0.5079068381871228,0.1416145483224913,-0.07999999999999996,10,22,-0.03595927267312038,0.01931606259111046,0.039999999999999925,5
50,10,0.5,skewed,0.0,0.6,0.5574435657144432,0.19359574047054962,-0.07999999999999996,10,29,0.366282781198376,0.10109493063985928,-0.039999999999999925,10,22,-0.19116078451606722,-0.09250080983069034,-0.040000000000000036,6
50,10,0.5,skewed,0.0,0.6,0.6429442309008985,0.24443676443248483,-0.07999999999999996,10,23,0.7909728329904846,0.20796425496004162,0.040000000000000036,10,25,0.14802860208958613,-0.03647250947244321,-0.039999999999999925,7
50,10,0.5,skewed,0.0,0.6,0.7609174033621496,0.2560907796404294,0.16000000000000003,10,26,0.6409334008697949,0.2295910967463702,0.040000000000000036,10,23,-0.11998400249235475,-0.026499682894059212,-0.12,8
50,10,0.5,skewed,0.0,0.6,0.7110921748688336,0.17130830459259522,-0.07999999999999996,10,23,0.6881441929889831,0.18643235621374904,0.0,10,28,-0.022947981879850476,0.015124051621153822,-0.07999999999999996,9
50,10,0.5,skewed,0.0,0.6,0.9784489643074947,0.32631151906082767,-0.07999999999999996,10,24,0.963342344824052,0.35203851262881164,-0.039999999999999925,10,26,-0.015106619483442718,0.02572699356798397,-0.040000000000000036,10
50,10,0.5,skewed,0.0,0.6,0.6045064036049888,0.17043999803927892,0.040000000000000036,10,22,0.6243160001293206,0.20278141028141677,0.08000000000000007,10,25,0.019809596524331896,0.03234141224213785,0.040000000000000036,11
50,10,0.5,skewed,0.0,0.6,0.3699319393834713,0.16421706428830238,-0.07999999999999996,10,28,0.48381658282529777,0.157443043130476,-0.039999999999999925,10,22,0.11388464344182647,-0.006774021157826382,-0.040000000000000036,12
50,10,0.5,skewed,0.0,0.6,0.4664319497333113,0.1910252035766475,0.0,10,21,0.6136584919936238,0.2458563819297245,0.12,10,27,0.14722654226031245,0.05483117835307699,0.12,13
50,10,0.5,skewed,0.0,0.6,0.5212096521090605,0.2703143335917574,-0.039999999999999925,10,23,0.3966353553138702,0.1569402271931699,-0.15999999999999998,10,25,-0.12457429679519028,-0.11337410639858747,0.12000000000000005,14
50,10,0.5,skewed,0.0,0.6,0.5263993715135149,0.3055938521737779,-0.07999999999999996,10,27,0.6272946279593048,0.306723715466618,-0.039999999999999925,10,23,0.1008952564457899,0.0011298632928400942,-0.040000000000000036,15
50,10,0.5,skewed,0.0,0.6,0.33197311920730627,0.1369723045402383,0.20000000000000007,10,28,0.33551004019287517,0.1632253390074852,0.12,10,27,0.0035369209855689032,0.026253034467246916,-0.08000000000000007,16
50,10,0.5,skewed,0.0,0.6,0.3206905059708608,0.18432369347340935,0.040000000000000036,10,27,0.3712582076140094,0.14384608870899476,-0.12,10,25,0.05056770164314861,-0.04047760476441459,0.07999999999999996,17
50,10,0.5,skewed,0.0,0.6,0.42843661930548516,0.12133912500694104,0.040000000000000036,10,26,0.5563410006804823,0.16325230099854562,0.08000000000000007,10,29,0.12790438137499716,0.04191317599160459,0.040000000000000036,18
50,10,0.5,skewed,0.0,0.6,0.7735909654911414,0.19122614064220259,-0.12,10,23,0.8639153120634047,0.2573988143212106,0.0,10,26,0.09032434657226329,0.066172673679008,-0.12,19
50,10,0.5,skewed,0.1,0.6,0.7665608601643223,0.2174984777008679,-0.12,10,24,0.6698564797593408,0.19476131161847982,0.0,10,25,-0.09670438040498153,-0.02273716608238807,-0.12,0
50,10,0.5,skewed,0.1,0.6,0.6141312154544516,0.2884057576727125,0.040000000000000036,10,24,0.6179383383024457,0.24636025046420987,0.040000000000000036,10,23,0.0038071228479941155,-0.042045507208502614,0.0,1
50,10,0.5,skewed,0.1,0.6,0.8390118812148928,0.311524523785434,0.0,10,23,0.7963041629568407,0.2679307349864438,0.08000000000000007,10,22,-0.042707718258052085,-0.043593788798990174,0.08000000000000007,2
50,10,0.5,skewed,0.1,0.6,0.5838448618498483,0.16340568687540072,0.0,10,24,0.6998338014891577,0.22490034376853746,-0.07999999999999996,10,23,0.11598893963930945,0.06149465689313674,0.07999999999999996,3
50,10,0.5,skewed,0.1,0.6,0.7320965733794177,0.2559537520084753,0.12,10,30,0.6874460300673643,0.21090329717205836,-0.039999999999999925,10,25,-0.044650543312053426,-0.04505045483641695,-0.08000000000000007,4
50,10,0.5,skewed,0.1,0.6,0.5414628876680274,0.2167929941276538,0.040000000000000036,10,24,0.6017227435153825,0.32359547242621733,-0.07999999999999996,10,23,0.06025985584735505,0.10680247829856354,0.039999999999999925,5
50,10,0.5,skewed,0.1,0.6,0.5962986032045103,0.2082575742081695,-0.07999999999999996,10,25,0.3321718040723584,0.18334732025525713,0.0,10,25,-0.2641267991321519,-0.02491025395291238,-0.07999999999999996,6
50,10,0.5,skewed,0.1,0.6,0.8284708100437246,0.22746652635126557,-0.07999999999999996,10,23,0.8756970244096784,0.20626094795177446,0.040000000000000036,10,27,0.04722621436595387,-0.02120557839949111,-0.039999999999999925,7
50,10,0.5,skewed,0.1,0.6,0.4785756172874283,0.19402300629733715,-0.039999999999999925,10,24,0.4946282635699814,0.18822761322547185,0.0,10,24,0.016052646282553096,-0.005795393071865301,-0.039999999999999925,8
50,10,0.5,skewed,0.1,0.6,0.5809702251636794,0.29841466014266904,0.0,10,26,0.5341085723681009,0.20685146525188233,0.0,10,26,-0.04686165279557841,-0.09156319489078671,0.0,9
50,10,0.5,skewed,0.1,0.6,0.6704859004786725,0.27334987031262703,0.040000000000000036,10,30,0.5105581277957143,0.14368663348620112,0.0,10,24,-0.1599277726829582,-0.12966323682642591,-0.040000000000000036,10
50,10,0.5,skewed,0.1,0.6,0.8231006274561451,0.16738864979023926,0.0,10,22,0.9080537183071992,0.18488258856716316,0.08000000000000007,10,24,0.08495309085105407,0.0174939387769239,0.08000000000000007,11
50,10,0.5,skewed,0.1,0.6,0.4405578873170532,0.20702918900253703,0.0,10,21,0.3762489743235865,0.17000428922234073,-0.07999999999999996,10,26,-0.0643089129934667,-0.037024899780196296,0.07999999999999996,12
50,10,0.5,skewed,0.1,0.6,0.6037235317159095,0.31580318162231646,-0.039999999999999925,10,22,0.5586167097326042,0.2854131650243632,-0.039999999999999925,10,24,-0.04510682198330529,-0.030390016597953262,0.0,13
50,10,0.5,skewed,0.1,0.6,0.7297085826677866,0.19512559513315192,0.040000000000000036,10,23,0.7451458023622707,0.22793901615869885,0.20000000000000007,10,25,0.015437219694484083,0.032813421025546935,0.16000000000000003,14
50,10,0.5,skewed,0.1,0.6,0.3761484741264046,0.11286826746882131,0.08000000000000007,10,28,0.3108862228881761,0.12966700057505082,-0.12,10,24,-0.06526225123822854,0.016798733106229508,0.039999999999999925,15
50,10,0.5,skewed,0.1,0.6,0.2476602246497921,0.10500519714171849,0.0,10,25,0.2988872652312438,0.10729307501221344,-0.039999999999999925,10,28,0.05122704058145172,0.0022878778704949476,0.039999999999999925,16
50,10,0.5,skewed,0.1,0.6,0.604983432432358,0.28388744469233124,0.12,10,27,0.41954407958803125,0.20758239301212225,0.040000000000000036,10,25,-0.18543935284432672,-0.07630505168020899,-0.07999999999999996,17
50,10,0.5,skewed,0.1,0.6,0.575177790178237,0.23531023390103895,-0.07999999999999996,10,24,0.40153618963795223,0.21527327247414835,-0.15999999999999998,10,21,-0.17364160054028477,-0.020036961426890598,0.08000000000000002,18
50,10,0.5,skewed,0.1,0.6,0.6290512480776094,0.2092698888399382,-0.039999999999999925,10,26,0.639988618092256,0.15777468672463296,0.08000000000000007,10,28,0.010937370014646675,-0.05149520211530523,0.04000000000000015,19
50,10,0.5,skewed,0.2,0.6,0.2444275287757114,0.12145902013420733,0.0,10,24,0.6573843288840977,0.2110459351792015,0.0,10,26,0.4129568001083863,0.08958691504499418,0.0,0
50,10,0.5,skewed,0.2,0.6,0.8749846408206273,0.2777114649141157,0.040000000000000036,10,24,0.8834598748470136,0.3424727152060678,0.040000000000000036,10,28,0.00847523402638628,0.06476125029195212,0.0,1
50,10,0.5,skewed,0.2,0.6,0.6582738378256519,0.2017009364687327,0.08000000000000007,10,27,0.3450792518536145,0.14330652222775261,0.08000000000000007,10,25,-0.31319458597203736,-0.058394414240980075,0.0,2
50,10,0.5,skewed,0.2,0.6,0.23213983078446762,0.08381292305321832,0.040000000000000036,10,23,0.22639160672429087,0.08433281912655986,0.12,10,29,-0.005748224060176749,0.000519896073341547,0.07999999999999996,3
50,10,0.5,skewed,0.2,0.6,0.2853458899193562,0.1285042093030025,0.0,10,25,0.5137768308896599,0.3016722070822754,-0.15999999999999998,10,18,0.22843094097030364,0.1731679977792729,0.15999999999999998,4
50,10,0.5,skewed,0.2,0.6,0.7427949740043474,0.2789362568415449,-0.039999999999999925,10,23,0.4441380666424973,0.22927251568114393,0.040000000000000036,10,29,-0.2986569073618501,-0.049663741160400954,1.1102230246251565e-16,5
50,10,0.5,skewed,0.2,0.6,0.3419889833514985,0.14134066930278735,-0.039999999999999925,10,24,0.23802531569531893,0.09455503875833446,0.040000000000000036,10,24,-0.10396366765617959,-0.046785630544452894,1.1102230246251565e-16,6
50,10,0.5,skewed,0.2,0.6,0.6246903955305124,0.2515833131474339,-0.07999999999999996,10,22,0.7818717419360651,0.18277505408112737,0.08000000000000007,10,26,0.1571813464055527,-0.0688082590663065,1.1102230246251565e-16,7
50,10,0.5,skewed,0.2,0.6,0.6605611049641408,0.21229526573590501,0.0,10,30,0.6038921919482286,0.21249029094295194,0.16000000000000003,10,26,-0.05666891301591215,0.00019502520704692272,0.16000000000000003,8
50,10,0.5,skewed,0.2,0.6,0.46839006677305867,0.18646686439515012,0.040000000000000036,10,23,0.43202383198145333,0.21925351359584497,0.040000000000000036,10,25,-0.036366234791605334,0.03278664920069485,0.0,9
50,10,0.5,skewed,0.2,0.6,0.6318712384649628,0.2527486772869494,-0.12,10,22,0.7236880178091278,0.1895140798758117,-0.039999999999999925,10,25,0.09181677934416499,-0.06323459741113768,-0.08000000000000007,10
50,10,0.5,skewed,0.2,0.6,0.4746107926679878,0.14920219893487108,0.08000000000000007,10,25,0.5692745053248801,0.21583933727230115,0.16000000000000003,10,28,0.09466371265689233,0.06663713833743007,0.07999999999999996,11
50,10,0.5,skewed,0.2,0.6,0.7336277046243797,0.30672761045033553,0.08000000000000007,10,23,0.4154977018309261,0.2183695979118852,-0.039999999999999925,10,25,-0.31813000279345355,-0.08835801253845033,-0.04000000000000015,12
50,10,0.5,skewed,0.2,0.6,0.5563755403234576,0.22208443961762997,0.08000000000000007,10,27,0.33822306389788326,0.17321175641721487,-0.039999999999999925,10,28,-0.21815247642557434,-0.0488726832004151,-0.04000000000000015,13
50,10,0.5,skewed,0.2,0.6,0.6143340688737565,0.24204956400905217,-0.12,10,24,0.4717496830649255,0.2686288207797151,0.16000000000000003,10,25,-0.14258438580883104,0.026579256770662946,0.040000000000000036,14
50,10,0.5,skewed,0.2,0.6,0.5339569106673948,0.22360500629071298,-0.039999999999999925,10,20,0.27644544731812143,0.14568618878549422,-0.039999999999999925,10,24,-0.2575114633492734,-0.07791881750521876,0.0,15
50,10,0.5,skewed,0.2,0.6,0.6393219319440975,0.313362959918982,0.0,10,27,0.591315612284619,0.25376654200292703,-0.039999999999999925,10,23,-0.048006319659478436,-0.05959641791605497,0.039999999999999925,16
50,10,0.5,skewed,0.2,0.6,0.5845623338985122,0.1629948113258522,0.0,10,24,0.3437601825289326,0.13641416246293256,0.08000000000000007,10,25,-0.2408021513695796,-0.026580648862919637,0.08000000000000007,17
50,10,0.5,skewed,0.2,0.6,0.46991503634691284,0.18531943194454248,-0.07999999999999996,10,24,0.7236415014797487,0.25207338553073627,-0.039999999999999925,10,24,0.25372646513283587,0.06675395358619379,-0.040000000000000036,18
50,10,0.5,skewed,0.2,0.6,0.3209125365835732,0.13440483209238502,0.0,10,23,0.2670829469240101,0.1273299492563839,0.040000000000000036,10,27,-0.05382958965956314,-0.007074882836001106,0.040000000000000036,19
50,10,0.5,skewed,0.4,0.6,0.6694280109119204,0.2827294466394052,0.08000000000000007,10,28,0.6265140450891913,0.3017818631574667,-0.12,10,23,-0.042913965822729105,0.0190524165180615,0.039999999999999925,0
50,10,0.5,skewed,0.4,0.6,0.48283812180865443,0.21139008296399794,0.0,10,23,0.569136095051198,0.340328112853728,-0.07999999999999996,10,24,0.08629797324254357,0.12893802988973005,0.07999999999999996,1
50,10,0.5,skewed,0.4,0.6,0.6562794422542909,0.24468121751752467,0.040000000000000036,10,28,0.5336902078243767,0.16297422426716815,0.0,10,27,-0.1225892344299142,-0.08170699325035652,-0.040000000000000036,2
50,10,0.5,skewed,0.4,0.6,0.39974548313999037,0.20946851284871784,-0.039999999999999925,10,25,0.5234765066594261,0.2231537259779302,-0.07999999999999996,10,21,0.12373102351943577,0.013685213129212365,0.040000000000000036,3
50,10,0.5,skewed,0.4,0.6,0.5186686515174668,0.17338262315849054,0.16000000000000003,10,28,0.8272754193089226,0.26706387594558645,-0.12,10,24,0.3086067677914558,0.09368125278709591,-0.040000000000000036,4
50,10,0.5,skewed,0.4,0.6,0.4076518099349193,0.16813874883234534,-0.039999999999999925,10,23,0.48103171718441956,0.2757219608380223,0.08000000000000007,10,25,0.07337990724950028,0.10758321200567697,0.04000000000000015,5
50,10,0.5,skewed,0.4,0.6,0.6409567878706337,0.19278337813315272,0.08000000000000007,10,25,0.6135398842523231,0.17503254164026777,0.12,10,27,-0.027416903618310617,-0.017750836492884947,0.039999999999999925,6
50,10,0.5,skewed,0.4,0.6,0.4233544874208668,0.14837403326826493,-0.039999999999999925,10,25,0.4371292730087443,0.1447949610226929,-0.039999999999999925,10,22,0.013774785587877536,-0.0035790722455720236,0.0,7
50,10,0.5,skewed,0.4,0.6,0.5318172407450296,0.2257827585790627,0.0,10,22,0.5365515969173565,0.2300090652487968,-0.07999999999999996,10,23,0.004734356172326981,0.0042263066697341145,0.07999999999999996,8
50,10,0.5,skewed,0.4,0.6,0.47144707549912634,0.15983280967241018,0.0,10,24,0.5382572178156962,0.13579995323654134,0.16000000000000003,10,28,0.0668101423165699,-0.024032856435868832,0.16000000000000003,9
50,10,0.5,skewed,0.4,0.6,0.611290426655857,0.223460676534537,-0.039999999999999925,10,25,0.649831897933362,0.24923874793522724,0.20000000000000007,10,28,0.03854147127750507,0.025778071400690244,0.16000000000000014,10
50,10,0.5,skewed,0.4,0.6,0.7832939243259852,0.3758277024984415,-0.12,10,19,0.6246115196291088,0.3152744514068414,0.08000000000000007,10,28,-0.15868240469687644,-0.06055325109160009,-0.039999999999999925,11
50,10,0.5,skewed,0.4,0.6,0.4021532201324109,0.1798063118135204,0.0,10,25,0.5051135079845304,0.24229922466168743,-0.039999999999999925,10,27,0.10296028785211947,0.06249291284816705,0.039999999999999925,12
50,10,0.5,skewed,0.4,0.6,0.4950591645844257,0.1795488220545757,-0.039999999999999925,10,26,0.39098666605630295,0.18204645164742272,0.0,10,24,-0.10407249852812278,0.0024976295928470227,-0.039999999999999925,13
50,10,0.5,skewed,0.4,0.6,0.7409805835180124,0.26379069639908465,-0.039999999999999925,10,25,0.6689653897236911,0.25646515302579853,0.040000000000000036,10,23,-0.07201519379432131,-0.007325543373286114,1.1102230246251565e-16,14
50,10,0.5,skewed,0.4,0.6,0.5567935570992092,0.17374524663878055,0.040000000000000036,10,27,0.45054841390215083,0.14700707221305143,0.12,10,27,-0.10624514319705836,-0.026738174425729122,0.07999999999999996,15
50,10,0.5,skewed,0.4,0.6,0.4749591165143772,0.15957182008347723,0.08000000000000007,10,25,0.5435498119950141,0.1753938560609398,0.0,10,29,0.06859069548063684,0.015822035977462567,-0.08000000000000007,16
50,10,0.5,skewed,0.4,0.6,0.6942352304562509,0.35282834448906375,-0.07999999999999996,10,21,0.6295067325633311,0.25062678464586546,0.20000000000000007,10,28,-0.06472849789291979,-0.10220155984319829,0.1200000000000001,17
50,10,0.5,skewed,0.4,0.6,0.4036974038042472,0.20665708704927593,-0.039999999999999925,10,25,0.5427221395753467,0.20826631569659942,0.08000000000000007,10,25,0.13902473577109947,0.0016092286473234907,0.04000000000000015,18
50,10,0.5,skewed,0.4,0.6,0.2006287795910249,0.12085265540215932,0.040000000000000036,10,25,0.5207484271142448,0.1824084769198234,-0.07999999999999996,10,23,0.32011964752322,0.061555821517664075,0.039999999999999925,19
50,10,0.5,correlated,0.0,0.6,1.2994581688931224,0.5251452482583892,-0.039999999999999925,10,27,2.5219498436235757,0.6682256208352821,-0.12,10,23,1.2224916747304533,0.143080372576893,0.08000000000000007,0
50,10,0.5,correlated,0.0,0.6,0.4674887312282392,0.17701968200839233,-0.07999999999999996,10,22,0.11037832331975399,0.07412036862050386,0.20000000000000007,10,31,-0.3571104079084852,-0.10289931338788846,0.1200000000000001,1
50,10,0.5,correlated,0.0,0.6,3.723044965981268,0.6946357297117696,-0.15999999999999998,10,22,3.7257945874605674,0.8955581034538896,0.040000000000000036,10,28,0.002749621479299247,0.20092237374212008,-0.11999999999999994,2
50,10,0.5,correlated,0.0,0.6,9.484749730986497,1.2614455530562956,-0.07999999999999996,10,25,5.252351701494059,0.900969482772591,0.0,10,24,-4.232398029492438,-0.36047607028370454,-0.07999999999999996,3
50,10,0.5,correlated,0.0,0.6,1.6031622266624848,0.5213477638386084,0.040000000000000036,10,26,1.6625527469540264,0.5441348022770958,0.20000000000000007,10,30,0.05939052029154168,0.022787038438487395,0.16000000000000003,4
50,10,0.5,correlated,0.0,0.6,7.091160235822466,1.5651149786392944,0.040000000000000036,10,23,14.661521197620168,3.5996656837403167,-0.07999999999999996,10,26,7.570360961797702,2.0345507051010223,0.039999999999999925,5
50,10,0.5,correlated,0.0,0.6,1.584380035272057,0.6101530925632509,0.0,10,26,3.239953104778664,1.083561598421872,0.040000000000000036,10,24,1.6555730695066069,0.47340850585862115,0.040000000000000036,6
50,10,0.5,correlated,0.0,0.6,5.714013500311344,1.2537849265003165,0.08000000000000007,10,28,1.2778463519555407,0.41259755029491146,0.040000000000000036,10,29,-4.436167148355803,-0.841187376205405,-0.040000000000000036,7
50,10,0.5,correlated,0.0,0.6,15.629388266781236,5.029176521413873,0.20000000000000007,10,31,1.9272657987908943,0.7941157191304551,-0.12,10,21,-13.70212246799034,-4.235060802283417,-0.08000000000000007,8
50,10,0.5,correlated,0.0,0.6,0.3973355102480619,0.17635955476858536,-0.07999999999999996,10,20,0.9384177307379141,0.2715526615443069,0.0,10,24,0.5410822204898522,0.09519310677572154,-0.07999999999999996,9
50,10,0.5,correlated,0.0,0.6,58.63935980186674,6.934595149499169,-0.12,10,22,2.841888172546598,0.6377491311758818,0.0,10,27,-55.79747162932014,-6.296846018323287,-0.12,10
50,10,0.5,correlated,0.0,0.6,1.7124362754528568,0.6171576733566317,0.0,10,26,3.6020340115686778,0.7906676743442066,0.040000000000000036,10,28,1.889597736115821,0.17351000098757485,0.040000000000000036,11
50,10,0.5,correlated,0.0,0.6,0.9085416933307472,0.45871737466925655,0.16000000000000003,10,28,14.82303026613044,2.487265176826246,0.0,10,25,13.914488572799693,2.0285478021569894,-0.16000000000000003,12
50,10,0.5,correlated,0.0,0.6,5.5428074251201735,1.000236430715552,0.040000000000000036,10,28,6.5494548662248135,1.1065678840446205,-0.12,10,24,1.00664744110464,0.10633145332906846,0.07999999999999996,13
50,10,0.5,correlated,0.0,0.6,2.332259361528205,0.7184466669910072,0.0,10,27,2.853988225376709,0.6792442474051147,-0.039999999999999925,10,26,0.5217288638485043,-0.039202419585892545,0.039999999999999925,14
50,10,0.5,correlated,0.0,0.6,9.276997470861481,1.671760823735833,0.12,10,28,7.181753175044921,2.424016537616058,-0.07999999999999996,10,21,-2.09524429581656,0.7522557138802248,-0.040000000000000036,15
50,10,0.5,correlated,0.0,0.6,27.869765622155136,4.178060479685936,0.0,10,25,13.495507420022374,1.9113703838123801,-0.12,10,23,-14.374258202132761,-2.266690095873556,0.12,16
50,10,0.5,correlated,0.0,0.6,18.220458579075498,3.6617954712058207,-0.12,10,22,41.10548132911538,8.885741464172728,0.0,10,23,22.88502275003988,5.223945992966907,-0.12,17
50,10,0.5,correlated,0.0,0.6,0.6660306674652814,0.2686293138731812,-0.07999999999999996,10,21,3.296260733567851,1.2642955575133432,-0.27999999999999997,10,16,2.6302300661025697,0.995666243640162,0.2,18
50,10,0.5,correlated,0.0,0.6,1.0107179659209136,0.37894365625988924,-0.07999999999999996,10,21,0.6296072299544974,0.2979976369040795,0.0,10,25,-0.3811107359664162,-0.08094601935580975,-0.07999999999999996,19
50,10,0.5,correlated,0.1,0.6,0.7314387586361786,0.3074582361131176,-0.15999999999999998,10,21,0.5053129325883089,0.20949650865869612,0.0,10,29,-0.22612582604786968,-0.0979617274544215,-0.15999999999999998,0
50,10,0.5,correlated,0.1,0.6,3.6557446996742793,0.7197996514250848,0.12,10,36,5.45757764834349,0.7700871948921647,0.08000000000000007,10,27,1.8018329486692104,0.050287543467079865,-0.039999999999999925,1
50,10,0.5,correlated,0.1,0.6,0.33202765455800004,0.13902892882815557,0.040000000000000036,10,25,0.47072805494733794,0.20239776630207057,-0.07999999999999996,10,24,0.1387004003893379,0.063368837473915,0.039999999999999925,2
50,10,0.5,correlated,0.1,0.6,7.461991871468532,2.0104893291868984,0.040000000000000036,10,28,7.676233764645508,2.1467969538481446,0.12,10,27,0.2142418931769754,0.13630762466124624,0.07999999999999996,3
50,10,0.5,correlated,0.1,0.6,2.1075448596655093,0.6009044995737305,-0.039999999999999925,10,23,4.004442322519834,1.129569999531603,0.040000000000000036,10,27,1.8968974628543247,0.5286654999578726,1.1102230246251565e-16,4
50,10,0.5,correlated,0.1,0.6,3.050133571405475,0.8751264206955371,0.08000000000000007,10,29,1.8737172154810937,0.9188378141365675,0.040000000000000036,10,27,-1.1764163559243814,0.043711393441030366,-0.040000000000000036,5
50,10,0.5,correlated,0.1,0.6,1.4392426482503213,0.5852243280948908,-0.039999999999999925,10,22,0.5799914913015957,0.2642905348073598,-0.12,10,21,-0.8592511569487257,-0.32093379328753097,0.08000000000000007,6
50,10,0.5,correlated,0.1,0.6,4.471876593195998,1.134974482588661,0.12,10,27,1.3012330186114174,0.4908794854902297,0.040000000000000036,10,28,-3.170643574584581,-0.6440949970984313,-0.07999999999999996,7
50,10,0.5,correlated,0.1,0.6,1.5154984661616617,0.5466927771989549,0.0,10,26,6.041708259608543,2.7798393834457604,0.0,10,28,4.526209793446881,2.2331466062468053,0.0,8
50,10,0.5,correlated,0.1,0.6,2.1180697023249655,1.1067986676572519,0.0,10,24,6.308435428717597,2.8615525525202417,-0.12,10,17,4.190365726392631,1.7547538848629898,0.12,9
50,10,0.5,correlated,0.1,0.6,53.02055622454954,6.130887508171471,-0.039999999999999925,10,23,199.84487767945058,20.683187752941407,0.0,10,28,146.82432145490105,14.552300244769937,-0.039999999999999925,10
50,10,0.5,correlated,0.1,0.6,5.510889587534251,1.5141408592198236,0.12,10,28,7.227480611077249,1.1771830926006062,-0.07999999999999996,10,22,1.716591023542998,-0.3369577666192174,-0.040000000000000036,11
50,10,0.5,correlated,0.1,0.6,6.135324862919085,1.8701796224904594,-0.07999999999999996,10,22,2.817697218429136,0.6360637445280124,0.08000000000000007,10,26,-3.3176276444899493,-1.234115877962447,1.1102230246251565e-16,12
50,10,0.5,correlated,0.1,0.6,1930.0570592739446,194.1875233521078,0.16000000000000003,10,24,1164.2127254850461,118.28160915105268,-0.15999999999999998,10,20,-765.8443337888984,-75.90591420105513,-5.551115123125783e-17,13
50,10,0.5,correlated,0.1,0.6,14.340500173937526,1.9082413176672701,0.0,10,23,27.942254796243105,4.1205208785764675,-0.039999999999999925,10,27,13.60175462230558,2.2122795609091974,0.039999999999999925,14
50,10,0.5,correlated,0.1,0.6,38.35281611409957,5.973998782627053,-0.07999999999999996,10,20,5.220157452075843,1.0282968518720226,0.08000000000000007,10,26,-33.13265866202372,-4.94570193075503,1.1102230246251565e-16,15
50,10,0.5,correlated,0.1,0.6,21.50438119659367,3.586810857253339,0.0,10,24,15.518036256753586,3.3425585565941445,0.0,10,24,-5.986344939840084,-0.24425230065919434,0.0,16
50,10,0.5,correlated,0.1,0.6,0.27120265035587415,0.10587635163969115,0.28,10,32,0.4286919256442993,0.2883777822858642,0.20000000000000007,10,31,0.15748927528842516,0.18250143064617302,-0.07999999999999996,17
50,10,0.5,correlated,0.1,0.6,4.349935065489996,0.6796468560628423,0.24,10,31,2.7289799984538003,0.7066589201566867,0.040000000000000036,10,28,-1.6209550670361956,0.02701206409384449,-0.19999999999999996,18
50,10,0.5,correlated,0.1,0.6,3.328206950489614,0.6794895093818094,0.0,10,24,1.6315255263656645,0.5508056511371083,-0.039999999999999925,10,23,-1.6966814241239494,-0.12868385824470108,0.039999999999999925,19
50,10,0.5,correlated,0.2,0.6,15.843965824693464,3.5353426104761008,0.0,10,24,12.825319017060675,2.9961468945927328,0.040000000000000036,10,28,-3.0186468076327895,-0.539195715883368,0.040000000000000036,0
50,10,0.5,correlated,0.2,0.6,16.528860936913294,3.290861934071228,0.040000000000000036,10,24,25.24248094610833,5.11516695156485,0.0,10,23,8.713620009195036,1.8243050174936224,-0.040000000000000036,1
50,10,0.5,correlated,0.2,0.6,3.426442165707941,1.6039152479215901,-0.039999999999999925,10,24,4.558158388523754,1.4046553981690093,0.08000000000000007,10,26,1.1317162228158133,-0.19925984975258082,0.04000000000000015,2
50,10,0.5,correlated,0.2,0.6,21.398170487029677,4.856274151655596,-0.07999999999999996,10,21,7.350753411253449,2.7699878158914486,0.0,10,27,-14.047417075776227,-2.086286335764147,-0.07999999999999996,3
50,10,0.5,correlated,0.2,0.6,2.425424538433198,0.7760183040146839,0.0,10,25,0.9765144656827236,0.4384827901889318,0.0,10,28,-1.4489100727504745,-0.33753551382575203,0.0,4
50,10,0.5,correlated,0.2,0.6,1.1497248061836147,0.3504056155247186,-0.19999999999999996,10,19,3.231517313107785,0.8422725724396051,-0.039999999999999925,10,23,2.0817925069241703,0.49186695691488647,-0.16000000000000003,5
50,10,0.5,correlated,0.2,0.6,0.5938770221833993,0.3332777808141754,-0.039999999999999925,10,22,0.3641716684054742,0.19809190038375707,-0.039999999999999925,10,21,-0.22970535377792511,-0.13518588043041835,0.0,6
50,10,0.5,correlated,0.2,0.6,22.597785537114454,3.7608621283706904,0.040000000000000036,10,24,6.630022777956826,1.734776476263607,0.12,10,29,-15.967762759157628,-2.026085652107083,0.07999999999999996,7
50,10,0.5,correlated,0.2,0.6,2.738021517449269,0.8509226200710092,0.040000000000000036,10,24,3.056792300846884,1.104736334893508,0.0,10,28,0.318770783397615,0.2538137148224988,-0.040000000000000036,8
50,10,0.5,correlated,0.2,0.6,4.794817526286009,2.4778235201609866,0.0,10,22,9.308355095007963,3.7456314075584323,-0.19999999999999996,10,20,4.513537568721954,1.2678078873974457,0.19999999999999996,9
50,10,0.5,correlated,0.2,0.6,1.7161375158358578,0.7342972235917845,0.0,10,28,3.2696318946536445,0.7376109415461385,0.08000000000000007,10,28,1.5534943788177866,0.0033137179543539785,0.08000000000000007,10
50,10,0.5,correlated,0.2,0.6,12.944532232726905,2.958433396622683,0.040000000000000036,10,26,4.956516388367013,0.9335939829500676,0.0,10,27,-7.988015844359892,-2.0248394136726153,-0.040000000000000036,11
50,10,0.5,correlated,0.2,0.6,2.752566477204769,0.7691287742132962,-0.12,10,16,19.75583535979639,2.603454421107974,-0.12,10,22,17.00326888259162,1.8343256468946778,0.0,12
50,10,0.5,correlated,0.2,0.6,4.06104728598421,1.1508175656971529,0.08000000000000007,10,26,2.1620164857396014,0.7901688785155774,-0.15999999999999998,10,17,-1.8990308002446086,-0.3606486871815755,0.0799999999999999,13
50,10,0.5,correlated,0.2,0.6,1.67321384586074,0.5211471631103273,0.16000000000000003,10,32,3.765677156818713,1.0739556072597598,0.08000000000000007,10,27,2.0924633109579727,0.5528084441494325,-0.07999999999999996,14
50,10,0.5,correlated,0.2,0.6,0.7731965097909926,0.3066081114038801,0.040000000000000036,10,24,0.41582609524049874,0.1485686911912915,0.0,10,24,-0.3573704145504939,-0.1580394202125886,-0.040000000000000036,15
50,10,0.5,correlated,0.2,0.6,40.84539967490142,4.8977577925074955,-0.039999999999999925,10,23,13.121838152049643,1.7746240567141343,0.0,10,24,-27.72356152285178,-3.1231337357933615,-0.039999999999999925,16
50,10,0.5,correlated,0.2,0.6,3.937451619477837,0.6469772517287187,0.0,10,24,5.217261875333018,0.7875358484232271,-0.12,10,22,1.2798102558551814,0.14055859669450843,0.12,17
50,10,0.5,correlated,0.2,0.6,7.819130467010611,1.2516394062512828,-0.15999999999999998,10,20,3.2295546078259676,0.5446200777634627,0.08000000000000007,10,24,-4.589575859184643,-0.7070193284878201,-0.0799999999999999,18
50,10,0.5,correlated,0.2,0.6,43.05230154087233,6.497788204221003,-0.039999999999999925,10,26,6.074815030243479,1.1116942674137738,0.12,10,29,-36.97748651062885,-5.386093936807229,0.08000000000000007,19
50,10,0.5,correlated,0.4,0.6,3.316286516654924,1.0375829462905997,-0.039999999999999925,10,20,1.7702344550466176,0.39315583277216215,0.040000000000000036,10,25,-1.5460520616083064,-0.6444271135184375,1.1102230246251565e-16,0
50,10,0.5,correlated,0.4,0.6,0.625804099179942,0.3309174662640583,0.040000000000000036,10,26,1.0539596176111603,0.33406711765485875,0.12,10,25,0.42815551843121835,0.003149651390800423,0.07999999999999996,1
50,10,0.5,correlated,0.4,0.6,7.8122583133596,1.8007857129786917,0.040000000000000036,10,28,2.983979380673528,0.7948343817400441,-0.039999999999999925,10,25,-4.8282789326860724,-1.0059513312386477,-1.1102230246251565e-16,2
50,10,0.5,correlated,0.4,0.6,1.4449214040052365,0.624707456633815,-0.12,10,20,1.2617386993503952,0.4207831786483399,0.12,10,28,-0.18318270465484132,-0.20392427798547508,0.0,3
50,10,0.5,correlated,0.4,0.6,1.0244559972939475,0.4896495401253665,-0.039999999999999925,10,22,1.5174341048137985,0.3852140235496693,-0.07999999999999996,10,24,0.49297810751985094,-0.10443551657569716,0.040000000000000036,4
50,10,0.5,correlated,0.4,0.6,4.449132139769226,1.5941387596904275,-0.24,10,19,6.2753768425265495,1.8111120127749878,0.20000000000000007,10,34,1.8262447027573234,0.21697325308456028,-0.039999999999999925,5
50,10,0.5,correlated,0.4,0.6,9.577379695069846,1.5387137812084701,-0.12,10,21,30.349971532731153,4.743731336407366,-0.039999999999999925,10,23,20.77259183766131,3.2050175551988964,-0.08000000000000007,6
50,10,0.5,correlated,0.4,0.6,46.685095029283254,6.452390071268131,0.16000000000000003,10,31,10.467102323232288,2.5482286874414255,0.12,10,29,-36.217992706050964,-3.9041613838267057,-0.040000000000000036,7
50,10,0.5,correlated,0.4,0.6,3.6421514058277795,0.8090700796644903,0.040000000000000036,10,22,5.093124950284449,1.3150977632280592,0.0,10,29,1.4509735444566694,0.5060276835635689,-0.040000000000000036,8
50,10,0.5,correlated,0.4,0.6,161.5523660277982,20.896904918160722,0.0,10,26,240.18548110772915,32.31078845477331,0.16000000000000003,10,30,78.63311507993095,11.413883536612587,0.16000000000000003,9
50,10,0.5,correlated,0.4,0.6,4.748906489682552,0.8129637491398375,-0.039999999999999925,10,21,10.415382712883426,2.0559402589512086,-0.07999999999999996,10,23,5.666476223200874,1.242976509811371,0.040000000000000036,10
50,10,0.5,correlated,0.4,0.6,3.4788050814354854,1.1796727730945595,-0.039999999999999925,10,22,5.928377119475186,1.3034348812677834,-0.039999999999999925,10,24,2.449572038039701,0.12376210817322386,0.0,11
50,10,0.5,correlated,0.4,0.6,6.980550380346397,1.3664085910106896,0.040000000000000036,10,29,28.233020565978578,4.359439908688285,-0.19999999999999996,10,19,21.25247018563218,2.993031317677595,0.15999999999999992,12
50,10,0.5,correlated,0.4,0.6,1.8059031953436455,0.47858561097601227,0.0,10,28,1.2986180770216584,0.4292884139474906,-0.039999999999999925,10,23,-0.5072851183219871,-0.049297197028521644,0.039999999999999925,13
50,10,0.5,correlated,0.4,0.6,2.9751239351819376,0.95057007866997,-0.27999999999999997,10,15,4.593377689994583,1.7897830181432355,0.08000000000000007,10,27,1.618253754812645,0.8392129394732655,-0.1999999999999999,14
50,10,0.5,correlated,0.4,0.6,3.4770315570053834,1.1357883315178179,0.08000000000000007,10,27,58.81465221346721,6.410546504139475,-0.039999999999999925,10,25,55.33762065646183,5.274758172621658,-0.04000000000000015,15
50,10,0.5,correlated,0.4,0.6,1.0720316536303862,0.3778828064409909,0.040000000000000036,10,27,0.1863623335593856,0.09698965319624855,-0.12,10,22,-0.8856693200710006,-0.2808931532447424,0.07999999999999996,16
50,10,0.5,correlated,0.4,0.6,5.032983631370106,1.4013024764114272,-0.07999999999999996,10,23,1.392060295019177,0.610028167947171,0.08000000000000007,10,25,-3.6409233363509292,-0.7912743084642563,1.1102230246251565e-16,17
50,10,0.5,correlated,0.4,0.6,0.43664001033158484,0.13583619043437561,-0.07999999999999996,10,24,1.3117220310978825,0.8406013275926931,0.16000000000000003,10,32,0.8750820207662977,0.7047651371583175,0.08000000000000007,18
50,10,0.5,correlated,0.4,0.6,1.1388833006141474,0.4591223318661476,-0.19999999999999996,10,21,0.8372144080948904,0.2652978616745708,0.08000000000000007,10,26,-0.301668892519257,-0.19382447019157678,-0.11999999999999988,19
50,10,0.8,mixed,0.0,0.6,1.8136474718739732,0.23294405869846574,0.0,10,40,0.26303441011723877,0.08157759679606362,0.0,10,41,-1.5506130617567344,-0.1513664619024021,0.0,0
50,10,0.8,mixed,0.0,0.6,1.4920198265061768,0.3116762353197129,0.025000000000000022,10,41,1.7764029563542658,0.23084041630357222,0.025000000000000022,10,42,0.284383129848089,-0.08083581901614068,0.0,1
50,10,0.8,mixed,0.0,0.6,0.5074363948741887,0.08611368613730812,0.025000000000000022,10,40,0.2924372303272626,0.10053036917165747,0.09999999999999998,10,44,-0.21499916454692608,0.014416683034349356,0.07499999999999996,2
50,10,0.8,mixed,0.0,0.6,1.9081390413328132,0.4208797468104167,0.025000000000000022,10,41,0.8928420184047998,0.1883491772676558,-0.025000000000000022,10,39,-1.0152970229280134,-0.23253056954276088,0.0,3
50,10,0.8,mixed,0.0,0.6,5.716726215813769,0.630583857453218,-0.025000000000000022,10,41,1.648848430556105,0.31682597312194266,0.025000000000000022,10,38,-4.067877785257664,-0.3137578843312753,0.0,4
50,10,0.8,mixed,0.0,0.6,0.3026320218408794,0.09302864307712978,0.025000000000000022,10,41,0.4119129082815303,0.1219744945048018,0.0,10,38,0.10928088644065093,0.028945851427672017,-0.025000000000000022,5
50,10,0.8,mixed,0.0,0.6,2.1307140026399614,0.32950125561187227,0.0,10,41,2.0240246871350536,0.28178627923372346,-0.04999999999999993,10,41,-0.10668931550490779,-0.04771497637814881,0.04999999999999993,6
50,10,0.8,mixed,0.0,0.6,0.5398945648363163,0.15211153359628438,-0.025000000000000022,10,39,0.9785216515461991,0.1879302388418749,-0.025000000000000022,10,40,0.4386270867098828,0.035818705245590526,0.0,7
50,10,0.8,mixed,0.0,0.6,0.5226905039415075,0.0963281499000655,0.0,10,40,0.08970252912014702,0.028465050264845065,-0.025000000000000022,10,40,-0.4329879748213605,-0.06786309963522043,0.025000000000000022,8
50,10,0.8,mixed,0.0,0.6,3.898137278256242,0.6730757106359626,0.050000000000000044,10,41,6.142712551227701,0.9779071180685275,0.025000000000000022,10,42,2.2445752729714594,0.30483140743256487,-0.025000000000000022,9
50,10,0.8,mixed,0.0,0.6,0.30461074415411027,0.09793256512098655,0.025000000000000022,10,41,0.18988375424060944,0.04259543288159516,-0.04999999999999993,10,41,-0.11472698991350083,-0.05533713223939139,0.02499999999999991,10
50,10,0.8,mixed,0.0,0.6,0.6650467515536927,0.10125294339928634,0.0,10,41,0.23651320813970816,0.053641997416472506,0.0,10,40,-0.4285335434139846,-0.04761094598281383,0.0,11
50,10,0.8,mixed,0.0,0.6,19.373080445664353,2.24094560758204,0.050000000000000044,10,43,35.6144371661392,3.6430853734009907,0.025000000000000022,10,40,16.241356720474844,1.4021397658189505,-0.025000000000000022,12
50,10,0.8,mixed,0.0,0.6,0.6910177802367631,0.1034238100803597,0.0,10,38,0.6798776251381663,0.11715745216012166,0.025000000000000022,10,42,-0.011140155098596782,0.013733642079761965,0.025000000000000022,13
50,10,0.8,mixed,0.0,0.6,0.12474823072265981,0.04346123107469703,0.0,10,39,0.30188313573246817,0.09629952689900731,0.050000000000000044,10,41,0.17713490500980836,0.05283829582431028,0.050000000000000044,14
50,10,0.8,mixed,0.0,0.6,0.9088301898787612,0.22284948622756368,0.050000000000000044,10,43,0.2707967030921471,0.0842755471206568,-0.025000000000000022,10,41,-0.6380334867866141,-0.13857393910690688,-0.025000000000000022,15
50,10,0.8,mixed,0.0,0.6,0.6153124581657967,0.12051833870564943,0.025000000000000022,10,37,0.757291075551136,0.1122023739756746,0.0,10,40,0.14197861738533923,-0.008315964729974826,-0.025000000000000022,16
50,10,0.8,mixed,0.0,0.6,0.792127566459456,0.12302775496612348,0.0,10,40,0.5281087663158363,0.08244767606219545,0.07500000000000007,10,41,-0.2640188001436198,-0.04058007890392802,0.07500000000000007,17
50,10,0.8,mixed,0.0,0.6,0.05554457835491252,0.022298886980224114,0.050000000000000044,10,42,1.2288591232999977,0.14922575573870936,0.0,10,39,1.1733145449450852,0.12692686875848525,-0.050000000000000044,18
50,10,0.8,mixed,0.0,0.6,1.1505163504552418,0.17766043836838333,0.025000000000000022,10,38,0.5550062504363705,0.13833723986877952,0.07500000000000007,10,43,-0.5955101000188713,-0.039323198499603806,0.050000000000000044,19
50,10,0.8,mixed,0.1,0.6,3.7102586390809846,0.49404904766458124,-0.04999999999999993,10,39,1.6689923589970488,0.30472520219261,-0.025000000000000022,10,41,-2.041266280083936,-0.18932384547197123,-0.02499999999999991,0
50,10,0.8,mixed,0.1,0.6,0.4619213076557422,0.11172832969848494,-0.025000000000000022,10,41,0.3382001781248825,0.1211585892622298,0.025000000000000022,10,43,-0.12372112953085967,0.009430259563744867,0.0,1
50,10,0.8,mixed,0.1,0.6,0.19934024908714493,0.08443219735028706,0.050000000000000044,10,42,0.696469142024243,0.13510092612311814,0.07500000000000007,10,40,0.4971288929370981,0.05066872877283107,0.025000000000000022,2
50,10,0.8,mixed,0.1,0.6,0.3611132966853742,0.05800372424457047,0.050000000000000044,10,41,0.2923304181571571,0.08807188842897803,-0.025000000000000022,10,39,-0.06878287852821707,0.030068164184407567,-0.025000000000000022,3
50,10,0.8,mixed,0.1,0.6,0.7645627278338337,0.13464858821503362,0.0,10,42,0.23842747356180174,0.0885051726629194,0.07500000000000007,10,43,-0.526135254272032,-0.04614341555211421,0.07500000000000007,4
50,10,0.8,mixed,0.1,0.6,2.935671808038561,0.41056265636164657,-0.025000000000000022,10,40,5.455733613575709,0.6588147951952351,0.0,10,39,2.5200618055371478,0.24825213883358854,-0.025000000000000022,5
50,10,0.8,mixed,0.1,0.6,0.39838764824243267,0.0980439234357014,0.0,10,40,0.4248469517008068,0.12846538739250937,0.025000000000000022,10,41,0.026459303458374106,0.030421463956807976,0.025000000000000022,6
50,10,0.8,mixed,0.1,0.6,0.7220521815131123,0.13587021873039737,0.025000000000000022,10,40,0.6128094330078497,0.09817692852684305,0.0,10,40,-0.10924274850526261,-0.03769329020355432,-0.025000000000000022,7
50,10,0.8,mixed,0.1,0.6,1.1971076953393898,0.19444709464282275,-0.025000000000000022,10,40,2.234298083815701,0.29556794760373184,-0.025000000000000022,10,40,1.0371903884763112,0.10112085296090909,0.0,8
50,10,0.8,mixed,0.1,0.6,0.1364229231757064,0.04199934171121226,0.0,10,41,3.0027389410666228,0.3199923804703429,0.0,10,41,2.866316017890916,0.2779930387591306,0.0,9
50,10,0.8,mixed,0.1,0.6,2.5646995123249265,0.3805869268267207,-0.025000000000000022,10,39,11.376169175589155,1.2341077465362316,0.0,10,43,8.811469663264228,0.8535208197095109,-0.025000000000000022,10
50,10,0.8,mixed,0.1,0.6,1.8009094863672173,0.2798885492136342,-0.025000000000000022,10,39,4.132420096610741,0.6488268851710177,-0.025000000000000022,10,37,2.331510610243524,0.3689383359573835,0.0,11
50,10,0.8,mixed,0.1,0.6,0.9782670913113081,0.2030729374868089,0.050000000000000044,10,41,0.6133384295339444,0.12357859893424836,0.0,10,40,-0.3649286617773637,-0.07949433855256055,-0.050000000000000044,12
50,10,0.8,mixed,0.1,0.6,1.5755326538068457,0.24143168802482612,-0.025000000000000022,10,38,0.35493116850493384,0.09901183395589393,0.025000000000000022,10,43,-1.2206014853019118,-0.1424198540689322,0.0,13
50,10,0.8,mixed,0.1,0.6,0.2333116931023048,0.08496102408936325,0.025000000000000022,10,40,0.2926153861778114,0.07625140454229706,0.025000000000000022,10,42,0.05930369307550662,-0.008709619547066186,0.0,14
50,10,0.8,mixed,0.1,0.6,1.7059587028441545,0.23905225929354024,0.0,10,40,0.7384885921115585,0.18391634177017446,0.025000000000000022,10,40,-0.967470110732596,-0.055135917523365774,0.025000000000000022,15
50,10,0.8,mixed,0.1,0.6,0.9016184739706778,0.21109395884493987,-0.07499999999999996,10,38,0.370773620933027,0.09713813273467933,0.0,10,40,-0.5308448530376508,-0.11395582611026053,-0.07499999999999996,16
50,10,0.8,mixed,0.1,0.6,1.2064071808351344,0.17976094341377274,0.025000000000000022,10,41,0.6150676640898864,0.1763977086026889,0.025000000000000022,10,42,-0.591339516745248,-0.0033632348110838317,0.0,17
50,10,0.8,mixed,0.1,0.6,1.3512208883179508,0.20683760863158893,0.025000000000000022,10,41,1.4152184558191978,0.2721824449808523,-0.025000000000000022,10,37,0.06399756750124697,0.06534483634926339,0.0,18
50,10,0.8,mixed,0.1,0.6,0.5995699176635823,0.09903189808577194,0.025000000000000022,10,42,0.86518278458244,0.14677318211781504,-0.09999999999999998,10,36,0.26561286691885777,0.0477412840320431,0.07499999999999996,19
50,10,0.8,mixed,0.2,0.6,1.5960874848808246,0.24195011240475955,0.025000000000000022,10,41,0.13501109746017942,0.04752781913445659,-0.025000000000000022,10,39,-1.4610763874206452,-0.19442229327030297,0.0,0
50,10,0.8,mixed,0.2,0.6,0.2376824955133292,0.0814889365047893,0.050000000000000044,10,42,0.5154021996277137,0.12116766342395024,-0.025000000000000022,10,40,0.2777197041143845,0.03967872691916094,-0.025000000000000022,1
50,10,0.8,mixed,0.2,0.6,1.1495352882264738,0.22236660272838032,-0.025000000000000022,10,39,0.7687203412690171,0.18588938529918206,-0.025000000000000022,10,40,-0.38081494695745666,-0.036477217429198266,0.0,2
50,10,0.8,mixed,0.2,0.6,5.517493845640737,0.7840103659443902,0.025000000000000022,10,40,6.7191456395316616,1.2207519313501236,0.025000000000000022,10,41,1.2016517938909246,0.4367415654057334,0.0,3
50,10,0.8,mixed,0.2,0.6,29.339992213918233,3.0240055085495934,0.0,10,38,1.88805679130579,0.33863022139043053,0.07500000000000007,10,42,-27.451935422612443,-2.6853752871591627,0.07500000000000007,4
50,10,0.8,mixed,0.2,0.6,0.7041351433707588,0.11399210380634239,0.0,10,41,0.8117056862675186,0.15737570365712605,-0.025000000000000022,10,42,0.10757054289675982,0.04338359985078366,0.025000000000000022,5
50,10,0.8,mixed,0.2,0.6,0.21524109111294812,0.0787303169131894,0.0,10,42,0.1861669943334414,0.06332901873030933,-0.04999999999999993,10,39,-0.02907409677950673,-0.015401298182880066,0.04999999999999993,6
50,10,0.8,mixed,0.2,0.6,0.18548237173553384,0.071425318282578,0.07500000000000007,10,42,0.31394094233818454,0.11865273397140466,0.07500000000000007,10,42,0.1284585706026507,0.04722741568882666,0.0,7
50,10,0.8,mixed,0.2,0.6,0.8227989344095119,0.19711412540541365,0.0,10,38,0.6525944340498241,0.1343991303648005,-0.04999999999999993,10,41,-0.17020450035968782,-0.06271499504061315,0.04999999999999993,8
50,10,0.8,mixed,0.2,0.6,1.558676903929253,0.3512658171022581,0.025000000000000022,10,40,2.4269981855258003,0.285979158658927,0.0,10,40,0.8683212815965473,-0.06528665844333115,-0.025000000000000022,9
50,10,0.8,mixed,0.2,0.6,0.45389300769147994,0.10941081166057778,0.0,10,40,0.7375585113531014,0.11745732155503001,0.0,10,39,0.2836655036616214,0.008046509894452228,0.0,10
50,10,0.8,mixed,0.2,0.6,0.5306687992653102,0.119246983039353,-0.025000000000000022,10,38,0.1774100398220555,0.05945542216717362,0.050000000000000044,10,41,-0.3532587594432547,-0.05979156087217937,0.025000000000000022,11
50,10,0.8,mixed,0.2,0.6,0.30685385237279733,0.09625428802973753,0.0,10,38,0.4023525914939965,0.1360659633234761,0.025000000000000022,10,42,0.09549873912119916,0.039811675293738566,0.025000000000000022,12
50,10,0.8,mixed,0.2,0.6,5.507524929834505,0.718237215402551,0.025000000000000022,10,42,2.6679596442626483,0.3378653231716811,0.025000000000000022,10,40,-2.8395652855718563,-0.3803718922308699,0.0,13
50,10,0.8,mixed,0.2,0.6,0.5234264798726891,0.08306839205597305,0.0,10,40,0.456090060194417,0.09929265153636044,-0.025000000000000022,10,40,-0.06733641967827209,0.016224259480387387,0.025000000000000022,14
50,10,0.8,mixed,0.2,0.6,4.495395938861902,0.5124058992277603,0.0,10,41,3.801690500346164,0.455867430123455,0.0,10,42,-0.6937054385157384,-0.05653846910430527,0.0,15
50,10,0.8,mixed,0.2,0.6,0.34468208503656494,0.08735410829053555,0.07500000000000007,10,42,0.15595626281745706,0.06427740730944412,0.025000000000000022,10,39,-0.18872582221910789,-0.023076700981091436,-0.050000000000000044,16
50,10,0.8,mixed,0.2,0.6,0.1298858467351691,0.03016870606425266,0.025000000000000022,10,40,0.2896013893279651,0.06009805404447638,0.025000000000000022,10,39,0.159715542592796,0.02992934798022372,0.0,17
50,10,0.8,mixed,0.2,0.6,2.3313245962757,0.2871315276810113,0.050000000000000044,10,40,0.24627064206733826,0.0948307894837391,0.07500000000000007,10,43,-2.0850539542083615,-0.1923007381972722,0.025000000000000022,18
50,10,0.8,mixed,0.2,0.6,0.06540591720430632,0.03531598403942309,0.0,10,40,0.37115162402392576,0.10227018457369388,0.07500000000000007,10,44,0.30574570681961943,0.06695420053427079,0.07500000000000007,19
50,10,0.8,mixed,0.4,0.6,0.6846658629712398,0.1149415540090661,0.0,10,39,0.7504092606812591,0.11970846753042426,0.0,10,41,0.06574339771001936,0.004766913521358163,0.0,0
50,10,0.8,mixed,0.4,0.6,0.8331849858446937,0.1345132959021612,-0.04999999999999993,10,39,0.9627688106114616,0.1737515191184024,0.025000000000000022,10,41,0.12958382476676789,0.03923822321624118,-0.02499999999999991,1
50,10,0.8,mixed,0.4,0.6,0.5281484869656561,0.07960471581634568,0.0,10,39,1.3992385047066482,0.19772585896488104,-0.07499999999999996,10,39,0.8710900177409922,0.11812114314853536,0.07499999999999996,2
50,10,0.8,mixed,0.4,0.6,0.27106427613064554,0.06727625821915159,0.0,10,41,0.20406563863428684,0.056534665352366086,0.0,10,40,-0.0669986374963587,-0.010741592866785506,0.0,3
50,10,0.8,mixed,0.4,0.6,17.16492529307843,1.857821178499179,0.025000000000000022,10,41,2.8014918315324424,0.40112234776934336,-0.07499999999999996,10,37,-14.363433461545988,-1.4566988307298356,0.04999999999999993,4
50,10,0.8,mixed,0.4,0.6,21.62017820687368,2.206914524294218,-0.025000000000000022,10,40,48.669944289396454,4.990867357154005,-0.025000000000000022,10,39,27.049766082522776,2.7839528328597867,0.0,5
50,10,0.8,mixed,0.4,0.6,0.4436173426620872,0.10286468848766869,0.0,10,39,0.32525258266289925,0.06972884170220728,0.0,10,41,-0.11836475999918794,-0.033135846785461415,0.0,6
50,10,0.8,mixed,0.4,0.6,4.318635705767639,0.6176711836639173,-0.04999999999999993,10,38,2.6611702920268074,0.31336892742482825,-0.025000000000000022,10,40,-1.657465413740832,-0.304302256239089,-0.02499999999999991,7
50,10,0.8,mixed,0.4,0.6,0.9452952437774141,0.15512401784017146,-0.025000000000000022,10,38,0.8014161469959964,0.12818529758815267,0.025000000000000022,10,40,-0.14387909678141775,-0.026938720252018794,0.0,8
50,10,0.8,mixed,0.4,0.6,0.36131871467443083,0.07065295382030887,0.050000000000000044,10,41,0.589785341029831,0.11768506432195344,0.025000000000000022,10,40,0.22846662635540022,0.047032110501644575,-0.025000000000000022,9
50,10,0.8,mixed,0.4,0.6,0.7708578434678339,0.1199911622147796,0.025000000000000022,10,42,0.45832435615718187,0.09803855769410573,0.0,10,41,-0.31253348731065206,-0.021952604520673866,-0.025000000000000022,10
50,10,0.8,mixed,0.4,0.6,20.754362626298928,2.0977641883587608,0.0,10,40,7.5425697897524016,0.818634671939666,0.050000000000000044,10,43,-13.211792836546525,-1.2791295164190948,0.050000000000000044,11
50,10,0.8,mixed,0.4,0.6,0.2633522430877995,0.09308481964526011,0.050000000000000044,10,42,0.3823586051947485,0.0977648606856106,-0.025000000000000022,10,41,0.11900636210694904,0.004680041040350497,-0.025000000000000022,12
50,10,0.8,mixed,0.4,0.6,1.96805194245253,0.27062783325080997,0.025000000000000022,10,41,5.221065162024747,0.564531505072259,0.0,10,42,3.2530132195722166,0.29390367182144905,-0.025000000000000022,13
50,10,0.8,mixed,0.4,0.6,0.81311557662641,0.15830151419030503,0.0,10,41,0.26309976578089045,0.08643948251488505,-0.04999999999999993,10,38,-0.5500158108455195,-0.07186203167541998,0.04999999999999993,14
50,10,0.8,mixed,0.4,0.6,0.15282683978530368,0.06985690479724616,0.050000000000000044,10,41,0.33244693973734585,0.1122848752312755,0.025000000000000022,10,42,0.17962009995204217,0.04242797043402935,-0.025000000000000022,15
50,10,0.8,mixed,0.4,0.6,2.4318406651145907,0.3589959506699114,0.0,10,38,0.9975253418517366,0.2241932754625756,-0.025000000000000022,10,41,-1.434315323262854,-0.13480267520733583,0.025000000000000022,16
50,10,0.8,mixed,0.4,0.6,0.17074832988098312,0.06772642280541433,0.050000000000000044,10,41,0.5199267614037969,0.10571838527770794,0.0,10,40,0.3491784315228138,0.03799196247229361,-0.050000000000000044,17
50,10,0.8,mixed,0.4,0.6,0.18339476034623473,0.07637119878972246,0.050000000000000044,10,43,0.4369093608192806,0.08284856120705293,-0.04999999999999993,10,40,0.25351460047304586,0.006477362417330476,-1.1102230246251565e-16,18
50,10,0.8,mixed,0.4,0.6,9.51407222399401,1.041558729765974,0.0,10,39,3.7483447092685354,0.44862322603031285,-0.025000000000000022,10,40,-5.765727514725475,-0.5929355037356612,0.025000000000000022,19
50,10,0.8,skewed,0.0,0.6,0.21401133952006357,0.08584112979889508,-0.025000000000000022,10,40,0.45513475845060636,0.13674500001574832,0.0,10,41,0.2411234189305428,0.05090387021685325,-0.025000000000000022,0
50,10,0.8,skewed,0.0,0.6,0.169188386132043,0.07802530049843735,0.025000000000000022,10,40,0.2108591564000102,0.1199417795755962,0.025000000000000022,10,44,0.0416707702679672,0.04191647907715884,0.0,1
50,10,0.8,skewed,0.0,0.6,0.13950050894065216,0.07900814947178467,-0.025000000000000022,10,41,0.18598560859121852,0.07331850046784052,0.0,10,41,0.04648509965056635,-0.005689649003944142,-0.025000000000000022,2
50,10,0.8,skewed,0.0,0.6,0.18693831176186304,0.10932429316929296,0.050000000000000044,10,43,0.31983813785698517,0.1209497003947865,0.0,10,37,0.13289982609512213,0.011625407225493545,-0.050000000000000044,3
50,10,0.8,skewed,0.0,0.6,0.21373340230893115,0.11063446520343971,0.050000000000000044,10,44,0.32037935121622446,0.09222798100000838,-0.025000000000000022,10,38,0.10664594890729331,-0.018406484203431328,-0.025000000000000022,4
50,10,0.8,skewed,0.0,0.6,0.19820481198538775,0.10210301437777074,0.0,10,42,0.2121809720386304,0.10082851437096314,0.0,10,43,0.013976160053242648,-0.001274500006807594,0.0,5
50,10,0.8,skewed,0.0,0.6,0.20164853347115919,0.07508762650594356,-0.025000000000000022,10,41,0.20295644705275195,0.06741000898565613,-0.025000000000000022,10,41,0.0013079135815927678,-0.007677617520287422,0.0,6
50,10,0.8,skewed,0.0,0.6,0.3678957950160653,0.1480351949513967,-0.04999999999999993,10,38,0.34594723609938177,0.10790161182392186,0.050000000000000044,10,41,-0.021948558916683514,-0.04013358312747484,1.1102230246251565e-16,7
50,10,0.8,skewed,0.0,0.6,0.4284396966204442,0.16902053166025638,0.0,10,38,0.21704394587564832,0.12439019859488001,0.050000000000000044,10,44,-0.21139575074479586,-0.044630333065376365,0.050000000000000044,8
50,10,0.8,skewed,0.0,0.6,0.2172368358150545,0.10141582185951277,0.07500000000000007,10,43,0.210766991992056,0.08035187873006208,0.0,10,42,-0.006469843822998506,-0.021063943129450688,-0.07500000000000007,9
50,10,0.8,skewed,0.0,0.6,0.16221586804230118,0.08094200024077026,0.07500000000000007,10,41,0.21209803666590146,0.08908990300072338,0.050000000000000044,10,44,0.04988216862360029,0.008147902759953113,-0.025000000000000022,10
50,10,0.8,skewed,0.0,0.6,0.5281609569827281,0.1331173630479585,-0.025000000000000022,10,38,0.3575243968053415,0.14807056539129737,-0.04999999999999993,10,37,-0.17063656017738665,0.014953202343338884,0.02499999999999991,11
50,10,0.8,skewed,0.0,0.6,0.7501283164278495,0.1474061590891499,-0.04999999999999993,10,38,0.20119407010553697,0.0730951139109606,0.07500000000000007,10,40,-0.5489342463223126,-0.07431104517818929,0.025000000000000133,12
50,10,0.8,skewed,0.0,0.6,0.2149867541118716,0.08520499553990221,-0.04999999999999993,10,41,0.6937324249597292,0.23731294518353793,-0.04999999999999993,10,37,0.4787456708478576,0.15210794964363572,0.0,13
50,10,0.8,skewed,0.0,0.6,0.12412301250592521,0.056977125908259554,-0.04999999999999993,10,36,0.364986218645166,0.13729259910940703,-0.025000000000000022,10,41,0.24086320613924078,0.08031547320114747,-0.02499999999999991,14
50,10,0.8,skewed,0.0,0.6,0.4635565295293213,0.16001850263898285,-0.04999999999999993,10,36,0.44743235413661236,0.21223947586695266,-0.04999999999999993,10,38,-0.01612417539270894,0.052220973227969814,0.0,15
50,10,0.8,skewed,0.0,0.6,0.16530530753597164,0.08163397067243797,-0.025000000000000022,10,38,0.3213032494200675,0.11573757521648036,0.0,10,41,0.15599794188409585,0.03410360454404239,-0.025000000000000022,16
50,10,0.8,skewed,0.0,0.6,0.17876273552888003,0.07497662693818742,-0.025000000000000022,10,40,0.3788056216368671,0.11099650325478023,0.050000000000000044,10,43,0.20004288610798707,0.036019876316592814,0.025000000000000022,17
50,10,0.8,skewed,0.0,0.6,0.483657512672876,0.13149080575342031,0.050000000000000044,10,43,0.21153100912540934,0.08807776055809172,0.0,10,42,-0.27212650354746665,-0.0434130451953286,-0.050000000000000044,18
50,10,0.8,skewed,0.0,0.6,0.18948812418741862,0.0662489174682586,0.025000000000000022,10,39,0.23861643250716505,0.06279405062003235,-0.07499999999999996,10,39,0.04912830831974643,-0.003454866848226254,0.04999999999999993,19
50,10,0.8,skewed,0.1,0.6,0.32975344585345473,0.10694421667041924,-0.07499999999999996,10,37,0.3317149909970789,0.14316687200635939,0.07500000000000007,10,41,0.001961545143624177,0.03622265533594014,1.1102230246251565e-16,0
50,10,0.8,skewed,0.1,0.6,0.3659649366273324,0.1262956412129956,0.0,10,38,0.5714901185800365,0.22595352656727527,-0.04999999999999993,10,38,0.20552518195270408,0.09965788535427966,0.04999999999999993,1
50,10,0.8,skewed,0.1,0.6,0.2369698927036352,0.06819233000775875,-0.025000000000000022,10,38,0.2314855382064679,0.09207791831769216,-0.04999999999999993,10,39,-0.005484354497167304,0.02388558830993341,0.02499999999999991,2
50,10,0.8,skewed,0.1,0.6,0.45963845130790226,0.15371872882556695,0.025000000000000022,10,41,0.9932886182432621,0.17878391125020987,0.050000000000000044,10,37,0.5336501669353598,0.025065182424642923,0.025000000000000022,3
50,10,0.8,skewed,0.1,0.6,0.24425516625914628,0.09621513883708513,0.0,10,43,0.2751110544378279,0.0886708269200594,0.025000000000000022,10,41,0.030855888178681623,-0.007544311917025731,0.025000000000000022,4
50,10,0.8,skewed,0.1,0.6,0.3610071536270838,0.11167912377990578,-0.025000000000000022,10,41,0.22169027727603138,0.13187800252619694,0.025000000000000022,10,44,-0.13931687635105242,0.020198878746291157,0.0,5
50,10,0.8,skewed,0.1,0.6,0.16633031942127322,0.09826986255194287,0.025000000000000022,10,41,0.21715367522489354,0.08994223427850301,0.07500000000000007,10,41,0.050823355803620324,-0.008327628273439858,0.050000000000000044,6
50,10,0.8,skewed,0.1,0.6,0.177253995917829,0.08422181030816178,-0.04999999999999993,10,39,0.7269583362977243,0.22189154349722795,0.0,10,40,0.5497043403798954,0.13766973318906617,-0.04999999999999993,7
50,10,0.8,skewed,0.1,0.6,0.5503283928231717,0.2007279640550706,-0.025000000000000022,10,37,0.26364325729426186,0.1248412481082766,0.0,10,41,-0.28668513552890984,-0.075886715946794,-0.025000000000000022,8
50,10,0.8,skewed,0.1,0.6,0.24353971934817822,0.11697623287970944,0.0,10,38,0.7352525812470434,0.15211043787494452,0.0,10,40,0.4917128618988652,0.03513420499523508,0.0,9
50,10,0.8,skewed,0.1,0.6,0.2063417021210414,0.08151804915334407,0.0,10,42,0.15565706453925168,0.06664928815478266,-0.04999999999999993,10,42,-0.050684637581789704,-0.014868760998561409,0.04999999999999993,10
50,10,0.8,skewed,0.1,0.6,0.16484110762372944,0.09852000378929858,0.0,10,43,0.13139740826725418,0.04940136996366393,0.0,10,40,-0.03344369935647526,-0.04911863382563465,0.0,11
50,10,0.8,skewed,0.1,0.6,0.5332238110307608,0.15521501683044148,0.0,10,40,0.18928405871392018,0.12452392666097205,0.050000000000000044,10,40,-0.3439397523168406,-0.03069109016946943,0.050000000000000044,12
50,10,0.8,skewed,0.1,0.6,0.73476356175029,0.16383006666801617,0.0,10,39,0.1984375384358115,0.10049359546497287,0.0,10,39,-0.5363260233144785,-0.0633364712030433,0.0,13
50,10,0.8,skewed,0.1,0.6,0.17229606046598173,0.07673473177547145,-0.025000000000000022,10,39,0.4567210738785866,0.18519141755353016,-0.025000000000000022,10,38,0.2844250134126049,0.10845668577805871,0.0,14
50,10,0.8,skewed,0.1,0.6,0.4132435654516858,0.16809802503474428,-0.04999999999999993,10,38,0.6627439786579233,0.20952140440922062,0.0,10,37,0.24950041320623756,0.04142337937447635,-0.04999999999999993,15
50,10,0.8,skewed,0.1,0.6,0.2963171989068225,0.12414807601712115,0.025000000000000022,10,40,0.22463970120479612,0.09641181100649775,0.025000000000000022,10,39,-0.07167749770202639,-0.0277362650106234,0.0,16
50,10,0.8,skewed,0.1,0.6,0.28617298873459857,0.09823812093251597,-0.025000000000000022,10,38,0.26768809923102943,0.07639301403993233,-0.025000000000000022,10,41,-0.018484889503569135,-0.021845106892583635,0.0,17
50,10,0.8,skewed,0.1,0.6,0.5410019898708677,0.1626160265265797,0.025000000000000022,10,41,0.6598649067139762,0.19069426507159773,-0.04999999999999993,10,38,0.11886291684310857,0.028078238545018036,0.02499999999999991,18
50,10,0.8,skewed,0.1,0.6,0.21358778057895486,0.06305101218200046,0.025000000000000022,10,42,0.22885747032707196,0.0636478763519758,-0.04999999999999993,10,39,0.015269689748117099,0.0005968641699753419,0.02499999999999991,19
50,10,0.8,skewed,0.2,0.6,0.14647867108320367,0.07228860605782647,0.025000000000000022,10,42,0.13068798449246313,0.05787519671211331,0.025000000000000022,10,39,-0.015790686590740538,-0.014413409345713162,0.0,0
50,10,0.8,skewed,0.2,0.6,0.39812046694222586,0.12451910871582106,-0.025000000000000022,10,37,0.20974675397053275,0.14074079263729372,0.07500000000000007,10,44,-0.1883737129716931,0.016221683921472663,0.050000000000000044,1
50,10,0.8,skewed,0.2,0.6,0.20629086499053834,0.12257311097403834,0.025000000000000022,10,39,0.31805356135239393,0.11552864298684358,0.0,10,39,0.1117626963618556,-0.007044467987194755,-0.025000000000000022,2
50,10,0.8,skewed,0.2,0.6,0.21470199074232266,0.10390461868612282,0.0,10,39,0.11530033430312124,0.044379666759244873,-0.07499999999999996,10,38,-0.09940165643920142,-0.05952495192687794,0.07499999999999996,3
50,10,0.8,skewed,0.2,0.6,0.18663081809884774,0.10842992431650429,0.025000000000000022,10,40,0.1947780798473878,0.08700086272710214,-0.07499999999999996,10,40,0.008147261748540052,-0.02142906158940215,0.04999999999999993,4
50,10,0.8,skewed,0.2,0.6,0.10478651411662121,0.053388746852968884,0.025000000000000022,10,41,0.10912068260231206,0.05434441211382646,-0.04999999999999993,10,38,0.004334168485690848,0.000955665260857573,0.02499999999999991,5
50,10,0.8,skewed,0.2,0.6,0.5410315217824166,0.15158585550291007,0.07500000000000007,10,43,0.16171612551969425,0.05537030030285826,-0.025000000000000022,10,40,-0.37931539626272237,-0.09621555520005182,-0.050000000000000044,6
50,10,0.8,skewed,0.2,0.6,0.3222435087843313,0.1295407235733398,0.0,10,40,0.21328327246306109,0.11144245845210381,0.050000000000000044,10,42,-0.10896023632127019,-0.018098265121235982,0.050000000000000044,7
50,10,0.8,skewed,0.2,0.6,0.31629007027319567,0.07463247797607059,0.0,10,38,0.18890552027300042,0.05651797844745869,0.025000000000000022,10,42,-0.12738455000019525,-0.018114499528611896,0.025000000000000022,8
50,10,0.8,skewed,0.2,0.6,0.1572954276226663,0.07008666704418834,0.025000000000000022,10,39,0.15744873494460418,0.06441523871167905,-0.07499999999999996,10,38,0.00015330732193788443,-0.00567142833250929,0.04999999999999993,9
50,10,0.8,skewed,0.2,0.6,0.1771044615439604,0.07728616872017888,0.050000000000000044,10,41,0.6226582343462195,0.1542907464116205,0.025000000000000022,10,40,0.44555377280225905,0.07700457769144162,-0.025000000000000022,10
50,10,0.8,skewed,0.2,0.6,0.7134318145809526,0.14557858089500825,-0.04999999999999993,10,37,0.24069457796308058,0.11240776526141291,0.025000000000000022,10,41,-0.47273723661787204,-0.033170815633595335,-0.02499999999999991,11
50,10,0.8,skewed,0.2,0.6,0.1453249966455759,0.07539469999906509,-0.07499999999999996,10,39,0.20065497037782407,0.08550453682403109,0.050000000000000044,10,40,0.055329973732248156,0.010109836824965995,-0.02499999999999991,12
50,10,0.8,skewed,0.2,0.6,0.29384477756564287,0.07461395520162004,0.050000000000000044,10,41,0.4779379833603285,0.12109796938410186,0.0,10,41,0.18409320579468563,0.046484014182481825,-0.050000000000000044,13
50,10,0.8,skewed,0.2,0.6,0.3186119375853714,0.137405878373069,-0.025000000000000022,10,37,0.1867555472568681,0.10265595689832022,0.0,10,39,-0.13185639032850327,-0.034749921474748785,-0.025000000000000022,14
50,10,0.8,skewed,0.2,0.6,0.1456292056522243,0.06919740694425731,-0.025000000000000022,10,38,0.17849064774194656,0.07744302846474646,-0.025000000000000022,10,38,0.032861442089722276,0.008245621520489146,0.0,15
50,10,0.8,skewed,0.2,0.6,0.1544153973168425,0.09596855126892985,0.07500000000000007,10,43,0.09743306884040563,0.02336554021007388,-0.025000000000000022,10,39,-0.056982328476436875,-0.07260301105885597,-0.050000000000000044,16
50,10,0.8,skewed,0.2,0.6,0.27805673966851524,0.1299500729777689,-0.025000000000000022,10,41,0.5771147344845555,0.16204271817778948,0.050000000000000044,10,41,0.2990579948160403,0.032092645200020586,0.025000000000000022,17
50,10,0.8,skewed,0.2,0.6,0.2812526273889317,0.1041898693438148,0.050000000000000044,10,43,0.16316285784489812,0.05203457871299386,0.050000000000000044,10,42,-0.11808976954403358,-0.05215529063082094,0.0,18
50,10,0.8,skewed,0.2,0.6,0.1207646427447026,0.05394607206101949,-0.025000000000000022,10,39,0.13831306224035914,0.06192235592785382,-0.04999999999999993,10,39,0.01754841949565654,0.007976283866834327,0.02499999999999991,19
50,10,0.8,skewed,0.4,0.6,0.626027865205866,0.19112924469370832,0.0,10,37,0.13994139855168483,0.0588665092778763,-0.07499999999999996,10,37,-0.4860864666541811,-0.132262735415832,0.07499999999999996,0
50,10,0.8,skewed,0.4,0.6,0.19289505990467265,0.07214891848499978,0.0,10,43,0.20650733952330566,0.09831015988113538,0.0,10,40,0.01361227961863301,0.0261612413961356,0.0,1
50,10,0.8,skewed,0.4,0.6,0.9059282119600475,0.18213205047004755,0.0,10,41,0.4237535894941912,0.12312483761344226,0.025000000000000022,10,42,-0.4821746224658563,-0.05900721285660529,0.025000000000000022,2
50,10,0.8,skewed,0.4,0.6,0.44818555609312505,0.11828522412963893,-0.04999999999999993,10,38,0.3836264876463405,0.14105337133646811,0.025000000000000022,10,39,-0.06455906844678455,0.02276814720682918,-0.02499999999999991,3
50,10,0.8,skewed,0.4,0.6,0.20124139185066706,0.11862442090471856,0.025000000000000022,10,41,0.5141552225581546,0.14252508748766343,0.07500000000000007,10,42,0.3129138307074876,0.023900666582944874,0.050000000000000044,4
50,10,0.8,skewed,0.4,0.6,0.27571650379590507,0.10771103348947686,0.025000000000000022,10,42,0.1833199892981696,0.08494133063203042,0.050000000000000044,10,41,-0.09239651449773548,-0.022769702857446436,0.025000000000000022,5
50,10,0.8,skewed,0.4,0.6,0.7981094807480932,0.1512202795080115,0.0,10,41,0.22420300084120218,0.09473749587410589,0.025000000000000022,10,39,-0.573906479906891,-0.05648278363390562,0.025000000000000022,6
50,10,0.8,skewed,0.4,0.6,0.21684553056229727,0.1048195099972821,-0.025000000000000022,10,39,0.23304326901248137,0.13919892644714876,-0.025000000000000022,10,40,0.0161977384501841,0.03437941644986667,0.0,7
50,10,0.8,skewed,0.4,0.6,0.1773746673784159,0.10765935678544365,0.050000000000000044,10,42,0.16043967281108037,0.07283148745146553,0.0,10,39,-0.01693499456733552,-0.03482786933397812,-0.050000000000000044,8
50,10,0.8,skewed,0.4,0.6,0.43246316327945794,0.12660056237156844,-0.07499999999999996,10,38,0.3499428099925724,0.11838200760771822,-0.025000000000000022,10,40,-0.08252035328688556,-0.008218554763850222,-0.04999999999999993,9
50,10,0.8,skewed,0.4,0.6,0.19096595400651792,0.10667732087796325,-0.025000000000000022,10,39,0.47313219929456296,0.17009430185643565,-0.025000000000000022,10,37,0.282166245288045,0.0634169809784724,0.0,10
50,10,0.8,skewed,0.4,0.6,0.11535369116503338,0.0633063260270154,-0.025000000000000022,10,39,0.3943371650289127,0.11731495350446182,0.025000000000000022,10,39,0.27898347386387934,0.05400862747744642,0.0,11
50,10,0.8,skewed,0.4,0.6,0.1324352773671906,0.046094526723628626,-0.04999999999999993,10,38,0.2027111922823063,0.07594500918999275,0.050000000000000044,10,42,0.0702759149151157,0.029850482466364126,1.1102230246251565e-16,12
50,10,0.8,skewed,0.4,0.6,0.3189949024259559,0.14842996575311732,0.0,10,43,0.6068194448206178,0.17141658657619718,0.0,10,39,0.2878245423946619,0.022986620823079867,0.0,13
50,10,0.8,skewed,0.4,0.6,0.5919163047810199,0.16558433577706375,-0.07499999999999996,10,38,0.24497632257207086,0.10685394101740249,0.025000000000000022,10,39,-0.346939982208949,-0.058730394759661256,-0.04999999999999993,14
50,10,0.8,skewed,0.4,0.6,0.1625615364643158,0.06541234370124478,0.050000000000000044,10,39,0.33074933290102065,0.17266619630741104,-0.025000000000000022,10,40,0.16818779643670487,0.10725385260616625,-0.025000000000000022,15
50,10,0.8,skewed,0.4,0.6,0.16972851185337362,0.11309879458420995,0.050000000000000044,10,42,0.487648166110404,0.11412504769261182,0.0,10,38,0.3179196542570304,0.0010262531084018756,-0.050000000000000044,16
50,10,0.8,skewed,0.4,0.6,0.12967603682352602,0.0785143370935173,0.0,10,41,0.4250963624777164,0.10216958906887401,-0.025000000000000022,10,42,0.2954203256541904,0.023655251975356714,0.025000000000000022,17
50,10,0.8,skewed,0.4,0.6,0.21932080191721962,0.11522528276298719,0.025000000000000022,10,41,0.22396033332342122,0.11372126883845726,0.025000000000000022,10,42,0.004639531406201602,-0.0015040139245299233,0.0,18
50,10,0.8,skewed,0.4,0.6,0.408274386405626,0.11781974131657713,-0.04999999999999993,10,37,0.36168147590503297,0.10857158429150901,0.025000000000000022,10,38,-0.046592910500593054,-0.009248157025068121,-0.02499999999999991,19
50,10,0.8,correlated,0.0,0.6,1.0646476339608517,0.18066101089486394,0.025000000000000022,10,40,3.148244040537166,0.5389744929064572,0.0,10,40,2.0835964065763144,0.3583134820115932,-0.025000000000000022,0
50,10,0.8,correlated,0.0,0.6,0.4920149310812973,0.15963719113107594,-0.04999999999999993,10,37,3.655170428237908,0.6083938721797468,0.0,10,38,3.1631554971566107,0.4487566810486709,-0.04999999999999993,1
50,10,0.8,correlated,0.0,0.6,1.0124163750669517,0.3052700515812896,-0.025000000000000022,10,38,0.3479719064143822,0.07794572747358411,-0.04999999999999993,10,38,-0.6644444686525695,-0.2273243241077055,0.02499999999999991,2
50,10,0.8,correlated,0.0,0.6,2.4874021488401525,1.0360354368354596,0.025000000000000022,10,42,1.6539136050023575,0.7867088506729466,0.050000000000000044,10,39,-0.833488543837795,-0.24932658616251302,0.025000000000000022,3
50,10,0.8,correlated,0.0,0.6,2.8624543625051526,1.2361924919614327,-0.07499999999999996,10,37,1.8931619092483838,0.678481448211911,0.025000000000000022,10,41,-0.9692924532567688,-0.5577110437495216,-0.04999999999999993,4
50,10,0.8,correlated,0.0,0.6,0.3863470186152446,0.15572511106865689,0.0,10,39,0.15870992367111014,0.08769618599418513,0.07500000000000007,10,46,-0.22763709494413448,-0.06802892507447175,0.07500000000000007,5
50,10,0.8,correlated,0.0,0.6,3.6632652484877646,1.1687413667191713,0.07500000000000007,10,42,23.380825147064396,3.0648944505128735,0.07500000000000007,10,41,19.71755989857663,1.8961530837937022,0.0,6
50,10,0.8,correlated,0.0,0.6,2.523213487951135,0.6827424781095466,0.07500000000000007,10,44,2.8870934008632383,0.847497889453952,-0.04999999999999993,10,34,0.3638799129121031,0.1647554113444054,-0.025000000000000133,7
50,10,0.8,correlated,0.0,0.6,1.1316876513237406,0.3728396968064751,0.025000000000000022,10,42,1.425986897291609,0.44092691485480195,0.125,10,44,0.2942992459678684,0.06808721804832685,0.09999999999999998,8
50,10,0.8,correlated,0.0,0.6,4.3664021591614475,1.2265426283576282,0.07500000000000007,10,42,1.0154005338586936,0.48445143849139444,0.07500000000000007,10,43,-3.3510016253027537,-0.7420911898662337,0.0,9
50,10,0.8,correlated,0.0,0.6,0.22147160802366356,0.07637139181589014,-0.125,10,34,0.16412618369435536,0.07741584762003847,0.025000000000000022,10,43,-0.0573454243293082,0.001044455804148331,-0.09999999999999998,10
50,10,0.8,correlated,0.0,0.6,0.1383946239662623,0.06526636113180408,0.0,10,41,0.40564788950944536,0.15149060087850458,-0.125,10,33,0.26725326554318307,0.0862242397467005,0.125,11
50,10,0.8,correlated,0.0,0.6,0.5624691439446622,0.34085322320659517,-0.07499999999999996,10,37,0.37125114192111464,0.15177996649513853,0.050000000000000044,10,42,-0.19121800202354755,-0.18907325671145664,-0.02499999999999991,12
50,10,0.8,correlated,0.0,0.6,0.6593529693036843,0.27327932016515644,-0.025000000000000022,10,39,0.44114304885143996,0.18858722384383203,0.09999999999999998,10,44,-0.2182099204522443,-0.0846920963213244,0.07499999999999996,13
50,10,0.8,correlated,0.0,0.6,0.54419008782077,0.24213058679347657,-0.04999999999999993,10,38,1.4484259268225448,0.5074947374744365,0.0,10,35,0.9042358390017747,0.26536415068096,-0.04999999999999993,14
50,10,0.8,correlated,0.0,0.6,3.759558913785843,0.9356175014227462,-0.025000000000000022,10,37,16.590001779135836,5.090868171667968,0.050000000000000044,10,41,12.830442865349992,4.155250670245222,0.025000000000000022,15
50,10,0.8,correlated,0.0,0.6,0.717503619429031,0.1845026442845901,0.025000000000000022,10,40,1.0393351690109458,0.18898509996435625,-0.025000000000000022,10,37,0.32183154958191484,0.004482455679766156,0.0,16
50,10,0.8,correlated,0.0,0.6,2.958067656696656,0.5863603173312136,-0.09999999999999998,10,32,35.5535886506023,3.986637023510081,0.025000000000000022,10,40,32.595520993905645,3.4002767061788672,-0.07499999999999996,17
50,10,0.8,correlated,0.0,0.6,1352.1869446397745,138.6375514907058,0.0,10,39,103.20416201516701,10.996212630086548,0.07500000000000007,10,44,-1248.9827826246076,-127.64133886061924,0.07500000000000007,18
50,10,0.8,correlated,0.0,0.6,1.3198894241244348,0.4482450651276785,-0.04999999999999993,10,34,4.371505990564854,1.1026203796778578,-0.025000000000000022,10,42,3.051616566440419,0.6543753145501793,-0.02499999999999991,19
50,10,0.8,correlated,0.1,0.6,1.6057848425211674,0.48211270405232937,0.050000000000000044,10,43,1.0256339133870556,0.38007131417567214,0.0,10,37,-0.5801509291341118,-0.10204138987665723,-0.050000000000000044,0
50,10,0.8,correlated,0.1,0.6,13.061082019385088,2.5761080053873924,0.025000000000000022,10,39,6.737933269088399,1.3198762705461102,0.025000000000000022,10,40,-6.323148750296689,-1.2562317348412821,0.0,1
50,10,0.8,correlated,0.1,0.6,7.215829480598409,1.073182777092323,0.025000000000000022,10,39,36.10466100808874,4.538092497930097,-0.04999999999999993,10,39,28.888831527490332,3.464909720837774,0.02499999999999991,2
50,10,0.8,correlated,0.1,0.6,0.5167105658272496,0.1490414491607414,0.0,10,37,0.9650663430287665,0.5563960811780919,-0.025000000000000022,10,37,0.44835577720151687,0.4073546320173505,0.025000000000000022,3
50,10,0.8,correlated,0.1,0.6,0.28985232617779466,0.13007802075825925,0.0,10,40,0.2962852096032134,0.1107289168284872,0.025000000000000022,10,42,0.006432883425418756,-0.019349103929772044,0.025000000000000022,4
50,10,0.8,correlated,0.1,0.6,1.1192741083985396,0.2907182638102315,-0.04999999999999993,10,39,2.263865679372962,0.6004172645051932,-0.04999999999999993,10,38,1.1445915709744223,0.30969900069496165,0.0,5
50,10,0.8,correlated,0.1,0.6,26.874607881607847,3.089732309033981,-0.09999999999999998,10,36,22.4097274246412,2.4200258806799875,-0.04999999999999993,10,38,-4.464880456966647,-0.6697064283539937,-0.050000000000000044,6
50,10,0.8,correlated,0.1,0.6,0.40382011015622543,0.16153529248138218,-0.07499999999999996,10,36,5.521070133689605,0.9285966258702546,0.0,10,41,5.11725002353338,0.7670613333888724,-0.07499999999999996,7
50,10,0.8,correlated,0.1,0.6,1.4387474307317647,0.3776967996012633,-0.04999999999999993,10,36,1.0717933922961291,0.37504365028785724,-0.09999999999999998,10,35,-0.36695403843563557,-0.0026531493134060447,0.050000000000000044,8
50,10,0.8,correlated,0.1,0.6,0.4003743842966546,0.23617621238673717,0.0,10,41,0.17727343929537492,0.0931367546956327,0.0,10,40,-0.2231009450012797,-0.14303945769110446,0.0,9
50,10,0.8,correlated,0.1,0.6,0.2487536732533505,0.11507211329719728,-0.025000000000000022,10,35,1.7001006807380026,0.6253194413606733,0.125,10,46,1.4513470074846522,0.5102473280634761,0.09999999999999998,10
50,10,0.8,correlated,0.1,0.6,0.4526298392628293,0.241572091107141,0.025000000000000022,10,40,1.2227736433648224,0.4108080669362345,0.0,10,40,0.7701438041019931,0.1692359758290935,-0.025000000000000022,11
50,10,0.8,correlated,0.1,0.6,0.2887499462197066,0.1915576352098469,-0.025000000000000022,10,36,0.35892549607315044,0.08451659740223989,-0.09999999999999998,10,36,0.07017554985344382,-0.107041037807607,0.07499999999999996,12
50,10,0.8,correlated,0.1,0.6,1.1423649775139928,0.5513200528781688,0.07500000000000007,10,44,0.8750000961248607,0.24589178952608645,-0.04999999999999993,10,40,-0.26736488138913206,-0.3054282633520823,-0.025000000000000133,13
50,10,0.8,correlated,0.1,0.6,14.16536043088971,2.3377548721879413,0.025000000000000022,10,41,26.49323735997559,3.631719237667299,-0.025000000000000022,10,38,12.327876929085882,1.2939643654793578,0.0,14
50,10,0.8,correlated,0.1,0.6,25.70694732962366,2.821962667078115,0.025000000000000022,10,43,161.03525159834678,16.643433477488564,-0.09999999999999998,10,37,135.32830426872312,13.82147081041045,0.07499999999999996,15
50,10,0.8,correlated,0.1,0.6,3.580426061594856,0.5261085050210529,0.050000000000000044,10,43,1.2147703536155974,0.4704545119541648,0.050000000000000044,10,42,-2.3656557079792586,-0.05565399306688806,0.0,16
50,10,0.8,correlated,0.1,0.6,18.113951403593738,2.8951359095248814,0.025000000000000022,10,42,21.07512646545531,2.9506570956828613,0.025000000000000022,10,38,2.961175061861571,0.05552118615797985,0.0,17
50,10,0.8,correlated,0.1,0.6,3.227511434550845,1.102871216751219,0.025000000000000022,10,43,5.887097463433216,1.2991173125345163,0.025000000000000022,10,40,2.659586028882371,0.19624609578329744,0.0,18
50,10,0.8,correlated,0.1,0.6,0.9964776320575324,0.4703289874949186,0.050000000000000044,10,39,0.4823464510696713,0.1850409532732763,0.0,10,41,-0.514131180987861,-0.2852880342216423,-0.050000000000000044,19
50,10,0.8,correlated,0.2,0.6,0.7292543497112094,0.2944850075043465,0.025000000000000022,10,39,0.4666639981054842,0.16458665820935642,0.0,10,40,-0.2625903516057252,-0.12989834929499006,-0.025000000000000022,0
50,10,0.8,correlated,0.2,0.6,0.4219409775922348,0.2773744984170702,-0.04999999999999993,10,38,0.24260241414052044,0.10329645932754912,0.0,10,38,-0.17933856345171437,-0.17407803908952107,-0.04999999999999993,1
50,10,0.8,correlated,0.2,0.6,1.017490985666205,0.231050357910317,0.050000000000000044,10,44,0.8204446260912828,0.21414542499967304,-0.025000000000000022,10,41,-0.19704635957492234,-0.01690493291064396,-0.025000000000000022,2
50,10,0.8,correlated,0.2,0.6,6.9502361428909625,1.0941497709650208,-0.125,10,36,1.5225750070046191,0.7074280588284527,0.050000000000000044,10,43,-5.427661135886344,-0.38672171213656803,-0.07499999999999996,3
50,10,0.8,correlated,0.2,0.6,1.7261729161213557,0.4300277204809895,0.0,10,43,0.43720919404304426,0.11233010112189182,0.09999999999999998,10,44,-1.2889637220783114,-0.3176976193590977,0.09999999999999998,4
50,10,0.8,correlated,0.2,0.6,1.6190378501428022,0.38624139405569424,0.025000000000000022,10,41,1.1403104522793783,0.18303222488910745,0.025000000000000022,10,39,-0.4787273978634239,-0.2032091691665868,0.0,5
50,10,0.8,correlated,0.2,0.6,2.9316820738751166,0.596596033608807,0.025000000000000022,10,42,3.2677390146197016,0.9035551797730499,-0.07499999999999996,10,35,0.33605694074458503,0.3069591461642429,0.04999999999999993,6
50,10,0.8,correlated,0.2,0.6,1.748785215447876,0.6245549471685413,0.050000000000000044,10,44,1.1067914928832598,0.36372007748219637,0.050000000000000044,10,44,-0.6419937225646162,-0.26083486968634495,0.0,7
50,10,0.8,correlated,0.2,0.6,0.6596722330441986,0.2689952482549899,0.0,10,39,1.5197858522935943,0.570962459116985,-0.025000000000000022,10,39,0.8601136192493957,0.3019672108619951,0.025000000000000022,8
50,10,0.8,correlated,0.2,0.6,2.433263803296267,0.5743257089013548,0.07500000000000007,10,42,1.3469952072396214,0.348060401371609,0.025000000000000022,10,42,-1.0862685960566456,-0.22626530752974583,-0.050000000000000044,9
50,10,0.8,correlated,0.2,0.6,0.6211813392271412,0.1804416530321037,0.09999999999999998,10,46,0.11264059706291409,0.05019931421715966,0.050000000000000044,10,43,-0.5085407421642272,-0.13024233881494401,-0.04999999999999993,10
50,10,0.8,correlated,0.2,0.6,5.792611179571996,1.140165008090137,0.025000000000000022,10,41,16.744075568441236,2.8836422599678153,0.0,10,39,10.95146438886924,1.7434772518776782,-0.025000000000000022,11
50,10,0.8,correlated,0.2,0.6,0.9337579760227346,0.4575467930557834,0.0,10,41,3.462716543136126,1.1307372343537927,0.0,10,41,2.5289585671133916,0.6731904412980093,0.0,12
50,10,0.8,correlated,0.2,0.6,0.678137360458489,0.1838682529329784,-0.07499999999999996,10,36,0.4633917298923035,0.1970302068076888,0.025000000000000022,10,42,-0.21474563056618556,0.013161953874710391,-0.04999999999999993,13
50,10,0.8,correlated,0.2,0.6,0.38994115725628237,0.14436269117926717,-0.04999999999999993,10,39,0.3590743767864661,0.12295065700658156,-0.025000000000000022,10,38,-0.03086678046981628,-0.021412034172685612,-0.02499999999999991,14
50,10,0.8,correlated,0.2,0.6,1.822036556634246,0.7289253610360285,0.025000000000000022,10,41,2.423455848077081,0.8713594075987873,0.050000000000000044,10,42,0.6014192914428351,0.14243404656275882,0.025000000000000022,15
50,10,0.8,correlated,0.2,0.6,15.444108160348296,2.085866698609339,0.050000000000000044,10,43,4.90313027683273,1.0605243360602048,0.07500000000000007,10,43,-10.540977883515566,-1.0253423625491342,0.025000000000000022,16
50,10,0.8,correlated,0.2,0.6,7.669551649549262,1.1092675192835455,-0.07499999999999996,10,33,1.2022438619126163,0.4829769421263424,0.0,10,41,-6.467307787636646,-0.6262905771572032,-0.07499999999999996,17
50,10,0.8,correlated,0.2,0.6,0.24061738263667728,0.08784871454820486,0.025000000000000022,10,40,0.0660434630946964,0.0323245508540282,-0.025000000000000022,10,41,-0.17457391954198087,-0.05552416369417666,0.0,18
50,10,0.8,correlated,0.2,0.6,46.16419661496863,6.371817228715129,0.050000000000000044,10,43,27.307671114805803,3.12518741084366,-0.025000000000000022,10,39,-18.856525500162828,-3.2466298178714688,-0.025000000000000022,19
50,10,0.8,correlated,0.4,0.6,1.403146467169491,0.8103927531469921,0.025000000000000022,10,40,0.7655348916117406,0.33253059713009114,-0.025000000000000022,10,35,-0.6376115755577505,-0.47786215601690096,0.0,0
50,10,0.8,correlated,0.4,0.6,2.234043846318683,0.5726642068188056,-0.025000000000000022,10,39,8.65548574123687,1.8362802962783955,0.050000000000000044,10,42,6.421441894918187,1.2636160894595898,0.025000000000000022,1
50,10,0.8,correlated,0.4,0.6,14.903218131650187,3.201590318181058,-0.07499999999999996,10,35,10.856431821794375,1.299988528258442,0.0,10,42,-4.046786309855811,-1.9016017899226159,-0.07499999999999996,2
50,10,0.8,correlated,0.4,0.6,7.818019161376901,1.2574114520179944,0.025000000000000022,10,39,5.386223810051963,0.6166592957937438,-0.04999999999999993,10,40,-2.431795351324938,-0.6407521562242506,0.02499999999999991,3
50,10,0.8,correlated,0.4,0.6,3.2895010613801725,0.9515450089274273,-0.025000000000000022,10,38,6.39768379012812,1.6122232457531684,-0.025000000000000022,10,37,3.1081827287479475,0.6606782368257411,0.0,4
50,10,0.8,correlated,0.4,0.6,2.638869060402743,0.8919667529219731,-0.07499999999999996,10,37,0.9078541167069741,0.2637508763251276,0.125,10,45,-1.7310149436957687,-0.6282158765968455,0.050000000000000044,5
50,10,0.8,correlated,0.4,0.6,0.8198205378355755,0.36078989559060404,-0.04999999999999993,10,38,0.34705496910932854,0.18184809329810422,-0.04999999999999993,10,38,-0.472765568726247,-0.1789418022924998,0.0,6
50,10,0.8,correlated,0.4,0.6,7.880770902584023,2.022909336603367,0.07500000000000007,10,46,4.169138335334097,0.8501675681416264,0.050000000000000044,10,43,-3.711632567249926,-1.1727417684617403,-0.025000000000000022,7
50,10,0.8,correlated,0.4,0.6,0.2554586576105827,0.13185247609117107,0.050000000000000044,10,44,0.23957821142205782,0.08110478487508224,-0.14999999999999997,10,34,-0.015880446188524855,-0.050747691216088825,0.09999999999999992,8
50,10,0.8,correlated,0.4,0.6,2.7645373085576614,0.4102970254738475,0.0,10,42,1.5115486709616461,0.29329467484706784,0.0,10,42,-1.2529886375960153,-0.11700235062677966,0.0,9
50,10,0.8,correlated,0.4,0.6,31.46055591498094,5.10891768409287,0.07500000000000007,10,44,70.35464260425124,11.837497257717859,0.025000000000000022,10,40,38.894086689270296,6.728579573624988,-0.050000000000000044,10
50,10,0.8,correlated,0.4,0.6,2.542686119085598,0.504843531072868,0.025000000000000022,10,40,1.8649181094515743,0.40981955468728987,0.0,10,41,-0.6777680096340237,-0.09502397638557808,-0.025000000000000022,11
50,10,0.8,correlated,0.4,0.6,65.02125189152329,7.913528866871578,-0.07499999999999996,10,37,2.7563007081481814,0.8270456434654182,-0.025000000000000022,10,42,-62.26495118337511,-7.0864832234061605,-0.04999999999999993,12
50,10,0.8,correlated,0.4,0.6,16.3845184894706,2.804825945130237,0.050000000000000044,10,41,6.410653132257686,1.6350486600931535,0.025000000000000022,10,39,-9.973865357212915,-1.1697772850370833,-0.025000000000000022,13
50,10,0.8,correlated,0.4,0.6,0.5560253251858336,0.19492736520523726,0.050000000000000044,10,41,0.3564187684936234,0.14073170622279857,-0.04999999999999993,10,39,-0.19960655669221017,-0.054195658982438694,-1.1102230246251565e-16,14
50,10,0.8,correlated,0.4,0.6,2.0893189803884886,1.0074804921918585,0.0,10,39,0.8558106158786023,0.30673099639073326,0.050000000000000044,10,42,-1.2335083645098863,-0.7007494958011253,0.050000000000000044,15
50,10,0.8,correlated,0.4,0.6,9.41454965418841,2.4836010755434694,0.050000000000000044,10,43,3.584365288171179,1.180805025639664,0.025000000000000022,10,43,-5.83018436601723,-1.3027960499038054,-0.025000000000000022,16
50,10,0.8,correlated,0.4,0.6,0.5943971498433847,0.3426883157208339,0.0,10,40,0.4530133356543034,0.13866638875271511,-0.025000000000000022,10,37,-0.14138381418908125,-0.2040219269681188,0.025000000000000022,17
50,10,0.8,correlated,0.4,0.6,2.2231325112564457,0.7022433196865967,0.025000000000000022,10,42,1.5792766845051913,0.7934797629037753,-0.04999999999999993,10,34,-0.6438558267512544,0.09123644321717861,0.02499999999999991,18
50,10,0.8,correlated,0.4,0.6,28.537200142487315,3.3561659502929047,0.0,10,40,49.199643843008644,5.249833649434666,0.025000000000000022,10,41,20.66244370052133,1.8936676991417611,0.025000000000000022,19
100,2,0.2,mixed,0.0,0.6,0.2724966749768267,0.15738544583437275,0.050000000000000044,2,20,0.19643663870902633,0.12201115858527749,-0.09999999999999998,2,25,-0.07606003626780039,-0.03537428724909526,0.04999999999999993,0
100,2,0.2,mixed,0.0,0.6,0.12222951280506275,0.07084567701722078,-0.04999999999999993,2,21,0.27368754381026217,0.1587909914886929,0.050000000000000044,2,19,0.15145803100519942,0.08794531447147214,1.1102230246251565e-16,1
100,2,0.2,mixed,0.0,0.6,0.3867624910685846,0.26185320188316064,0.15000000000000002,2,23,0.2357640012469465,0.12150805569203994,0.0,2,18,-0.15099848982163813,-0.1403451461911207,-0.15000000000000002,2
100,2,0.2,mixed,0.0,0.6,0.21945018748071354,0.1726835898118251,0.0,2,16,0.47439124704681424,0.2638896506502534,0.050000000000000044,2,19,0.2549410595661007,0.09120606083842828,0.050000000000000044,3
100,2,0.2,mixed,0.0,0.6,0.777698848876129,0.417074011868372,-0.04999999999999993,2,20,0.34351305863307896,0.175595160293031,0.0,2,22,-0.43418579024305,-0.24147885157534102,-0.04999999999999993,4
100,2,0.2,mixed,0.0,0.6,0.2174421860069094,0.17022105849549463,0.0,2,25,0.20255909310765266,0.11119696157484112,0.20000000000000007,2,23,-0.014883092899256739,-0.05902409692065351,0.20000000000000007,5
100,2,0.2,mixed,0.0,0.6,42.3893576157623,21.271893325366655,-0.09999999999999998,2,15,12.581032297123167,6.310043944204457,-0.09999999999999998,2,21,-29.808325318639135,-14.961849381162198,0.0,6
100,2,0.2,mixed,0.0,0.6,77.13652152380989,38.64076072477886,0.25,2,24,101.51771012669458,50.80413069076033,-0.09999999999999998,2,15,24.38118860288469,12.163369965981474,-0.15000000000000002,7
100,2,0.2,mixed,0.0,0.6,2.66102668726988,1.3569987836737363,0.30000000000000004,2,23,0.30072427420775033,0.15746405346738382,-0.14999999999999997,2,14,-2.3603024130621293,-1.1995347302063524,-0.15000000000000008,8
100,2,0.2,mixed,0.0,0.6,0.8009761151136343,0.4125451932700003,0.0,2,23,0.1482459840614161,0.0777635831597189,0.050000000000000044,2,18,-0.6527301310522182,-0.3347816101102814,0.050000000000000044,9
100,2,0.2,mixed,0.0,0.6,0.12706238015576204,0.07469829737011993,-0.19999999999999996,2,16,1.5561784391709903,0.8197269842701407,0.0,2,24,1.4291160590152283,0.7450286869000208,-0.19999999999999996,10
100,2,0.2,mixed,0.0,0.6,0.485912410797962,0.25382760140976734,0.050000000000000044,2,24,0.06113480107385813,0.05280044852087665,-0.04999999999999993,2,17,-0.42477760972410383,-0.2010271528888907,-1.1102230246251565e-16,11
100,2,0.2,mixed,0.0,0.6,0.18419104766832306,0.12252184983805592,0.09999999999999998,2,20,0.3056845362826796,0.190448208262596,0.09999999999999998,2,23,0.12149348861435655,0.06792635842454009,0.0,12
100,2,0.2,mixed,0.0,0.6,0.048336350884353264,0.03270492537554577,0.0,2,19,1.5921729165606318,0.8054478436566561,-0.19999999999999996,2,15,1.5438365656762785,0.7727429182811103,0.19999999999999996,13
100,2,0.2,mixed,0.0,0.6,0.9804811530168545,0.6527435590993517,0.0,2,21,0.2599107508785256,0.1579765666716665,-0.09999999999999998,2,21,-0.7205704021383288,-0.4947669924276852,0.09999999999999998,14
100,2,0.2,mixed,0.0,0.6,0.345886799912094,0.20348476172391522,0.0,2,15,0.07079712082998975,0.047150634930463016,-0.04999999999999993,2,22,-0.27508967908210424,-0.1563341267934522,0.04999999999999993,15
100,2,0.2,mixed,0.0,0.6,0.5153776635887373,0.26821402020325846,-0.04999999999999993,2,22,1.146219273835935,0.5756388897751935,-0.09999999999999998,2,13,0.6308416102471976,0.30742486957193504,0.050000000000000044,16
100,2,0.2,mixed,0.0,0.6,0.23736879887293275,0.14197421467903906,0.0,2,21,0.17694815358528154,0.0888386305937659,0.25,2,26,-0.0604206452876512,-0.05313558408527316,0.25,17
100,2,0.2,mixed,0.0,0.6,1.063292336620726,0.5937742246282813,0.050000000000000044,2,20,0.4435272177737765,0.24124832269865823,0.0,2,21,-0.6197651188469495,-0.3525259019296231,-0.050000000000000044,18
100,2,0.2,mixed,0.0,0.6,0.3157864986038086,0.16164235409383068,0.0,2,17,0.32698246501583866,0.1659266264201498,-0.04999999999999993,2,20,0.011195966412030078,0.004284272326319116,0.04999999999999993,19
100,2,0.2,mixed,0.1,0.6,0.20287998491970557,0.13342587346106302,0.050000000000000044,2,22,0.2316990521363658,0.15962520348548223,0.20000000000000007,2,26,0.02881906721666022,0.02619933002441921,0.15000000000000002,0
100,2,0.2,mixed,0.1,0.6,0.30539045636243245,0.16867650692706168,0.050000000000000044,2,20,1.3682157831305746,0.7316636108423236,0.0,2,20,1.062825326768142,0.5629871039152619,-0.050000000000000044,1
100,2,0.2,mixed,0.1,0.6,0.6806127095378565,0.368538723780401,-0.04999999999999993,2,20,0.9964302332443655,0.5701711116082799,-0.14999999999999997,2,15,0.31581752370650906,0.20163238782787896,0.10000000000000003,2
100,2,0.2,mixed,0.1,0.6,0.05859089156964611,0.02960418107956513,0.15000000000000002,2,21,0.0994123626768481,0.09384776190390312,-0.04999999999999993,2,20,0.04082147110720199,0.064243580824338,-0.10000000000000009,3
100,2,0.2,mixed,0.1,0.6,0.6180608163473905,0.32481654717573927,0.050000000000000044,2,22,1.3512821502528085,0.7293888184983705,-0.09999999999999998,2,19,0.733221333905418,0.4045722713226312,0.04999999999999993,4
100,2,0.2,mixed,0.1,0.6,0.8892184042942802,0.46038996176801505,-0.14999999999999997,2,13,0.6473123801697871,0.3385045330817315,-0.04999999999999993,2,21,-0.24190602412449314,-0.12188542868628355,-0.10000000000000003,5
100,2,0.2,mixed,0.1,0.6,1.9852318999458454,0.993645751021365,0.0,2,18,1.80472588824913,0.9039978474450648,0.20000000000000007,2,20,-0.18050601169671543,-0.08964790357630015,0.20000000000000007,6
100,2,0.2,mixed,0.1,0.6,0.038156042669641455,0.03074149632771006,0.0,2,18,0.473818980824019,0.24631970269127326,0.050000000000000044,2,18,0.43566293815437757,0.2155782063635632,0.050000000000000044,7
100,2,0.2,mixed,0.1,0.6,0.19863734996554724,0.11177536965667813,-0.04999999999999993,2,16,0.1148903239149842,0.06730263921021365,0.050000000000000044,2,19,-0.08374702605056304,-0.04447273044646448,1.1102230246251565e-16,8
100,2,0.2,mixed,0.1,0.6,0.17510832756144817,0.11801328139107777,0.20000000000000007,2,29,0.1350207386229557,0.11221025760061656,-0.09999999999999998,2,17,-0.040087588938492486,-0.005803023790461201,-0.10000000000000009,9
100,2,0.2,mixed,0.1,0.6,0.17629906097040182,0.09181009721863627,0.050000000000000044,2,23,0.34552844791852444,0.2289613861150318,0.0,2,20,0.16922938694812262,0.13715128889639555,-0.050000000000000044,10
100,2,0.2,mixed,0.1,0.6,0.2218750651772905,0.14273534919468595,0.050000000000000044,2,20,0.10002959003096916,0.05839766840574703,0.0,2,22,-0.12184547514632134,-0.08433768078893891,-0.050000000000000044,11
100,2,0.2,mixed,0.1,0.6,0.3640845348542208,0.23156748997833862,-0.09999999999999998,2,18,0.2897252786115757,0.20250223957053692,-0.04999999999999993,2,24,-0.07435925624264511,-0.029065250407801696,-0.050000000000000044,12
100,2,0.2,mixed,0.1,0.6,1.8092412622757506,1.0119091055183833,-0.04999999999999993,2,16,1.6427084225478652,0.9186175184455955,0.0,2,20,-0.16653283972788535,-0.09329158707278784,-0.04999999999999993,13
100,2,0.2,mixed,0.1,0.6,2.125253144071562,1.07210683801444,-0.04999999999999993,2,18,0.9281444004261388,0.47538300058070854,0.09999999999999998,2,15,-1.1971087436454233,-0.5967238374337316,0.050000000000000044,14
100,2,0.2,mixed,0.1,0.6,0.5663915552725477,0.34290251399005395,-0.09999999999999998,2,21,0.6496748048923144,0.32617186274794513,-0.14999999999999997,2,21,0.08328324961976674,-0.01673065124210882,0.04999999999999999,15
100,2,0.2,mixed,0.1,0.6,0.283777363346296,0.14979626393952056,-0.04999999999999993,2,17,0.6108177459571188,0.3158481083078453,0.20000000000000007,2,19,0.3270403826108228,0.16605184436832476,0.15000000000000013,16
100,2,0.2,mixed,0.1,0.6,0.03924977886888804,0.037899845044240765,0.0,2,22,0.09871722661733046,0.0917422750803138,-0.04999999999999993,2,19,0.05946744774844242,0.05384243003607303,0.04999999999999993,17
100,2,0.2,mixed,0.1,0.6,0.12284784650753615,0.09513025211699581,-0.04999999999999993,2,17,1.5464219714000407,0.7902098939494966,-0.09999999999999998,2,18,1.4235741248925045,0.6950796418325008,0.050000000000000044,18
100,2,0.2,mixed,0.1,0.6,0.4248268199503674,0.2262728352248179,0.050000000000000044,2,21,0.059095334383828996,0.0440045736224393,0.09999999999999998,2,24,-0.36573148556653845,-0.18226826160237858,0.04999999999999993,19
100,2,0.2,mixed,0.2,0.6,0.1592142605080989,0.12972938725008798,0.09999999999999998,2,22,0.13027113228434423,0.07087923097037911,-0.19999999999999996,2,16,-0.028943128223754666,-0.05885015627970887,0.09999999999999998,0
100,2,0.2,mixed,0.2,0.6,1.9701277588018817,1.003460467392742,0.050000000000000044,2,19,3.106481638118648,1.5608742393220902,0.20000000000000007,2,21,1.1363538793167665,0.5574137719293482,0.15000000000000002,1
100,2,0.2,mixed,0.2,0.6,0.12321843563873296,0.09031269355522409,-0.19999999999999996,2,16,0.21648732883626282,0.12100961601734171,0.0,2,20,0.09326889319752986,0.030696922462117623,-0.19999999999999996,2
100,2,0.2,mixed,0.2,0.6,0.22211276898446924,0.21900943026430525,-0.09999999999999998,2,16,0.24321360390409227,0.12771914078631535,-0.14999999999999997,2,19,0.02110083491962303,-0.0912902894779899,0.04999999999999999,3
100,2,0.2,mixed,0.2,0.6,2.148934030313017,1.0811245445666304,0.050000000000000044,2,21,2.714704624846857,1.4048925749972867,0.050000000000000044,2,21,0.56577059453384,0.3237680304306563,0.0,4
100,2,0.2,mixed,0.2,0.6,0.09996317498866565,0.06605556944990752,0.09999999999999998,2,23,0.6309525487114164,0.3586224330183781,-0.09999999999999998,2,20,0.5309893737227507,0.29256686356847056,0.0,5
100,2,0.2,mixed,0.2,0.6,2.8167926914046086,1.4085713528361752,0.050000000000000044,2,16,0.388045168680487,0.27593728089175107,0.15000000000000002,2,23,-2.4287475227241218,-1.1326340719444241,0.09999999999999998,6
100,2,0.2,mixed,0.2,0.6,0.03687421782188626,0.01908212107284775,0.0,2,19,0.9283798165659466,0.4677426830714596,0.0,2,19,0.8915055987440603,0.4486605619986119,0.0,7
100,2,0.2,mixed,0.2,0.6,1.5490181109931522,0.775222988389261,0.050000000000000044,2,17,0.09584028571652373,0.08047705297442859,0.0,2,16,-1.4531778252766285,-0.6947459354148324,-0.050000000000000044,8
100,2,0.2,mixed,0.2,0.6,0.10302488509880223,0.09275941389417164,-0.09999999999999998,2,18,0.25354984610836484,0.20916197855150498,0.0,2,17,0.1505249610095626,0.11640256465733334,-0.09999999999999998,9
100,2,0.2,mixed,0.2,0.6,1.4664724965546507,0.7668839943256314,-0.09999999999999998,2,21,0.6204165450920117,0.3116590440546985,0.0,2,19,-0.846055951462639,-0.45522495027093285,-0.09999999999999998,10
100,2,0.2,mixed,0.2,0.6,0.20275846465330213,0.11685420983092075,0.25,2,23,0.6674213687683107,0.36055818369558656,-0.19999999999999996,2,18,0.46466290411500855,0.2437039738646658,-0.050000000000000044,11
100,2,0.2,mixed,0.2,0.6,0.5265980759851264,0.31291273804362285,-0.14999999999999997,2,14,0.09837246237069773,0.07085058693319649,0.09999999999999998,2,19,-0.4282256136144287,-0.24206215111042637,-0.04999999999999999,12
100,2,0.2,mixed,0.2,0.6,0.08053334600002637,0.06043337340868926,0.25,2,23,0.8987003028132134,0.46781555019313614,0.050000000000000044,2,22,0.8181669568131871,0.4073821767844469,-0.19999999999999996,13
100,2,0.2,mixed,0.2,0.6,0.06195536732537618,0.0594709697752252,0.15000000000000002,2,16,5.265468287751463,2.6405190564136976,-0.04999999999999993,2,18,5.203512920426086,2.5810480866384724,-0.10000000000000009,14
100,2,0.2,mixed,0.2,0.6,2.568759177798746,1.3375176508661195,-0.09999999999999998,2,19,3.0110178139283827,1.518862355958687,0.0,2,22,0.4422586361296368,0.1813447050925674,-0.09999999999999998,15
100,2,0.2,mixed,0.2,0.6,0.30500537398251537,0.15874943924470022,0.0,2,22,0.7491046243984311,0.4005319907342207,0.25,2,25,0.4440992504159157,0.24178255148952046,0.25,16
100,2,0.2,mixed,0.2,0.6,0.2518129327400837,0.19915457285013988,0.050000000000000044,2,19,0.07510590901307564,0.05681492650475021,-0.14999999999999997,2,18,-0.17670702372700808,-0.14233964634538968,0.09999999999999992,17
100,2,0.2,mixed,0.2,0.6,0.10112633045598061,0.05725951229565853,-0.04999999999999993,2,15,0.05851428315768397,0.05698174265655212,0.15000000000000002,2,22,-0.042612047298296644,-0.0002777696391064108,0.10000000000000009,18
100,2,0.2,mixed,0.2,0.6,0.11973653488916015,0.06839672783218059,-0.09999999999999998,2,21,0.18743594173069478,0.0975777713112482,0.20000000000000007,2,25,0.06769940684153462,0.02918104347906761,0.10000000000000009,19
100,2,0.2,mixed,0.4,0.6,0.26368246996036987,0.14320574627566893,0.09999999999999998,2,23,0.04663200306926886,0.03488014539871222,-0.04999999999999993,2,17,-0.21705046689110102,-0.10832560087695671,-0.050000000000000044,0
100,2,0.2,mixed,0.4,0.6,0.10219665486840897,0.06147346273718543,-0.09999999999999998,2,16,0.3222394915535737,0.23203005464955462,0.09999999999999998,2,19,0.22004283668516472,0.1705565919123692,0.0,1
100,2,0.2,mixed,0.4,0.6,0.4293810844006098,0.21843373544973735,0.09999999999999998,2,21,0.9784541156973793,0.5250597649561417,0.25,2,22,0.5490730312967695,0.3066260295064044,0.15000000000000002,2
100,2,0.2,mixed,0.4,0.6,0.43823310976816265,0.2282208890018428,0.0,2,22,1.0820889033428305,0.5586079803491797,-0.09999999999999998,2,18,0.6438557935746678,0.3303870913473369,0.09999999999999998,3
100,2,0.2,mixed,0.4,0.6,0.03714532813091042,0.02859822283601201,0.09999999999999998,2,20,0.20804921152089448,0.1300213144986056,0.15000000000000002,2,23,0.17090388338998405,0.10142309166259358,0.050000000000000044,4
100,2,0.2,mixed,0.4,0.6,6.488947405801555,3.267090467414005,-0.09999999999999998,2,17,3.1276532032180433,1.5825298924530584,-0.09999999999999998,2,19,-3.3612942025835113,-1.6845605749609465,0.0,5
100,2,0.2,mixed,0.4,0.6,0.7749038490708138,0.4156785106338854,-0.09999999999999998,2,20,1.0972489352390757,0.6379676115893782,0.20000000000000007,2,24,0.32234508616826196,0.2222891009554928,0.10000000000000009,6
100,2,0.2,mixed,0.4,0.6,0.15982847519560925,0.08029659653593184,-0.04999999999999993,2,15,0.7884283805094595,0.42883701215978254,0.09999999999999998,2,19,0.6285999053138502,0.3485404156238507,0.050000000000000044,7
100,2,0.2,mixed,0.4,0.6,0.6533681494612001,0.3270721630316697,-0.09999999999999998,2,18,0.23288297051504372,0.1243772695165162,-0.09999999999999998,2,21,-0.42048517894615645,-0.2026948935151535,0.0,8
100,2,0.2,mixed,0.4,0.6,0.43836257732336265,0.2842884129205064,-0.04999999999999993,2,20,0.1977679567486602,0.12135597889310151,0.09999999999999998,2,18,-0.24059462057470243,-0.16293243402740487,0.050000000000000044,9
100,2,0.2,mixed,0.4,0.6,0.9529685054764795,0.4775670345303434,0.050000000000000044,2,19,0.4369449994242871,0.23992229035978724,0.09999999999999998,2,21,-0.5160235060521924,-0.23764474417055614,0.04999999999999993,10
100,2,0.2,mixed,0.4,0.6,0.024976332956688177,0.01676812945595723,0.050000000000000044,2,19,2.0886098624052853,1.110930136313777,0.09999999999999998,2,24,2.0636335294485972,1.0941620068578197,0.04999999999999993,11
100,2,0.2,mixed,0.4,0.6,0.6335868735990551,0.34520171762098945,-0.14999999999999997,2,16,0.1734877779749424,0.12448049954469735,-0.14999999999999997,2,20,-0.46009909562411266,-0.22072121807629208,0.0,12
100,2,0.2,mixed,0.4,0.6,0.6161758558706995,0.322644018521739,0.20000000000000007,2,28,0.06659938402706196,0.054084684829825244,0.0,2,18,-0.5495764718436374,-0.26855933369191376,-0.20000000000000007,13
100,2,0.2,mixed,0.4,0.6,0.07038733989444333,0.03810454786715563,0.20000000000000007,2,24,0.3720214789321506,0.20594357561943835,-0.14999999999999997,2,18,0.30163413903770725,0.1678390277522827,-0.0500000000000001,14
100,2,0.2,mixed,0.4,0.6,0.3996348196749684,0.2182688137480053,0.050000000000000044,2,20,0.7809185390343619,0.3964183265424101,-0.14999999999999997,2,23,0.38128371935939354,0.1781495127944048,0.09999999999999992,15
100,2,0.2,mixed,0.4,0.6,0.5862462380812964,0.30092718689992837,0.09999999999999998,2,22,0.5068777449288098,0.2786424789034387,0.25,2,22,-0.07936849315248662,-0.022284707996489683,0.15000000000000002,16
100,2,0.2,mixed,0.4,0.6,2.0658374688066843,1.0448723973443268,0.09999999999999998,2,20,1.7473059485619584,0.9016633928562335,0.0,2,19,-0.31853152024472586,-0.14320900448809326,-0.09999999999999998,17
100,2,0.2,mixed,0.4,0.6,5.129267645901627,2.6404606047291823,0.0,2,21,3.974964147963637,2.050587877448194,0.15000000000000002,2,22,-1.15430349793799,-0.5898727272809885,0.15000000000000002,18
100,2,0.2,mixed,0.4,0.6,0.039735736785686634,0.020757243095402358,-0.19999999999999996,2,18,1.1272423791901318,0.6044632389955358,0.050000000000000044,2,22,1.0875066424044453,0.5837059959001334,-0.1499999999999999,19
100,2,0.2,skewed,0.0,0.6,0.2576996040322597,0.14701165930381319,0.15000000000000002,2,23,0.4461714443711125,0.30789560395377213,0.20000000000000007,2,27,0.18847184033885278,0.16088394464995895,0.050000000000000044,0
100,2,0.2,skewed,0.0,0.6,0.038318010171901416,0.020248961744610234,0.0,2,21,0.16914497189494443,0.14700255852574545,-0.3,2,15,0.130826961723043,0.1267535967811352,0.3,1
100,2,0.2,skewed,0.0,0.6,0.33349226845100527,0.19752106681013834,-0.19999999999999996,2,19,0.11927387687728154,0.07164993778295109,0.20000000000000007,2,31,-0.21421839157372374,-0.12587112902718725,1.1102230246251565e-16,2
100,2,0.2,skewed,0.0,0.6,0.7247531246425968,0.4365258330395119,-0.25,2,16,1.4540576345378333,0.9643686775854592,-0.14999999999999997,2,17,0.7293045098952365,0.5278428445459473,-0.10000000000000003,3
100,2,0.2,skewed,0.0,0.6,0.4879228513736012,0.38890041060469527,0.0,2,19,0.5138733696344641,0.3387417885291639,-0.25,2,19,0.025950518260862865,-0.050158622075531345,0.25,4
100,2,0.2,skewed,0.0,0.6,0.5952516453525997,0.524984514499951,-0.14999999999999997,2,17,0.5733771310344851,0.34988113039210017,0.09999999999999998,2,20,-0.021874514318114602,-0.1751033841078508,-0.04999999999999999,5
100,2,0.2,skewed,0.0,0.6,1.8660142621382736,1.5898208835078496,0.0,2,19,1.5571079482501837,0.9455075789727172,-0.19999999999999996,2,15,-0.30890631388808987,-0.6443133045351324,0.19999999999999996,6
100,2,0.2,skewed,0.0,0.6,0.04370205697746794,0.022008994878845126,-0.09999999999999998,2,20,0.4509144774334444,0.25218468361197566,0.09999999999999998,2,19,0.4072124204559765,0.23017568873313055,0.0,7
100,2,0.2,skewed,0.0,0.6,0.3493310078205276,0.2261923248652381,0.0,2,22,0.06176466531452699,0.03286024971778976,-0.19999999999999996,2,12,-0.2875663425060006,-0.19333207514744835,0.19999999999999996,8
100,2,0.2,skewed,0.0,0.6,1.6245327611420175,0.837083115743509,0.0,2,27,0.5656572065806791,0.2846522587662717,0.050000000000000044,2,21,-1.0588755545613384,-0.5524308569772374,0.050000000000000044,9
100,2,0.2,skewed,0.0,0.6,1.9805428020279852,1.4105058857126231,-0.3,2,13,0.7950855517008876,0.7503201867419227,-0.19999999999999996,2,11,-1.1854572503270977,-0.6601856989707005,-0.10000000000000003,10
100,2,0.2,skewed,0.0,0.6,0.6118387394591075,0.46122122549720257,0.09999999999999998,2,27,0.6648200979577226,0.5183059365857481,0.0,2,20,0.05298135849861507,0.057084711088545514,-0.09999999999999998,11
100,2,0.2,skewed,0.0,0.6,0.47504400655953083,0.43763295436056937,-0.14999999999999997,2,16,0.19533060199356164,0.19134379775268961,0.050000000000000044,2,19,-0.27971340456596916,-0.24628915660787976,-0.09999999999999992,12
100,2,0.2,skewed,0.0,0.6,0.3241668341611976,0.17797810250330376,-0.09999999999999998,2,23,0.7591040755812245,0.40339565863647214,-0.09999999999999998,2,20,0.4349372414200269,0.22541755613316838,0.0,13
100,2,0.2,skewed,0.0,0.6,0.10947826460462683,0.07260781771857755,0.25,2,24,0.3399121217096897,0.3126249775807618,0.09999999999999998,2,19,0.23043385710506287,0.24001715986218425,-0.15000000000000002,14
100,2,0.2,skewed,0.0,0.6,0.5106218392980308,0.3514060165365167,0.0,2,23,0.29774736769133414,0.17164213231824738,-0.04999999999999993,2,17,-0.2128744716066967,-0.17976388421826933,0.04999999999999993,15
100,2,0.2,skewed,0.0,0.6,0.48833085302354395,0.2620656493035295,-0.09999999999999998,2,18,0.10553892784646479,0.07625038860161228,0.050000000000000044,2,22,-0.38279192517707916,-0.18581526070191723,-0.04999999999999993,16
100,2,0.2,skewed,0.0,0.6,0.2463136152865099,0.20948397244551953,0.0,2,18,0.5063669251299914,0.4851508387363401,-0.09999999999999998,2,20,0.26005330984348146,0.27566686629082054,0.09999999999999998,17
100,2,0.2,skewed,0.0,0.6,0.16444315375612625,0.1316538816572117,0.15000000000000002,2,21,0.12193831353245868,0.11407202264429084,-0.04999999999999993,2,18,-0.04250484022366757,-0.017581859012920864,-0.10000000000000009,18
100,2,0.2,skewed,0.0,0.6,0.10308807939455883,0.09314989500066564,-0.14999999999999997,2,20,0.09972924145048738,0.05580758180635785,0.15000000000000002,2,23,-0.0033588379440714494,-0.037342313194307794,5.551115123125783e-17,19
100,2,0.2,skewed,0.1,0.6,0.6949934808784535,0.49929118277358153,-0.09999999999999998,2,18,0.6531780672260339,0.35226169809626856,0.15000000000000002,2,24,-0.041815413652419586,-0.14702948467731297,0.050000000000000044,0
100,2,0.2,skewed,0.1,0.6,0.16834995848475107,0.12490238542759097,0.09999999999999998,2,22,0.21887942328230023,0.13151792558745293,0.0,2,20,0.05052946479754916,0.00661554015986196,-0.09999999999999998,1
100,2,0.2,skewed,0.1,0.6,0.16120084911220464,0.12938181434221913,0.15000000000000002,2,20,0.35579730334493936,0.1975207484053289,-0.14999999999999997,2,16,0.19459645423273472,0.06813893406310978,-5.551115123125783e-17,2
100,2,0.2,skewed,0.1,0.6,0.1525904103840369,0.09905757709565444,0.09999999999999998,2,23,0.15024972251986232,0.08039587141301616,0.15000000000000002,2,20,-0.002340687864174573,-0.01866170568263828,0.050000000000000044,3
100,2,0.2,skewed,0.1,0.6,0.13691802973299316,0.09515960629649171,-0.14999999999999997,2,22,0.21116045687347426,0.11985202451316197,0.0,2,18,0.0742424271404811,0.02469241821667026,-0.14999999999999997,4
100,2,0.2,skewed,0.1,0.6,0.8224306257529744,0.7177138001735699,-0.04999999999999993,2,21,0.9577650635439627,0.9093671404773951,-0.14999999999999997,2,20,0.1353344377909883,0.1916533403038252,0.10000000000000003,5
100,2,0.2,skewed,0.1,0.6,0.28087821760818715,0.19522119976626046,-0.19999999999999996,2,17,0.3549706378504487,0.2961564524213435,0.09999999999999998,2,21,0.07409242024226154,0.10093525265508302,-0.09999999999999998,6
100,2,0.2,skewed,0.1,0.6,1.4629563752085901,0.7808395762131881,-0.09999999999999998,2,17,0.3111913542509142,0.2155172173838081,0.0,2,16,-1.151765020957676,-0.56532235882938,-0.09999999999999998,7
100,2,0.2,skewed,0.1,0.6,2.596372712585554,1.3099565784032263,-0.04999999999999993,2,19,2.6563578375770844,1.377189825379436,0.15000000000000002,2,21,0.059985124991530636,0.06723324697620958,0.10000000000000009,8
100,2,0.2,skewed,0.1,0.6,0.026312032512321892,0.016445878665828348,0.0,2,19,0.9669885126880813,0.6211258026384983,-0.09999999999999998,2,17,0.9406764801757594,0.6046799239726699,0.09999999999999998,9
100,2,0.2,skewed,0.1,0.6,0.13340268716130207,0.07276167061558743,-0.14999999999999997,2,20,0.0729157398218673,0.03735869241928747,0.09999999999999998,2,19,-0.06048694733943477,-0.03540297819629996,-0.04999999999999999,10
100,2,0.2,skewed,0.1,0.6,0.13277462573254192,0.09024786400595483,0.0,2,19,0.23017266743460674,0.12705515046352092,0.09999999999999998,2,22,0.09739804170206481,0.03680728645756609,0.09999999999999998,11
100,2,0.2,skewed,0.1,0.6,0.30130743466231547,0.17371819280587145,0.15000000000000002,2,20,0.17381263302730676,0.14926919909965963,0.0,2,19,-0.1274948016350087,-0.024448993706211813,-0.15000000000000002,12
100,2,0.2,skewed,0.1,0.6,0.6711128579223201,0.5636687380491958,-0.3,2,14,0.38109018689407964,0.23298752240410614,0.050000000000000044,2,21,-0.2900226710282405,-0.3306812156450897,-0.24999999999999994,13
100,2,0.2,skewed,0.1,0.6,0.05295305431362729,0.027517107466552053,0.050000000000000044,2,22,0.1486706874059267,0.07859890679970725,-0.09999999999999998,2,18,0.09571763309229941,0.0510817993331552,0.04999999999999993,14
100,2,0.2,skewed,0.1,0.6,0.4240098952433668,0.3163777496707761,-0.14999999999999997,2,18,0.18827652057637836,0.1648181993430023,0.09999999999999998,2,22,-0.23573337466698843,-0.1515595503277738,-0.04999999999999999,15
100,2,0.2,skewed,0.1,0.6,2.7771385403668503,1.536448700174113,-0.04999999999999993,2,20,0.62633331100428,0.36807053020551694,-0.19999999999999996,2,15,-2.1508052293625703,-1.168378169968596,0.15000000000000002,16
100,2,0.2,skewed,0.1,0.6,0.07361286135915453,0.045289829200956214,0.0,2,17,0.09269276150669466,0.07296201416840217,0.20000000000000007,2,20,0.01907990014754013,0.02767218496744596,0.20000000000000007,17
100,2,0.2,skewed,0.1,0.6,0.18392971239879224,0.11390271383821914,0.15000000000000002,2,23,0.005526277051404677,0.0038003607833090765,0.0,2,23,-0.17840343534738756,-0.11010235305491006,-0.15000000000000002,18
100,2,0.2,skewed,0.1,0.6,0.12954559075122438,0.10747576285480694,0.15000000000000002,2,22,0.027471462982262607,0.014480149980400984,0.0,2,18,-0.10207412776896177,-0.09299561287440596,-0.15000000000000002,19
100,2,0.2,skewed,0.2,0.6,0.5968106096364296,0.313733117874638,0.15000000000000002,2,23,0.5315265774687292,0.28780809353675324,-0.09999999999999998,2,19,-0.0652840321677004,-0.02592502433788474,-0.050000000000000044,0
100,2,0.2,skewed,0.2,0.6,0.5418308242488281,0.44495399089017273,-0.04999999999999993,2,18,0.3515142525054366,0.26812770577119893,-0.14999999999999997,2,14,-0.1903165717433915,-0.1768262851189738,0.10000000000000003,1
100,2,0.2,skewed,0.2,0.6,0.23491533723436767,0.19225375675151213,-0.09999999999999998,2,21,1.1193448305013898,0.6792002109953522,0.0,2,16,0.8844294932670221,0.4869464542438401,-0.09999999999999998,2
100,2,0.2,skewed,0.2,0.6,0.3374695890728078,0.3192339966707534,0.09999999999999998,2,19,0.3149047025170737,0.29365272419231137,0.09999999999999998,2,20,-0.022564886555734076,-0.025581272478442052,0.0,3
100,2,0.2,skewed,0.2,0.6,0.5898725694726368,0.3610635478300126,-0.09999999999999998,2,15,0.42544723744239765,0.22291776726288048,-0.04999999999999993,2,21,-0.16442533203023912,-0.13814578056713211,-0.050000000000000044,4
100,2,0.2,skewed,0.2,0.6,0.08931656901562343,0.04782146356398764,0.050000000000000044,2,17,0.15935765106937763,0.11938627382528483,-0.04999999999999993,2,21,0.0700410820537542,0.07156481026129718,-1.1102230246251565e-16,5
100,2,0.2,skewed,0.2,0.6,0.13668383735410958,0.12486984208620007,-0.09999999999999998,2,20,0.18348298838882,0.10324955776198577,-0.09999999999999998,2,18,0.04679915103471041,-0.021620284324214298,0.0,6
100,2,0.2,skewed,0.2,0.6,1.8617614585786313,1.1026525304099632,0.09999999999999998,2,20,2.0512299470042787,1.6471018316844441,0.09999999999999998,2,22,0.18946848842564745,0.5444493012744809,0.0,7
100,2,0.2,skewed,0.2,0.6,0.5642146980558168,0.2865107283297132,-0.19999999999999996,2,18,0.47661493615651923,0.30762329640882136,0.15000000000000002,2,22,-0.08759976189929758,0.021112568079108163,-0.04999999999999993,8
100,2,0.2,skewed,0.2,0.6,0.9036701269025021,0.5704439786197215,-0.09999999999999998,2,17,0.24270403223883796,0.13257946625807673,-0.04999999999999993,2,18,-0.6609660946636642,-0.4378645123616448,-0.050000000000000044,9
100,2,0.2,skewed,0.2,0.6,0.5880490288979859,0.371637577667655,0.09999999999999998,2,23,0.11400242359421404,0.10442776593448888,-0.04999999999999993,2,20,-0.4740466053037719,-0.2672098117331661,-0.050000000000000044,10
100,2,0.2,skewed,0.2,0.6,0.19789142967736312,0.1590326839799767,-0.09999999999999998,2,15,0.1656464909347578,0.1648584460620356,-0.04999999999999993,2,16,-0.03224493874260531,0.0058257620820588996,-0.050000000000000044,11
100,2,0.2,skewed,0.2,0.6,0.7043899700524766,0.47550100592684574,0.050000000000000044,2,19,0.6346871158644967,0.33549737447844014,-0.09999999999999998,2,18,-0.06970285418797995,-0.1400036314484056,0.04999999999999993,12
100,2,0.2,skewed,0.2,0.6,0.3176354407376786,0.2472521245623594,-0.25,2,14,0.15112766317824228,0.08459548334454565,0.0,2,23,-0.1665077775594363,-0.16265664121781376,-0.25,13
100,2,0.2,skewed,0.2,0.6,0.42688371552655785,0.22648210543926503,0.0,2,17,0.42365397045437125,0.27250246768419834,-0.04999999999999993,2,18,-0.003229745072186596,0.046020362244933305,0.04999999999999993,14
100,2,0.2,skewed,0.2,0.6,0.6603091300171766,0.46565537011314784,0.09999999999999998,2,19,0.7510604535950772,0.39838214542957046,-0.3,2,16,0.09075132357790061,-0.06727322468357738,0.2,15
100,2,0.2,skewed,0.2,0.6,0.683738957517052,0.49457799757120724,-0.14999999999999997,2,15,0.4648821186642474,0.34129472098911134,0.0,2,18,-0.21885683885280466,-0.1532832765820959,-0.14999999999999997,16
100,2,0.2,skewed,0.2,0.6,0.634678705122079,0.5403578747094017,-0.09999999999999998,2,18,0.6764716931357005,0.633770291711565,-0.3,2,14,0.041792988013621524,0.0934124170021633,0.2,17
100,2,0.2,skewed,0.2,0.6,0.5849686712880862,0.39872118730004713,-0.04999999999999993,2,15,0.862722368190914,0.4443751609974556,0.050000000000000044,2,21,0.2777536969028278,0.04565397369740848,1.1102230246251565e-16,18
100,2,0.2,skewed,0.2,0.6,0.42071136871803766,0.2504244816141682,0.0,2,20,0.46016442746479486,0.24378922747809031,0.0,2,18,0.0394530587467572,-0.006635254136077878,0.0,19
100,2,0.2,skewed,0.4,0.6,0.08121295721074241,0.040902505626298845,-0.19999999999999996,2,15,0.2841638373405269,0.14462429147285855,0.09999999999999998,2,22,0.20295088012978452,0.1037217858465597,-0.09999999999999998,0
100,2,0.2,skewed,0.4,0.6,0.5132143092814991,0.41092360160766017,-0.04999999999999993,2,21,0.34671781807953056,0.3147937902678791,-0.04999999999999993,2,17,-0.16649649120196858,-0.09612981133978105,0.0,1
100,2,0.2,skewed,0.4,0.6,1.500817658922886,1.0517165089735567,-0.14999999999999997,2,16,0.6208635964729825,0.38214975845785243,0.25,2,25,-0.8799540624499036,-0.6695667505157044,0.10000000000000003,2
100,2,0.2,skewed,0.4,0.6,0.7684321180147455,0.6014595488826651,0.15000000000000002,2,20,0.6959711412142107,0.3752490872458598,0.09999999999999998,2,19,-0.07246097680053487,-0.22621046163680525,-0.050000000000000044,3
100,2,0.2,skewed,0.4,0.6,0.5557707387248563,0.3056204340638782,-0.04999999999999993,2,16,0.4032657333720873,0.23926143456765606,-0.25,2,20,-0.15250500535276895,-0.06635899949622212,0.20000000000000007,4
100,2,0.2,skewed,0.4,0.6,0.7095846975723624,0.5335571281230937,0.0,2,25,0.7170314596592935,0.4344416726103356,0.050000000000000044,2,22,0.007446762086931069,-0.09911545551275813,0.050000000000000044,5
100,2,0.2,skewed,0.4,0.6,0.08962063173557065,0.04514213180268744,0.0,2,22,0.32373311447598085,0.167754646819609,0.09999999999999998,2,23,0.2341124827404102,0.12261251501692155,0.09999999999999998,6
100,2,0.2,skewed,0.4,0.6,3.627362114183573,3.179577264279481,-0.09999999999999998,2,20,3.651397074089853,2.2090707017973235,0.0,2,22,0.02403495990628013,-0.9705065624821576,-0.09999999999999998,7
100,2,0.2,skewed,0.4,0.6,0.8659595146607142,0.5663536193207701,0.25,2,24,0.7247018258880775,0.6583318081611382,-0.35,2,14,-0.14125768877263667,0.09197818884036812,0.09999999999999998,8
100,2,0.2,skewed,0.4,0.6,0.2955275982370613,0.24704505198340243,0.25,2,21,0.026478183658071783,0.015907822430676708,0.09999999999999998,2,20,-0.2690494145789895,-0.23113722955272573,-0.15000000000000002,9
100,2,0.2,skewed,0.4,0.6,0.08991817414367138,0.05801933463418031,-0.09999999999999998,2,17,0.45842051177170573,0.23103362376098302,-0.04999999999999993,2,18,0.36850233762803436,0.17301428912680272,-0.050000000000000044,10
100,2,0.2,skewed,0.4,0.6,0.6076550683246686,0.3291200700500249,-0.14999999999999997,2,20,0.4190951818365211,0.29118631668472433,-0.14999999999999997,2,17,-0.18855988648814753,-0.03793375336530058,0.0,11
100,2,0.2,skewed,0.4,0.6,0.5621140477420892,0.5549424409863382,-0.14999999999999997,2,17,1.0894652781583216,0.7607201186761134,-0.14999999999999997,2,14,0.5273512304162324,0.20577767768977528,0.0,12
100,2,0.2,skewed,0.4,0.6,0.6447242748085495,0.5949904023761459,-0.3,2,18,0.46608099284479937,0.2672240249662982,-0.19999999999999996,2,18,-0.17864328196375018,-0.32776637740984765,-0.10000000000000003,13
100,2,0.2,skewed,0.4,0.6,0.1377459300669775,0.11981720619057416,-0.04999999999999993,2,17,0.6816069112333851,0.36130124235869937,-0.3,2,11,0.5438609811664077,0.2414840361681252,0.25000000000000006,14
100,2,0.2,skewed,0.4,0.6,0.1158822500842811,0.08311279541492211,0.0,2,22,0.16601761552800437,0.0974197925766517,0.15000000000000002,2,20,0.05013536544372327,0.01430699716172959,0.15000000000000002,15
100,2,0.2,skewed,0.4,0.6,0.34616996964739627,0.1974467979321203,0.09999999999999998,2,17,0.5120330959710873,0.2832249234662226,-0.19999999999999996,2,18,0.165863126323691,0.08577812553410227,0.09999999999999998,16
100,2,0.2,skewed,0.4,0.6,0.04159776380777288,0.02883064139662825,0.0,2,19,0.04741575596670829,0.02922901179228098,0.0,2,20,0.0058179921589354075,0.0003983703956527279,0.0,17
100,2,0.2,skewed,0.4,0.6,0.2022946449197144,0.12634590814413693,0.0,2,18,0.07475310954775181,0.05749656497494107,-0.04999999999999993,2,18,-0.1275415353719626,-0.06884934316919586,0.04999999999999993,18
100,2,0.2,skewed,0.4,0.6,0.21368206351200048,0.17108559303025833,0.050000000000000044,2,18,0.2842979528580549,0.16605541616349057,-0.19999999999999996,2,14,0.07061588934605445,-0.005030176866767766,0.1499999999999999,19
100,2,0.2,correlated,0.0,0.6,0.5817875135156377,0.336803809095059,0.09999999999999998,2,23,0.0969726568702419,0.08932019641730442,-0.19999999999999996,2,14,-0.4848148566453958,-0.2474836126777546,0.09999999999999998,0
100,2,0.2,correlated,0.0,0.6,1.2641431143046595,0.7632398999854427,0.0,2,19,0.40113954699057164,0.20189001812774302,0.15000000000000002,2,26,-0.8630035673140879,-0.5613498818576997,0.15000000000000002,1
100,2,0.2,correlated,0.0,0.6,2.373740528983249,1.516345466960406,-0.04999999999999993,2,18,1.8010960774289995,1.1371544878483892,-0.09999999999999998,2,18,-0.5726444515542495,-0.3791909791120167,0.050000000000000044,2
100,2,0.2,correlated,0.0,0.6,19.709207392245446,11.483172831001196,-0.09999999999999998,2,23,10.413897134765492,5.963730174682651,-0.04999999999999993,2,20,-9.295310257479954,-5.519442656318545,-0.050000000000000044,3
100,2,0.2,correlated,0.0,0.6,1.5985699127356339,0.8876372922796605,0.20000000000000007,2,21,0.524379050077232,0.3788850956065291,0.20000000000000007,2,24,-1.0741908626584018,-0.5087521966731314,0.0,4
100,2,0.2,correlated,0.0,0.6,0.39769908606222365,0.244122006263045,-0.09999999999999998,2,15,0.09970344958802423,0.06705644255219553,0.050000000000000044,2,24,-0.2979956364741994,-0.17706556371084947,-0.04999999999999993,5
100,2,0.2,correlated,0.0,0.6,0.667473018422225,0.5261222157204564,0.25,2,27,0.8612319815860442,0.5578581410441563,0.050000000000000044,2,20,0.19375896316381924,0.031735925323699954,-0.19999999999999996,6
100,2,0.2,correlated,0.0,0.6,0.5063170539287818,0.29065331287623974,0.09999999999999998,2,23,0.43005812616436556,0.2423505872611522,-0.14999999999999997,2,15,-0.07625892776441623,-0.048302725615087555,0.04999999999999999,7
100,2,0.2,correlated,0.0,0.6,2.853226660933965,1.814200907953589,-0.04999999999999993,2,19,0.969396911769034,0.7135785319441104,-0.09999999999999998,2,19,-1.8838297491649312,-1.1006223760094787,0.050000000000000044,8
100,2,0.2,correlated,0.0,0.6,5.447860313593806,2.990459405167312,-0.04999999999999993,2,19,0.3811645681427973,0.22435708853401995,-0.04999999999999993,2,22,-5.066695745451009,-2.766102316633292,0.0,9
100,2,0.2,correlated,0.0,0.6,1.5607758511500354,1.5020558376801045,0.0,2,23,0.8248384965034519,0.7709255122747447,0.0,2,23,-0.7359373546465835,-0.7311303254053598,0.0,10
100,2,0.2,correlated,0.0,0.6,3.3642357060792856,3.323373794415586,0.15000000000000002,2,25,1.7710352515019279,1.0160216155664512,0.050000000000000044,2,21,-1.5932004545773577,-2.3073521788491345,-0.09999999999999998,11
100,2,0.2,correlated,0.0,0.6,26.92766275194802,13.537449954067442,-0.19999999999999996,2,12,11.562765276620784,5.882729489568599,-0.04999999999999993,2,19,-15.364897475327236,-7.654720464498843,-0.15000000000000002,12
100,2,0.2,correlated,0.0,0.6,0.07624306299207345,0.0477109083700018,0.050000000000000044,2,22,0.11894307386629115,0.11185247988896133,-0.14999999999999997,2,21,0.042700010874217695,0.06414157151895952,0.09999999999999992,13
100,2,0.2,correlated,0.0,0.6,1.072583668018671,0.5761239364630016,-0.19999999999999996,2,14,1.3927093339420245,0.7074288974608158,0.0,2,23,0.32012566592335334,0.1313049609978142,-0.19999999999999996,14
100,2,0.2,correlated,0.0,0.6,1.1198899262379478,0.6381283719169883,0.20000000000000007,2,25,0.8633517709544357,0.6523840849815264,0.0,2,20,-0.2565381552835121,0.0142557130645381,-0.20000000000000007,15
100,2,0.2,correlated,0.0,0.6,0.2373572188093251,0.1966765435834403,0.09999999999999998,2,20,0.6480673527288832,0.5645073772145732,0.0,2,19,0.4107101339195581,0.3678308336311329,-0.09999999999999998,16
100,2,0.2,correlated,0.0,0.6,0.44369177894172745,0.2547969199362825,-0.25,2,16,0.5409343554241027,0.3617849668983333,0.25,2,26,0.09724257648237528,0.10698804696205078,0.0,17
100,2,0.2,correlated,0.0,0.6,0.28098087173962233,0.17946386323433244,0.050000000000000044,2,22,0.2772666542830629,0.26311577820422144,-0.04999999999999993,2,23,-0.003714217456559421,0.083651914969889,-1.1102230246251565e-16,18
100,2,0.2,correlated,0.0,0.6,0.11585190824201426,0.10142023929895921,-0.04999999999999993,2,18,0.4552359852031419,0.3527725368862854,0.050000000000000044,2,20,0.33938407696112766,0.2513522975873262,1.1102230246251565e-16,19
100,2,0.2,correlated,0.1,0.6,2.3186366620512855,1.5536825570833126,0.050000000000000044,2,21,0.4562970949832366,0.2571285286675389,0.050000000000000044,2,22,-1.862339567068049,-1.2965540284157737,0.0,0
100,2,0.2,correlated,0.1,0.6,1.4313757592873917,0.8013051846899161,-0.04999999999999993,2,19,0.2308800307859644,0.22030618937788743,0.35,2,27,-1.2004957285014273,-0.5809989953120287,0.30000000000000004,1
100,2,0.2,correlated,0.1,0.6,0.2743817716376875,0.2709858984282665,0.30000000000000004,2,26,2.541661610585109,1.6893765003360481,0.25,2,27,2.2672798389474216,1.4183906019077817,-0.050000000000000044,2
100,2,0.2,correlated,0.1,0.6,5.504466495031127,3.524586614627397,-0.09999999999999998,2,20,0.25757649662853654,0.1952598885076881,0.050000000000000044,2,17,-5.24688999840259,-3.3293267261197093,-0.04999999999999993,3
100,2,0.2,correlated,0.1,0.6,0.6278178340230041,0.555059088405421,0.0,2,22,1.1030255725768072,0.8575960521813774,-0.09999999999999998,2,22,0.47520773855380316,0.3025369637759564,0.09999999999999998,4
100,2,0.2,correlated,0.1,0.6,4.87599914110127,2.7909326169177495,-0.09999999999999998,2,15,1.631669768122325,1.0988334430846771,0.15000000000000002,2,20,-3.2443293729789455,-1.6920991738330724,0.050000000000000044,5
100,2,0.2,correlated,0.1,0.6,1.7781716660250726,0.9881894791339911,0.09999999999999998,2,23,2.05841298117647,1.378404965879942,0.050000000000000044,2,21,0.2802413151513974,0.39021548674595086,-0.04999999999999993,6
100,2,0.2,correlated,0.1,0.6,3.1415130889513465,1.7468793087474384,0.09999999999999998,2,24,0.9839158637854366,0.8040002407660864,0.050000000000000044,2,24,-2.15759722516591,-0.9428790679813519,-0.04999999999999993,7
100,2,0.2,correlated,0.1,0.6,0.6276399678070952,0.3657109716497245,0.050000000000000044,2,22,0.319662574845544,0.28604210440277356,-0.09999999999999998,2,21,-0.3079773929615512,-0.07966886724695094,0.04999999999999993,8
100,2,0.2,correlated,0.1,0.6,25.94205930077289,13.831258786206147,-0.04999999999999993,2,22,9.379716323748296,4.9134052810431195,-0.04999999999999993,2,18,-16.562342977024592,-8.917853505163027,0.0,9
100,2,0.2,correlated,0.1,0.6,4.011962133232413,2.046667932347606,-0.19999999999999996,2,17,0.6844994931845083,0.6696368915454965,-0.14999999999999997,2,11,-3.327462640047905,-1.3770310408021094,-0.04999999999999999,10
100,2,0.2,correlated,0.1,0.6,1.367558805246462,0.8902836808413335,-0.19999999999999996,2,18,1.114922524335804,0.8774908716952134,0.4,2,31,-0.25263628091065793,-0.012792809146120021,0.20000000000000007,11
100,2,0.2,correlated,0.1,0.6,4.907469649388592,3.5175220601285915,-0.09999999999999998,2,15,2.8058264641232387,1.7311151738339075,0.0,2,18,-2.101643185265353,-1.786406886294684,-0.09999999999999998,12
100,2,0.2,correlated,0.1,0.6,0.4580274178781384,0.30167153931619684,0.0,2,20,0.23946486911899514,0.22911377120276383,-0.09999999999999998,2,20,-0.21856254875914324,-0.07255776811343301,0.09999999999999998,13
100,2,0.2,correlated,0.1,0.6,0.07687183315768116,0.07116532864414907,0.050000000000000044,2,23,0.11617785341914283,0.05925559857999597,-0.04999999999999993,2,18,0.03930602026146167,-0.0119097300641531,-1.1102230246251565e-16,14
100,2,0.2,correlated,0.1,0.6,2.086408982070129,1.0579581966468354,-0.09999999999999998,2,18,2.425392300312792,1.832457728720609,0.15000000000000002,2,23,0.33898331824266315,0.7744995320737735,0.050000000000000044,15
100,2,0.2,correlated,0.1,0.6,0.48158631788651773,0.285769425889394,0.050000000000000044,2,21,0.8393393032103704,0.7287696402557315,0.050000000000000044,2,23,0.3577529853238527,0.4430002143663375,0.0,16
100,2,0.2,correlated,0.1,0.6,42.16045481791661,21.322088489188857,-0.14999999999999997,2,14,12.191982240628652,6.343906573073711,-0.09999999999999998,2,17,-29.968472577287955,-14.978181916115147,-0.04999999999999999,17
100,2,0.2,correlated,0.1,0.6,0.40999259266579374,0.27371723020719463,-0.04999999999999993,2,19,0.7365016409231285,0.392698918865976,0.09999999999999998,2,18,0.3265090482573348,0.11898168865878139,0.050000000000000044,18
100,2,0.2,correlated,0.1,0.6,1.6881574232643635,0.9535261968513389,-0.19999999999999996,2,14,31.373217776046655,16.010961794607233,-0.14999999999999997,2,17,29.68506035278229,15.057435597755894,-0.04999999999999999,19
100,2,0.2,correlated,0.2,0.6,0.7049892428579978,0.5065378479042683,0.0,2,18,0.17245361326513123,0.10526512209448721,-0.14999999999999997,2,18,-0.5325356295928666,-0.401272725809781,0.14999999999999997,0
100,2,0.2,correlated,0.2,0.6,0.31705240375236754,0.3102969119789081,0.09999999999999998,2,29,0.13531098285416254,0.1284959684264807,-0.14999999999999997,2,15,-0.181741420898205,-0.18180094355242737,0.04999999999999999,1
100,2,0.2,correlated,0.2,0.6,3.535381472576064,2.5604748489178486,0.30000000000000004,2,29,1.0782741296135843,0.5747720737466653,0.09999999999999998,2,19,-2.45710734296248,-1.9857027751711833,-0.20000000000000007,2
100,2,0.2,correlated,0.2,0.6,2.250175575124174,2.154785998727692,-0.25,2,17,2.9800044498848655,2.623225108095328,0.0,2,18,0.7298288747606914,0.4684391093676359,-0.25,3
100,2,0.2,correlated,0.2,0.6,0.7064489725925545,0.5091973492043957,0.09999999999999998,2,25,0.47148717175332455,0.45288473209791186,0.15000000000000002,2,26,-0.2349618008392299,-0.056312617106483887,0.050000000000000044,4
100,2,0.2,correlated,0.2,0.6,1.951282672631503,1.236061227345874,0.050000000000000044,2,19,0.7026879151722182,0.3622053729436208,-0.19999999999999996,2,18,-1.2485947574592848,-0.8738558544022532,0.1499999999999999,5
100,2,0.2,correlated,0.2,0.6,0.4051303780044814,0.28606672090054336,-0.19999999999999996,2,18,0.7548711069312543,0.39973968283090566,0.050000000000000044,2,22,0.3497407289267729,0.1136729619303623,-0.1499999999999999,6
100,2,0.2,correlated,0.2,0.6,11.232357463755607,5.705369062161331,0.15000000000000002,2,21,13.519177707888243,6.89579962926657,-0.09999999999999998,2,21,2.2868202441326364,1.1904305671052384,-0.050000000000000044,7
100,2,0.2,correlated,0.2,0.6,0.6228671020421054,0.4353250795811091,0.35,2,28,0.3020595439344526,0.20506985512819528,0.09999999999999998,2,21,-0.32080755810765277,-0.23025522445291383,-0.25,8
100,2,0.2,correlated,0.2,0.6,0.18505402296525203,0.10360819257956753,0.09999999999999998,2,23,0.651859730513541,0.6409419540052426,0.15000000000000002,2,25,0.46680570754828893,0.537333761425675,0.050000000000000044,9
100,2,0.2,correlated,0.2,0.6,1.5546660244810655,0.9177418951957064,-0.09999999999999998,2,16,0.27262580411985193,0.2062005291501105,0.050000000000000044,2,20,-1.2820402203612136,-0.7115413660455958,-0.04999999999999993,10
100,2,0.2,correlated,0.2,0.6,1.360692810475065,0.8783226970724671,0.30000000000000004,2,25,0.3319660007187613,0.23563555693203275,-0.25,2,14,-1.0287268097563038,-0.6426871401404344,-0.050000000000000044,11
100,2,0.2,correlated,0.2,0.6,0.0677860967067761,0.04896282032030438,-0.19999999999999996,2,21,0.06644506252786174,0.054102471765110405,-0.14999999999999997,2,18,-0.0013410341789143604,0.005139651444806027,-0.04999999999999999,12
100,2,0.2,correlated,0.2,0.6,0.6775933089760653,0.5302409242409711,0.050000000000000044,2,21,1.793515536686862,1.1810016899801072,-0.09999999999999998,2,22,1.1159222277107967,0.6507607657391361,0.04999999999999993,13
100,2,0.2,correlated,0.2,0.6,0.32855129905547353,0.25127638964141424,-0.04999999999999993,2,16,0.3164702566438569,0.31188128858538017,0.050000000000000044,2,17,-0.012081042411616616,0.060604898943965924,1.1102230246251565e-16,14
100,2,0.2,correlated,0.2,0.6,0.8564850919855679,0.5218363087030051,-0.04999999999999993,2,17,0.4566458815708342,0.3216124974544793,0.20000000000000007,2,25,-0.3998392104147337,-0.20022381124852584,0.15000000000000013,15
100,2,0.2,correlated,0.2,0.6,0.7134480149975096,0.42683190090842826,0.050000000000000044,2,20,0.24321951668249678,0.12237142344959148,-0.14999999999999997,2,15,-0.4702284983150129,-0.30446047745883675,0.09999999999999992,16
100,2,0.2,correlated,0.2,0.6,0.2721100054724923,0.20686174536276958,-0.04999999999999993,2,17,0.9277807717058415,0.5312540787386297,0.15000000000000002,2,24,0.6556707662333492,0.32439233337586015,0.10000000000000009,17
100,2,0.2,correlated,0.2,0.6,0.45281392657558317,0.2634327697838046,0.20000000000000007,2,22,0.8946348572618656,0.5936333637142828,-0.04999999999999993,2,24,0.4418209306862825,0.3302005939304782,-0.15000000000000013,18
100,2,0.2,correlated,0.2,0.6,1.167543232339161,0.6250766474087196,-0.04999999999999993,2,22,0.3014367398954975,0.16086420686038522,-0.09999999999999998,2,17,-0.8661064924436634,-0.4642124405483344,0.050000000000000044,19
100,2,0.2,correlated,0.4,0.6,5.6656857631244675,3.3481116382823193,-0.14999999999999997,2,15,0.9924169933371398,0.6601898568547564,0.20000000000000007,2,22,-4.673268769787327,-2.687921781427563,0.0500000000000001,0
100,2,0.2,correlated,0.4,0.6,1.7626139486726564,1.7259809024879949,0.15000000000000002,2,23,1.0985834825339706,0.8884810148991782,0.09999999999999998,2,23,-0.6640304661386858,-0.8374998875888167,-0.050000000000000044,1
100,2,0.2,correlated,0.4,0.6,11.95756503114091,6.002968650051782,-0.09999999999999998,2,18,31.94700960320442,16.606412589465066,0.050000000000000044,2,22,19.989444572063512,10.603443939413284,-0.04999999999999993,2
100,2,0.2,correlated,0.4,0.6,0.16069610513393567,0.09207867420578858,-0.04999999999999993,2,19,0.05701106825991511,0.040362548790002936,-0.09999999999999998,2,18,-0.10368503687402056,-0.051716125415785644,0.050000000000000044,3
100,2,0.2,correlated,0.4,0.6,0.5618552945527876,0.2926298755188422,0.45000000000000007,2,28,0.2945008268450408,0.24431571569498686,0.050000000000000044,2,22,-0.2673544677077468,-0.04831415982385531,-0.4,4
100,2,0.2,correlated,0.4,0.6,10.876518634966041,6.137177930856622,-0.14999999999999997,2,18,0.5771772239296461,0.30968090241434365,-0.09999999999999998,2,14,-10.299341411036396,-5.827497028442279,-0.04999999999999999,5
100,2,0.2,correlated,0.4,0.6,5.352334145536298,2.762203396839198,-0.09999999999999998,2,15,16.91809330512322,8.859766386399256,-0.14999999999999997,2,17,11.565759159586925,6.097562989560059,0.04999999999999999,6
100,2,0.2,correlated,0.4,0.6,0.9205530763418238,0.856101521193037,-0.14999999999999997,2,17,3.8000802961549205,2.070524004134839,-0.04999999999999993,2,18,2.8795272198130966,1.214422482941802,-0.10000000000000003,7
100,2,0.2,correlated,0.4,0.6,0.06906715499877936,0.06531369219631628,0.050000000000000044,2,21,0.2759837836099694,0.2404230754376231,-0.04999999999999993,2,20,0.20691662861119003,0.17510938324130682,-1.1102230246251565e-16,8
100,2,0.2,correlated,0.4,0.6,0.47890591796529414,0.3325835807587217,0.20000000000000007,2,23,1.2155759429980157,0.701850229306632,0.25,2,28,0.7366700250327216,0.3692666485479103,0.04999999999999993,9
100,2,0.2,correlated,0.4,0.6,0.062221795484321434,0.03645103380188142,-0.14999999999999997,2,18,0.22655978461229145,0.15011524696263834,-0.25,2,13,0.16433798912797,0.11366421316075692,0.10000000000000003,10
100,2,0.2,correlated,0.4,0.6,0.1746002966771214,0.16225835301996794,0.050000000000000044,2,21,0.6017660734660505,0.5535531694794518,-0.09999999999999998,2,21,0.4271657767889291,0.39129481645948383,0.04999999999999993,11
100,2,0.2,correlated,0.4,0.6,1.812191177871961,1.4666156701402913,0.09999999999999998,2,20,2.204949059999624,1.393207058142412,0.050000000000000044,2,22,0.39275788212766294,-0.07340861199787918,-0.04999999999999993,12
100,2,0.2,correlated,0.4,0.6,0.5591427526778011,0.5082866756960503,0.09999999999999998,2,23,0.3093207754046436,0.16522688838803498,0.050000000000000044,2,20,-0.24982197727315753,-0.34305978730801534,-0.04999999999999993,13
100,2,0.2,correlated,0.4,0.6,0.24862000378923232,0.21478615090202674,-0.04999999999999993,2,19,2.3156807734491105,1.8663609125422411,-0.19999999999999996,2,13,2.067060769659878,1.6515747616402143,0.15000000000000002,14
100,2,0.2,correlated,0.4,0.6,0.6217885852016258,0.4493181395216125,0.20000000000000007,2,23,0.596190048600935,0.47747028414155407,-0.19999999999999996,2,16,-0.02559853660069078,0.028152144619941588,-1.1102230246251565e-16,15
100,2,0.2,correlated,0.4,0.6,3.2522835285088396,1.7321319026512005,-0.14999999999999997,2,17,0.444223506243359,0.3057070693012103,0.09999999999999998,2,25,-2.808060022265481,-1.4264248333499903,-0.04999999999999999,16
100,2,0.2,correlated,0.4,0.6,0.2767867603650519,0.17280500098574675,-0.14999999999999997,2,15,1.0905813581957082,0.6955308762300116,0.0,2,19,0.8137945978306563,0.522725875244265,-0.14999999999999997,17
100,2,0.2,correlated,0.4,0.6,0.4268726712434565,0.3091799212768157,0.0,2,21,0.3783269540439464,0.2688337839307503,0.050000000000000044,2,23,-0.04854571719951012,-0.0403461373460654,0.050000000000000044,18
100,2,0.2,correlated,0.4,0.6,1.0418953631574128,0.583484222678871,-0.25,2,13,0.46526203790877974,0.4380586396772033,0.050000000000000044,2,21,-0.5766333252486331,-0.1454255830016677,-0.19999999999999996,19
100,2,0.5,mixed,0.0,0.6,0.33290091665024885,0.19468082867622208,0.0,2,45,0.21479796245217575,0.11570445808925547,0.08000000000000007,2,56,-0.1181029541980731,-0.0789763705869666,0.08000000000000007,0
100,2,0.5,mixed,0.0,0.6,0.1304797266097301,0.0804689387882426,-0.020000000000000018,2,50,0.22100295107186374,0.12062827399693896,0.08000000000000007,2,55,0.09052322446213365,0.040159335208696356,0.06000000000000005,1
100,2,0.5,mixed,0.0,0.6,0.4947867162162566,0.2614625684681599,-0.039999999999999925,2,50,0.3572455472383518,0.18699988692646136,0.0,2,47,-0.1375411689779048,-0.07446268154169855,-0.039999999999999925,2
100,2,0.5,mixed,0.0,0.6,0.30273733551362764,0.1542722004778219,0.020000000000000018,2,53,0.15613540347824278,0.10799874368896813,-0.020000000000000018,2,51,-0.14660193203538485,-0.046273456788853765,0.0,3
100,2,0.5,mixed,0.0,0.6,0.03770244405616884,0.028251059939808143,0.06000000000000005,2,51,0.09198222819101698,0.052431347615370605,-0.05999999999999994,2,46,0.05427978413484814,0.024180287675562462,-1.1102230246251565e-16,4
100,2,0.5,mixed,0.0,0.6,0.34024294048135273,0.1866777652410492,0.020000000000000018,2,51,0.8563025431815265,0.4413076567326764,0.06000000000000005,2,50,0.5160596027001738,0.2546298914916272,0.040000000000000036,5
100,2,0.5,mixed,0.0,0.6,0.09053968089012629,0.083088516606976,-0.039999999999999925,2,52,0.20195841274314108,0.10847868510003564,0.040000000000000036,2,50,0.11141873185301479,0.02539016849305964,1.1102230246251565e-16,6
100,2,0.5,mixed,0.0,0.6,0.030056438555171,0.025506406487094648,0.040000000000000036,2,53,0.051953597468831304,0.02886936668251205,0.0,2,51,0.021897158913660304,0.0033629601954174027,-0.040000000000000036,7
100,2,0.5,mixed,0.0,0.6,1.563527104544118,0.7904797956593529,-0.05999999999999994,2,47,1.0187152689720227,0.5174351538769203,-0.039999999999999925,2,48,-0.5448118355720952,-0.2730446417824326,-0.020000000000000018,8
100,2,0.5,mixed,0.0,0.6,0.4748800315859487,0.2429781360496432,-0.039999999999999925,2,50,0.6081180362328582,0.31038552483364906,-0.07999999999999996,2,49,0.1332380046469095,0.06740738878400587,0.040000000000000036,9
100,2,0.5,mixed,0.0,0.6,0.2417890501707325,0.15308449584456005,-0.020000000000000018,2,49,0.5129381957375284,0.2779575755627883,0.0,2,49,0.2711491455667959,0.12487307971822822,-0.020000000000000018,10
100,2,0.5,mixed,0.0,0.6,0.45376772807308857,0.22812579093349034,-0.039999999999999925,2,53,1.1985301277802454,0.6069786945460971,-0.020000000000000018,2,46,0.7447623997071569,0.37885290361260676,-0.019999999999999907,11
100,2,0.5,mixed,0.0,0.6,0.19776644820296774,0.10410187373471903,0.020000000000000018,2,52,0.3310883753315455,0.1805177026957896,0.0,2,50,0.13332192712857777,0.07641582896107056,-0.020000000000000018,12
100,2,0.5,mixed,0.0,0.6,0.968887318437194,0.48501806409784926,0.020000000000000018,2,51,4.1918948540896555,2.097107577651811,-0.020000000000000018,2,46,3.2230075356524615,1.612089513553962,0.0,13
100,2,0.5,mixed,0.0,0.6,0.18204757459807402,0.09648305970639554,0.020000000000000018,2,50,0.023122730157698477,0.022375780102634073,0.08000000000000007,2,54,-0.15892484444037555,-0.07410727960376146,0.06000000000000005,14
100,2,0.5,mixed,0.0,0.6,0.3925850945557614,0.22670826983082296,-0.039999999999999925,2,46,0.835315348034449,0.45055295791258526,-0.020000000000000018,2,44,0.44273025347868755,0.2238446880817623,-0.019999999999999907,15
100,2,0.5,mixed,0.0,0.6,0.1973305622448261,0.10651217501916922,0.040000000000000036,2,51,0.3132628850557992,0.15950254458587196,0.0,2,50,0.1159323228109731,0.052990369566702736,-0.040000000000000036,16
100,2,0.5,mixed,0.0,0.6,0.26978141073593387,0.1608082553099527,-0.039999999999999925,2,55,0.1586771854268328,0.08664122234226232,0.020000000000000018,2,57,-0.11110422530910108,-0.0741670329676904,-0.019999999999999907,17
100,2,0.5,mixed,0.0,0.6,0.3105585522260112,0.15701683210758346,0.040000000000000036,2,60,0.12156489738946785,0.06936572909293813,0.12,2,59,-0.18899365483654335,-0.08765110301464533,0.07999999999999996,18
100,2,0.5,mixed,0.0,0.6,0.047414519702497465,0.03305368301621572,-0.020000000000000018,2,48,0.02124276971672332,0.012504738674525648,0.040000000000000036,2,51,-0.026171749985774144,-0.020548944341690068,0.020000000000000018,19
100,2,0.5,mixed,0.1,0.6,0.2189109789817637,0.12577842874175998,0.020000000000000018,2,49,0.2669586932735147,0.154497684128098,-0.05999999999999994,2,51,0.048047714291750976,0.028719255386338016,0.039999999999999925,0
100,2,0.5,mixed,0.1,0.6,0.0864506718825791,0.051197667232177266,0.09999999999999998,2,54,0.24116090156779782,0.14347442138492097,0.08000000000000007,2,53,0.15471022968521872,0.09227675415274371,-0.019999999999999907,1
100,2,0.5,mixed,0.1,0.6,0.13456539245436486,0.07353139606504183,0.020000000000000018,2,51,0.1551886343489614,0.09349109724233813,-0.039999999999999925,2,48,0.02062324189459655,0.0199597011772963,0.019999999999999907,2
100,2,0.5,mixed,0.1,0.6,0.14635032438584686,0.08690143234997351,-0.07999999999999996,2,49,0.22369316541219056,0.12065409978238512,0.08000000000000007,2,57,0.0773428410263437,0.03375266743241161,1.1102230246251565e-16,3
100,2,0.5,mixed,0.1,0.6,0.0103691510724243,0.00913885064588956,0.0,2,51,0.1380126351960032,0.09142748650349419,-0.07999999999999996,2,45,0.1276434841235789,0.08228863585760464,0.07999999999999996,4
100,2,0.5,mixed,0.1,0.6,0.04722106310946062,0.04283192374309973,0.0,2,47,0.06087852966965338,0.04513100798681398,-0.020000000000000018,2,46,0.01365746656019276,0.00229908424371425,0.020000000000000018,5
100,2,0.5,mixed,0.1,0.6,0.44307373190863986,0.2234753010262926,0.0,2,48,0.5983677878965584,0.3052895332044341,0.020000000000000018,2,54,0.15529405598791857,0.08181423217814149,0.020000000000000018,6
100,2,0.5,mixed,0.1,0.6,0.07398096557762747,0.040175815392853476,0.040000000000000036,2,51,0.2286155076299043,0.12008907890781156,0.020000000000000018,2,47,0.15463454205227684,0.07991326351495809,-0.020000000000000018,7
100,2,0.5,mixed,0.1,0.6,0.2638913431954989,0.13362134711545265,0.0,2,51,0.061046394692396325,0.031121179092820812,-0.020000000000000018,2,52,-0.20284494850310258,-0.10250016802263184,0.020000000000000018,8
100,2,0.5,mixed,0.1,0.6,0.056569286966949094,0.04130826237115475,-0.09999999999999998,2,47,0.01972503758679006,0.010958618782132237,-0.039999999999999925,2,45,-0.03684424938015904,-0.030349643589022514,-0.06000000000000005,9
100,2,0.5,mixed,0.1,0.6,0.8186459164654218,0.4127466312987664,-0.039999999999999925,2,49,0.6908274503116352,0.36167025451256224,0.0,2,55,-0.12781846615378667,-0.051076376786204136,-0.039999999999999925,10
100,2,0.5,mixed,0.1,0.6,0.37421023386996694,0.20461521310099798,0.08000000000000007,2,58,0.6518207887656822,0.3437523211079805,-0.039999999999999925,2,50,0.27761055489571523,0.1391371080069825,-0.04000000000000015,11
100,2,0.5,mixed,0.1,0.6,14.452201421430384,7.273823523727812,0.040000000000000036,2,52,10.77903031683947,5.419417646165391,0.020000000000000018,2,46,-3.6731711045909137,-1.8544058775624217,-0.020000000000000018,12
100,2,0.5,mixed,0.1,0.6,0.022964281764025162,0.022925193460210783,-0.020000000000000018,2,45,0.1886834487985978,0.09647824205355944,-0.020000000000000018,2,47,0.16571916703457265,0.07355304859334866,0.0,13
100,2,0.5,mixed,0.1,0.6,0.3812993621286281,0.22074300487799067,-0.05999999999999994,2,51,0.20223345294721307,0.10462965829200999,-0.039999999999999925,2,48,-0.17906590918141502,-0.11611334658598069,-0.020000000000000018,14
100,2,0.5,mixed,0.1,0.6,0.48612331187379154,0.2552143410141849,0.040000000000000036,2,52,1.6869294276258242,0.851297103427879,-0.05999999999999994,2,48,1.2008061157520327,0.5960827624136942,0.019999999999999907,15
100,2,0.5,mixed,0.1,0.6,0.02624767512850435,0.0131437438636562,-0.07999999999999996,2,44,0.06682055786752752,0.03914278472996759,0.06000000000000005,2,54,0.040572882739023174,0.02599904086631139,-0.019999999999999907,16
100,2,0.5,mixed,0.1,0.6,0.09468445528672048,0.06698289600231953,0.040000000000000036,2,56,0.05322357885376101,0.03985751707964785,0.08000000000000007,2,59,-0.041460876432959475,-0.02712537892267168,0.040000000000000036,17
100,2,0.5,mixed,0.1,0.6,0.62313735941958,0.3206582371091781,-0.09999999999999998,2,45,0.4322882893954364,0.22390805051690682,-0.05999999999999994,2,47,-0.19084907002414364,-0.0967501865922713,-0.040000000000000036,18
100,2,0.5,mixed,0.1,0.6,0.045907896784420636,0.029441032617248238,-0.09999999999999998,2,45,0.29556265779571,0.15075898834222246,0.0,2,46,0.24965476101128936,0.12131795572497422,-0.09999999999999998,19
100,2,0.5,mixed,0.2,0.6,0.10075723613709478,0.053421393744836385,0.08000000000000007,2,54,0.06018267703273315,0.03417968457956571,-0.020000000000000018,2,50,-0.04057455910436163,-0.019241709165270675,-0.06000000000000005,0
100,2,0.5,mixed,0.2,0.6,0.28056444311730067,0.1675611286684806,-0.05999999999999994,2,49,0.27765824375768283,0.1487031490927383,0.06000000000000005,2,53,-0.0029061993596178337,-0.018857979575742312,1.1102230246251565e-16,1
100,2,0.5,mixed,0.2,0.6,0.6231180421362662,0.3310587674863437,-0.039999999999999925,2,52,0.13302365121757576,0.07921613795278533,-0.09999999999999998,2,40,-0.49009439091869045,-0.2518426295335584,0.06000000000000005,2
100,2,0.5,mixed,0.2,0.6,0.5884211895887785,0.29670291827625417,0.0,2,48,0.05534948783041122,0.04995135283542975,-0.07999999999999996,2,47,-0.5330717017583673,-0.2467515654408244,0.07999999999999996,3
100,2,0.5,mixed,0.2,0.6,0.11252858193336972,0.09602005102604225,0.0,2,51,0.16238531829077155,0.09328698520104978,-0.05999999999999994,2,44,0.04985673635740183,-0.00273306582499247,0.05999999999999994,4
100,2,0.5,mixed,0.2,0.6,0.06512100037687776,0.05212560607597806,0.0,2,50,0.028154950905952523,0.023821298907623432,0.020000000000000018,2,46,-0.036966049470925244,-0.02830430716835463,0.020000000000000018,5
100,2,0.5,mixed,0.2,0.6,0.0023554989483892375,0.0013537311848346863,-0.09999999999999998,2,44,0.5569880308064553,0.28217329590196305,0.020000000000000018,2,52,0.554632531858066,0.2808195647171284,-0.07999999999999996,6
100,2,0.5,mixed,0.2,0.6,0.1436578527383607,0.07821098867167466,-0.020000000000000018,2,51,0.5635751844560671,0.2858729584560866,-0.12,2,46,0.4199173317177064,0.20766196978441198,0.09999999999999998,7
100,2,0.5,mixed,0.2,0.6,0.40171379136416857,0.21670803566571126,-0.039999999999999925,2,47,0.2286408551609182,0.13098503480686652,-0.039999999999999925,2,47,-0.17307293620325037,-0.08572300085884474,0.0,8
100,2,0.5,mixed,0.2,0.6,0.013935183502372763,0.01184867762009362,-0.039999999999999925,2,50,0.03133459646680557,0.029977153863957225,-0.05999999999999994,2,47,0.017399412964432807,0.018128476243863604,0.020000000000000018,9
100,2,0.5,mixed,0.2,0.6,0.3059698295622974,0.15433553560050295,-0.020000000000000018,2,51,2.338839689048152,1.1813414474598765,-0.09999999999999998,2,49,2.0328698594858547,1.0270059118593735,0.07999999999999996,10
100,2,0.5,mixed,0.2,0.6,0.0695467617606624,0.049356257099756905,-0.07999999999999996,2,49,0.38166531590175207,0.21770498883862546,0.06000000000000005,2,52,0.3121185541410897,0.16834873173886855,-0.019999999999999907,11
100,2,0.5,mixed,0.2,0.6,0.03688521761607385,0.03159606440644883,-0.020000000000000018,2,52,0.16704498497417247,0.09046606235054931,-0.020000000000000018,2,50,0.13015976735809862,0.05886999794410048,0.0,12
100,2,0.5,mixed,0.2,0.6,0.02069128097478871,0.01532106383157773,-0.020000000000000018,2,50,0.22939610798694565,0.1183979200692026,0.0,2,52,0.20870482701215695,0.10307685623762487,-0.020000000000000018,13
100,2,0.5,mixed,0.2,0.6,0.7848187179461037,0.40658985239029805,0.020000000000000018,2,51,0.4418374349627137,0.2327148057226681,-0.09999999999999998,2,52,-0.34298128298339,-0.17387504666762996,0.07999999999999996,14
100,2,0.5,mixed,0.2,0.6,0.013920677253720681,0.010687280224949344,-0.07999999999999996,2,48,0.1827200751907884,0.10220975847246795,0.0,2,53,0.16879939793706772,0.09152247824751861,-0.07999999999999996,15
100,2,0.5,mixed,0.2,0.6,0.17524660539485276,0.08948191204672856,0.020000000000000018,2,49,0.18523090199404374,0.09944982033375444,0.040000000000000036,2,55,0.009984296599190978,0.009967908287025873,0.020000000000000018,16
100,2,0.5,mixed,0.2,0.6,0.01818765959273354,0.011754876365997008,0.09999999999999998,2,48,0.05830187226648859,0.04320943573399347,0.020000000000000018,2,52,0.04011421267375505,0.03145455936799646,-0.07999999999999996,17
100,2,0.5,mixed,0.2,0.6,1.3820391129754648,0.6973295688400667,0.06000000000000005,2,53,0.08307429668493062,0.04169005235858463,0.06000000000000005,2,56,-1.298964816290534,-0.6556395164814821,0.0,18
100,2,0.5,mixed,0.2,0.6,0.05559500583207186,0.03989508547438889,-0.020000000000000018,2,52,0.0870704467080071,0.04896967071862254,0.020000000000000018,2,54,0.031475440875935234,0.00907458524423365,0.0,19
100,2,0.5,mixed,0.4,0.6,0.10624987250414449,0.0538009419952128,0.0,2,53,0.02161238824419237,0.012001467718455061,-0.05999999999999994,2,47,-0.08463748425995211,-0.04179947427675774,0.05999999999999994,0
100,2,0.5,mixed,0.4,0.6,0.43665618325346134,0.22530002643631575,0.0,2,48,0.4152670176177953,0.22281017848778295,0.0,2,52,-0.021389165635666063,-0.0024898479485327973,0.0,1
100,2,0.5,mixed,0.4,0.6,0.4636179760867815,0.24287438077460688,0.040000000000000036,2,47,0.7966010528407573,0.40021475968762893,-0.020000000000000018,2,53,0.3329830767539758,0.15734037891302205,-0.020000000000000018,2
100,2,0.5,mixed,0.4,0.6,2.1497739199722354,1.0874410344463281,0.06000000000000005,2,51,1.1041907747809538,0.5577093792153504,0.08000000000000007,2,52,-1.0455831451912816,-0.5297316552309778,0.020000000000000018,3
100,2,0.5,mixed,0.4,0.6,0.05239072422497456,0.0367245410805637,-0.020000000000000018,2,54,0.020984031306563948,0.010826716512984521,-0.020000000000000018,2,47,-0.03140669291841061,-0.025897824567579178,0.0,4
100,2,0.5,mixed,0.4,0.6,0.04921010306431117,0.026466885943447052,-0.020000000000000018,2,49,0.6629228686997272,0.3540101747500649,0.040000000000000036,2,51,0.613712765635416,0.32754328880661787,0.020000000000000018,5
100,2,0.5,mixed,0.4,0.6,0.08480845043542637,0.045441217013532154,0.0,2,46,0.022474118661419996,0.02193823647464853,0.0,2,51,-0.06233433177400637,-0.023502980538883625,0.0,6
100,2,0.5,mixed,0.4,0.6,0.07369998812655233,0.037554325630515355,-0.020000000000000018,2,46,0.058839089819707646,0.03352994045039306,0.020000000000000018,2,51,-0.014860898306844686,-0.004024385180122297,0.0,7
100,2,0.5,mixed,0.4,0.6,2.49824201353614,1.258868466014112,0.020000000000000018,2,52,2.2546408258284787,1.1325587426378645,-0.09999999999999998,2,47,-0.24360118770766137,-0.12630972337624757,0.07999999999999996,8
100,2,0.5,mixed,0.4,0.6,0.29213279016955207,0.147887116901288,0.09999999999999998,2,56,3.21045949273959,1.6070410815757756,0.020000000000000018,2,52,2.918326702570038,1.4591539646744875,-0.07999999999999996,9
100,2,0.5,mixed,0.4,0.6,0.4585546898615337,0.24920537884231186,-0.13999999999999996,2,44,0.07028133048324796,0.06992028429655117,0.0,2,48,-0.3882733593782857,-0.1792850945457607,-0.13999999999999996,10
100,2,0.5,mixed,0.4,0.6,0.09554385244227984,0.05385295006264051,0.0,2,49,0.03300070982238818,0.019780924182766713,-0.039999999999999925,2,48,-0.06254314261989166,-0.03407202587987379,0.039999999999999925,11
100,2,0.5,mixed,0.4,0.6,0.05378925110304694,0.04739359567571255,0.040000000000000036,2,51,0.2390586127201179,0.13466704000378843,0.06000000000000005,2,49,0.18526936161707097,0.08727344432807588,0.020000000000000018,12
100,2,0.5,mixed,0.4,0.6,0.42641262691654813,0.21811799331957943,0.040000000000000036,2,52,0.6311634874897127,0.31584868206876937,0.020000000000000018,2,50,0.2047508605731646,0.09773068874918994,-0.020000000000000018,13
100,2,0.5,mixed,0.4,0.6,0.7750893755805498,0.3964154960429549,0.040000000000000036,2,54,0.3203063285732663,0.1607081083498594,0.040000000000000036,2,51,-0.4547830470072835,-0.2357073876930955,0.0,14
100,2,0.5,mixed,0.4,0.6,0.06416245775591412,0.03662306878508033,0.12,2,55,0.03262001234644576,0.023045246705816032,0.0,2,47,-0.03154244540946836,-0.013577822079264296,-0.12,15
100,2,0.5,mixed,0.4,0.6,0.2187858476224246,0.1317331586081219,-0.05999999999999994,2,50,0.15551501460133865,0.08626458749518512,0.0,2,52,-0.06327083302108594,-0.045468571112936784,-0.05999999999999994,16
100,2,0.5,mixed,0.4,0.6,0.03170333813650616,0.025565536400447925,0.08000000000000007,2,50,0.08111903337443022,0.04315493461958409,-0.18,2,45,0.04941569523792406,0.017589398219136167,0.09999999999999992,17
100,2,0.5,mixed,0.4,0.6,0.1497276647281081,0.07790480646379941,-0.039999999999999925,2,46,0.09067614121107126,0.04726460446221695,0.08000000000000007,2,55,-0.05905152351703685,-0.03064020200158246,0.04000000000000015,18
100,2,0.5,mixed,0.4,0.6,4.619863483972222,2.314546620622475,0.020000000000000018,2,48,4.35904744133241,2.1810761209479765,0.0,2,52,-0.26081604263981184,-0.13347049967449864,-0.020000000000000018,19
100,2,0.5,skewed,0.0,0.6,0.6173135132340707,0.5968960020606939,0.06000000000000005,2,52,0.5544524056866585,0.5275160779303684,0.0,2,55,-0.06286110754741214,-0.06937992413032557,-0.06000000000000005,0
100,2,0.5,skewed,0.0,0.6,0.8360086096920364,0.4212184717999266,0.06000000000000005,2,55,0.8097116561140654,0.4229465431238134,0.040000000000000036,2,52,-0.026296953577971016,0.001728071323886804,-0.020000000000000018,1
100,2,0.5,skewed,0.0,0.6,0.11545248037989224,0.0578015017894338,0.040000000000000036,2,47,0.07218105451762374,0.05547820503133011,0.040000000000000036,2,54,-0.043271425862268495,-0.0023232967581036934,0.0,2
100,2,0.5,skewed,0.0,0.6,0.08129017597632583,0.06382772401979563,0.0,2,43,0.05492490280032267,0.043992678306259414,0.020000000000000018,2,52,-0.026365273176003165,-0.019835045713536212,0.020000000000000018,3
100,2,0.5,skewed,0.0,0.6,0.06933241546858238,0.035700313246931216,0.020000000000000018,2,56,0.12061608089904635,0.06384101693282612,-0.020000000000000018,2,50,0.051283665430463976,0.028140703685894906,0.0,4
100,2,0.5,skewed,0.0,0.6,0.5845691815563857,0.3805745079935744,0.06000000000000005,2,55,0.7839520071357067,0.4885182700655074,0.040000000000000036,2,49,0.19938282557932097,0.10794376207193301,-0.020000000000000018,5
100,2,0.5,skewed,0.0,0.6,0.04769035101187877,0.0462849565762647,0.06000000000000005,2,49,0.19422671502109412,0.11009189987754893,-0.039999999999999925,2,52,0.14653636400921535,0.06380694330128422,-0.02000000000000013,6
100,2,0.5,skewed,0.0,0.6,0.46135976894023434,0.2794151074748012,0.020000000000000018,2,52,0.3200719026776372,0.16455386180767212,0.12,2,55,-0.14128786626259715,-0.11486124566712907,0.09999999999999998,7
100,2,0.5,skewed,0.0,0.6,0.3087031175729048,0.19215570154297248,-0.039999999999999925,2,51,0.2771847925236458,0.17622764987278325,0.020000000000000018,2,57,-0.031518325049259,-0.015928051670189236,-0.019999999999999907,8
100,2,0.5,skewed,0.0,0.6,0.4038863938634961,0.21511102700316012,0.020000000000000018,2,55,0.168072281386802,0.14525200658017776,-0.05999999999999994,2,46,-0.23581411247669412,-0.06985902042298237,0.039999999999999925,9
100,2,0.5,skewed,0.0,0.6,0.15761378719363567,0.09135379403454928,0.08000000000000007,2,49,0.15430501304266975,0.13512897069759724,-0.05999999999999994,2,47,-0.0033087741509659208,0.04377517666304796,-0.02000000000000013,10
100,2,0.5,skewed,0.0,0.6,0.13989202136624243,0.0896048875795153,0.06000000000000005,2,52,0.013601141835031633,0.007929130481950332,-0.07999999999999996,2,40,-0.1262908795312108,-0.08167575709756497,0.019999999999999907,11
100,2,0.5,skewed,0.0,0.6,0.05063888556412212,0.04526310864740019,0.020000000000000018,2,53,0.07118196181226025,0.04360470964738664,0.0,2,51,0.02054307624813813,-0.0016583990000135496,-0.020000000000000018,12
100,2,0.5,skewed,0.0,0.6,0.12159280328737805,0.062294288863883204,0.0,2,46,0.040649253038199704,0.029447060907632418,0.06000000000000005,2,54,-0.08094355024917835,-0.03284722795625079,0.06000000000000005,13
100,2,0.5,skewed,0.0,0.6,0.18585997234955456,0.11518440224323265,0.06000000000000005,2,53,0.23508193904665312,0.13289052612439675,0.08000000000000007,2,55,0.04922196669709855,0.017706123881164104,0.020000000000000018,14
100,2,0.5,skewed,0.0,0.6,0.04531424307916256,0.030941234693060513,0.0,2,58,0.18052616528212015,0.10680679348306807,-0.13999999999999996,2,50,0.13521192220295758,0.07586555879000756,0.13999999999999996,15
100,2,0.5,skewed,0.0,0.6,0.017251586917497858,0.012681682005466842,0.0,2,49,0.2399331408842189,0.13492014073340722,0.08000000000000007,2,60,0.22268155396672104,0.12223845872794037,0.08000000000000007,16
100,2,0.5,skewed,0.0,0.6,0.2844243656578938,0.1846433115865942,0.08000000000000007,2,51,0.09259607761901278,0.047260759824783984,0.0,2,48,-0.19182828803888102,-0.13738255176181022,-0.08000000000000007,17
100,2,0.5,skewed,0.0,0.6,0.20377587419044663,0.12602195204803454,0.09999999999999998,2,53,0.2851529440779372,0.15205218246910537,-0.039999999999999925,2,47,0.08137706988749055,0.026030230421070832,-0.06000000000000005,18
100,2,0.5,skewed,0.0,0.6,0.12410603013499116,0.07000191886474189,-0.05999999999999994,2,46,0.10106080055129497,0.06005017879327258,-0.09999999999999998,2,44,-0.02304522958369619,-0.009951740071469303,0.040000000000000036,19
100,2,0.5,skewed,0.1,0.6,0.0889576895099338,0.06852843725467406,0.040000000000000036,2,54,0.08218059081983899,0.05066707017075275,-0.039999999999999925,2,50,-0.00677709869009481,-0.01786136708392131,-1.1102230246251565e-16,0
100,2,0.5,skewed,0.1,0.6,0.466030938121719,0.28747984483684885,0.0,2,47,0.45059319838683115,0.23866073780035896,-0.07999999999999996,2,44,-0.015437739734887823,-0.048819107036489895,0.07999999999999996,1
100,2,0.5,skewed,0.1,0.6,0.6201780585842709,0.3125877306219986,-0.05999999999999994,2,47,0.5190530162790726,0.31906194655462244,0.06000000000000005,2,50,-0.10112504230519825,0.006474215932623817,1.1102230246251565e-16,2
100,2,0.5,skewed,0.1,0.6,0.31855273094513764,0.19700313656643406,0.020000000000000018,2,48,0.6176354834714692,0.37883942318155983,0.18000000000000005,2,59,0.2990827525263316,0.18183628661512577,0.16000000000000003,3
100,2,0.5,skewed,0.1,0.6,0.11561087078508359,0.06213489960837342,0.0,2,49,0.226390572884459,0.13341366835005034,0.020000000000000018,2,56,0.1107797020993754,0.0712787687416769,0.020000000000000018,4
100,2,0.5,skewed,0.1,0.6,0.055796496825685306,0.0302206160258928,0.040000000000000036,2,53,0.054021247928072,0.043509992183337065,0.040000000000000036,2,52,-0.0017752488976133032,0.013289376157444265,0.0,5
100,2,0.5,skewed,0.1,0.6,0.008741951051618844,0.008354319714689029,-0.07999999999999996,2,46,0.39356579063694963,0.20199929221490767,0.06000000000000005,2,55,0.3848238395853308,0.19364497250021864,-0.019999999999999907,6
100,2,0.5,skewed,0.1,0.6,0.6904496391148648,0.5331887297672352,-0.09999999999999998,2,42,0.5523141137830544,0.45117746194206476,-0.05999999999999994,2,44,-0.1381355253318104,-0.08201126782517043,-0.040000000000000036,7
100,2,0.5,skewed,0.1,0.6,0.12065044185822774,0.07864512967913734,-0.09999999999999998,2,42,0.11373920999024247,0.07575811756411774,0.040000000000000036,2,54,-0.006911231867985271,-0.0028870121150195993,-0.05999999999999994,8
100,2,0.5,skewed,0.1,0.6,0.06964960735826592,0.06810636896993018,0.0,2,52,0.03416844350140735,0.02983605160409574,0.0,2,50,-0.035481163856858566,-0.03827031736583444,0.0,9
100,2,0.5,skewed,0.1,0.6,0.26205202352208384,0.17281017997409887,0.0,2,47,0.24000257486258544,0.12369304536710105,-0.05999999999999994,2,47,-0.0220494486594984,-0.04911713460699782,0.05999999999999994,10
100,2,0.5,skewed,0.1,0.6,0.10353660554768909,0.06946043443712216,0.08000000000000007,2,53,0.2204161984051423,0.13765546628843095,-0.05999999999999994,2,45,0.1168795928574532,0.06819503185130879,-0.02000000000000013,11
100,2,0.5,skewed,0.1,0.6,0.02301491510685456,0.02276700458534886,-0.020000000000000018,2,52,0.04747857162160021,0.037235812701777594,-0.020000000000000018,2,47,0.024463656514745653,0.014468808116428734,0.0,12
100,2,0.5,skewed,0.1,0.6,0.22798687978261303,0.12606906870343956,-0.05999999999999994,2,43,0.09873441860154185,0.0799527941219714,0.08000000000000007,2,51,-0.1292524611810712,-0.046116274581468164,0.02000000000000013,13
100,2,0.5,skewed,0.1,0.6,0.06517069439283248,0.04472123013529606,0.09999999999999998,2,54,0.12096594166344835,0.06690516709047697,-0.09999999999999998,2,45,0.05579524727061587,0.022183936955180915,0.0,14
100,2,0.5,skewed,0.1,0.6,0.6964873497793911,0.37216638050716266,0.020000000000000018,2,52,0.7662740505479726,0.38671569595507244,0.040000000000000036,2,52,0.06978670076858151,0.014549315447909772,0.020000000000000018,15
100,2,0.5,skewed,0.1,0.6,0.21985204203588038,0.12585480447933198,0.0,2,51,0.12483970766587192,0.06661048874303523,-0.13999999999999996,2,47,-0.09501233437000846,-0.05924431573629675,0.13999999999999996,16
100,2,0.5,skewed,0.1,0.6,0.23370784660980162,0.1591204996901552,-0.09999999999999998,2,44,0.08634819130793218,0.05437697714107703,0.040000000000000036,2,52,-0.14735965530186945,-0.10474352254907818,-0.05999999999999994,17
100,2,0.5,skewed,0.1,0.6,0.40357941766231736,0.23269785330001522,0.08000000000000007,2,53,0.1975991355032528,0.11973694855573476,0.09999999999999998,2,59,-0.20598028215906455,-0.11296090474428046,0.019999999999999907,18
100,2,0.5,skewed,0.1,0.6,0.4603961568797739,0.3026264008004346,0.06000000000000005,2,56,0.5127950078771758,0.3359215034802767,-0.09999999999999998,2,47,0.05239885099740188,0.03329510267984209,0.039999999999999925,19
100,2,0.5,skewed,0.2,0.6,0.21756895566558485,0.13446831261411057,-0.020000000000000018,2,48,0.23604099178907537,0.1276368985705887,-0.039999999999999925,2,48,0.01847203612349052,-0.006831414043521861,0.019999999999999907,0
100,2,0.5,skewed,0.2,0.6,0.28750411133069503,0.18592766121082416,0.0,2,49,0.31949266648055125,0.16824794588689143,0.020000000000000018,2,51,0.03198855514985621,-0.017679715323932726,0.020000000000000018,1
100,2,0.5,skewed,0.2,0.6,0.39087996794336,0.23883536937251593,-0.07999999999999996,2,43,0.30131002455153305,0.23577017476500683,0.0,2,50,-0.08956994339182694,-0.003065194607509092,-0.07999999999999996,2
100,2,0.5,skewed,0.2,0.6,0.07185981733806852,0.05622556910794642,0.040000000000000036,2,50,0.1101907564806769,0.056177302142718925,0.09999999999999998,2,52,0.03833093914260838,-4.826696522749335e-05,0.05999999999999994,3
100,2,0.5,skewed,0.2,0.6,0.12048897780593273,0.0760286498489546,-0.039999999999999925,2,49,0.06049362027784809,0.0349692822695957,-0.09999999999999998,2,40,-0.059995357528084645,-0.04105936757935891,0.06000000000000005,4
100,2,0.5,skewed,0.2,0.6,0.12272236645581364,0.08367579067999423,0.0,2,45,0.14655938571155314,0.0921559240300085,0.06000000000000005,2,56,0.0238370192557395,0.008480133350014268,0.06000000000000005,5
100,2,0.5,skewed,0.2,0.6,0.4286079972054903,0.270247771041919,-0.05999999999999994,2,51,0.43410753422639736,0.226711752694973,-0.039999999999999925,2,53,0.005499537020907053,-0.04353601834694598,-0.020000000000000018,6
100,2,0.5,skewed,0.2,0.6,0.08402887387352047,0.04227191866303488,0.06000000000000005,2,52,0.059681175948953294,0.036182452904577556,0.020000000000000018,2,48,-0.024347697924567174,-0.006089465758457327,-0.040000000000000036,7
100,2,0.5,skewed,0.2,0.6,0.12438059252270828,0.0702509158191941,-0.020000000000000018,2,46,0.12076152727718772,0.07153143912533416,0.020000000000000018,2,54,-0.003619065245520553,0.0012805233061400634,0.0,8
100,2,0.5,skewed,0.2,0.6,0.4559508712397168,0.23276550267179666,-0.039999999999999925,2,49,0.1418647135145256,0.09131924849427744,-0.09999999999999998,2,46,-0.3140861577251912,-0.14144625417751922,0.06000000000000005,9
100,2,0.5,skewed,0.2,0.6,0.1777662343855756,0.16673936945091178,-0.020000000000000018,2,51,0.20560226456906544,0.18226482321964266,-0.05999999999999994,2,51,0.027836030183489846,0.015525453768730879,0.039999999999999925,10
100,2,0.5,skewed,0.2,0.6,0.08445163425969328,0.04610654985407134,-0.05999999999999994,2,49,0.08341959726826398,0.06353063001993775,0.0,2,53,-0.0010320369914292998,0.017424080165866412,-0.05999999999999994,11
100,2,0.5,skewed,0.2,0.6,0.18453609362555956,0.13029859342208638,-0.020000000000000018,2,45,0.04301982050754557,0.02632523621579138,-0.05999999999999994,2,47,-0.14151627311801399,-0.103973357206295,0.039999999999999925,12
100,2,0.5,skewed,0.2,0.6,0.20748106817014994,0.1759466813125171,0.040000000000000036,2,53,0.23152495336161683,0.12158866637655166,-0.09999999999999998,2,44,0.024043885191466885,-0.054358014935965426,0.05999999999999994,13
100,2,0.5,skewed,0.2,0.6,0.22114810701990403,0.17613065400365496,0.06000000000000005,2,55,0.12218281267011705,0.06157630240426061,0.08000000000000007,2,51,-0.09896529434978699,-0.11455435159939435,0.020000000000000018,14
100,2,0.5,skewed,0.2,0.6,0.26651283284771154,0.1341461381832826,0.0,2,49,0.05519578340741512,0.03600831753737073,-0.05999999999999994,2,47,-0.21131704944029642,-0.09813782064591188,0.05999999999999994,15
100,2,0.5,skewed,0.2,0.6,0.06546421429294542,0.03398698662694831,0.09999999999999998,2,54,0.009155299704254057,0.00771168660210538,0.08000000000000007,2,59,-0.05630891458869137,-0.026275300024842928,-0.019999999999999907,16
100,2,0.5,skewed,0.2,0.6,0.23598384728111318,0.12623482115398732,0.020000000000000018,2,54,0.09247512387358317,0.05729284281726389,-0.05999999999999994,2,49,-0.14350872340753001,-0.06894197833672343,0.039999999999999925,17
100,2,0.5,skewed,0.2,0.6,0.24125192430983305,0.15414222792392165,0.06000000000000005,2,55,0.40217068039197584,0.24385273444951988,-0.09999999999999998,2,42,0.1609187560821428,0.08971050652559823,0.039999999999999925,18
100,2,0.5,skewed,0.2,0.6,0.4437010824781244,0.2253053692452324,0.09999999999999998,2,54,0.3179805786000606,0.159756910833161,-0.020000000000000018,2,49,-0.12572050387806377,-0.06554845841207141,-0.07999999999999996,19
100,2,0.5,skewed,0.4,0.6,0.012906663354154283,0.012538331880977298,0.040000000000000036,2,51,0.017202522940693316,0.015573655284983907,0.020000000000000018,2,50,0.0042958595865390335,0.003035323404006609,-0.020000000000000018,0
100,2,0.5,skewed,0.4,0.6,0.0682619458763218,0.046144355820794854,-0.05999999999999994,2,48,0.13984344570741092,0.08102531234118837,0.06000000000000005,2,52,0.07158149983108912,0.03488095652039352,1.1102230246251565e-16,1
100,2,0.5,skewed,0.4,0.6,0.5920841183041369,0.3021312461699132,0.08000000000000007,2,50,0.5210064005287197,0.28397537271053147,-0.039999999999999925,2,46,-0.07107771777541716,-0.018155873459381744,-0.04000000000000015,2
100,2,0.5,skewed,0.4,0.6,0.6226818091722993,0.3568070419461742,0.0,2,50,0.5156261621656306,0.3487004955597293,0.020000000000000018,2,48,-0.1070556470066687,-0.008106546386444868,0.020000000000000018,3
100,2,0.5,skewed,0.4,0.6,0.12459995954080388,0.08370017556809364,-0.020000000000000018,2,55,0.08370663824138348,0.05434144530708226,0.0,2,51,-0.0408933212994204,-0.029358730261011386,-0.020000000000000018,4
100,2,0.5,skewed,0.4,0.6,0.15861666156279572,0.1297519525518616,-0.07999999999999996,2,50,0.1367501457450431,0.09241877982202983,-0.12,2,47,-0.02186651581775262,-0.03733317272983176,0.040000000000000036,5
100,2,0.5,skewed,0.4,0.6,0.044711078859602564,0.03471854582202038,0.040000000000000036,2,52,0.006302330506440921,0.006275383710741605,-0.07999999999999996,2,47,-0.038408748353161645,-0.028443162111278772,0.039999999999999925,6
100,2,0.5,skewed,0.4,0.6,0.38727582423635476,0.24489669347858387,0.06000000000000005,2,49,0.4236158022292662,0.3340897987506342,-0.039999999999999925,2,47,0.03633997799291144,0.08919310527205035,-0.02000000000000013,7
100,2,0.5,skewed,0.4,0.6,0.04492593982939433,0.040566769340031006,-0.020000000000000018,2,50,0.01004895076941411,0.005594090571647511,-0.039999999999999925,2,48,-0.03487698905998022,-0.034972678768383496,0.019999999999999907,8
100,2,0.5,skewed,0.4,0.6,0.022904054043785125,0.01164517871724839,0.020000000000000018,2,52,0.038589499076514974,0.029360835695873784,0.040000000000000036,2,57,0.01568544503272985,0.017715656978625392,0.020000000000000018,9
100,2,0.5,skewed,0.4,0.6,0.02284343821575985,0.01361149922794574,0.020000000000000018,2,48,0.07948202587712316,0.048285071287290676,-0.039999999999999925,2,53,0.056638587661363315,0.03467357205934494,0.019999999999999907,10
100,2,0.5,skewed,0.4,0.6,0.00881744135652413,0.006033434109017643,0.040000000000000036,2,47,0.21081308741975735,0.10550851664631258,0.020000000000000018,2,53,0.20199564606323323,0.09947508253729494,-0.020000000000000018,11
100,2,0.5,skewed,0.4,0.6,0.01950214469907284,0.014223994599693972,0.0,2,48,0.20169508066686662,0.1415038876134687,0.06000000000000005,2,55,0.1821929359677938,0.1272798930137747,0.06000000000000005,12
100,2,0.5,skewed,0.4,0.6,0.32183461856369205,0.20483663845905675,0.06000000000000005,2,53,0.24955970480827983,0.18431818468653327,-0.07999999999999996,2,49,-0.07227491375541223,-0.02051845377252348,0.019999999999999907,13
100,2,0.5,skewed,0.4,0.6,0.05228750395894965,0.030868247357586892,0.06000000000000005,2,55,0.03525489738476669,0.026933833228767037,-0.039999999999999925,2,52,-0.017032606574182957,-0.003934414128819855,-0.02000000000000013,14
100,2,0.5,skewed,0.4,0.6,0.13717703013965604,0.07812764127419591,0.06000000000000005,2,57,0.1913088605336732,0.09716629626790338,-0.020000000000000018,2,51,0.054131830394017144,0.019038654993707466,-0.040000000000000036,15
100,2,0.5,skewed,0.4,0.6,0.08425781619445012,0.058079396042550815,0.09999999999999998,2,56,0.14286527087987458,0.08072159098897955,-0.15999999999999998,2,51,0.05860745468542446,0.02264219494642873,0.06,16
100,2,0.5,skewed,0.4,0.6,0.16076586635339046,0.08081884138131352,-0.05999999999999994,2,43,0.1452106157464904,0.08781902450638447,0.20000000000000007,2,62,-0.01555525060690005,0.007000183125070947,0.14000000000000012,17
100,2,0.5,skewed,0.4,0.6,0.6608903919175758,0.33180431804186755,0.06000000000000005,2,53,0.4739685222257074,0.28845959675861294,0.020000000000000018,2,54,-0.18692186969186841,-0.04334472128325462,-0.040000000000000036,18
100,2,0.5,skewed,0.4,0.6,0.22185227997383186,0.1348667195503552,-0.09999999999999998,2,44,0.18760072516656745,0.1796890461533459,0.020000000000000018,2,52,-0.03425155480726441,0.04482232660299071,-0.07999999999999996,19
100,2,0.5,correlated,0.0,0.6,1.2025521125333862,0.612527477318153,-0.020000000000000018,2,50,6.224158216863703,3.18779556140405,0.06000000000000005,2,56,5.021606104330317,2.575268084085897,0.040000000000000036,0
100,2,0.5,correlated,0.0,0.6,1.6143362733321194,1.0344038929509194,-0.020000000000000018,2,52,1.2077612297491003,0.7218223664268827,0.06000000000000005,2,54,-0.4065750435830191,-0.3125815265240367,0.040000000000000036,1
100,2,0.5,correlated,0.0,0.6,0.31280066321357614,0.2016534990729532,-0.07999999999999996,2,46,0.23482584608345594,0.13204844550035819,0.06000000000000005,2,54,-0.0779748171301202,-0.06960505357259503,-0.019999999999999907,2
100,2,0.5,correlated,0.0,0.6,1.1720348523637836,0.6815960099563682,-0.05999999999999994,2,50,1.0259066153914786,0.7527063319382625,0.020000000000000018,2,53,-0.14612823697230493,0.07111032198189438,-0.039999999999999925,3
100,2,0.5,correlated,0.0,0.6,0.048758278838799525,0.027013456535194297,-0.020000000000000018,2,52,0.04765847366713251,0.025045340220025938,0.020000000000000018,2,49,-0.0010998051716670162,-0.001968116315168359,0.0,4
100,2,0.5,correlated,0.0,0.6,0.22031883790485182,0.1806435109304744,0.020000000000000018,2,56,0.5034090969909226,0.41529247054078255,0.040000000000000036,2,45,0.2830902590860708,0.23464895961030816,0.020000000000000018,5
100,2,0.5,correlated,0.0,0.6,0.6612308689043433,0.4785159999900633,0.06000000000000005,2,53,0.21379930231597077,0.1973386718924529,0.040000000000000036,2,51,-0.4474315665883726,-0.28117732809761037,-0.020000000000000018,6
100,2,0.5,correlated,0.0,0.6,2.749467964656203,1.4450115791340035,0.020000000000000018,2,51,3.4211459593747393,1.7887698308851632,-0.12,2,42,0.6716779947185363,0.3437582517511597,0.09999999999999998,7
100,2,0.5,correlated,0.0,0.6,0.11986827714125227,0.06982931354688353,0.020000000000000018,2,55,0.1069897772131821,0.0977448358386657,0.0,2,51,-0.012878499928070164,0.027915522291782166,-0.020000000000000018,8
100,2,0.5,correlated,0.0,0.6,0.1912002038058906,0.11896294434418822,0.06000000000000005,2,56,0.19962528331512336,0.17664568190287513,-0.020000000000000018,2,52,0.008425079509232769,0.057682737558686914,-0.040000000000000036,9
100,2,0.5,correlated,0.0,0.6,1.4474251338886535,0.7301756969301433,0.06000000000000005,2,52,33.720077367072186,17.06243738714602,0.06000000000000005,2,55,32.272652233183535,16.332261690215876,0.0,10
100,2,0.5,correlated,0.0,0.6,0.2517353844983024,0.16744346346888672,0.0,2,57,0.5350473087607216,0.48081664818880393,0.020000000000000018,2,53,0.2833119242624192,0.3133731847199172,0.020000000000000018,11
100,2,0.5,correlated,0.0,0.6,8.313909870627846,4.221819754852637,-0.09999999999999998,2,46,6.018683063844246,3.078756758153472,-0.020000000000000018,2,46,-2.2952268067836004,-1.1430629966991654,-0.07999999999999996,12
100,2,0.5,correlated,0.0,0.6,0.4858207955305954,0.24937248279298987,-0.039999999999999925,2,51,0.17681723508497663,0.11681777997691546,-0.05999999999999994,2,50,-0.3090035604456187,-0.1325547028160744,0.020000000000000018,13
100,2,0.5,correlated,0.0,0.6,0.2681141740570595,0.14320889510947848,0.020000000000000018,2,52,0.5071366348868449,0.29303179131136636,-0.020000000000000018,2,48,0.2390224608297854,0.14982289620188788,0.0,14
100,2,0.5,correlated,0.0,0.6,0.029703137514750965,0.017392543869019,0.040000000000000036,2,53,0.1638024295598312,0.15858189509740844,0.0,2,44,0.13409929204508025,0.14118935122838944,-0.040000000000000036,15
100,2,0.5,correlated,0.0,0.6,0.2980601385766126,0.17199231187536787,-0.039999999999999925,2,50,0.5193582091870308,0.479228017135514,0.0,2,47,0.22129807061041817,0.3072357052601461,-0.039999999999999925,16
100,2,0.5,correlated,0.0,0.6,0.14271497212015127,0.07728377275391382,-0.039999999999999925,2,49,0.4206502694937617,0.35548309022650304,-0.09999999999999998,2,42,0.27793529737361045,0.2781993174725892,0.06000000000000005,17
100,2,0.5,correlated,0.0,0.6,0.30298342801677175,0.24485253416505154,-0.020000000000000018,2,44,0.3540422642477542,0.2753504284126789,-0.039999999999999925,2,47,0.05105883623098245,0.03049789424762739,0.019999999999999907,18
100,2,0.5,correlated,0.0,0.6,0.5975669712957055,0.4913939251982897,0.12,2,64,0.14830693546580123,0.10629505975815337,0.09999999999999998,2,57,-0.44926003582990426,-0.3850988654401364,-0.020000000000000018,19
100,2,0.5,correlated,0.1,0.6,0.8579462700942831,0.5188456721355302,0.0,2,55,0.5910403796449414,0.3988792122308026,-0.07999999999999996,2,43,-0.26690589044934176,-0.11996645990472765,0.07999999999999996,0
100,2,0.5,correlated,0.1,0.6,0.21585233293208733,0.12005822699473047,-0.020000000000000018,2,51,0.17552487866192526,0.11057062288131657,-0.09999999999999998,2,43,-0.04032745427016207,-0.0094876041134139,0.07999999999999996,1
100,2,0.5,correlated,0.1,0.6,0.418384566643989,0.3354919123861644,-0.07999999999999996,2,46,1.053206533201316,0.5523238608492316,-0.039999999999999925,2,47,0.6348219665573271,0.2168319484630672,-0.040000000000000036,2
100,2,0.5,correlated,0.1,0.6,0.6494250777995435,0.3653981954839807,0.12,2,60,0.2828257310686292,0.15618508380073096,-0.039999999999999925,2,48,-0.3665993467309143,-0.20921311168324977,-0.08000000000000007,3
100,2,0.5,correlated,0.1,0.6,0.6280814639386982,0.36188317085257266,0.040000000000000036,2,57,0.23847937173869072,0.1986226209587632,0.020000000000000018,2,57,-0.3896020922000075,-0.16326054989380945,-0.020000000000000018,4
100,2,0.5,correlated,0.1,0.6,0.10313992178481299,0.086080827818424,0.0,2,57,0.046117077543289905,0.02823946923673333,0.020000000000000018,2,50,-0.05702284424152308,-0.05784135858169066,0.020000000000000018,5
100,2,0.5,correlated,0.1,0.6,3.4233230861940136,2.013333643044244,0.0,2,49,4.4717995985780545,2.6723433161313697,0.020000000000000018,2,57,1.048476512384041,0.6590096730871258,0.020000000000000018,6
100,2,0.5,correlated,0.1,0.6,0.5171593120965865,0.295919502416751,0.06000000000000005,2,54,0.6722386254817994,0.3585425250179458,-0.020000000000000018,2,50,0.15507931338521286,0.06262302260119479,-0.040000000000000036,7
100,2,0.5,correlated,0.1,0.6,0.5122453262546204,0.32647822024071615,-0.039999999999999925,2,48,1.3337303294074898,0.6943621241031029,0.0,2,46,0.8214850031528694,0.3678839038623868,-0.039999999999999925,8
100,2,0.5,correlated,0.1,0.6,0.2107315577399633,0.11653627090307894,0.040000000000000036,2,51,0.17925236846001935,0.14967322653107948,0.08000000000000007,2,56,-0.03147918927994395,0.033136955628000536,0.040000000000000036,9
100,2,0.5,correlated,0.1,0.6,8.541115861007484,4.319183764394394,0.0,2,49,4.677476180704137,2.3623183249555124,-0.12,2,37,-3.863639680303346,-1.9568654394388814,0.12,10
100,2,0.5,correlated,0.1,0.6,0.12410602489601719,0.11104701371158564,-0.15999999999999998,2,39,1.8451164841974097,1.1683524782548826,-0.020000000000000018,2,47,1.7210104593013926,1.057305464543297,-0.13999999999999996,11
100,2,0.5,correlated,0.1,0.6,0.4531307911094913,0.3010666426493886,-0.07999999999999996,2,49,0.3950603426592995,0.28427224143144547,0.12,2,58,-0.05807044845019177,-0.016794401217943122,0.040000000000000036,12
100,2,0.5,correlated,0.1,0.6,0.22541075474527564,0.1596127090176141,-0.020000000000000018,2,52,0.06065685341805784,0.04022659485824803,0.08000000000000007,2,55,-0.1647539013272178,-0.11938611415936606,0.06000000000000005,13
100,2,0.5,correlated,0.1,0.6,0.175526304718657,0.11668977266678994,0.16000000000000003,2,59,0.17491173901608592,0.09218111655802613,-0.05999999999999994,2,49,-0.0006145657025710682,-0.024508656108763807,-0.10000000000000009,14
100,2,0.5,correlated,0.1,0.6,0.8831291870421494,0.8596794123501854,-0.039999999999999925,2,53,0.6425349973395298,0.5650131458025597,-0.039999999999999925,2,47,-0.2405941897026196,-0.29466626654762573,0.0,15
100,2,0.5,correlated,0.1,0.6,0.695183935728164,0.41671026954412,0.06000000000000005,2,55,0.5582062945821166,0.2873635648226998,0.0,2,48,-0.13697764114604738,-0.12934670472142018,-0.06000000000000005,16
100,2,0.5,correlated,0.1,0.6,0.14200041900518356,0.105129809244286,0.040000000000000036,2,57,0.0515774363923674,0.04330416513149145,-0.12,2,40,-0.09042298261281617,-0.06182564411279455,0.07999999999999996,17
100,2,0.5,correlated,0.1,0.6,0.09703441956658393,0.061708916402411565,0.08000000000000007,2,52,0.4140051778173418,0.32319213736971586,-0.020000000000000018,2,47,0.3169707582507579,0.2614832209673043,-0.06000000000000005,18
100,2,0.5,correlated,0.1,0.6,0.09532369297291643,0.057593294432499144,-0.039999999999999925,2,47,0.007310079930845224,0.006157447891284789,-0.07999999999999996,2,48,-0.0880136130420712,-0.05143584654121436,0.040000000000000036,19
100,2,0.5,correlated,0.2,0.6,0.07542740853151698,0.06194671746593854,0.09999999999999998,2,61,0.14766713050549152,0.08395393373268269,0.040000000000000036,2,49,0.07223972197397453,0.022007216266744144,-0.05999999999999994,0
100,2,0.5,correlated,0.2,0.6,0.05098570454802719,0.04667983044457588,-0.07999999999999996,2,43,0.08746048560191351,0.05617169639999704,0.020000000000000018,2,52,0.03647478105388632,0.009491865955421161,-0.05999999999999994,1
100,2,0.5,correlated,0.2,0.6,0.12051901499753573,0.11267708583893665,0.09999999999999998,2,54,0.044585669942709245,0.040786596445725944,0.06000000000000005,2,54,-0.07593334505482649,-0.07189048939321072,-0.039999999999999925,2
100,2,0.5,correlated,0.2,0.6,0.046782506219018784,0.042409095679192724,0.08000000000000007,2,55,0.10629752188426649,0.07747454360704166,-0.039999999999999925,2,50,0.0595150156652477,0.035065447927848936,-0.04000000000000015,3
100,2,0.5,correlated,0.2,0.6,0.0994723079455408,0.08884907668826389,-0.07999999999999996,2,47,0.03923995104708578,0.01978284747279498,-0.039999999999999925,2,46,-0.06023235689845501,-0.06906622921546891,-0.040000000000000036,4
100,2,0.5,correlated,0.2,0.6,1.021994023583532,0.594187461006101,0.020000000000000018,2,51,0.5756630765080093,0.4795261000426,0.12,2,59,-0.4463309470755228,-0.11466136096350099,0.09999999999999998,5
100,2,0.5,correlated,0.2,0.6,0.3201454511076337,0.2360320459821793,0.040000000000000036,2,55,0.29155014635870313,0.2745598986028993,0.040000000000000036,2,51,-0.028595304748930572,0.038527852620720004,0.0,6
100,2,0.5,correlated,0.2,0.6,0.0637347676498086,0.054756086070701745,-0.039999999999999925,2,45,0.034528960641119655,0.022771248337288472,0.0,2,51,-0.02920580700868894,-0.03198483773341328,-0.039999999999999925,7
100,2,0.5,correlated,0.2,0.6,0.13026331365542712,0.11074507145963172,-0.039999999999999925,2,44,0.14712361718800365,0.08440416542164034,0.0,2,48,0.01686030353257653,-0.026340906037991385,-0.039999999999999925,8
100,2,0.5,correlated,0.2,0.6,0.25407360148738634,0.12901484810730077,0.020000000000000018,2,54,0.22002315271714298,0.1281800241172505,-0.039999999999999925,2,48,-0.03405044877024335,-0.0008348239900502763,0.019999999999999907,9
100,2,0.5,correlated,0.2,0.6,0.08330580935096539,0.04583735359160667,0.09999999999999998,2,54,0.0062453640309453815,0.005275029985138057,-0.13999999999999996,2,39,-0.07706044532002002,-0.040562323606468616,0.03999999999999998,10
100,2,0.5,correlated,0.2,0.6,0.25195551483653555,0.23956026159898064,-0.05999999999999994,2,48,1.0706370715852367,0.5832739629458469,0.040000000000000036,2,49,0.8186815567487011,0.34371370134686624,-0.019999999999999907,11
100,2,0.5,correlated,0.2,0.6,0.22904425313963156,0.20526634695776932,0.0,2,49,0.21737584760536358,0.2170384904637241,0.0,2,50,-0.011668405534267984,0.011772143505954763,0.0,12
100,2,0.5,correlated,0.2,0.6,1.3328601566343983,0.8063659376417941,-0.12,2,45,1.114537354047584,0.732368865213154,-0.09999999999999998,2,41,-0.21832280258681425,-0.07399707242864006,-0.020000000000000018,13
100,2,0.5,correlated,0.2,0.6,0.5598021997349666,0.32371575518686824,-0.039999999999999925,2,48,0.5674000013543835,0.2874967862583216,-0.039999999999999925,2,52,0.007597801619416922,-0.036218968928546647,0.0,14
100,2,0.5,correlated,0.2,0.6,1.3134439171852799,0.9118510500946626,0.08000000000000007,2,53,1.6040301184364396,1.1080488204827734,0.0,2,48,0.29058620125115975,0.19619777038811081,-0.08000000000000007,15
100,2,0.5,correlated,0.2,0.6,0.3690367405909841,0.18537248705554926,0.0,2,54,0.3807872062810616,0.2788798404311244,-0.12,2,40,0.011750465690077483,0.09350735337557514,0.12,16
100,2,0.5,correlated,0.2,0.6,0.054152582988138145,0.04759015214213669,-0.12,2,44,0.08146967687462517,0.07884900238503023,-0.05999999999999994,2,52,0.027317093886487023,0.03125885024289354,-0.06000000000000005,17
100,2,0.5,correlated,0.2,0.6,0.109279495118881,0.08584676019700534,-0.05999999999999994,2,48,0.298672572038049,0.18049241372275251,-0.05999999999999994,2,46,0.18939307691916796,0.09464565352574718,0.0,18
100,2,0.5,correlated,0.2,0.6,3.922408694928326,2.0590792659185118,-0.09999999999999998,2,40,0.7236745706602081,0.42379502008532544,0.020000000000000018,2,52,-3.1987341242681175,-1.6352842458331862,-0.07999999999999996,19
100,2,0.5,correlated,0.4,0.6,0.2227066849859012,0.18578488452866498,0.06000000000000005,2,56,0.6180646087812892,0.44573910199581285,0.020000000000000018,2,53,0.39535792379538803,0.25995421746714786,-0.040000000000000036,0
100,2,0.5,correlated,0.4,0.6,0.5563025414928001,0.5442630341523955,-0.020000000000000018,2,48,0.26560560086364454,0.20333312656879377,0.12,2,58,-0.2906969406291556,-0.34092990758360175,0.09999999999999998,1
100,2,0.5,correlated,0.4,0.6,0.4052356277375515,0.3187184506060472,-0.05999999999999994,2,49,0.10977672629756502,0.05687768480310052,0.08000000000000007,2,50,-0.2954589014399865,-0.2618407658029467,0.02000000000000013,2
100,2,0.5,correlated,0.4,0.6,0.08042809925309256,0.06219885642398158,-0.05999999999999994,2,49,0.37239576738472135,0.2569045509679101,0.16000000000000003,2,64,0.2919676681316288,0.1947056945439285,0.10000000000000009,3
100,2,0.5,correlated,0.4,0.6,0.10199440299752874,0.0991665238914794,0.0,2,48,0.0890243885192937,0.07934529775499527,-0.05999999999999994,2,50,-0.012970014478235037,-0.019821226136484127,0.05999999999999994,4
100,2,0.5,correlated,0.4,0.6,0.013470187055077463,0.010362880396153993,0.040000000000000036,2,50,0.1181805362731063,0.09937689517423934,0.06000000000000005,2,56,0.10471034921802884,0.08901401477808535,0.020000000000000018,5
100,2,0.5,correlated,0.4,0.6,0.410221048220975,0.3615253596340161,-0.12,2,42,0.5236843782485573,0.3186032002709232,-0.13999999999999996,2,40,0.1134633300275823,-0.042922159363092904,0.019999999999999962,6
100,2,0.5,correlated,0.4,0.6,0.4174995930169773,0.38743367874132073,-0.15999999999999998,2,41,1.2485115354541827,0.8011739201589381,-0.12,2,46,0.8310119424372053,0.41374024141761734,-0.03999999999999998,7
100,2,0.5,correlated,0.4,0.6,0.1001471470314595,0.06306326972975568,-0.039999999999999925,2,51,0.11955119964944265,0.10484075797609037,-0.020000000000000018,2,53,0.019404052617983156,0.04177748824633469,-0.019999999999999907,8
100,2,0.5,correlated,0.4,0.6,1.9720901044696049,1.2471258283410236,-0.05999999999999994,2,48,0.5945122507030317,0.3263452450453448,0.040000000000000036,2,51,-1.377577853766573,-0.9207805832956788,-0.019999999999999907,9
100,2,0.5,correlated,0.4,0.6,6.129818086308793,3.3659955630076315,0.06000000000000005,2,54,2.8845393734349245,1.48458761977611,-0.020000000000000018,2,43,-3.2452787128738687,-1.8814079432315214,-0.040000000000000036,10
100,2,0.5,correlated,0.4,0.6,0.055448943397687384,0.03428225211394908,-0.15999999999999998,2,40,0.15947438555708812,0.12834472588346774,-0.020000000000000018,2,49,0.10402544215940074,0.09406247376951865,-0.13999999999999996,11
100,2,0.5,correlated,0.4,0.6,0.21941056955937677,0.11755394151229756,-0.039999999999999925,2,47,0.16777944846134057,0.14747299473819211,0.08000000000000007,2,54,-0.05163112109803619,0.029919053225894554,0.04000000000000015,12
100,2,0.5,correlated,0.4,0.6,0.7821500067934262,0.5443595366018216,0.06000000000000005,2,51,0.32615674788570514,0.1740888559182475,-0.020000000000000018,2,51,-0.455993258907721,-0.37027068068357405,-0.040000000000000036,13
100,2,0.5,correlated,0.4,0.6,0.1426255455493311,0.13541024656924008,-0.020000000000000018,2,51,0.09879836692675163,0.07931927250206645,0.020000000000000018,2,48,-0.04382717862257947,-0.05609097406717363,0.0,14
100,2,0.5,correlated,0.4,0.6,0.2385128168290649,0.17753765126111143,-0.21999999999999997,2,35,0.15661531711844776,0.07882957438359428,0.020000000000000018,2,51,-0.08189749971061713,-0.09870807687751715,-0.19999999999999996,15
100,2,0.5,correlated,0.4,0.6,0.6158284719910248,0.5147959231167772,0.020000000000000018,2,52,0.8416676166791863,0.5922662042170926,0.0,2,49,0.22583914468816157,0.0774702811003154,-0.020000000000000018,16
100,2,0.5,correlated,0.4,0.6,0.6025373833609837,0.332306462500469,0.0,2,51,1.0123237470918647,0.9017357114917517,-0.12,2,44,0.40978636373088095,0.5694292489912827,0.12,17
100,2,0.5,correlated,0.4,0.6,1.35650124345221,0.7781207833224577,-0.05999999999999994,2,48,0.777260337387859,0.46402924212515906,0.040000000000000036,2,52,-0.5792409060643509,-0.31409154119729865,-0.019999999999999907,18
100,2,0.5,correlated,0.4,0.6,0.05326675565536082,0.03377803346767792,0.12,2,56,0.1806134513369097,0.11393245557526764,-0.07999999999999996,2,48,0.12734669568154888,0.08015442210758972,-0.040000000000000036,19
100,2,0.8,mixed,0.0,0.6,0.096308676423559,0.04926566073936016,-0.0625,2,71,0.05135240910984463,0.030602117024875208,-0.03749999999999998,2,76,-0.044956267313714375,-0.01866354371448495,-0.025000000000000022,0
100,2,0.8,mixed,0.0,0.6,0.5736938542815919,0.2955350229276003,0.012500000000000067,2,79,0.10947847139957856,0.0618881452623625,-0.03749999999999998,2,79,-0.46421538288201336,-0.2336468776652378,0.02499999999999991,1
100,2,0.8,mixed,0.0,0.6,0.201174444561805,0.10895270046863118,-0.012499999999999956,2,77,0.0853685172036717,0.046514814567937296,0.025000000000000022,2,81,-0.1158059273581333,-0.06243788590069388,0.012500000000000067,2
100,2,0.8,mixed,0.0,0.6,0.025210578230065717,0.01668796062790029,0.025000000000000022,2,79,0.1259240059491943,0.06322833548453133,-0.04999999999999993,2,77,0.1007134277191286,0.04654037485663104,0.02499999999999991,3
100,2,0.8,mixed,0.0,0.6,1.3340976119092698,0.6808260977307231,-0.025000000000000022,2,81,0.5375634941641119,0.2717906565516757,-0.025000000000000022,2,73,-0.7965341177451579,-0.4090354411790474,0.0,4
100,2,0.8,mixed,0.0,0.6,0.10817236370138346,0.06530338859156462,0.025000000000000022,2,80,0.11123404946183456,0.07048382270562259,-0.025000000000000022,2,78,0.0030616857604510994,0.005180434114057969,0.0,5
100,2,0.8,mixed,0.0,0.6,0.023542079772151805,0.018337074393644032,-0.012499999999999956,2,79,0.10839572692819911,0.06268189538890977,0.012500000000000067,2,80,0.0848536471560473,0.04434482099526574,1.1102230246251565e-16,6
100,2,0.8,mixed,0.0,0.6,0.15205417353703604,0.07681772959337996,0.03749999999999998,2,84,0.028372641807239685,0.014982359164712678,0.0,2,80,-0.12368153172979636,-0.06183537042866728,-0.03749999999999998,7
100,2,0.8,mixed,0.0,0.6,0.08971848523065115,0.05263983216273857,-0.03749999999999998,2,81,0.02004739533021061,0.014884141464303849,0.0,2,80,-0.06967108990044055,-0.03775569069843472,-0.03749999999999998,8
100,2,0.8,mixed,0.0,0.6,0.07180612887048024,0.0510013903142785,-0.025000000000000022,2,74,0.763716219169495,0.3895743445535515,0.0,2,81,0.6919100902990147,0.338572954239273,-0.025000000000000022,9
100,2,0.8,mixed,0.0,0.6,0.12535230668672515,0.07013532688619799,0.012500000000000067,2,81,0.10627481521123351,0.055037462479270625,0.0,2,80,-0.019077491475491634,-0.015097864406927362,-0.012500000000000067,10
100,2,0.8,mixed,0.0,0.6,0.15734179756374367,0.08343918157617003,-0.012499999999999956,2,79,0.08247512979177275,0.047534022202037486,-0.025000000000000022,2,76,-0.07486666777197092,-0.03590515937413254,0.012500000000000067,11
100,2,0.8,mixed,0.0,0.6,0.01757610278560299,0.017537634932153972,-0.012499999999999956,2,74,0.049702207518832045,0.028574713627253594,-0.012499999999999956,2,79,0.032126104733229056,0.011037078695099622,0.0,12
100,2,0.8,mixed,0.0,0.6,0.5451753834199213,0.27345119893803194,-0.025000000000000022,2,75,0.005954886503273086,0.005505780821992294,0.012500000000000067,2,82,-0.5392204969166482,-0.26794541811603967,-0.012499999999999956,13
100,2,0.8,mixed,0.0,0.6,0.07171040497590549,0.048058031642534985,0.03749999999999998,2,85,0.07470946387864182,0.044305453569578906,0.025000000000000022,2,84,0.002999058902736329,-0.003752578072956078,-0.012499999999999956,14
100,2,0.8,mixed,0.0,0.6,0.034488483646959105,0.032684748239971695,-0.012499999999999956,2,81,0.053021971534318896,0.03020340879571289,-0.025000000000000022,2,81,0.01853348788735979,-0.002481339444258806,0.012500000000000067,15
100,2,0.8,mixed,0.0,0.6,0.1049627678926606,0.06131695999126702,-0.03749999999999998,2,75,0.038678830632804855,0.02493721341730891,0.03749999999999998,2,80,-0.06628393725985574,-0.03637974657395811,0.0,16
100,2,0.8,mixed,0.0,0.6,0.1978806175049683,0.1075726333779883,0.0,2,76,0.3301076894261992,0.17224500276572446,0.03749999999999998,2,82,0.13222707192123093,0.06467236938773617,0.03749999999999998,17
100,2,0.8,mixed,0.0,0.6,0.11165971750439026,0.06397484894824815,0.025000000000000022,2,81,0.013900690015265556,0.012975815862701853,-0.012499999999999956,2,82,-0.0977590274891247,-0.05099903308554629,-0.012500000000000067,18
100,2,0.8,mixed,0.0,0.6,0.10822572756696795,0.05558465432422655,-0.012499999999999956,2,79,0.03402350441397907,0.02075109942023682,-0.03749999999999998,2,79,-0.07420222315298888,-0.03483355490398973,0.025000000000000022,19
100,2,0.8,mixed,0.1,0.6,0.4899435058154106,0.2466025164961548,-0.012499999999999956,2,79,0.3629551142050583,0.1879517302256454,0.025000000000000022,2,80,-0.12698839161035225,-0.0586507862705094,0.012500000000000067,0
100,2,0.8,mixed,0.1,0.6,0.19090598074616577,0.10160148202691674,0.012500000000000067,2,84,0.589400151483704,0.3042725025613804,0.0,2,75,0.3984941707375382,0.20267102053446365,-0.012500000000000067,1
100,2,0.8,mixed,0.1,0.6,0.024184165964908872,0.022927034800214546,0.0,2,78,0.11294603332059266,0.05952916209365907,0.025000000000000022,2,86,0.0887618673556838,0.036602127293444524,0.025000000000000022,2
100,2,0.8,mixed,0.1,0.6,0.02648388039418225,0.01581049908243071,0.050000000000000044,2,84,0.006469877235239231,0.005726361604624416,0.025000000000000022,2,81,-0.02001400315894302,-0.010084137477806294,-0.025000000000000022,3
100,2,0.8,mixed,0.1,0.6,0.21435585295411982,0.10926951976825294,0.03749999999999998,2,83,0.08965561691316261,0.04834843703425712,0.0,2,80,-0.12470023604095722,-0.060921082733995824,-0.03749999999999998,4
100,2,0.8,mixed,0.1,0.6,0.1926970089237971,0.10166226794625612,0.012500000000000067,2,80,0.5168737375652551,0.2611669386835521,0.012500000000000067,2,79,0.324176728641458,0.15950467073729602,0.0,5
100,2,0.8,mixed,0.1,0.6,0.019737366349899067,0.010128633509939259,0.0,2,77,0.03737303622787214,0.021596584376485716,0.012500000000000067,2,81,0.017635669877973076,0.011467950866546457,0.012500000000000067,6
100,2,0.8,mixed,0.1,0.6,0.16895684343728434,0.09962280852614791,-0.025000000000000022,2,76,0.013484475325515492,0.012669158993237813,0.025000000000000022,2,82,-0.15547236811176884,-0.0869536495329101,0.0,7
100,2,0.8,mixed,0.1,0.6,0.07125149290365411,0.03698099636764111,-0.012499999999999956,2,81,0.028168859247826215,0.025517537508337275,0.025000000000000022,2,78,-0.043082633655827894,-0.011463458859303832,0.012500000000000067,8
100,2,0.8,mixed,0.1,0.6,0.03216129873996145,0.017826568280493213,-0.0625,2,76,0.13170380882054522,0.07288288482967557,0.050000000000000044,2,83,0.09954251008058376,0.05505631654918236,-0.012499999999999956,9
100,2,0.8,mixed,0.1,0.6,3.784714753616598,1.8996681045551078,0.012500000000000067,2,79,0.6656450871272354,0.3423162226155438,-0.03749999999999998,2,77,-3.119069666489363,-1.557351881939564,0.02499999999999991,10
100,2,0.8,mixed,0.1,0.6,0.2746272997570885,0.13839045897374752,0.012500000000000067,2,81,0.18382760421500377,0.10108289389039829,0.012500000000000067,2,84,-0.09079969554208472,-0.03730756508334923,0.0,11
100,2,0.8,mixed,0.1,0.6,0.0942785506869559,0.05028777718625517,0.0,2,81,0.0440773497902011,0.038797178071155874,-0.012499999999999956,2,79,-0.0502012008967548,-0.011490599115099295,0.012499999999999956,12
100,2,0.8,mixed,0.1,0.6,0.34890425881804155,0.17680813913040186,0.012500000000000067,2,81,0.2012498994210307,0.10155827526912922,-0.012499999999999956,2,82,-0.14765435939701085,-0.07524986386127264,-1.1102230246251565e-16,13
100,2,0.8,mixed,0.1,0.6,0.02199437711809454,0.01667046451201742,0.03749999999999998,2,84,0.11017286082043813,0.06457238197698219,-0.025000000000000022,2,79,0.08817848370234359,0.04790191746496476,-0.012499999999999956,14
100,2,0.8,mixed,0.1,0.6,0.0239539236826221,0.01635293061657382,0.025000000000000022,2,79,0.36852338352051367,0.19166444680291522,-0.04999999999999993,2,78,0.34456945983789156,0.1753115161863414,0.02499999999999991,15
100,2,0.8,mixed,0.1,0.6,4.102323568812496,2.062829310837587,-0.012499999999999956,2,80,2.5097931743231263,1.2566811993625915,0.0,2,83,-1.5925303944893696,-0.8061481114749955,-0.012499999999999956,16
100,2,0.8,mixed,0.1,0.6,0.03925185754993078,0.032338842305047785,-0.0625,2,79,0.24841217809823438,0.13388697307706743,-0.03749999999999998,2,80,0.20916032054830358,0.10154813077201964,-0.025000000000000022,17
100,2,0.8,mixed,0.1,0.6,0.12882596074837052,0.06606341609828979,-0.012499999999999956,2,79,0.11194332210789656,0.06233845379265629,-0.012499999999999956,2,73,-0.016882638640473957,-0.003724962305633503,0.0,18
100,2,0.8,mixed,0.1,0.6,0.04425285930149825,0.032009095275374766,0.012500000000000067,2,79,0.05571881582083392,0.037023682968603575,0.025000000000000022,2,84,0.011465956519335671,0.005014587693228809,0.012499999999999956,19
100,2,0.8,mixed,0.2,0.6,0.06483105038410936,0.04366265095757304,-0.025000000000000022,2,80,0.22439276889704446,0.12705835605786925,0.012500000000000067,2,85,0.1595617185129351,0.0833957051002962,-0.012499999999999956,0
100,2,0.8,mixed,0.2,0.6,0.020706646677646053,0.011891828446726097,0.025000000000000022,2,82,0.00500679925484803,0.003798997740566215,0.0,2,80,-0.01569984742279802,-0.008092830706159883,-0.025000000000000022,1
100,2,0.8,mixed,0.2,0.6,0.06504375636516505,0.051964144350978424,-0.03749999999999998,2,75,0.29308351997934273,0.15787541504160507,-0.025000000000000022,2,78,0.2280397636141777,0.10591127069062664,-0.012499999999999956,2
100,2,0.8,mixed,0.2,0.6,0.5332880504655939,0.27742483512252053,0.025000000000000022,2,83,0.6512908897340064,0.3325489580966392,0.0,2,78,0.11800283926841248,0.05512412297411867,-0.025000000000000022,3
100,2,0.8,mixed,0.2,0.6,0.0680742188675647,0.03691783540392295,0.0,2,80,0.08578394838388885,0.04405234975828403,0.0,2,80,0.017709729516324144,0.007134514354361084,0.0,4
100,2,0.8,mixed,0.2,0.6,0.10479630775341499,0.0565817562953004,0.025000000000000022,2,80,0.030214286112115494,0.01825933882093709,-0.012499999999999956,2,78,-0.0745820216412995,-0.03832241747436331,-0.012500000000000067,5
100,2,0.8,mixed,0.2,0.6,0.01352822081778095,0.011632098708282385,0.0,2,83,0.07452785859742297,0.04237439243212002,0.0,2,81,0.06099963777964203,0.030742293723837633,0.0,6
100,2,0.8,mixed,0.2,0.6,0.19838988287607925,0.0995655144189272,0.0,2,81,0.03448624959295947,0.022860853060777703,-0.012499999999999956,2,79,-0.1639036332831198,-0.0767046613581495,0.012499999999999956,7
100,2,0.8,mixed,0.2,0.6,0.14455366010708354,0.07520730434491091,0.025000000000000022,2,83,0.20324642300486598,0.10264967864574061,-0.025000000000000022,2,79,0.05869276289778244,0.0274423743008297,0.0,8
100,2,0.8,mixed,0.2,0.6,0.0344731978447388,0.029565642694203823,0.012500000000000067,2,79,0.09630896467292378,0.05648897569695122,-0.012499999999999956,2,77,0.061835766828184986,0.0269233330027474,-1.1102230246251565e-16,9
100,2,0.8,mixed,0.2,0.6,0.06865547362109183,0.038059008466266225,-0.0625,2,72,0.23311627341164634,0.11740237650002178,0.0,2,79,0.1644607997905545,0.07934336803375555,-0.0625,10
100,2,0.8,mixed,0.2,0.6,0.06660660953468826,0.04878357718727261,0.025000000000000022,2,85,0.06969807546005961,0.03989089440038594,-0.07499999999999996,2,76,0.0030914659253713506,-0.008892682786886666,0.04999999999999993,11
100,2,0.8,mixed,0.2,0.6,0.06740461393198538,0.03958305506778773,0.03749999999999998,2,81,0.031271595019712446,0.01879139406017284,0.03749999999999998,2,83,-0.036133018912272934,-0.020791661007614894,0.0,12
100,2,0.8,mixed,0.2,0.6,0.051122359408211436,0.026974221726639203,-0.012499999999999956,2,76,0.1905495804652668,0.11184736837532144,-0.03749999999999998,2,76,0.13942722105705535,0.08487314664868224,0.025000000000000022,13
100,2,0.8,mixed,0.2,0.6,0.3284623737963489,0.16822846749981935,0.012500000000000067,2,78,0.35469224622126505,0.18313157211314887,0.012500000000000067,2,84,0.026229872424916145,0.014903104613329526,0.0,14
100,2,0.8,mixed,0.2,0.6,0.3552358007153038,0.1829082989771224,0.03749999999999998,2,81,0.06355669490224092,0.03525526657449129,0.012500000000000067,2,83,-0.2916791058130629,-0.1476530324026311,-0.02499999999999991,15
100,2,0.8,mixed,0.2,0.6,0.07315395886932534,0.04542197545289716,-0.07499999999999996,2,78,0.04476535131818388,0.03490544154313413,0.012500000000000067,2,81,-0.028388607551141462,-0.01051653390976303,-0.06249999999999989,16
100,2,0.8,mixed,0.2,0.6,0.06745290610108415,0.04310582726318605,0.050000000000000044,2,83,0.04919743536859272,0.03687563823283642,0.0,2,77,-0.01825547073249143,-0.00623018903034963,-0.050000000000000044,17
100,2,0.8,mixed,0.2,0.6,0.07538991646771392,0.05135765981256665,0.0,2,80,0.04191460903633532,0.03319261265947314,-0.025000000000000022,2,77,-0.0334753074313786,-0.018165047153093514,0.025000000000000022,18
100,2,0.8,mixed,0.2,0.6,0.07536296593751345,0.04210181877232272,-0.012499999999999956,2,77,0.026719179642416782,0.014062225436255685,0.0,2,80,-0.048643786295096664,-0.028039593336067033,-0.012499999999999956,19
100,2,0.8,mixed,0.4,0.6,0.11687266066071854,0.0712184778856524,0.0,2,82,0.08670463690010287,0.04961653009451858,0.0,2,79,-0.03016802376061567,-0.02160194779113382,0.0,0
100,2,0.8,mixed,0.4,0.6,0.19218195911689384,0.10583473189432312,-0.012499999999999956,2,76,0.25659598541144485,0.1509433203040775,0.025000000000000022,2,82,0.06441402629455101,0.04510858840975439,0.012500000000000067,1
100,2,0.8,mixed,0.4,0.6,0.08246321903850046,0.06258029443599797,-0.04999999999999993,2,78,0.010731320731931728,0.008201725839568946,-0.012499999999999956,2,77,-0.07173189830656873,-0.05437856859642902,-0.03749999999999998,2
100,2,0.8,mixed,0.4,0.6,0.19869157080157682,0.10596037114421662,-0.012499999999999956,2,78,0.5525378329907655,0.2857966701486839,-0.03749999999999998,2,78,0.3538462621891887,0.17983629900446724,0.025000000000000022,3
100,2,0.8,mixed,0.4,0.6,0.03753592256938986,0.035977623287140326,0.0,2,81,0.2480478413455094,0.12535193046053444,-0.03749999999999998,2,78,0.21051191877611952,0.08937430717339412,0.03749999999999998,4
100,2,0.8,mixed,0.4,0.6,0.05992209704215943,0.052216538807075455,0.0,2,80,0.07529842795232232,0.041638904423894854,-0.04999999999999993,2,76,0.01537633091016289,-0.0105776343831806,0.04999999999999993,5
100,2,0.8,mixed,0.4,0.6,0.30129348654906773,0.15099229784836313,-0.025000000000000022,2,81,0.07248772318975405,0.047669207708149045,-0.025000000000000022,2,81,-0.22880576335931369,-0.10332309014021408,0.0,6
100,2,0.8,mixed,0.4,0.6,0.42592168626511867,0.21861746731572043,-0.012499999999999956,2,77,0.6821777556479374,0.3414404008199032,0.03749999999999998,2,86,0.2562560693828187,0.12282293350418275,0.025000000000000022,7
100,2,0.8,mixed,0.4,0.6,0.20272128537311546,0.1122405797736537,-0.03749999999999998,2,75,0.05041089872851032,0.04795874374474384,0.025000000000000022,2,83,-0.15231038664460514,-0.06428183602890986,-0.012499999999999956,8
100,2,0.8,mixed,0.4,0.6,0.014912817954118448,0.010602275438554541,-0.012499999999999956,2,78,0.08934150526817816,0.04855485932162201,-0.012499999999999956,2,82,0.07442868731405972,0.03795258388306747,0.0,9
100,2,0.8,mixed,0.4,0.6,0.027888467280857115,0.016309127728451393,0.0,2,82,0.19186240039150443,0.10711876677092796,0.0,2,80,0.1639739331106473,0.09080963904247658,0.0,10
100,2,0.8,mixed,0.4,0.6,0.09060878876686122,0.045819072670406386,-0.012499999999999956,2,78,0.2333947443579969,0.11735520349445418,0.025000000000000022,2,77,0.14278595559113566,0.07153613082404779,0.012500000000000067,11
100,2,0.8,mixed,0.4,0.6,0.06659680054609661,0.05901864328180723,0.025000000000000022,2,83,0.08439575691087399,0.04779329416326286,0.025000000000000022,2,86,0.01779895636477738,-0.011225349118544371,0.0,12
100,2,0.8,mixed,0.4,0.6,0.1371890244583194,0.07640255369793403,-0.03749999999999998,2,77,0.07461901100550108,0.044171254199431055,0.03749999999999998,2,82,-0.06257001345281832,-0.03223129949850297,0.0,13
100,2,0.8,mixed,0.4,0.6,0.07688734719330938,0.04156668330987272,-0.025000000000000022,2,78,0.021669355758751084,0.01277388925976872,0.0,2,81,-0.05521799143455829,-0.028792794050103997,-0.025000000000000022,14
100,2,0.8,mixed,0.4,0.6,0.034504468536457236,0.028655754429789383,0.025000000000000022,2,81,0.04787552043343686,0.03591907612977178,0.03749999999999998,2,82,0.013371051896979624,0.007263321699982395,0.012499999999999956,15
100,2,0.8,mixed,0.4,0.6,0.32174924451790765,0.16511197657327925,-0.0625,2,72,0.1606477967622657,0.08543257579995309,-0.03749999999999998,2,77,-0.16110144775564195,-0.07967940077332616,-0.025000000000000022,16
100,2,0.8,mixed,0.4,0.6,0.16100621984870084,0.08642733749293152,0.025000000000000022,2,83,0.0459101566963606,0.0431562867160502,-0.025000000000000022,2,77,-0.11509606315234024,-0.04327105077688132,0.0,17
100,2,0.8,mixed,0.4,0.6,0.09525499225668788,0.05542061566240752,0.025000000000000022,2,81,0.08319934979806902,0.044827223942300355,-0.04999999999999993,2,75,-0.012055642458618857,-0.010593391720107162,0.02499999999999991,18
100,2,0.8,mixed,0.4,0.6,0.17594462975628022,0.10696781576828596,0.03749999999999998,2,83,0.5291815690789766,0.2695588624815315,-0.025000000000000022,2,81,0.3532369393226964,0.16259104671324554,-0.012499999999999956,19
100,2,0.8,skewed,0.0,0.6,0.11335833128503596,0.06627086307962762,0.012500000000000067,2,76,0.12967755136489764,0.08094017928589059,0.03749999999999998,2,81,0.016319220079861682,0.014669316206262967,0.02499999999999991,0
100,2,0.8,skewed,0.0,0.6,0.16105483543150148,0.1192353748051145,0.012500000000000067,2,80,0.3025283904455811,0.17022113371115252,-0.03749999999999998,2,74,0.14147355501407963,0.05098575890603803,0.02499999999999991,1
100,2,0.8,skewed,0.0,0.6,0.4410223604739458,0.23285408632190807,0.012500000000000067,2,78,0.14247986005952284,0.07366239135502288,0.0,2,80,-0.29854250041442293,-0.15919169496688518,-0.012500000000000067,2
100,2,0.8,skewed,0.0,0.6,0.017362946121639897,0.008948352184657827,-0.025000000000000022,2,77,0.009766277984322507,0.0057562316198785084,0.050000000000000044,2,76,-0.007596668137317389,-0.0031921205647793185,0.025000000000000022,3
100,2,0.8,skewed,0.0,0.6,0.03603554862512577,0.021027240713661143,0.012500000000000067,2,80,0.049398712050579524,0.030003763683090455,0.012500000000000067,2,86,0.013363163425453753,0.008976522969429312,0.0,4
100,2,0.8,skewed,0.0,0.6,0.01713688357439818,0.013601906877403518,0.0,2,80,0.038445841100771025,0.03370869145062677,0.050000000000000044,2,85,0.021308957526372845,0.020106784573223253,0.050000000000000044,5
100,2,0.8,skewed,0.0,0.6,0.0026405007804212316,0.0018311984374237969,0.012500000000000067,2,79,0.11914661213335657,0.06005509189874619,0.012500000000000067,2,83,0.11650611135293534,0.058223893461322396,0.0,6
100,2,0.8,skewed,0.0,0.6,0.02858670512544242,0.026578633938108005,0.0625,2,82,0.06741155495621859,0.035451334616194846,0.012500000000000067,2,83,0.038824849830776165,0.008872700678086841,-0.04999999999999993,7
100,2,0.8,skewed,0.0,0.6,0.08098573340895279,0.07571005340319471,0.0,2,79,0.017026053575711585,0.01461083744266007,0.012500000000000067,2,81,-0.0639596798332412,-0.06109921596053464,0.012500000000000067,8
100,2,0.8,skewed,0.0,0.6,0.31135034399429445,0.15752166774369558,0.0,2,83,0.07732830945971016,0.05979727270676937,-0.012499999999999956,2,75,-0.2340220345345843,-0.0977243950369262,0.012499999999999956,9
100,2,0.8,skewed,0.0,0.6,0.16888038994100765,0.0846144847024194,-0.012499999999999956,2,78,0.11870368729166181,0.07923406648761463,-0.012499999999999956,2,80,-0.050176702649345845,-0.005380418214804769,0.0,10
100,2,0.8,skewed,0.0,0.6,0.7329944296479115,0.37108849566042,-0.0625,2,78,0.7523731248386905,0.38146129539363877,-0.0625,2,77,0.01937869519077895,0.010372799733218752,0.0,11
100,2,0.8,skewed,0.0,0.6,0.10443589385702709,0.08315318755937824,-0.03749999999999998,2,76,0.2651638297633842,0.13416714400655405,0.0,2,80,0.16072793590635712,0.05101395644717581,-0.03749999999999998,12
100,2,0.8,skewed,0.0,0.6,0.06142140220579277,0.05381748086826777,-0.04999999999999993,2,79,0.0980789050716882,0.06384284781062237,-0.025000000000000022,2,76,0.03665750286589543,0.010025366942354598,-0.02499999999999991,13
100,2,0.8,skewed,0.0,0.6,0.11616603318227192,0.06502607659324194,0.050000000000000044,2,86,0.06842307004689029,0.038014043810160596,-0.025000000000000022,2,75,-0.047742963135381636,-0.027012032783081348,-0.025000000000000022,14
100,2,0.8,skewed,0.0,0.6,0.06065771768828105,0.03162939817213567,0.050000000000000044,2,82,0.06394838616753896,0.03819432431811048,-0.025000000000000022,2,79,0.0032906684792579147,0.006564926145974807,-0.025000000000000022,15
100,2,0.8,skewed,0.0,0.6,0.3508381992661833,0.18036705594378477,-0.025000000000000022,2,82,0.14014043683545924,0.13050511046988378,0.012500000000000067,2,82,-0.21069776243072408,-0.04986194547390099,-0.012499999999999956,16
100,2,0.8,skewed,0.0,0.6,0.14783925842606707,0.0739415188516239,-0.012499999999999956,2,78,0.039319127242084966,0.022357404459916016,0.012500000000000067,2,82,-0.1085201311839821,-0.051584114391707875,1.1102230246251565e-16,17
100,2,0.8,skewed,0.0,0.6,0.28448651224211097,0.1734999061576834,0.012500000000000067,2,80,0.1050795686372405,0.062154307237550124,-0.025000000000000022,2,77,-0.17940694360487047,-0.11134559892013328,0.012499999999999956,18
100,2,0.8,skewed,0.0,0.6,0.23123560219622183,0.12701146746868294,0.012500000000000067,2,77,0.0676696480412668,0.039686394730037836,0.0,2,78,-0.16356595415495503,-0.08732507273864511,-0.012500000000000067,19
100,2,0.8,skewed,0.1,0.6,0.04054493541515769,0.023709957173768476,0.0,2,83,0.011394657195274837,0.009141218769798004,0.0,2,78,-0.029150278219882853,-0.014568738403970471,0.0,0
100,2,0.8,skewed,0.1,0.6,0.1840587133256037,0.09887101964262326,-0.04999999999999993,2,75,0.2165523808247056,0.11657570771276929,0.03749999999999998,2,84,0.0324936674991019,0.017704688070146024,-0.012499999999999956,1
100,2,0.8,skewed,0.1,0.6,0.0711109608024631,0.037955113597868136,0.08750000000000002,2,86,0.10025059522269124,0.06206387730983563,0.025000000000000022,2,74,0.02913963442022814,0.024108763711967497,-0.0625,2
100,2,0.8,skewed,0.1,0.6,0.18771561593855332,0.12579247197600027,0.012500000000000067,2,79,0.13485058436879288,0.11530799634632383,-0.03749999999999998,2,82,-0.05286503156976044,-0.010484475629676443,0.02499999999999991,3
100,2,0.8,skewed,0.1,0.6,0.06286031063810625,0.05353411437838701,0.0,2,84,0.037083861050347625,0.03034721201604971,0.0,2,77,-0.025776449587758626,-0.0231869023623373,0.0,4
100,2,0.8,skewed,0.1,0.6,0.17973228049484294,0.11839588069863644,0.0,2,82,0.0047303737278928774,0.003503385559115702,-0.025000000000000022,2,75,-0.17500190676695007,-0.11489249513952074,0.025000000000000022,5
100,2,0.8,skewed,0.1,0.6,0.02693910045460918,0.015542714418992019,0.012500000000000067,2,80,0.01683050754418093,0.010753855152406972,0.0625,2,83,-0.01010859291042825,-0.004788859266585047,0.04999999999999993,6
100,2,0.8,skewed,0.1,0.6,0.06677111734344761,0.05620451928723697,0.03749999999999998,2,80,0.09661473087237214,0.04928211876452741,-0.04999999999999993,2,79,0.029843613528924534,-0.006922400522709558,0.012499999999999956,7
100,2,0.8,skewed,0.1,0.6,0.04356418092160662,0.03309629620124857,-0.03749999999999998,2,77,0.09128799096202606,0.05921702144027224,-0.025000000000000022,2,80,0.04772381004041944,0.026120725239023666,-0.012499999999999956,8
100,2,0.8,skewed,0.1,0.6,0.01670549168854807,0.0133205763865461,-0.025000000000000022,2,80,0.04225961893567548,0.027893301384195945,0.025000000000000022,2,80,0.02555412724712741,0.014572724997649845,0.0,9
100,2,0.8,skewed,0.1,0.6,0.1283664579921579,0.07157730823357321,0.025000000000000022,2,82,0.055043648034471114,0.03437178837245864,-0.03749999999999998,2,75,-0.07332280995768678,-0.03720551986111457,0.012499999999999956,10
100,2,0.8,skewed,0.1,0.6,0.12350415738239927,0.08721966661322789,-0.03749999999999998,2,74,0.04491073572803607,0.024899340674066246,-0.012499999999999956,2,76,-0.0785934216543632,-0.06232032593916164,-0.025000000000000022,11
100,2,0.8,skewed,0.1,0.6,0.08555147709566026,0.04296364013990498,-0.08750000000000002,2,72,0.19663830273242908,0.10195041306540116,-0.012499999999999956,2,82,0.11108682563676882,0.05898677292549618,-0.07500000000000007,12
100,2,0.8,skewed,0.1,0.6,0.07485389533808318,0.04612046931924165,-0.012499999999999956,2,78,0.05521958425234525,0.043975793022695074,0.025000000000000022,2,82,-0.019634311085737925,-0.002144676296546577,0.012500000000000067,13
100,2,0.8,skewed,0.1,0.6,0.0997923521156442,0.05361139046277249,0.012500000000000067,2,80,0.023938901217267296,0.012771032298187357,0.0,2,76,-0.0758534508983769,-0.04084035816458513,-0.012500000000000067,14
100,2,0.8,skewed,0.1,0.6,0.6487350578207168,0.4012466318331456,-0.012499999999999956,2,78,0.11715687320022784,0.06745746506972307,-0.04999999999999993,2,76,-0.531578184620489,-0.3337891667634225,0.03749999999999998,15
100,2,0.8,skewed,0.1,0.6,0.07468956360700603,0.07435792169761102,0.0,2,82,0.07046653326012721,0.06179349660894042,0.0,2,77,-0.00422303034687882,-0.012564425088670596,0.0,16
100,2,0.8,skewed,0.1,0.6,0.12758770794175164,0.08568717877310825,-0.03749999999999998,2,74,0.16184008646732057,0.08928060605350727,0.025000000000000022,2,82,0.03425237852556892,0.0035934272803990197,-0.012499999999999956,17
100,2,0.8,skewed,0.1,0.6,0.031716063206569826,0.0234309503391329,0.0,2,82,0.07740275587621256,0.04207205552419917,0.050000000000000044,2,80,0.04568669266964274,0.018641105185066266,0.050000000000000044,18
100,2,0.8,skewed,0.1,0.6,0.01393243393182023,0.012614312678289429,0.025000000000000022,2,84,0.014727116394490985,0.00833475217689829,0.0,2,75,0.0007946824626707556,-0.004279560501391139,-0.025000000000000022,19
100,2,0.8,skewed,0.2,0.6,0.06952315943886338,0.0367429538925179,0.025000000000000022,2,83,0.059147896946723406,0.03140544788044997,0.0,2,77,-0.01037526249213997,-0.005337506012067929,-0.025000000000000022,0
100,2,0.8,skewed,0.2,0.6,0.21199495356750184,0.1898094962542136,0.07500000000000007,2,90,0.06314043637513558,0.04758276305221355,0.0,2,79,-0.14885451719236625,-0.14222673320200002,-0.07500000000000007,1
100,2,0.8,skewed,0.2,0.6,0.10957261772454589,0.06254745367011812,0.012500000000000067,2,81,0.1572732751380059,0.14089779778385259,0.0,2,77,0.04770065741346001,0.07835034411373447,-0.012500000000000067,2
100,2,0.8,skewed,0.2,0.6,0.36298099460363226,0.18911806046573548,0.0,2,72,0.29217383422443804,0.16388209288259067,0.0,2,78,-0.07080716037919421,-0.025235967583144808,0.0,3
100,2,0.8,skewed,0.2,0.6,0.0058658257505448735,0.004861083238266513,-0.04999999999999993,2,76,0.142018350389716,0.07564119824053306,-0.03749999999999998,2,78,0.13615252463917113,0.07078011500226655,-0.012499999999999956,4
100,2,0.8,skewed,0.2,0.6,0.01997401097615829,0.01066423723658527,-0.012499999999999956,2,79,0.0032202351466116244,0.0022578299505417775,0.0,2,82,-0.016753775829546666,-0.008406407286043492,-0.012499999999999956,5
100,2,0.8,skewed,0.2,0.6,0.09041155318713397,0.05832845748516451,0.0,2,70,0.12880864627045444,0.06569609636685446,-0.012499999999999956,2,83,0.03839709308332047,0.007367638881689946,0.012499999999999956,6
100,2,0.8,skewed,0.2,0.6,0.22637797552663816,0.2003252150050604,0.0625,2,83,0.6650196609571117,0.40873073747495536,0.012500000000000067,2,80,0.43864168543047355,0.20840552246989497,-0.04999999999999993,7
100,2,0.8,skewed,0.2,0.6,0.052124962793223616,0.03397546806361693,0.012500000000000067,2,79,0.08177456574092325,0.07535435434968474,-0.025000000000000022,2,75,0.02964960294769963,0.041378886286067805,0.012499999999999956,8
100,2,0.8,skewed,0.2,0.6,0.0475137973327581,0.03251636320350669,0.0,2,82,0.10018721908014133,0.05604608669792699,-0.012499999999999956,2,82,0.05267342174738323,0.0235297234944203,0.012499999999999956,9
100,2,0.8,skewed,0.2,0.6,0.047811771573259915,0.042886074920673894,0.0,2,85,0.04901512617280772,0.026664811355923683,0.0,2,83,0.001203354599547804,-0.01622126356475021,0.0,10
100,2,0.8,skewed,0.2,0.6,0.2426242333119756,0.13134039151574653,0.025000000000000022,2,80,0.2428620608554725,0.16715374273501302,-0.012499999999999956,2,81,0.0002378275434968824,0.03581335121926649,-0.012500000000000067,11
100,2,0.8,skewed,0.2,0.6,0.22110228790239825,0.17333466002551862,0.012500000000000067,2,81,0.12678099746457447,0.0878813447743631,0.012500000000000067,2,81,-0.09432129043782378,-0.08545331525115551,0.0,12
100,2,0.8,skewed,0.2,0.6,0.08098458346451791,0.04258515953521752,-0.07499999999999996,2,73,0.1676193457806591,0.13173591557308273,0.012500000000000067,2,81,0.08663476231614119,0.08915075603786521,-0.06249999999999989,13
100,2,0.8,skewed,0.2,0.6,0.07313333754303356,0.04159826476817085,0.0,2,77,0.04219862345430469,0.022161550046513812,-0.04999999999999993,2,80,-0.030934714088728867,-0.019436714721657037,0.04999999999999993,14
100,2,0.8,skewed,0.2,0.6,0.043179547097795146,0.025783007532724722,0.012500000000000067,2,85,0.09294807817658705,0.05788728981279912,-0.025000000000000022,2,73,0.04976853107879191,0.0321042822800744,0.012499999999999956,15
100,2,0.8,skewed,0.2,0.6,0.13935007896825735,0.07666216845786696,0.025000000000000022,2,76,0.07284170374118114,0.060650614445888165,-0.03749999999999998,2,77,-0.06650837522707621,-0.01601155401197879,0.012499999999999956,16
100,2,0.8,skewed,0.2,0.6,0.1727702945848676,0.1643577973596692,0.025000000000000022,2,82,0.08043262854855888,0.06431411211320383,-0.012499999999999956,2,77,-0.0923376660363087,-0.10004368524646538,-0.012500000000000067,17
100,2,0.8,skewed,0.2,0.6,0.11882521570676806,0.06837740197236755,-0.012499999999999956,2,82,0.07587185291247336,0.06165667600031032,-0.03749999999999998,2,74,-0.042953362794294694,-0.00672072597205723,0.025000000000000022,18
100,2,0.8,skewed,0.2,0.6,0.10596834641477912,0.06782128117728846,0.025000000000000022,2,83,0.08414192644985992,0.05576499228349873,0.025000000000000022,2,78,-0.0218264199649192,-0.012056288893789728,0.0,19
100,2,0.8,skewed,0.4,0.6,0.14489529889319033,0.08144262327089469,0.025000000000000022,2,80,0.1681611596821694,0.09366762744242035,0.050000000000000044,2,84,0.023265860788979076,0.012225004171525666,0.025000000000000022,0
100,2,0.8,skewed,0.4,0.6,0.014709927952586785,0.01008840728917741,0.012500000000000067,2,83,0.08668669082109907,0.04746498723893898,-0.03749999999999998,2,79,0.07197676286851229,0.03737657994976157,0.02499999999999991,1
100,2,0.8,skewed,0.4,0.6,0.0946819814779387,0.07053026146926196,0.0,2,82,0.1952474579207558,0.10162662170574327,0.0,2,86,0.10056547644281709,0.03109636023648131,0.0,2
100,2,0.8,skewed,0.4,0.6,0.035649598603459544,0.022118466516705525,0.0,2,79,0.040168271649573734,0.03240050209541082,-0.012499999999999956,2,77,0.00451867304611419,0.010282035578705297,0.012499999999999956,3
100,2,0.8,skewed,0.4,0.6,0.15352879757449223,0.1390959693381293,0.0,2,84,0.1789461382934555,0.13513836196363146,0.0625,2,87,0.02541734071896326,-0.0039576073744978235,0.0625,4
100,2,0.8,skewed,0.4,0.6,0.33631535977070826,0.18305355232837026,-0.07499999999999996,2,78,0.13681393219216695,0.06942403629414551,-0.04999999999999993,2,78,-0.1995014275785413,-0.11362951603422475,-0.025000000000000022,5
100,2,0.8,skewed,0.4,0.6,0.13672153361965045,0.115594009318185,0.012500000000000067,2,81,0.13212420532730504,0.08039556202706345,0.0,2,82,-0.0045973282923454095,-0.03519844729112155,-0.012500000000000067,6
100,2,0.8,skewed,0.4,0.6,0.014342556337925864,0.00953156237954338,-0.03749999999999998,2,76,0.01973989418842849,0.014149204059924234,0.012500000000000067,2,83,0.005397337850502625,0.0046176416803808545,-0.02499999999999991,7
100,2,0.8,skewed,0.4,0.6,0.3328422432935203,0.20461784449591916,0.0,2,85,0.0367685759120433,0.02656246777133849,0.0,2,80,-0.296073667381477,-0.17805537672458066,0.0,8
100,2,0.8,skewed,0.4,0.6,0.13215048171928853,0.10752615178673677,-0.012499999999999956,2,78,0.08950631429140023,0.07362193217632322,0.0,2,79,-0.042644167427888305,-0.03390421961041355,-0.012499999999999956,9
100,2,0.8,skewed,0.4,0.6,0.04912579879871217,0.03355140527212299,0.012500000000000067,2,81,0.10491632255970118,0.0644495899107306,-0.025000000000000022,2,81,0.05579052376098901,0.030898184638607613,0.012499999999999956,10
100,2,0.8,skewed,0.4,0.6,0.16905585071955606,0.15153877289260903,0.03749999999999998,2,84,0.1160563211442714,0.11310807238714585,0.025000000000000022,2,80,-0.05299952957528466,-0.03843070050546318,-0.012499999999999956,11
100,2,0.8,skewed,0.4,0.6,0.2300384916120248,0.14479923461841585,-0.03749999999999998,2,77,0.2150858081072471,0.11548669628322607,-0.09999999999999998,2,69,-0.014952683504777714,-0.029312538335189778,0.0625,12
100,2,0.8,skewed,0.4,0.6,0.13599909266283952,0.08251233260995666,0.025000000000000022,2,80,0.08002920714285208,0.040267266200614035,0.0,2,77,-0.05596988551998744,-0.04224506640934263,-0.025000000000000022,13
100,2,0.8,skewed,0.4,0.6,0.04841370030318346,0.0372915468060301,0.0,2,81,0.004190678143608449,0.002186493124700115,0.025000000000000022,2,84,-0.044223022159575014,-0.03510505368132998,0.025000000000000022,14
100,2,0.8,skewed,0.4,0.6,0.06264227412949558,0.04108761587912088,0.0,2,85,0.045930232815465655,0.038223547146119474,-0.03749999999999998,2,81,-0.016712041314029924,-0.002864068733001407,0.03749999999999998,15
100,2,0.8,skewed,0.4,0.6,0.1880288587145858,0.12349935451243597,-0.012499999999999956,2,78,0.011909969494997941,0.01142994842947527,0.025000000000000022,2,79,-0.17611888921958785,-0.1120694060829607,0.012500000000000067,16
100,2,0.8,skewed,0.4,0.6,0.19495958294013127,0.09995269211754779,0.025000000000000022,2,79,0.11374929347177638,0.06200028478958595,-0.025000000000000022,2,76,-0.08121028946835489,-0.03795240732796184,0.0,17
100,2,0.8,skewed,0.4,0.6,0.04051738444871352,0.0269514551438554,-0.03749999999999998,2,75,0.07206672104874523,0.03717296251783436,0.0625,2,83,0.03154933660003171,0.010221507373978964,0.025000000000000022,18
100,2,0.8,skewed,0.4,0.6,0.0865136939559583,0.05403637165300047,0.012500000000000067,2,77,0.1178934029295776,0.08337083399785554,0.03749999999999998,2,80,0.0313797089736193,0.029334462344855067,0.02499999999999991,19
100,2,0.8,correlated,0.0,0.6,0.18280547700613797,0.1477594882582434,-0.025000000000000022,2,77,0.03553036736463087,0.02522753794702334,0.0,2,77,-0.1472751096415071,-0.12253195031122005,-0.025000000000000022,0
100,2,0.8,correlated,0.0,0.6,0.03996954622285694,0.02215219478705625,-0.012499999999999956,2,78,0.05880847775155111,0.039655235627903955,0.012500000000000067,2,84,0.018838931528694168,0.017503040840847705,1.1102230246251565e-16,1
100,2,0.8,correlated,0.0,0.6,0.8296724701370891,0.5205397067373798,0.0,2,77,0.6203372733446669,0.3976964870623865,0.050000000000000044,2,87,-0.20933519679242218,-0.12284321967499334,0.050000000000000044,2
100,2,0.8,correlated,0.0,0.6,0.05964974203668842,0.0542850600585741,0.012500000000000067,2,82,0.012257744891814215,0.008728278224862922,-0.08750000000000002,2,70,-0.04739199714487421,-0.045556781833711174,0.07499999999999996,3
100,2,0.8,correlated,0.0,0.6,0.11232256076674639,0.07580091791981416,-0.07499999999999996,2,71,0.04019328810848446,0.020437133062869938,-0.09999999999999998,2,71,-0.07212927265826194,-0.05536378485694422,0.025000000000000022,4
100,2,0.8,correlated,0.0,0.6,0.4832515282973161,0.25411352593311154,0.025000000000000022,2,84,0.039273117986177164,0.029054499412726906,-0.04999999999999993,2,76,-0.44397841031113894,-0.22505902652038462,0.02499999999999991,5
100,2,0.8,correlated,0.0,0.6,0.07915426140843451,0.06754175417053479,-0.03749999999999998,2,77,0.11711844307395697,0.09062229334277158,-0.025000000000000022,2,81,0.037964181665522456,0.02308053917223679,-0.012499999999999956,6
100,2,0.8,correlated,0.0,0.6,0.011021505741290006,0.008178145555440292,0.0,2,82,0.05002350661982457,0.03540494414265194,-0.04999999999999993,2,72,0.03900200087853456,0.027226798587211647,0.04999999999999993,7
100,2,0.8,correlated,0.0,0.6,0.1135586809599557,0.06069846744418213,-0.012499999999999956,2,78,0.015954738928467254,0.007980400464572298,0.03749999999999998,2,84,-0.09760394203148844,-0.05271806697960983,0.025000000000000022,8
100,2,0.8,correlated,0.0,0.6,0.9657305018522192,0.5483689709725325,-0.03749999999999998,2,78,0.38127336585313354,0.37989833909272513,-0.025000000000000022,2,75,-0.5844571359990857,-0.16847063187980732,-0.012499999999999956,9
100,2,0.8,correlated,0.0,0.6,0.11265461839138242,0.06919140565115442,0.050000000000000044,2,86,0.16479764191400792,0.09710890492246724,0.012500000000000067,2,80,0.052143023522625495,0.027917499271312818,-0.03749999999999998,10
100,2,0.8,correlated,0.0,0.6,0.038451196527422335,0.02887915290715351,0.03749999999999998,2,84,0.07840436996091608,0.06230943523942971,0.0,2,83,0.03995317343349375,0.0334302823322762,-0.03749999999999998,11
100,2,0.8,correlated,0.0,0.6,0.06789328867556486,0.05134099756369463,-0.012499999999999956,2,78,1.12430380994257,0.687571248609188,-0.04999999999999993,2,74,1.0564105212670052,0.6362302510454934,0.03749999999999998,12
100,2,0.8,correlated,0.0,0.6,0.18238838743200106,0.09252137477168605,0.012500000000000067,2,83,0.07039167907385314,0.041652634497882195,-0.03749999999999998,2,76,-0.11199670835814791,-0.05086874027380386,0.02499999999999991,13
100,2,0.8,correlated,0.0,0.6,0.8831544097626033,0.4609936538414839,0.0,2,81,0.06575558074700774,0.037646718938763625,-0.03749999999999998,2,75,-0.8173988290155956,-0.42334693490272024,0.03749999999999998,14
100,2,0.8,correlated,0.0,0.6,0.09429491818949559,0.05902877880530527,-0.025000000000000022,2,76,0.053938474595376144,0.02799373328529467,0.0,2,79,-0.04035644359411945,-0.0310350455200106,-0.025000000000000022,15
100,2,0.8,correlated,0.0,0.6,0.9400335875202457,0.5113833115615533,-0.07499999999999996,2,75,0.5351895124764254,0.30111469715958994,0.0,2,82,-0.40484407504382025,-0.21026861440196332,-0.07499999999999996,16
100,2,0.8,correlated,0.0,0.6,0.09958557333444373,0.08281611997705399,0.025000000000000022,2,78,0.06812652891703937,0.04801234527784502,-0.012499999999999956,2,79,-0.031459044417404367,-0.034803774699208964,-0.012500000000000067,17
100,2,0.8,correlated,0.0,0.6,0.2544590295498901,0.14405774735049967,0.012500000000000067,2,81,0.5676861243554455,0.542783854457231,0.050000000000000044,2,88,0.31322709480555544,0.3987261071067313,0.03749999999999998,18
100,2,0.8,correlated,0.0,0.6,0.10492405789953292,0.06936904566512206,0.012500000000000067,2,81,0.028997704203204806,0.023533608160455535,0.012500000000000067,2,81,-0.07592635369632811,-0.045835437504666524,0.0,19
100,2,0.8,correlated,0.1,0.6,0.3115033241396526,0.198897419600177,0.012500000000000067,2,80,0.12290111972506193,0.11174546360408083,-0.025000000000000022,2,77,-0.18860220441459066,-0.08715195599609618,0.012499999999999956,0
100,2,0.8,correlated,0.1,0.6,1.4492804376242094,1.2614396095333333,0.025000000000000022,2,85,1.9677718041543741,1.3358967276753366,0.0,2,81,0.5184913665301647,0.07445711814200329,-0.025000000000000022,1
100,2,0.8,correlated,0.1,0.6,0.045699547664316525,0.0333419765478179,0.09999999999999998,2,90,0.03258136895175296,0.022185794070927915,0.012500000000000067,2,82,-0.013118178712563565,-0.011156182476889983,-0.08749999999999991,2
100,2,0.8,correlated,0.1,0.6,0.6830760450699634,0.6367342759658359,-0.03749999999999998,2,73,0.3097199261152407,0.1551342807769202,0.0,2,83,-0.37335611895472276,-0.48159999518891566,-0.03749999999999998,3
100,2,0.8,correlated,0.1,0.6,0.24926959929424247,0.17640382248452194,0.012500000000000067,2,79,0.7691571047658657,0.41261477395469515,0.012500000000000067,2,83,0.5198875054716232,0.2362109514701732,0.0,4
100,2,0.8,correlated,0.1,0.6,0.10930947119264234,0.07257696018456494,0.025000000000000022,2,84,0.33666014836399916,0.23826355562598678,0.012500000000000067,2,79,0.22735067717135682,0.16568659544142184,-0.012499999999999956,5
100,2,0.8,correlated,0.1,0.6,0.053780265193995806,0.027939802540236827,0.03749999999999998,2,87,0.20032098040416735,0.1375979965176835,0.012500000000000067,2,83,0.14654071521017153,0.10965819397744668,-0.02499999999999991,6
100,2,0.8,correlated,0.1,0.6,0.049052662886547194,0.03627110981661822,0.0,2,79,0.2170464502245552,0.18843105890548592,0.07500000000000007,2,87,0.16799378733800802,0.1521599490888677,0.07500000000000007,7
100,2,0.8,correlated,0.1,0.6,0.13804255256798623,0.11514258991632452,-0.012499999999999956,2,79,0.11280925100926117,0.09368417008412502,-0.012499999999999956,2,81,-0.025233301558725052,-0.021458419832199496,0.0,8
100,2,0.8,correlated,0.1,0.6,0.08939573198195581,0.06260727237776895,0.050000000000000044,2,85,0.1390821058378555,0.11939016730770138,0.0,2,80,0.049686373855899676,0.05678289492993244,-0.050000000000000044,9
100,2,0.8,correlated,0.1,0.6,0.4177846032935092,0.21070461374156751,0.0625,2,87,0.15529858124241444,0.0864803779002877,0.0,2,82,-0.2624860220510947,-0.12422423584127981,-0.0625,10
100,2,0.8,correlated,0.1,0.6,0.24447056575575135,0.13020575523674724,0.025000000000000022,2,83,0.2300953683176868,0.1794360114979654,-0.025000000000000022,2,79,-0.014375197438064563,0.04923025626121816,0.0,11
100,2,0.8,correlated,0.1,0.6,0.09943392219447354,0.08760040765773816,0.012500000000000067,2,79,0.08604960663935801,0.0663710606631907,-0.04999999999999993,2,74,-0.01338431555511553,-0.021229346994547454,0.03749999999999987,12
100,2,0.8,correlated,0.1,0.6,0.3178635264992932,0.19997701306421892,0.07500000000000007,2,88,0.15484635842565533,0.1255145642594714,-0.012499999999999956,2,79,-0.1630171680736379,-0.0744624488047475,-0.06250000000000011,13
100,2,0.8,correlated,0.1,0.6,0.48366846202715547,0.2666211648331031,0.012500000000000067,2,75,0.21161766146944158,0.12939567074513264,-0.0625,2,73,-0.2720508005577139,-0.13722549408797047,0.04999999999999993,14
100,2,0.8,correlated,0.1,0.6,0.09191871434675203,0.06024134762711103,-0.025000000000000022,2,78,0.12108350833238644,0.07919713960410096,0.012500000000000067,2,77,0.029164793985634416,0.018955791976989933,-0.012499999999999956,15
100,2,0.8,correlated,0.1,0.6,0.05059750414943101,0.03515207856930281,0.012500000000000067,2,83,0.08791996822359123,0.07230765289124458,0.0,2,83,0.03732246407416022,0.03715557432194177,-0.012500000000000067,16
100,2,0.8,correlated,0.1,0.6,0.2817246367241599,0.2647018371201707,-0.03749999999999998,2,73,0.19229585287956086,0.14667188301726977,0.012500000000000067,2,82,-0.08942878384459907,-0.11802995410290093,-0.02499999999999991,17
100,2,0.8,correlated,0.1,0.6,0.0836234375432176,0.04411563036895857,-0.0625,2,74,0.2769697935989906,0.18985313049772723,0.0,2,77,0.193346356055773,0.14573750012876865,-0.0625,18
100,2,0.8,correlated,0.1,0.6,0.17482875784485938,0.09702627110420213,-0.012499999999999956,2,81,0.7319192915307033,0.43957083228035376,0.012500000000000067,2,81,0.5570905336858439,0.3425445611761516,1.1102230246251565e-16,19
100,2,0.8,correlated,0.2,0.6,38.26716037717171,19.143661499736233,0.050000000000000044,2,87,159.42265040277547,79.79375985504521,0.03749999999999998,2,87,121.15549002560377,60.65009835530898,-0.012500000000000067,0
100,2,0.8,correlated,0.2,0.6,0.12451853562657193,0.06656174413995247,-0.04999999999999993,2,75,0.03243356660405281,0.02348559204646076,0.012500000000000067,2,81,-0.09208496902251911,-0.043076152093491714,-0.03749999999999987,1
100,2,0.8,correlated,0.2,0.6,0.13119411687003135,0.13047046609211724,-0.03749999999999998,2,78,0.6800007532872908,0.444616077403549,-0.04999999999999993,2,77,0.5488066364172595,0.3141456113114318,0.012499999999999956,2
100,2,0.8,correlated,0.2,0.6,0.5966147716884046,0.3787949796858969,0.025000000000000022,2,83,0.8406452062053079,0.620160086069093,-0.025000000000000022,2,80,0.24403043451690332,0.24136510638319608,0.0,3
100,2,0.8,correlated,0.2,0.6,0.2731059308677359,0.17275116587151831,0.050000000000000044,2,85,0.08864680518116956,0.06406654249407868,0.012500000000000067,2,81,-0.1844591256865663,-0.10868462337743963,-0.03749999999999998,4
100,2,0.8,correlated,0.2,0.6,0.114583842632131,0.0918973062703389,-0.012499999999999956,2,79,0.06609764560434875,0.036693872711533654,0.07500000000000007,2,84,-0.04848619702778226,-0.05520343355880525,0.06250000000000011,5
100,2,0.8,correlated,0.2,0.6,0.03160980443238717,0.017239558866749112,0.025000000000000022,2,84,0.06589947977488166,0.052964730319906325,-0.04999999999999993,2,74,0.03428967534249448,0.03572517145315721,0.02499999999999991,6
100,2,0.8,correlated,0.2,0.6,0.0757766210423168,0.041228213870913244,-0.03749999999999998,2,76,0.14236475814558644,0.10076593665458823,0.012500000000000067,2,81,0.06658813710326963,0.05953772278367499,-0.02499999999999991,7
100,2,0.8,correlated,0.2,0.6,0.06718619315981775,0.06339014034533944,0.03749999999999998,2,81,0.08894232723106936,0.05835983977187277,-0.012499999999999956,2,80,0.021756134071251612,-0.0050303005734666645,-0.025000000000000022,8
100,2,0.8,correlated,0.2,0.6,0.2525851423267545,0.18786957188780765,0.012500000000000067,2,85,0.04753390395439124,0.03244008825402599,-0.03749999999999998,2,71,-0.20505123837236325,-0.15542948363378167,0.02499999999999991,9
100,2,0.8,correlated,0.2,0.6,0.030014706410207734,0.01572722523978548,-0.012499999999999956,2,80,0.02981991877961883,0.026493211599899102,-0.012499999999999956,2,81,-0.00019478763058890583,0.010765986360113621,0.0,10
100,2,0.8,correlated,0.2,0.6,0.04204917454144087,0.024352447794329896,0.03749999999999998,2,84,0.326247272719082,0.182705187149749,0.012500000000000067,2,82,0.28419809817764113,0.1583527393554191,-0.02499999999999991,11
100,2,0.8,correlated,0.2,0.6,0.11406989322359433,0.0708003018980653,0.03749999999999998,2,85,0.08741304911681685,0.05230081673663667,0.03749999999999998,2,81,-0.026656844106777475,-0.01849948516142863,0.0,12
100,2,0.8,correlated,0.2,0.6,0.0779222413213951,0.06463163205591735,-0.025000000000000022,2,76,0.042872359840611475,0.040589617108223626,0.09999999999999998,2,90,-0.03504988148078362,-0.024042014947693723,0.07499999999999996,13
100,2,0.8,correlated,0.2,0.6,0.23266614865739832,0.21815695679711103,-0.012499999999999956,2,81,0.1949428329668379,0.11539588973252289,0.0,2,77,-0.03772331569056042,-0.10276106706458814,-0.012499999999999956,14
100,2,0.8,correlated,0.2,0.6,0.7401749142386108,0.4016847502957445,-0.012499999999999956,2,80,1.4124655286447323,0.7725717658055972,-0.07499999999999996,2,74,0.6722906144061215,0.37088701550985265,0.0625,15
100,2,0.8,correlated,0.2,0.6,0.05136299976440216,0.041816360964080375,-0.0625,2,76,0.07195288569407028,0.04874159145065869,-0.03749999999999998,2,77,0.020589885929668122,0.006925230486578317,-0.025000000000000022,16
100,2,0.8,correlated,0.2,0.6,0.1661680374267883,0.09908408496824749,-0.012499999999999956,2,76,0.29777832027206197,0.19585438279201195,-0.012499999999999956,2,78,0.13161028284527368,0.09677029782376446,0.0,17
100,2,0.8,correlated,0.2,0.6,0.4120226175653491,0.223221585744557,0.03749999999999998,2,81,0.3655952175717334,0.2015672590307378,0.03749999999999998,2,87,-0.04642739999361567,-0.0216543267138192,0.0,18
100,2,0.8,correlated,0.2,0.6,0.054794597836866556,0.04430452772602314,-0.04999999999999993,2,76,0.06680755172979835,0.062121709034152234,-0.025000000000000022,2,78,0.012012953892931798,0.017817181308129093,-0.02499999999999991,19
100,2,0.8,correlated,0.4,0.6,0.07268318535502866,0.041574981565830615,-0.0625,2,75,1.19572903838838,0.6443880941994595,-0.025000000000000022,2,80,1.1230458530333514,0.6028131126336289,-0.03749999999999998,0
100,2,0.8,correlated,0.4,0.6,0.12574458403493988,0.08911864193483068,-0.03749999999999998,2,79,0.1933575541895931,0.15540339947162837,-0.012499999999999956,2,75,0.06761297015465323,0.06628475753679769,-0.025000000000000022,1
100,2,0.8,correlated,0.4,0.6,0.1711594666920633,0.11110545526108746,0.050000000000000044,2,85,0.05282169393282893,0.052395562719844635,0.03749999999999998,2,82,-0.11833777275923438,-0.05870989254124283,-0.012500000000000067,2
100,2,0.8,correlated,0.4,0.6,1.6284858246644862,0.8245458749208235,-0.012499999999999956,2,81,1.6078634884829544,0.8508746043430422,-0.03749999999999998,2,76,-0.020622336181531864,0.026328729422218644,0.025000000000000022,3
100,2,0.8,correlated,0.4,0.6,0.37769312129503324,0.20370223176103447,0.0,2,77,0.36553920051316596,0.20249136530425252,0.0,2,83,-0.012153920781867278,-0.0012108664567819505,0.0,4
100,2,0.8,correlated,0.4,0.6,0.10706442536328517,0.06420265676005259,0.012500000000000067,2,83,0.3257882267851911,0.2467076935367707,0.03749999999999998,2,86,0.21872380142190592,0.1825050367767181,0.02499999999999991,5
100,2,0.8,correlated,0.4,0.6,0.23575164964183795,0.2331235804945574,-0.07499999999999996,2,71,0.34625796954296223,0.28547542933304015,-0.025000000000000022,2,75,0.11050631990112428,0.05235184883848276,-0.04999999999999993,6
100,2,0.8,correlated,0.4,0.6,0.5110335214355344,0.36303401747905184,0.012500000000000067,2,82,0.24264306152795834,0.19470433134148696,-0.025000000000000022,2,79,-0.26839045990757604,-0.16832968613756488,0.012499999999999956,7
100,2,0.8,correlated,0.4,0.6,0.141355474218475,0.10171781100516271,0.0,2,81,0.19731111602341103,0.13951117826720763,-0.08750000000000002,2,71,0.055955641804936035,0.03779336726204492,0.08750000000000002,8
100,2,0.8,correlated,0.4,0.6,3.1812715148255646,1.6586083580066484,0.012500000000000067,2,82,4.010873649777382,2.0515887791638594,-0.012499999999999956,2,77,0.8296021349518177,0.392980421157211,-1.1102230246251565e-16,9
100,2,0.8,correlated,0.4,0.6,0.02116563780334573,0.013000991306775974,0.012500000000000067,2,84,0.09670390104763067,0.09372504657201823,-0.025000000000000022,2,73,0.07553826324428495,0.08072405526524226,0.012499999999999956,10
100,2,0.8,correlated,0.4,0.6,0.2076103303410174,0.13332813742809377,0.03749999999999998,2,82,0.6097038514150647,0.3913713950558178,0.025000000000000022,2,82,0.4020935210740473,0.25804325762772407,-0.012499999999999956,11
100,2,0.8,correlated,0.4,0.6,0.0436870902119115,0.03673505682550649,0.0,2,82,0.008984542650230933,0.006415231298549621,0.012500000000000067,2,80,-0.03470254756168056,-0.03031982552695687,0.012500000000000067,12
100,2,0.8,correlated,0.4,0.6,0.12756290632798203,0.06427598042926351,-0.012499999999999956,2,80,0.30131127640360894,0.16392501233002368,-0.025000000000000022,2,78,0.1737483700756269,0.09964903190076017,0.012500000000000067,13
100,2,0.8,correlated,0.4,0.6,0.5864757637963328,0.3520287171799806,0.03749999999999998,2,84,0.45065034402818926,0.4300318251669873,0.03749999999999998,2,83,-0.13582541976814355,0.07800310798700671,0.0,14
100,2,0.8,correlated,0.4,0.6,0.05205958328380531,0.04007720068823606,0.0,2,81,0.24632118176561837,0.13319399470438262,-0.03749999999999998,2,77,0.19426159848181307,0.09311679401614656,0.03749999999999998,15
100,2,0.8,correlated,0.4,0.6,0.26831065583133884,0.21867274923509028,-0.03749999999999998,2,75,0.16753117371817458,0.10712573170473083,0.0,2,82,-0.10077948211316426,-0.11154701753035945,-0.03749999999999998,16
100,2,0.8,correlated,0.4,0.6,0.1519034601485871,0.11766298648052737,-0.012499999999999956,2,81,0.20261370366338247,0.114086953861563,-0.04999999999999993,2,77,0.05071024351479536,-0.0035760326189643588,0.03749999999999998,17
100,2,0.8,correlated,0.4,0.6,0.16576891901829222,0.16296002884255972,0.03749999999999998,2,83,0.3016751779085319,0.2181557396587968,-0.025000000000000022,2,79,0.13590625889023966,0.05519571081623709,-0.012499999999999956,18
100,2,0.8,correlated,0.4,0.6,0.03134675747883428,0.022227034527331078,0.012500000000000067,2,83,0.03527966386536956,0.03257078188239665,0.012500000000000067,2,84,0.003932906386535276,0.010343747355065571,0.0,19
100,5,0.2,mixed,0.0,0.6,2.162370647316162,0.5043724584688881,-0.14999999999999997,5,18,5.34446914363379,1.2473188481433435,-0.14999999999999997,5,17,3.182098496317628,0.7429463896744554,0.0,0
100,5,0.2,mixed,0.0,0.6,2.3312571435427234,0.6110442680918032,-0.04999999999999993,5,20,5.495599668569264,1.6850402043388335,-0.09999999999999998,5,19,3.164342525026541,1.0739959362470302,0.050000000000000044,1
100,5,0.2,mixed,0.0,0.6,0.38592613620223104,0.09645713814262229,-0.04999999999999993,5,20,0.3788591700935914,0.1325819503102203,0.0,5,19,-0.007066966108639661,0.03612481216759801,-0.04999999999999993,2
100,5,0.2,mixed,0.0,0.6,0.15668749087628175,0.05154949572132177,-0.04999999999999993,5,21,0.8204856812686172,0.27583429730506015,0.050000000000000044,5,19,0.6637981903923355,0.22428480158373837,1.1102230246251565e-16,3
100,5,0.2,mixed,0.0,0.6,1.644509522674597,0.39222389442155875,0.0,5,20,6.42201177884988,1.3153290670264843,-0.04999999999999993,5,24,4.777502256175283,0.9231051726049255,0.04999999999999993,4
100,5,0.2,mixed,0.0,0.6,0.6227196328262333,0.2605954876463697,0.0,5,21,0.3852358541831892,0.17078464542286537,-0.09999999999999998,5,19,-0.23748377864304415,-0.08981084222350433,0.09999999999999998,5
100,5,0.2,mixed,0.0,0.6,0.513474921780647,0.20753857800725645,0.09999999999999998,5,22,0.7772877740073691,0.21779996335583052,-0.19999999999999996,5,18,0.2638128522267221,0.01026138534857407,0.09999999999999998,6
100,5,0.2,mixed,0.0,0.6,4.417792503710898,1.0707343855193574,-0.14999999999999997,5,19,6.093011108954699,1.6446233942822055,-0.04999999999999993,5,20,1.675218605243801,0.5738890087628481,-0.10000000000000003,7
100,5,0.2,mixed,0.0,0.6,1.6947382676538727,0.5400052863310046,-0.09999999999999998,5,18,0.766495952370051,0.19480469441483778,-0.14999999999999997,5,21,-0.9282423152838217,-0.34520059191616687,0.04999999999999999,8
100,5,0.2,mixed,0.0,0.6,0.2443925089172561,0.09034714422877801,-0.04999999999999993,5,19,0.8119038809561563,0.20342489827311586,0.050000000000000044,5,24,0.5675113720389002,0.11307775404433784,1.1102230246251565e-16,9
100,5,0.2,mixed,0.0,0.6,0.7415381398191729,0.21614483811888766,-0.14999999999999997,5,19,0.5689818844450473,0.22255358550891985,0.050000000000000044,5,19,-0.17255625537412567,0.006408747390032193,-0.09999999999999992,10
100,5,0.2,mixed,0.0,0.6,0.49613871538659016,0.16622157263505338,-0.09999999999999998,5,17,0.3527608927402157,0.16293313454512964,-0.14999999999999997,5,22,-0.14337782264637444,-0.0032884380899237398,0.04999999999999999,11
100,5,0.2,mixed,0.0,0.6,1.9114394196036022,0.6683176561052372,0.15000000000000002,5,20,6.785918983956506,1.8615698015050488,0.050000000000000044,5,19,4.874479564352904,1.1932521453998115,-0.09999999999999998,12
100,5,0.2,mixed,0.0,0.6,0.6050586093558055,0.16227177285064479,0.09999999999999998,5,21,0.6126594217285655,0.2318616238311276,0.0,5,20,0.007600812372760002,0.06958985098048281,-0.09999999999999998,13
100,5,0.2,mixed,0.0,0.6,3.6464351846867946,0.8436768046486872,0.050000000000000044,5,20,2.5092526837409936,0.5940786187072103,-0.09999999999999998,5,21,-1.137182500945801,-0.24959818594147687,0.04999999999999993,14
100,5,0.2,mixed,0.0,0.6,4.640009534333155,1.132625186667489,0.09999999999999998,5,22,8.626014795157163,1.8270215959111595,0.050000000000000044,5,20,3.986005260824008,0.6943964092436705,-0.04999999999999993,15
100,5,0.2,mixed,0.0,0.6,2.1825426124201237,0.5032932978108519,-0.04999999999999993,5,19,1.4791001632489198,0.40014433577825903,-0.04999999999999993,5,21,-0.7034424491712039,-0.10314896203259283,0.0,16
100,5,0.2,mixed,0.0,0.6,0.12875478354427425,0.054152721183301514,0.0,5,18,0.5626978619400945,0.13921372453296935,0.0,5,22,0.43394307839582025,0.08506100334966783,0.0,17
100,5,0.2,mixed,0.0,0.6,0.20789168737189484,0.10966151533122279,-0.04999999999999993,5,19,0.6068627301925951,0.18028356800600215,0.0,5,19,0.39897104282070023,0.07062205267477936,-0.04999999999999993,18
100,5,0.2,mixed,0.0,0.6,1.8474992356293318,0.461849309924823,0.050000000000000044,5,21,3.331815427640694,0.8865494043892571,-0.04999999999999993,5,20,1.4843161920113623,0.42470009446443413,-1.1102230246251565e-16,19
100,5,0.2,mixed,0.1,0.6,0.44607011700735494,0.20365175345341982,0.0,5,21,0.4447393602430949,0.20045088625852822,0.09999999999999998,5,20,-0.0013307567642600326,-0.003200867194891599,0.09999999999999998,0
100,5,0.2,mixed,0.1,0.6,0.11486486486478727,0.08870573370224276,-0.09999999999999998,5,25,0.6230733596091867,0.1733389217474272,0.050000000000000044,5,17,0.5082084947443994,0.08463318804518445,-0.04999999999999993,1
100,5,0.2,mixed,0.1,0.6,0.8931563694771532,0.31895303745329684,0.0,5,20,1.0192038851618275,0.2995932255217861,-0.09999999999999998,5,18,0.12604751568467432,-0.019359811931510762,0.09999999999999998,2
100,5,0.2,mixed,0.1,0.6,7.968087507569706,1.7066395086756259,0.050000000000000044,5,20,4.164755526050536,0.8776344628212298,0.050000000000000044,5,21,-3.80333198151917,-0.829005045854396,0.0,3
100,5,0.2,mixed,0.1,0.6,0.835215084183992,0.3246490211632439,0.25,5,22,3.115579973809984,0.7517473773552771,0.0,5,21,2.280364889625992,0.4270983561920332,-0.25,4
100,5,0.2,mixed,0.1,0.6,0.1493504606171794,0.08534147079696759,0.0,5,17,0.5341925620906851,0.22047138775879063,0.09999999999999998,5,20,0.3848421014735057,0.13512991696182303,0.09999999999999998,5
100,5,0.2,mixed,0.1,0.6,0.5872996293490719,0.1974654391840322,0.050000000000000044,5,20,0.9542698798751089,0.3361478002663649,0.0,5,18,0.36697025052603705,0.13868236108233273,-0.050000000000000044,6
100,5,0.2,mixed,0.1,0.6,0.5645858795298832,0.18429821014807762,-0.09999999999999998,5,18,0.2612409192279852,0.1039293992038369,0.09999999999999998,5,26,-0.30334496030189795,-0.08036881094424073,0.0,7
100,5,0.2,mixed,0.1,0.6,0.9416661721872275,0.353974859708084,-0.04999999999999993,5,18,0.26188980703207204,0.07514132069203852,0.050000000000000044,5,21,-0.6797763651551554,-0.27883353901604546,1.1102230246251565e-16,8
100,5,0.2,mixed,0.1,0.6,1.6578116799890688,0.4530140087395524,-0.14999999999999997,5,18,0.5984953482006857,0.15124836698258912,0.050000000000000044,5,20,-1.059316331788383,-0.3017656417569633,-0.09999999999999992,9
100,5,0.2,mixed,0.1,0.6,9.352483297715283,2.0808585912640654,0.0,5,22,6.711587286825491,1.400123543645208,-0.04999999999999993,5,20,-2.640896010889792,-0.6807350476188574,0.04999999999999993,10
100,5,0.2,mixed,0.1,0.6,0.36193219036484897,0.1627760662542049,-0.04999999999999993,5,19,0.31858844638118083,0.12097259554841448,-0.04999999999999993,5,19,-0.04334374398366814,-0.04180347070579042,0.0,11
100,5,0.2,mixed,0.1,0.6,2.9558284199714944,0.7186770685060202,-0.09999999999999998,5,19,54.67960745208624,11.222492678481418,-0.09999999999999998,5,20,51.72377903211474,10.503815609975398,0.0,12
100,5,0.2,mixed,0.1,0.6,2.6947045278089927,0.7465258674211381,0.0,5,22,6.610376223351708,1.4874970427645908,0.15000000000000002,5,24,3.9156716955427155,0.7409711753434527,0.15000000000000002,13
100,5,0.2,mixed,0.1,0.6,4.606276509363359,1.0016632900986417,0.050000000000000044,5,21,4.111470395139703,0.9937133794616427,-0.14999999999999997,5,21,-0.49480611422365595,-0.007949910636999014,0.09999999999999992,14
100,5,0.2,mixed,0.1,0.6,5.147013789447992,1.191435122438649,-0.04999999999999993,5,23,2.8665417189995965,0.8157462774885109,0.09999999999999998,5,23,-2.280472070448395,-0.3756888449501381,0.050000000000000044,15
100,5,0.2,mixed,0.1,0.6,2.5854553400633185,0.70432900186517,0.15000000000000002,5,22,1.688670855285125,0.4922488241046773,0.09999999999999998,5,20,-0.8967844847781934,-0.2120801777604927,-0.050000000000000044,16
100,5,0.2,mixed,0.1,0.6,1.8278556193839341,0.5154245686405636,-0.04999999999999993,5,19,4.1826857164122595,1.1849783414788593,0.050000000000000044,5,20,2.3548300970283256,0.6695537728382956,1.1102230246251565e-16,17
100,5,0.2,mixed,0.1,0.6,0.10828025477700111,0.08843384321354686,-0.19999999999999996,5,16,0.6696649013453346,0.30091159024190467,-0.19999999999999996,5,19,0.5613846465683335,0.2124777470283578,0.0,18
100,5,0.2,mixed,0.1,0.6,4.888306363976096,1.2053639008818462,-0.09999999999999998,5,16,3.6460054506463333,0.7610797806656133,0.09999999999999998,5,19,-1.2423009133297631,-0.44428412021623287,0.0,19
100,5,0.2,mixed,0.2,0.6,2.4594080342770837,0.8251216638554025,0.0,5,21,0.6231790027998715,0.20601336221376254,0.0,5,20,-1.8362290314772123,-0.61910830164164,0.0,0
100,5,0.2,mixed,0.2,0.6,54.68106658659066,11.2031699947523,0.050000000000000044,5,22,31.751985503675215,7.2109861059523395,-0.04999999999999993,5,19,-22.929081082915445,-3.9921838887999597,-1.1102230246251565e-16,1
100,5,0.2,mixed,0.2,0.6,0.38448676970692075,0.18588943645222802,0.0,5,19,1.6648009296392707,0.3612617123183258,-0.04999999999999993,5,21,1.28031415993235,0.1753722758660978,0.04999999999999993,2
100,5,0.2,mixed,0.2,0.6,2.826860823347003,1.0855902282946606,0.09999999999999998,5,21,3.008587040037682,0.6258708578578103,-0.04999999999999993,5,17,0.181726216690679,-0.4597193704368503,-0.050000000000000044,3
100,5,0.2,mixed,0.2,0.6,2.23239398048647,0.7301723405157963,0.050000000000000044,5,19,7.527504540694631,2.1090719932407134,0.09999999999999998,5,22,5.295110560208161,1.378899652724917,0.04999999999999993,4
100,5,0.2,mixed,0.2,0.6,1.9240491806269124,0.5082712625136112,-0.09999999999999998,5,18,2.2872485238121034,0.5699844499444048,0.09999999999999998,5,21,0.363199343185191,0.06171318743079357,0.0,5
100,5,0.2,mixed,0.2,0.6,0.304527541295359,0.10923480835874537,0.09999999999999998,5,19,0.16867318374722498,0.08989165282137805,-0.04999999999999993,5,20,-0.13585435754813405,-0.019343155537367318,-0.050000000000000044,6
100,5,0.2,mixed,0.2,0.6,2.2281917938587816,0.4971958174852967,0.09999999999999998,5,20,0.7450471308203361,0.16736902373307352,0.09999999999999998,5,22,-1.4831446630384455,-0.3298267937522231,0.0,7
100,5,0.2,mixed,0.2,0.6,0.3531396002239602,0.16680951461942778,0.09999999999999998,5,23,0.4825357722076884,0.19073190965714013,0.0,5,22,0.12939617198372821,0.023922395037712346,-0.09999999999999998,8
100,5,0.2,mixed,0.2,0.6,5.975114332373046,1.2594932162700507,-0.04999999999999993,5,22,0.9959861534545182,0.2923817915372144,-0.04999999999999993,5,20,-4.979128178918527,-0.9671114247328363,0.0,9
100,5,0.2,mixed,0.2,0.6,0.1753065577773333,0.09219251407126847,-0.04999999999999993,5,19,1.5859937324677456,0.37877859268453873,-0.14999999999999997,5,23,1.4106871746904122,0.28658607861327023,0.10000000000000003,10
100,5,0.2,mixed,0.2,0.6,0.5470661761837808,0.2181384254904679,-0.04999999999999993,5,20,0.6402420047209856,0.1770785980737701,-0.04999999999999993,5,22,0.09317582853720474,-0.04105982741669781,0.0,11
100,5,0.2,mixed,0.2,0.6,0.3024435830173031,0.14788415355355858,-0.09999999999999998,5,18,0.3665805593023438,0.10963749785609751,0.0,5,20,0.06413697628504067,-0.038246655697461066,-0.09999999999999998,12
100,5,0.2,mixed,0.2,0.6,0.611536410637337,0.15328421642611118,0.0,5,18,0.08840164869187685,0.04556944438862793,0.0,5,22,-0.5231347619454602,-0.10771477203748325,0.0,13
100,5,0.2,mixed,0.2,0.6,0.14298144340569843,0.05466045308844643,0.050000000000000044,5,20,0.4119691151004888,0.1308502463377379,0.15000000000000002,5,21,0.2689876716947903,0.07618979324929147,0.09999999999999998,14
100,5,0.2,mixed,0.2,0.6,8.453991051020727,2.6768532979270647,0.050000000000000044,5,19,11.169650217065497,3.1482002390289088,0.15000000000000002,5,22,2.7156591660447695,0.47134694110184405,0.09999999999999998,15
100,5,0.2,mixed,0.2,0.6,5.646798795240789,1.16975353365132,-0.09999999999999998,5,20,0.8779119233329429,0.2940093874594921,0.20000000000000007,5,22,-4.7688868719078465,-0.8757441461918279,0.10000000000000009,16
100,5,0.2,mixed,0.2,0.6,0.08531958814652396,0.03522360680169846,0.0,5,20,0.43953333536027,0.15001896306767046,0.0,5,17,0.35421374721374604,0.114795356265972,0.0,17
100,5,0.2,mixed,0.2,0.6,0.23301699079242028,0.08590308642457344,-0.09999999999999998,5,19,0.10393395872613617,0.05024359969376161,0.0,5,23,-0.1290830320662841,-0.035659486730811825,-0.09999999999999998,18
100,5,0.2,mixed,0.2,0.6,0.7888678665389863,0.20554290819286916,0.050000000000000044,5,20,1.2498061888937058,0.3138927867426933,0.0,5,21,0.46093832235471943,0.10834987854982411,-0.050000000000000044,19
100,5,0.2,mixed,0.4,0.6,1.005703242841826,0.328353199424117,0.050000000000000044,5,19,1.9493262522451908,0.5794891408259409,0.0,5,21,0.9436230094033649,0.25113594140182394,-0.050000000000000044,0
100,5,0.2,mixed,0.4,0.6,0.5134712524638749,0.11737427009416253,0.0,5,21,0.5295084425862382,0.15330123797262668,0.050000000000000044,5,20,0.016037190122363265,0.03592696787846415,0.050000000000000044,1
100,5,0.2,mixed,0.4,0.6,3.316337183920201,0.7503126855536413,-0.04999999999999993,5,19,0.8124494533744759,0.203877902474192,0.09999999999999998,5,23,-2.503887730545725,-0.5464347830794493,0.050000000000000044,2
100,5,0.2,mixed,0.4,0.6,1.4522741990488972,0.32213015467289885,0.25,5,23,0.901654354577388,0.2562965590834215,-0.09999999999999998,5,21,-0.5506198444715092,-0.06583359558947732,-0.15000000000000002,3
100,5,0.2,mixed,0.4,0.6,1.089864917067258,0.27209993429731866,-0.04999999999999993,5,19,1.8553264915307166,0.788079619655348,-0.04999999999999993,5,20,0.7654615744634585,0.5159796853580294,0.0,4
100,5,0.2,mixed,0.4,0.6,68.60123422088925,13.815672957970992,0.050000000000000044,5,20,58.872464006994875,11.941220302167995,0.0,5,22,-9.728770213894379,-1.8744526558029975,-0.050000000000000044,5
100,5,0.2,mixed,0.4,0.6,4.417019235224768,0.9760889253725902,0.0,5,18,2.4450862519401073,0.9077545837876956,0.0,5,19,-1.971932983284661,-0.0683343415848946,0.0,6
100,5,0.2,mixed,0.4,0.6,1.252757098192338,0.2678521153190808,-0.04999999999999993,5,18,0.5863519345922221,0.2382737112386538,0.0,5,19,-0.6664051636001158,-0.02957840408042703,-0.04999999999999993,7
100,5,0.2,mixed,0.4,0.6,0.9487919970307869,0.37194848461959096,-0.04999999999999993,5,16,1.2451566454546505,0.34287983804264177,-0.04999999999999993,5,18,0.2963646484238637,-0.029068646576949186,0.0,8
100,5,0.2,mixed,0.4,0.6,0.2833779390074081,0.12863527143021186,0.15000000000000002,5,23,6.216625605996523,1.314965167383531,-0.04999999999999993,5,18,5.933247666989114,1.186329895953319,-0.10000000000000009,9
100,5,0.2,mixed,0.4,0.6,0.6689291257403068,0.2410821383953004,0.0,5,20,0.6289490336837951,0.22007992594626824,-0.04999999999999993,5,21,-0.03998009205651176,-0.021002212449032165,0.04999999999999993,10
100,5,0.2,mixed,0.4,0.6,2.468480599721753,0.8790171196194752,-0.04999999999999993,5,19,5.650830388014454,1.467265922444795,0.15000000000000002,5,22,3.182349788292701,0.5882488028253199,0.10000000000000009,11
100,5,0.2,mixed,0.4,0.6,1.772309240909016,0.5752301835730824,-0.14999999999999997,5,20,5.356835792456088,1.2423537343144766,-0.14999999999999997,5,19,3.5845265515470714,0.6671235507413942,0.0,12
100,5,0.2,mixed,0.4,0.6,1.0777792413209475,0.2441280453067865,0.050000000000000044,5,22,0.6278976217132103,0.18502067422974794,-0.09999999999999998,5,20,-0.4498816196077372,-0.05910737107703856,0.04999999999999993,13
100,5,0.2,mixed,0.4,0.6,1.4465371914280574,0.3289987923435925,0.09999999999999998,5,24,0.30773499284566647,0.0842169651434387,0.0,5,19,-1.1388021985823908,-0.24478182720015385,-0.09999999999999998,14
100,5,0.2,mixed,0.4,0.6,1.7502123995606296,0.5895108169425652,0.050000000000000044,5,18,0.5567697625720619,0.1413193642581497,0.15000000000000002,5,20,-1.1934426369885678,-0.4481914526844155,0.09999999999999998,15
100,5,0.2,mixed,0.4,0.6,0.6832342206438403,0.2520800826798615,-0.04999999999999993,5,20,0.34504371965124636,0.08733011419849038,-0.09999999999999998,5,19,-0.33819050099259396,-0.1647499684813711,0.050000000000000044,16
100,5,0.2,mixed,0.4,0.6,0.8358970744941158,0.302523201812836,0.050000000000000044,5,18,0.6697169976628266,0.19347617081658805,-0.04999999999999993,5,20,-0.16618007683128921,-0.10904703099624793,-1.1102230246251565e-16,17
100,5,0.2,mixed,0.4,0.6,0.5084969729326441,0.217501369524388,0.0,5,21,0.989844844612472,0.29608257907514585,-0.04999999999999993,5,21,0.48134787167982795,0.07858120955075784,0.04999999999999993,18
100,5,0.2,mixed,0.4,0.6,2.6443911888021194,0.8048823127325221,0.25,5,21,1.719219247655738,0.640489726405677,-0.04999999999999993,5,18,-0.9251719411463815,-0.16439258632684506,-0.20000000000000007,19
100,5,0.2,skewed,0.0,0.6,1.2669239420833158,0.5855631378586651,0.15000000000000002,5,25,0.4323275923999882,0.1882213131961198,0.050000000000000044,5,20,-0.8345963496833276,-0.3973418246625453,-0.09999999999999998,0
100,5,0.2,skewed,0.0,0.6,1.2114269801067619,0.4750966737817718,-0.04999999999999993,5,18,0.8084884446023624,0.3285622177420552,0.0,5,16,-0.4029385355043995,-0.1465344560397166,-0.04999999999999993,1
100,5,0.2,skewed,0.0,0.6,0.30636439144245614,0.1269906584239625,0.050000000000000044,5,24,0.5570358493937021,0.30172409829889835,-0.09999999999999998,5,17,0.25067145795124596,0.17473343987493584,0.04999999999999993,2
100,5,0.2,skewed,0.0,0.6,0.4025314338489244,0.1422459018948404,-0.04999999999999993,5,20,0.41128553771774523,0.2362396460746886,-0.09999999999999998,5,16,0.008754103868820806,0.09399374417984818,0.050000000000000044,3
100,5,0.2,skewed,0.0,0.6,0.7175432668558175,0.37521436495165356,0.09999999999999998,5,21,0.4215460390712267,0.1629241490367487,-0.19999999999999996,5,20,-0.2959972277845908,-0.21229021591490485,0.09999999999999998,4
100,5,0.2,skewed,0.0,0.6,0.26891885692223816,0.13783853771239427,-0.04999999999999993,5,20,0.3326982405950103,0.13558852310647576,0.0,5,20,0.06377938367277214,-0.0022500146059185044,-0.04999999999999993,5
100,5,0.2,skewed,0.0,0.6,0.6479761178972696,0.21722372065695686,0.0,5,21,0.2589474800837192,0.14461620409513962,0.050000000000000044,5,19,-0.3890286378135504,-0.07260751656181724,0.050000000000000044,6
100,5,0.2,skewed,0.0,0.6,0.6335971757901642,0.211935038447241,-0.09999999999999998,5,17,0.5936715044270938,0.2559094966430437,0.0,5,21,-0.03992567136307035,0.0439744581958027,-0.09999999999999998,7
100,5,0.2,skewed,0.0,0.6,0.5828577135165853,0.34946635427197525,0.050000000000000044,5,18,0.36785883252783047,0.16872637189007605,0.0,5,21,-0.21499888098875486,-0.1807399823818992,-0.050000000000000044,8
100,5,0.2,skewed,0.0,0.6,0.6317069256157165,0.17248657844499732,0.09999999999999998,5,21,0.2730211843411587,0.12239346067239451,-0.09999999999999998,5,22,-0.3586857412745578,-0.05009311777260281,0.0,9
100,5,0.2,skewed,0.0,0.6,0.14057074269795272,0.08174485659842068,-0.19999999999999996,5,16,0.3210097729250792,0.12395339462323263,0.0,5,21,0.18043903022712648,0.04220853802481195,-0.19999999999999996,10
100,5,0.2,skewed,0.0,0.6,0.4258450772066654,0.2598512104227796,0.09999999999999998,5,19,0.6669703896821557,0.3736994387097592,-0.04999999999999993,5,18,0.2411253124754903,0.1138482282869796,-0.050000000000000044,11
100,5,0.2,skewed,0.0,0.6,0.805845431403321,0.4163853278584425,-0.09999999999999998,5,17,0.7882809250969318,0.3812294671637745,0.0,5,17,-0.01756450630638917,-0.03515586069466803,-0.09999999999999998,12
100,5,0.2,skewed,0.0,0.6,0.2555426559591192,0.1435422066100879,0.050000000000000044,5,21,0.7187721521611379,0.3281426893589848,0.050000000000000044,5,23,0.4632294962020187,0.18460048274889687,0.0,13
100,5,0.2,skewed,0.0,0.6,0.21315426002642082,0.10900099772931933,0.15000000000000002,5,23,0.6088230975057385,0.3170679062051268,0.0,5,19,0.3956688374793177,0.2080669084758075,-0.15000000000000002,14
100,5,0.2,skewed,0.0,0.6,0.6979958387641929,0.21858318220491743,-0.09999999999999998,5,19,0.415561869724269,0.24203980199741118,-0.09999999999999998,5,20,-0.2824339690399239,0.02345661979249375,0.0,15
100,5,0.2,skewed,0.0,0.6,0.6971219952759443,0.2405886854256892,0.050000000000000044,5,19,0.5756793087000535,0.24457949635270512,-0.14999999999999997,5,19,-0.12144268657589086,0.00399081092701592,0.09999999999999992,16
100,5,0.2,skewed,0.0,0.6,0.8326983457223235,0.31425429566973273,-0.09999999999999998,5,15,0.5857553878263677,0.21779224927453505,0.0,5,25,-0.24694295789595577,-0.09646204639519768,-0.09999999999999998,17
100,5,0.2,skewed,0.0,0.6,0.3599243301224988,0.18540537790471306,-0.14999999999999997,5,18,0.30949881529970497,0.22326952701790473,0.050000000000000044,5,24,-0.05042551482279384,0.037864149113191664,-0.09999999999999992,18
100,5,0.2,skewed,0.0,0.6,0.31414470917436643,0.14158758166962987,0.0,5,19,0.6147811406059851,0.2020226204367752,-0.04999999999999993,5,19,0.30063643143161867,0.060435038767145344,0.04999999999999993,19
100,5,0.2,skewed,0.1,0.6,0.7480193357226164,0.21502562721331708,0.30000000000000004,5,24,0.5192461746450877,0.2997331421880275,0.0,5,17,-0.22877316107752865,0.08470751497471041,-0.30000000000000004,0
100,5,0.2,skewed,0.1,0.6,0.541140472190492,0.24510572461110688,-0.14999999999999997,5,20,0.420047256529159,0.2138829771258255,0.20000000000000007,5,27,-0.12109321566133302,-0.031222747485281394,0.0500000000000001,1
100,5,0.2,skewed,0.1,0.6,1.337056320608451,0.33771481284476873,0.09999999999999998,5,24,0.4968029155865749,0.23292549096939946,-0.09999999999999998,5,17,-0.840253405021876,-0.10478932187536927,0.0,2
100,5,0.2,skewed,0.1,0.6,0.7400965099051877,0.3450487428085977,-0.04999999999999993,5,20,0.21377002137606832,0.16793301181686218,0.0,5,21,-0.5263264885291195,-0.17711573099173553,-0.04999999999999993,3
100,5,0.2,skewed,0.1,0.6,0.6005014641577349,0.36291153250349517,0.050000000000000044,5,19,0.6964878488011637,0.3940368091000009,0.0,5,18,0.09598638464342879,0.031125276596505713,-0.050000000000000044,4
100,5,0.2,skewed,0.1,0.6,0.6071069939211291,0.22450658434548026,0.15000000000000002,5,23,0.7040077399564748,0.3067478808146178,-0.04999999999999993,5,20,0.09690074603534571,0.08224129646913753,-0.10000000000000009,5
100,5,0.2,skewed,0.1,0.6,0.7789233664730225,0.23918862403166224,0.09999999999999998,5,19,0.913394445651596,0.3716509573643216,-0.25,5,14,0.13447107917857348,0.13246233333265933,0.15000000000000002,6
100,5,0.2,skewed,0.1,0.6,0.7163445852265494,0.22043089101989274,0.050000000000000044,5,18,0.5854319489516755,0.26755619251161317,0.09999999999999998,5,18,-0.13091263627487393,0.04712530149172042,0.04999999999999993,7
100,5,0.2,skewed,0.1,0.6,1.1533937014898736,0.5374193658831622,0.050000000000000044,5,26,0.7246271456478959,0.41807366952612385,-0.14999999999999997,5,18,-0.42876655584197776,-0.11934569635703834,0.09999999999999992,8
100,5,0.2,skewed,0.1,0.6,0.6525011812892867,0.3190851761836726,0.0,5,21,1.7541579661390587,0.7604744032990041,-0.04999999999999993,5,19,1.101656784849772,0.44138922711533146,0.04999999999999993,9
100,5,0.2,skewed,0.1,0.6,1.0321743034009285,0.3584227043940634,-0.04999999999999993,5,20,0.5776862365822791,0.1715090495807436,0.050000000000000044,5,21,-0.4544880668186494,-0.18691365481331979,1.1102230246251565e-16,10
100,5,0.2,skewed,0.1,0.6,0.6179472750820407,0.31162019702231475,-0.14999999999999997,5,14,0.9895483335234985,0.397213324871854,0.0,5,23,0.37160105844145774,0.08559312784953926,-0.14999999999999997,11
100,5,0.2,skewed,0.1,0.6,0.6784917826928476,0.33580677366731215,0.0,5,19,0.4366587423537583,0.35346133860364426,0.20000000000000007,5,22,-0.2418330403390893,0.017654564936332107,0.20000000000000007,12
100,5,0.2,skewed,0.1,0.6,0.8015482249527196,0.21093673046158243,-0.14999999999999997,5,16,0.36563361323444665,0.15397347032627431,0.20000000000000007,5,25,-0.43591461171827295,-0.056963260135308114,0.0500000000000001,13
100,5,0.2,skewed,0.1,0.6,0.45209420706129433,0.20594640553130872,0.09999999999999998,5,23,0.6735093723616093,0.3204268353735568,0.0,5,18,0.22141516530031502,0.1144804298422481,-0.09999999999999998,14
100,5,0.2,skewed,0.1,0.6,0.8444941026829469,0.3534889373078144,0.25,5,23,0.43411762828887696,0.2517117849462582,0.050000000000000044,5,24,-0.41037647439406993,-0.10177715236155621,-0.19999999999999996,15
100,5,0.2,skewed,0.1,0.6,2.2638604746866626,0.5960006203100522,0.0,5,22,0.7590341975225666,0.3277697748337942,0.25,5,23,-1.5048262771640961,-0.268230845476258,0.25,16
100,5,0.2,skewed,0.1,0.6,0.5498956358783617,0.32627572751040923,-0.04999999999999993,5,19,0.5503416014103378,0.2039010792220644,0.050000000000000044,5,25,0.00044596553197617794,-0.12237464828834482,1.1102230246251565e-16,17
100,5,0.2,skewed,0.1,0.6,0.3840352131373028,0.20002600515195423,0.09999999999999998,5,26,2.0348227598631334,0.5597485682615004,0.0,5,24,1.6507875467258306,0.3597225631095462,-0.09999999999999998,18
100,5,0.2,skewed,0.1,0.6,0.7892707681287446,0.31238734144822333,-0.09999999999999998,5,18,0.94375522315814,0.2423076376199492,-0.3,5,17,0.15448445502939534,-0.07007970382827414,0.2,19
100,5,0.2,skewed,0.2,0.6,0.15844843579706644,0.1044157745042654,0.0,5,21,0.44545177562931565,0.1626848822920781,-0.09999999999999998,5,19,0.28700333983224924,0.05826910778781269,0.09999999999999998,0
100,5,0.2,skewed,0.2,0.6,0.9557048715982533,0.34102591372956226,0.050000000000000044,5,18,0.919836161908467,0.3927668533528417,-0.09999999999999998,5,20,-0.03586870968978639,0.05174093962327947,0.04999999999999993,1
100,5,0.2,skewed,0.2,0.6,1.4804886680764355,0.5957233193778421,0.050000000000000044,5,23,0.5461359287292387,0.16472529678909636,-0.14999999999999997,5,23,-0.9343527393471969,-0.4309980225887457,0.09999999999999992,2
100,5,0.2,skewed,0.2,0.6,0.1435269116993855,0.10087909926058743,0.050000000000000044,5,22,0.0998396628904527,0.0724877037269768,-0.04999999999999993,5,22,-0.04368724880893281,-0.028391395533610628,-1.1102230246251565e-16,3
100,5,0.2,skewed,0.2,0.6,0.8971773061455103,0.46356476604680424,-0.19999999999999996,5,15,1.0964932142402557,0.39912080301243724,-0.04999999999999993,5,19,0.19931590809474542,-0.064443963034367,-0.15000000000000002,4
100,5,0.2,skewed,0.2,0.6,0.7302970866576259,0.4445253554631874,-0.19999999999999996,5,15,0.9008992788026693,0.41124615471984993,-0.04999999999999993,5,21,0.17060219214504335,-0.033279200743337456,-0.15000000000000002,5
100,5,0.2,skewed,0.2,0.6,0.2719482677940035,0.144880691539545,-0.04999999999999993,5,20,0.3195242285267895,0.13972746950912354,0.0,5,17,0.04757596073278603,-0.005153222030421456,-0.04999999999999993,6
100,5,0.2,skewed,0.2,0.6,0.09044785643359991,0.04167308790556719,0.15000000000000002,5,21,0.261941403420719,0.17967446089115957,0.25,5,26,0.17149354698711905,0.1380013729855924,0.09999999999999998,7
100,5,0.2,skewed,0.2,0.6,0.6017800131896013,0.36537150646784494,0.09999999999999998,5,19,0.8153653197738555,0.2760148970133483,-0.09999999999999998,5,17,0.21358530658425423,-0.08935660945449664,0.0,8
100,5,0.2,skewed,0.2,0.6,0.6901528830595808,0.29401129719041486,-0.04999999999999993,5,17,1.135625445873337,0.5676980872024708,0.050000000000000044,5,23,0.44547256281375625,0.273686790012056,1.1102230246251565e-16,9
100,5,0.2,skewed,0.2,0.6,1.748881045559003,0.6228674406650561,0.09999999999999998,5,24,0.44621246711097134,0.2724331828121498,0.09999999999999998,5,18,-1.3026685784480316,-0.3504342578529063,0.0,10
100,5,0.2,skewed,0.2,0.6,0.7121874624487984,0.38777797362491767,-0.04999999999999993,5,18,0.4369156733021004,0.3183761953803729,0.09999999999999998,5,23,-0.275271789146698,-0.0694017782445448,0.050000000000000044,11
100,5,0.2,skewed,0.2,0.6,0.29696250418915965,0.13669028992879054,0.050000000000000044,5,20,0.2778998645412157,0.15849246222959926,0.20000000000000007,5,23,-0.01906263964794397,0.02180217230080872,0.15000000000000002,12
100,5,0.2,skewed,0.2,0.6,1.0769519512026868,0.45464158957136663,0.20000000000000007,5,22,0.5816428057977463,0.30655730856728586,0.09999999999999998,5,20,-0.49530914540494053,-0.14808428100408078,-0.10000000000000009,13
100,5,0.2,skewed,0.2,0.6,1.784372616672487,0.6110796828304178,-0.04999999999999993,5,19,1.3114000971996553,0.36049987018430213,-0.09999999999999998,5,17,-0.4729725194728316,-0.2505798126461157,0.050000000000000044,14
100,5,0.2,skewed,0.2,0.6,0.7631563132206162,0.31102529823803726,-0.14999999999999997,5,21,0.4795128171760942,0.28133119655649885,0.0,5,18,-0.283643496044522,-0.02969410168153841,-0.14999999999999997,15
100,5,0.2,skewed,0.2,0.6,0.3798260369539865,0.1844225720702334,0.09999999999999998,5,20,0.27431684609543666,0.16942136969748683,0.30000000000000004,5,20,-0.10550919085854982,-0.015001202372746575,0.20000000000000007,16
100,5,0.2,skewed,0.2,0.6,0.4297284454016513,0.19420151140599992,-0.09999999999999998,5,24,0.4449353629894127,0.26043773519639635,-0.25,5,16,0.015206917587761437,0.06623622379039643,0.15000000000000002,17
100,5,0.2,skewed,0.2,0.6,1.4287175090086814,0.5146455161983472,0.09999999999999998,5,22,0.5498874361483855,0.24099408285654889,0.050000000000000044,5,21,-0.8788300728602959,-0.2736514333417983,-0.04999999999999993,18
100,5,0.2,skewed,0.2,0.6,0.49672767605689566,0.20310906047635777,0.09999999999999998,5,21,0.583566472065133,0.2234030340487962,-0.25,5,14,0.08683879600823735,0.020293973572438423,0.15000000000000002,19
100,5,0.2,skewed,0.4,0.6,1.2022170595514983,0.5426781134145342,0.050000000000000044,5,21,1.2159362612105726,0.3803966805307953,0.050000000000000044,5,22,0.013719201659074365,-0.16228143288373892,0.0,0
100,5,0.2,skewed,0.4,0.6,0.5054517346364988,0.2772320145646864,0.09999999999999998,5,24,0.8135540953026982,0.35034349476490606,0.09999999999999998,5,20,0.30810236066619934,0.07311148020021968,0.0,1
100,5,0.2,skewed,0.4,0.6,0.662610311897951,0.4277220920355792,-0.3,5,14,0.9841174244977499,0.41673170905138274,0.0,5,20,0.3215071125997988,-0.010990382984196467,-0.3,2
100,5,0.2,skewed,0.4,0.6,0.7605220545958898,0.3505262258729506,0.20000000000000007,5,22,0.6281670754563946,0.3015017812724834,0.0,5,20,-0.13235497913949523,-0.04902444460046723,-0.20000000000000007,3
100,5,0.2,skewed,0.4,0.6,0.3395527255763648,0.19282475417327305,-0.19999999999999996,5,19,0.7103611692545008,0.33068072895345174,-0.14999999999999997,5,13,0.370808443678136,0.1378559747801787,-0.04999999999999999,4
100,5,0.2,skewed,0.4,0.6,1.2049188334774754,0.3724192511575827,0.0,5,23,0.5054160322025524,0.1849148745721214,0.09999999999999998,5,23,-0.699502801274923,-0.18750437658546126,0.09999999999999998,5
100,5,0.2,skewed,0.4,0.6,0.9866199114412595,0.4601229190861635,0.09999999999999998,5,20,0.7340591097979211,0.35312489298719324,0.09999999999999998,5,18,-0.2525608016433384,-0.10699802609897024,0.0,6
100,5,0.2,skewed,0.4,0.6,0.649072795005954,0.2608773269668789,0.15000000000000002,5,21,0.6369762105540343,0.23258668965802828,-0.19999999999999996,5,14,-0.012096584451919745,-0.02829063730885059,0.04999999999999993,7
100,5,0.2,skewed,0.4,0.6,0.6344373095556716,0.3347535586979089,0.050000000000000044,5,22,0.5559326883031247,0.39341368048189,-0.14999999999999997,5,15,-0.07850462125254687,0.05866012178398111,0.09999999999999992,8
100,5,0.2,skewed,0.4,0.6,0.7506855913654943,0.486026609038092,-0.14999999999999997,5,19,0.5195483362007718,0.35842566466062664,-0.09999999999999998,5,22,-0.2311372551647225,-0.12760094437746533,-0.04999999999999999,9
100,5,0.2,skewed,0.4,0.6,0.5787381856318768,0.31209911858230577,-0.14999999999999997,5,19,0.7280592975579361,0.3522728529757976,-0.19999999999999996,5,18,0.14932111192605924,0.04017373439349181,0.04999999999999999,10
100,5,0.2,skewed,0.4,0.6,0.36051007007119035,0.17076458005452597,0.09999999999999998,5,19,0.3951820826660013,0.1520640112328781,-0.04999999999999993,5,20,0.03467201259481095,-0.01870056882164786,-0.050000000000000044,11
100,5,0.2,skewed,0.4,0.6,0.3828548304081143,0.17026903600261525,-0.14999999999999997,5,18,2.453654772358383,0.7263845188327538,-0.09999999999999998,5,17,2.0707999419502685,0.5561154828301386,-0.04999999999999999,12
100,5,0.2,skewed,0.4,0.6,2.302842669108857,0.8616117946461473,0.050000000000000044,5,19,0.5401914409443808,0.19837622261244303,0.20000000000000007,5,18,-1.7626512281644762,-0.6632355720337043,0.15000000000000002,13
100,5,0.2,skewed,0.4,0.6,0.5231788642801242,0.2786044381365607,0.09999999999999998,5,18,0.8143287459809636,0.3212379336323424,0.0,5,24,0.29114988170083944,0.04263349549578166,-0.09999999999999998,14
100,5,0.2,skewed,0.4,0.6,0.47517986326033035,0.25002786687967843,-0.04999999999999993,5,17,0.5298365010057684,0.31611291210571224,0.0,5,21,0.05465663774543805,0.06608504522603381,-0.04999999999999993,15
100,5,0.2,skewed,0.4,0.6,0.6036596634148235,0.2080475601864992,0.0,5,19,0.6506504103217465,0.37058604934545214,0.0,5,21,0.046990746906923064,0.16253848915895294,0.0,16
100,5,0.2,skewed,0.4,0.6,0.672712228059214,0.36961677971120527,0.050000000000000044,5,19,0.313035439353479,0.15767625984432207,-0.09999999999999998,5,18,-0.35967678870573505,-0.2119405198668832,0.04999999999999993,17
100,5,0.2,skewed,0.4,0.6,0.7078618767698203,0.3316549920996331,0.15000000000000002,5,24,2.159781560818274,0.5234706121300824,-0.04999999999999993,5,20,1.451919684048454,0.19181562003044927,-0.10000000000000009,18
100,5,0.2,skewed,0.4,0.6,0.7644719175157636,0.31899546019368524,0.050000000000000044,5,19,0.938864318987693,0.3509195462397214,-0.14999999999999997,5,22,0.17439240147192936,0.03192408604603614,0.09999999999999992,19
100,5,0.2,correlated,0.0,0.6,0.41425123492193305,0.17142666999528397,-0.09999999999999998,5,21,0.7045702004037611,0.3652082767188442,-0.04999999999999993,5,20,0.290318965481828,0.19378160672356023,-0.050000000000000044,0
100,5,0.2,correlated,0.0,0.6,0.4021169802933874,0.23415989072161675,0.0,5,18,0.26525172545882714,0.14620625739154006,-0.14999999999999997,5,16,-0.13686525483456025,-0.08795363333007669,0.14999999999999997,1
100,5,0.2,correlated,0.0,0.6,3.9031408228686026,0.8860368055018528,-0.09999999999999998,5,18,0.9510824376045665,0.44223328553887165,-0.09999999999999998,5,21,-2.9520583852640363,-0.4438035199629812,0.0,2
100,5,0.2,correlated,0.0,0.6,0.35026890816906936,0.21084975265446787,0.20000000000000007,5,28,0.7999231762076213,0.4934455215395205,0.09999999999999998,5,22,0.44965426803855196,0.2825957688850526,-0.10000000000000009,3
100,5,0.2,correlated,0.0,0.6,3.0007656806563956,0.9583003716033813,0.09999999999999998,5,24,0.9724695962038006,0.5240638588996346,-0.09999999999999998,5,17,-2.0282960844525952,-0.43423651270374675,0.0,4
100,5,0.2,correlated,0.0,0.6,68.08986336228254,13.83105774971863,0.15000000000000002,5,23,29.151141571740826,6.469433802246241,0.050000000000000044,5,24,-38.93872179054172,-7.361623947472388,-0.09999999999999998,5
100,5,0.2,correlated,0.0,0.6,7.1254327391201935,3.9301077702510243,0.050000000000000044,5,23,6.184312693468256,3.4230936619321226,-0.14999999999999997,5,17,-0.9411200456519371,-0.5070141083189017,0.09999999999999992,6
100,5,0.2,correlated,0.0,0.6,0.7859540086978011,0.42970331269795314,-0.09999999999999998,5,19,0.30837893350831225,0.26218191966975346,0.09999999999999998,5,25,-0.47757507518948883,-0.16752139302819968,0.0,7
100,5,0.2,correlated,0.0,0.6,1.5797083708100208,0.7881278250028348,-0.14999999999999997,5,17,3.925210613739172,1.0109495570757552,-0.09999999999999998,5,18,2.345502242929151,0.22282173207292033,-0.04999999999999999,8
100,5,0.2,correlated,0.0,0.6,0.35116769918782237,0.16139199755029524,0.050000000000000044,5,19,0.5736491992142793,0.3543347097477091,0.25,5,30,0.2224815000264569,0.19294271219741385,0.19999999999999996,9
100,5,0.2,correlated,0.0,0.6,1.009048601949304,0.41635630559672626,0.09999999999999998,5,20,4.420094634751766,1.9984912261432803,-0.09999999999999998,5,16,3.411046032802462,1.582134920546554,0.0,10
100,5,0.2,correlated,0.0,0.6,20.99326744501922,5.354049816617832,-0.09999999999999998,5,15,14.450508168369138,3.127396602136795,0.0,5,20,-6.542759276650083,-2.2266532144810367,-0.09999999999999998,11
100,5,0.2,correlated,0.0,0.6,2.0262953087080358,0.7789667546182898,0.0,5,18,1.968982733508453,1.1393314466753193,0.050000000000000044,5,19,-0.05731257519958266,0.3603646920570295,0.050000000000000044,12
100,5,0.2,correlated,0.0,0.6,26.20238619974688,6.560150610064777,0.5499999999999999,5,35,9.594164755471926,2.43929642873107,0.0,5,24,-16.608221444274953,-4.120854181333707,-0.5499999999999999,13
100,5,0.2,correlated,0.0,0.6,173.95521069851907,35.74871230714871,-0.09999999999999998,5,14,50.528187596957196,10.919853604539156,0.050000000000000044,5,21,-123.42702310156187,-24.82885870260955,-0.04999999999999993,14
100,5,0.2,correlated,0.0,0.6,0.21698265851298373,0.10158760574469569,0.050000000000000044,5,22,0.39751363506171805,0.16597058273008897,0.0,5,20,0.18053097654873432,0.06438297698539328,-0.050000000000000044,15
100,5,0.2,correlated,0.0,0.6,1.162688797717562,0.7107796823235205,0.050000000000000044,5,19,1.8120841500248859,0.4827938194077898,-0.09999999999999998,5,17,0.6493953523073239,-0.2279858629157307,0.04999999999999993,16
100,5,0.2,correlated,0.0,0.6,20.146945298798514,5.043646900003796,0.050000000000000044,5,21,15.630494205669745,4.197801662114066,-0.25,5,14,-4.516451093128769,-0.8458452378897299,0.19999999999999996,17
100,5,0.2,correlated,0.0,0.6,0.6699052683287745,0.3494032754149895,0.09999999999999998,5,22,2.1755077855406597,1.0238234304572198,0.09999999999999998,5,23,1.5056025172118852,0.6744201550422303,0.0,18
100,5,0.2,correlated,0.0,0.6,0.518378345996872,0.21306864181071955,0.050000000000000044,5,21,1.3198354594813548,0.7596670086348003,0.15000000000000002,5,24,0.8014571134844828,0.5465983668240808,0.09999999999999998,19
100,5,0.2,correlated,0.1,0.6,14.420887450734902,4.45643707767041,0.15000000000000002,5,23,8.330635396112227,2.827223633941643,-0.09999999999999998,5,15,-6.090252054622676,-1.6292134437287666,-0.050000000000000044,0
100,5,0.2,correlated,0.1,0.6,0.7973159775532171,0.3188671693278895,0.09999999999999998,5,23,0.652778548373176,0.35863295756071006,0.09999999999999998,5,19,-0.1445374291800412,0.039765788232820565,0.0,1
100,5,0.2,correlated,0.1,0.6,1.0796325787113095,0.6450681312353976,0.20000000000000007,5,26,1.3614393287631192,0.7816103648773035,-0.3,5,13,0.2818067500518098,0.13654223364190587,0.09999999999999992,2
100,5,0.2,correlated,0.1,0.6,1.6308955878421114,0.6971908278175256,-0.09999999999999998,5,14,3.2974693336412777,1.3313543892673756,0.20000000000000007,5,23,1.6665737457991663,0.63416356144985,0.10000000000000009,3
100,5,0.2,correlated,0.1,0.6,2.592338584697225,1.009051497626971,-0.04999999999999993,5,18,18.067318631309618,4.915556802395573,0.09999999999999998,5,20,15.474980046612393,3.9065053047686016,0.050000000000000044,4
100,5,0.2,correlated,0.1,0.6,2.854898028344817,1.1807804142533485,-0.04999999999999993,5,12,2.1128059181870875,1.2688116873611233,0.0,5,20,-0.7420921101577296,0.08803127310777481,-0.04999999999999993,5
100,5,0.2,correlated,0.1,0.6,1.0829927082258162,0.493752290798027,0.0,5,23,0.48310151385934536,0.2127452666952779,0.20000000000000007,5,24,-0.5998911943664709,-0.28100702410274914,0.20000000000000007,6
100,5,0.2,correlated,0.1,0.6,0.47564323856035806,0.34229351026605126,-0.09999999999999998,5,19,0.6050280242234806,0.2550797955809554,-0.09999999999999998,5,17,0.1293847856631225,-0.08721371468509587,0.0,7
100,5,0.2,correlated,0.1,0.6,1.7194004171779058,0.5019403296180928,0.15000000000000002,5,20,6.13605944478697,2.5298193028356906,0.0,5,24,4.4166590276090645,2.027878973217598,-0.15000000000000002,8
100,5,0.2,correlated,0.1,0.6,0.5915830413793228,0.37035601509462784,0.050000000000000044,5,23,0.9351288822651278,0.5153818152626177,-0.04999999999999993,5,19,0.343545840885805,0.14502580016798988,-1.1102230246251565e-16,9
100,5,0.2,correlated,0.1,0.6,1.1469518620309775,0.5959308392398325,0.0,5,17,0.6420730475063929,0.2842699223391429,-0.04999999999999993,5,17,-0.5048788145245846,-0.3116609169006896,0.04999999999999993,10
100,5,0.2,correlated,0.1,0.6,0.37487167516930814,0.2507435000792688,-0.04999999999999993,5,14,0.39537103230969406,0.27193229100184474,0.09999999999999998,5,24,0.02049935714038592,0.021188790922575917,0.050000000000000044,11
100,5,0.2,correlated,0.1,0.6,0.41043909643817805,0.20421842079664004,0.050000000000000044,5,22,0.8244471898700576,0.6191882087405337,0.20000000000000007,5,22,0.41400809343187955,0.41496978794389366,0.15000000000000002,12
100,5,0.2,correlated,0.1,0.6,8.292066140561683,1.8566537260619014,0.15000000000000002,5,21,2.564565846801401,0.6597406473548838,0.20000000000000007,5,24,-5.727500293760283,-1.1969130787070177,0.050000000000000044,13
100,5,0.2,correlated,0.1,0.6,2.446304759017808,0.8631268356675911,0.0,5,18,11.230492738049408,2.948631362284246,0.20000000000000007,5,26,8.7841879790316,2.085504526616655,0.20000000000000007,14
100,5,0.2,correlated,0.1,0.6,13.065265018953806,3.147581566362231,-0.14999999999999997,5,18,5.5369184511037375,1.3937512869675253,0.15000000000000002,5,25,-7.528346567850068,-1.7538302793947058,5.551115123125783e-17,15
100,5,0.2,correlated,0.1,0.6,1.9410983702866944,0.7819542474360107,0.09999999999999998,5,22,5.3263690723005475,1.3095876367365031,-0.14999999999999997,5,19,3.385270702013853,0.5276333893004924,0.04999999999999999,16
100,5,0.2,correlated,0.1,0.6,0.7403444593411467,0.45434544798081744,-0.14999999999999997,5,16,0.6232036023460031,0.36616225320361223,0.0,5,22,-0.11714085699514354,-0.08818319477720521,-0.14999999999999997,17
100,5,0.2,correlated,0.1,0.6,5.129060861872412,2.4122699681486663,0.15000000000000002,5,21,0.5391851551097793,0.42253371531702505,-0.04999999999999993,5,20,-4.589875706762633,-1.9897362528316413,-0.10000000000000009,18
100,5,0.2,correlated,0.1,0.6,0.5316692457652632,0.3631548250621792,0.09999999999999998,5,21,1.473758201186719,0.9672354382511612,0.20000000000000007,5,24,0.9420889554214558,0.604080613188982,0.10000000000000009,19
100,5,0.2,correlated,0.2,0.6,0.23800374598782922,0.17963466530301145,-0.19999999999999996,5,17,0.2736767375025989,0.1843036335293969,-0.04999999999999993,5,15,0.035672991514769686,0.0046689682263854615,-0.15000000000000002,0
100,5,0.2,correlated,0.2,0.6,2.633319407147372,1.169658838330882,0.050000000000000044,5,19,0.8135915808168152,0.5516873446644754,0.0,5,22,-1.8197278263305567,-0.6179714936664065,-0.050000000000000044,1
100,5,0.2,correlated,0.2,0.6,27.597801660196133,5.667783375176235,0.0,5,19,0.9592220202448126,0.2698565092470146,0.0,5,20,-26.63857963995132,-5.397926865929221,0.0,2
100,5,0.2,correlated,0.2,0.6,19.37670275118362,4.243033091134957,-0.09999999999999998,5,17,3.3152235909755667,0.9336713762351605,0.050000000000000044,5,20,-16.06147916020805,-3.3093617148997962,-0.04999999999999993,3
100,5,0.2,correlated,0.2,0.6,1.9950041338235112,0.7371349391497932,0.20000000000000007,5,25,21.015550189730607,7.006259266787447,0.15000000000000002,5,21,19.020546055907097,6.269124327637654,-0.050000000000000044,4
100,5,0.2,correlated,0.2,0.6,4.181455011289849,1.8584832768676307,0.15000000000000002,5,21,8.354953640182847,2.7111490705575996,0.15000000000000002,5,21,4.1734986288929985,0.8526657936899689,0.0,5
100,5,0.2,correlated,0.2,0.6,1.3949045048918345,0.5485833631249564,-0.14999999999999997,5,17,0.41897349586594523,0.2746256866242629,0.0,5,22,-0.9759310090258893,-0.27395767650069347,-0.14999999999999997,6
100,5,0.2,correlated,0.2,0.6,18.95458996042858,4.308312996413753,0.09999999999999998,5,23,8.601623481414478,2.449585611812469,-0.09999999999999998,5,16,-10.352966479014103,-1.8587273846012842,0.0,7
100,5,0.2,correlated,0.2,0.6,2.879086385953143,0.9112120439127166,0.25,5,25,2.073549518682795,0.5063489210453678,-0.04999999999999993,5,19,-0.805536867270348,-0.4048631228673488,-0.20000000000000007,8
100,5,0.2,correlated,0.2,0.6,4.795675117843499,1.5436373670159642,-0.25,5,15,6.7741910471702775,2.47842817617544,0.0,5,19,1.9785159293267789,0.9347908091594759,-0.25,9
100,5,0.2,correlated,0.2,0.6,8.444248313420552,2.1033148732799245,-0.09999999999999998,5,16,6.831182139204361,1.539596279044236,-0.09999999999999998,5,18,-1.6130661742161907,-0.5637185942356886,0.0,10
100,5,0.2,correlated,0.2,0.6,0.7454277088991423,0.3309406376524628,-0.14999999999999997,5,18,0.8134744586277591,0.22184453504181384,-0.04999999999999993,5,18,0.0680467497286168,-0.10909610261064895,-0.10000000000000003,11
100,5,0.2,correlated,0.2,0.6,10.036103669367199,6.315387533034138,0.050000000000000044,5,20,12.758857137456852,6.240011221095064,-0.04999999999999993,5,16,2.7227534680896532,-0.07537631193907401,-1.1102230246251565e-16,12
100,5,0.2,correlated,0.2,0.6,0.571188693440623,0.31902869984965265,0.15000000000000002,5,22,2.090337292819339,0.8983770927866083,-0.14999999999999997,5,19,1.519148599378716,0.5793483929369556,-5.551115123125783e-17,13
100,5,0.2,correlated,0.2,0.6,3.030716968390912,1.020788797892696,0.0,5,20,1.260331037542512,0.3623528666872361,-0.04999999999999993,5,21,-1.7703859308483998,-0.6584359312054598,0.04999999999999993,14
100,5,0.2,correlated,0.2,0.6,1.2861065525656048,0.7501836674807556,-0.25,5,13,16.59165719073773,4.067298315623471,0.09999999999999998,5,22,15.305550638172127,3.3171146481427156,-0.15000000000000002,15
100,5,0.2,correlated,0.2,0.6,1.772033221810806,0.7138190914309492,0.15000000000000002,5,28,1.3273608825475087,0.469670047855379,-0.14999999999999997,5,17,-0.4446723392632972,-0.2441490435755702,-5.551115123125783e-17,16
100,5,0.2,correlated,0.2,0.6,6.558230768902078,2.5712855540617685,0.15000000000000002,5,24,6.664427290799446,3.6637726238417443,-0.14999999999999997,5,15,0.10619652189736772,1.0924870697799758,-5.551115123125783e-17,17
100,5,0.2,correlated,0.2,0.6,6.216145935181974,1.9297074341548401,0.0,5,22,3.422079731330621,1.1617265743259153,-0.09999999999999998,5,17,-2.7940662038513526,-0.7679808598289248,0.09999999999999998,18
100,5,0.2,correlated,0.2,0.6,3.7296980756890297,1.027932432101224,0.0,5,18,5.275549730301536,2.0735895806086346,-0.14999999999999997,5,19,1.5458516546125067,1.0456571485074106,0.14999999999999997,19
100,5,0.2,correlated,0.4,0.6,8.555200127687304,2.5620438181368153,0.09999999999999998,5,23,8.007863988451266,2.051572568299737,0.25,5,25,-0.5473361392360374,-0.510471249837078,0.15000000000000002,0
100,5,0.2,correlated,0.4,0.6,3.0496375774291,0.7627808009720499,0.050000000000000044,5,18,1.8720153411542595,1.2800249783740234,0.09999999999999998,5,22,-1.1776222362748403,0.5172441774019735,0.04999999999999993,1
100,5,0.2,correlated,0.4,0.6,2.3988995060580804,1.2653258874431068,-0.04999999999999993,5,19,5.302280310852219,4.046202703095065,0.20000000000000007,5,24,2.9033808047941387,2.780876815651958,0.15000000000000013,2
100,5,0.2,correlated,0.4,0.6,1.402075460167806,0.6487351635622486,-0.04999999999999993,5,15,1.1928879786263136,0.7096196846429998,0.09999999999999998,5,23,-0.20918748154149247,0.060884521080751264,0.050000000000000044,3
100,5,0.2,correlated,0.4,0.6,2.1144763661181787,1.165863270231686,0.4,5,30,0.582586675206208,0.31297889863015516,-0.09999999999999998,5,20,-1.5318896909119708,-0.8528843716015309,-0.30000000000000004,4
100,5,0.2,correlated,0.4,0.6,30.9498825977396,6.498723789048387,0.0,5,20,12.686876777315895,2.8263163631155668,0.050000000000000044,5,19,-18.263005820423704,-3.67240742593282,0.050000000000000044,5
100,5,0.2,correlated,0.4,0.6,4.050958178759364,1.0597216240511151,0.0,5,22,3.8087318329638733,1.2589318208498579,0.0,5,26,-0.24222634579549096,0.19921019679874274,0.0,6
100,5,0.2,correlated,0.4,0.6,1.7410654150685525,1.1988576350878402,-0.04999999999999993,5,21,1.6711194069823136,0.6688170255663219,0.30000000000000004,5,25,-0.06994600808623885,-0.5300406095215182,0.2500000000000001,7
100,5,0.2,correlated,0.4,0.6,0.4094135001640066,0.2472881108232774,-0.04999999999999993,5,22,0.7567343665485707,0.3501866663425061,-0.04999999999999993,5,19,0.3473208663845641,0.10289855551922872,0.0,8
100,5,0.2,correlated,0.4,0.6,6.031659669513783,1.673589032493145,0.09999999999999998,5,20,2.6299904061574453,0.865552351891792,0.15000000000000002,5,21,-3.401669263356338,-0.808036680601353,0.050000000000000044,9
100,5,0.2,correlated,0.4,0.6,1.5157730967058545,0.6361388388962936,0.0,5,23,1.5931043094171307,0.6390516397476456,-0.19999999999999996,5,19,0.07733121271127619,0.0029128008513519266,0.19999999999999996,10
100,5,0.2,correlated,0.4,0.6,0.7741689559855411,0.6290993212091918,0.050000000000000044,5,20,1.8737872980758743,0.7681108706875269,-0.09999999999999998,5,14,1.0996183420903332,0.13901154947833516,0.04999999999999993,11
100,5,0.2,correlated,0.4,0.6,0.7310073700979621,0.3083441998526576,0.050000000000000044,5,24,0.26330988092294005,0.16901514141732904,0.0,5,21,-0.4676974891750221,-0.13932905843532856,-0.050000000000000044,12
100,5,0.2,correlated,0.4,0.6,13.128953509809222,3.436915262028279,0.15000000000000002,5,25,25.622156197622928,7.462689928648989,-0.04999999999999993,5,16,12.493202687813707,4.02577466662071,-0.10000000000000009,13
100,5,0.2,correlated,0.4,0.6,1.6063006558777266,0.486506190785221,-0.09999999999999998,5,18,1.5533803481115194,0.6767312963411222,0.35,5,28,-0.052920307766207264,0.19022510555590116,0.25,14
100,5,0.2,correlated,0.4,0.6,0.7144980585913423,0.32797925735132333,-0.04999999999999993,5,19,14.370116235315217,2.9855152275643912,0.0,5,21,13.655618176723875,2.657535970213068,-0.04999999999999993,15
100,5,0.2,correlated,0.4,0.6,9.049642291254493,2.08769650950651,-0.09999999999999998,5,18,7.614741691622208,3.30317073165921,0.0,5,21,-1.434900599632285,1.2154742221526997,-0.09999999999999998,16
100,5,0.2,correlated,0.4,0.6,2.749396071426396,0.8625411024483851,0.15000000000000002,5,23,6.898883683586936,1.9219857021309597,0.0,5,16,4.14948761216054,1.0594445996825745,-0.15000000000000002,17
100,5,0.2,correlated,0.4,0.6,6.297290560739706,2.1750270470294173,0.050000000000000044,5,23,5.394309747376227,2.4490010416816657,-0.09999999999999998,5,18,-0.9029808133634782,0.27397399465224836,0.04999999999999993,18
100,5,0.2,correlated,0.4,0.6,1.3764738151813316,0.6706444487943883,-0.19999999999999996,5,15,1.38530356125763,0.6804685697775927,0.15000000000000002,5,22,0.008829746076298495,0.009824120983204399,-0.04999999999999993,19
100,5,0.5,mixed,0.0,0.6,0.20223024516971908,0.0523922433598724,-0.039999999999999925,5,51,3.8039587997406166,0.8646117315775188,0.040000000000000036,5,52,3.6017285545708977,0.8122194882176464,1.1102230246251565e-16,0
100,5,0.5,mixed,0.0,0.6,0.17682796095239045,0.05574520976890447,0.020000000000000018,5,49,0.19122479973100143,0.057637187534078094,0.020000000000000018,5,50,0.014396838778610976,0.001891977765173622,0.0,1
100,5,0.5,mixed,0.0,0.6,1.0261702070553058,0.3205738042705161,-0.020000000000000018,5,49,0.3068108057068533,0.1251118359119308,-0.020000000000000018,5,52,-0.7193594013484526,-0.19546196835858531,0.0,2
100,5,0.5,mixed,0.0,0.6,0.26489583191454846,0.07446961762968254,0.040000000000000036,5,50,0.3238194396001848,0.0897986570673842,-0.09999999999999998,5,50,0.058923607685636314,0.015329039437701655,0.05999999999999994,3
100,5,0.5,mixed,0.0,0.6,1.4457442502889268,0.4135894005967368,0.0,5,50,2.4600135461803068,0.6067655816807792,-0.05999999999999994,5,51,1.01426929589138,0.1931761810840424,0.05999999999999994,4
100,5,0.5,mixed,0.0,0.6,0.2026910038442545,0.07747472968828743,-0.020000000000000018,5,52,0.1160273355248798,0.046731233531885394,-0.020000000000000018,5,50,-0.0866636683193747,-0.03074349615640204,0.0,5
100,5,0.5,mixed,0.0,0.6,0.3577994964914151,0.14235886352195032,0.0,5,50,0.8801638496260733,0.2788193677839273,0.020000000000000018,5,52,0.5223643531346582,0.13646050426197698,0.020000000000000018,6
100,5,0.5,mixed,0.0,0.6,0.8801577704049125,0.2088083514214123,0.0,5,50,0.23529648922752341,0.07741078902021323,0.08000000000000007,5,52,-0.6448612811773891,-0.13139756240119907,0.08000000000000007,7
100,5,0.5,mixed,0.0,0.6,0.8482286235518113,0.3320534328609902,0.0,5,52,0.6911379586494436,0.26432410306497367,-0.09999999999999998,5,46,-0.15709066490236767,-0.06772932979601654,0.09999999999999998,8
100,5,0.5,mixed,0.0,0.6,2.7596904003023055,0.6658171840638492,0.06000000000000005,5,51,0.2617343649819741,0.0790022056208707,-0.020000000000000018,5,47,-2.4979560353203314,-0.5868149784429785,-0.040000000000000036,9
100,5,0.5,mixed,0.0,0.6,0.07692307692302762,0.05553128920614918,0.040000000000000036,5,51,0.11623512153362685,0.06297208308127947,-0.07999999999999996,5,45,0.03931204461059923,0.007440793875130289,0.039999999999999925,10
100,5,0.5,mixed,0.0,0.6,1.7796130685778808,0.35946655425836893,-0.12,5,50,0.49369562570278414,0.1462016986273041,0.06000000000000005,5,53,-1.2859174428750966,-0.21326485563106484,-0.05999999999999994,11
100,5,0.5,mixed,0.0,0.6,0.3722722809797987,0.1173496477164849,-0.07999999999999996,5,47,0.04618197879573981,0.018458918372933415,0.0,5,49,-0.3260903021840589,-0.09889072934355149,-0.07999999999999996,12
100,5,0.5,mixed,0.0,0.6,2.5796687158692344,0.616359898702648,0.0,5,51,1.5945874118031984,0.523123999080159,-0.020000000000000018,5,49,-0.985081304066036,-0.0932358996224889,0.020000000000000018,13
100,5,0.5,mixed,0.0,0.6,0.48297213244472637,0.10566903657146516,0.0,5,47,0.3907450431182833,0.09654696436216517,0.020000000000000018,5,49,-0.09222708932644308,-0.009122072209299989,0.020000000000000018,14
100,5,0.5,mixed,0.0,0.6,0.4891391798315627,0.1119486670407213,-0.020000000000000018,5,51,0.8410607927517826,0.22653038627334787,0.020000000000000018,5,51,0.3519216129202199,0.11458171923262657,0.0,15
100,5,0.5,mixed,0.0,0.6,0.16500434212556075,0.05531335152688109,-0.020000000000000018,5,51,0.19811313387109583,0.046295232506255724,0.020000000000000018,5,50,0.03310879174553508,-0.009018119020625368,0.0,16
100,5,0.5,mixed,0.0,0.6,0.18224837458263005,0.05408690001496158,0.0,5,51,0.4656723179585242,0.13344998041834208,0.06000000000000005,5,52,0.28342394337589416,0.0793630804033805,0.06000000000000005,17
100,5,0.5,mixed,0.0,0.6,0.10768736801302034,0.03132848489860233,-0.05999999999999994,5,49,0.14843474048841646,0.07037391960649128,0.020000000000000018,5,50,0.040747372475396115,0.03904543470788895,-0.039999999999999925,18
100,5,0.5,mixed,0.0,0.6,0.20271997621444726,0.06994375089964226,0.06000000000000005,5,52,0.14166232293073402,0.05607863247550353,-0.039999999999999925,5,48,-0.06105765328371324,-0.013865118424138734,-0.02000000000000013,19
100,5,0.5,mixed,0.1,0.6,1.1676722526434689,0.3114443331611672,0.020000000000000018,5,52,1.5851102561935453,0.3582689497926243,-0.039999999999999925,5,48,0.41743800355007643,0.046824616631457094,0.019999999999999907,0
100,5,0.5,mixed,0.1,0.6,0.3866276522576487,0.0911700836796816,0.0,5,48,0.22612237892915601,0.07769847563941776,-0.020000000000000018,5,49,-0.1605052733284927,-0.013471608040263844,0.020000000000000018,1
100,5,0.5,mixed,0.1,0.6,0.6765312195839732,0.18155588432042769,0.09999999999999998,5,51,0.17801860450911028,0.07278475811868679,0.040000000000000036,5,54,-0.49851261507486294,-0.1087711262017409,-0.05999999999999994,2
100,5,0.5,mixed,0.1,0.6,0.8011407043449799,0.17036771473335852,0.06000000000000005,5,51,0.255790990633352,0.056695126835571985,0.020000000000000018,5,46,-0.5453497137116279,-0.11367258789778653,-0.040000000000000036,3
100,5,0.5,mixed,0.1,0.6,0.958161304500057,0.24017949535540026,0.09999999999999998,5,53,0.5861236724760778,0.21259830331311239,-0.07999999999999996,5,51,-0.3720376320239792,-0.027581192042287872,-0.020000000000000018,4
100,5,0.5,mixed,0.1,0.6,0.07732890821671354,0.03944120069647389,0.08000000000000007,5,50,0.2685147615166257,0.12938940503466295,0.08000000000000007,5,52,0.19118585329991214,0.08994820433818906,0.0,5
100,5,0.5,mixed,0.1,0.6,0.18940355644219253,0.0518941027750074,-0.039999999999999925,5,51,0.27936775989444346,0.07516751483249737,-0.020000000000000018,5,48,0.08996420345225092,0.023273412057489964,-0.019999999999999907,6
100,5,0.5,mixed,0.1,0.6,1.0297565035104088,0.2525745967692841,-0.039999999999999925,5,49,0.5744053553340348,0.14638812718615696,-0.09999999999999998,5,49,-0.455351148176374,-0.10618646958312716,0.06000000000000005,7
100,5,0.5,mixed,0.1,0.6,0.119499361981226,0.05577430454846203,0.040000000000000036,5,48,0.14882784175659022,0.05892031815476453,0.12,5,54,0.029328479775364222,0.0031460136063024974,0.07999999999999996,8
100,5,0.5,mixed,0.1,0.6,0.2790121639554881,0.0860709262155693,0.020000000000000018,5,48,0.3665043310737806,0.1238494153561474,0.040000000000000036,5,49,0.0874921671182925,0.03777848914057809,0.020000000000000018,9
100,5,0.5,mixed,0.1,0.6,0.8985748862322793,0.20623973326014983,-0.039999999999999925,5,48,2.746989689667447,0.6024279073142279,0.08000000000000007,5,50,1.8484148034351675,0.3961881740540781,0.04000000000000015,10
100,5,0.5,mixed,0.1,0.6,0.7176545515255426,0.1699496722077573,0.040000000000000036,5,52,0.9358923033086365,0.2382186679099596,-0.020000000000000018,5,51,0.2182377517830939,0.0682689957022023,-0.020000000000000018,11
100,5,0.5,mixed,0.1,0.6,0.1565770969619715,0.04755667315650895,0.0,5,50,0.42983559681667927,0.10994025124841303,0.0,5,51,0.27325849985470774,0.06238357809190408,0.0,12
100,5,0.5,mixed,0.1,0.6,0.9111823741918411,0.1904665872356769,-0.020000000000000018,5,51,0.7527980512839991,0.20061916416374376,0.0,5,49,-0.158384322907842,0.01015257692806687,-0.020000000000000018,13
100,5,0.5,mixed,0.1,0.6,1.310881809351028,0.31288320219349613,0.0,5,51,1.3019716767064033,0.2976370504457325,-0.07999999999999996,5,48,-0.008910132644624591,-0.015246151747763614,0.07999999999999996,14
100,5,0.5,mixed,0.1,0.6,3.80479356838373,0.8095425661302711,-0.05999999999999994,5,48,0.10688165144623815,0.03492855978345309,-0.039999999999999925,5,46,-3.6979119169374917,-0.774614006346818,-0.020000000000000018,15
100,5,0.5,mixed,0.1,0.6,0.9182116136432836,0.24463164222716807,-0.039999999999999925,5,47,0.16787173182173182,0.05823884520044807,0.0,5,51,-0.7503398818215519,-0.18639279702672001,-0.039999999999999925,16
100,5,0.5,mixed,0.1,0.6,0.03634621623767347,0.022857319890939004,0.020000000000000018,5,51,0.21754901256480133,0.10212459012254313,-0.05999999999999994,5,47,0.18120279632712785,0.07926727023160413,0.039999999999999925,17
100,5,0.5,mixed,0.1,0.6,5.770084601999181,1.2247041502394624,-0.020000000000000018,5,48,4.524001380788045,0.9698703989602228,0.040000000000000036,5,52,-1.2460832212111361,-0.2548337512792397,0.020000000000000018,18
100,5,0.5,mixed,0.1,0.6,15.691763948202748,3.186129306576663,0.020000000000000018,5,48,18.860251572018417,3.871383384528228,0.020000000000000018,5,49,3.1684876238156683,0.6852540779515652,0.0,19
100,5,0.5,mixed,0.2,0.6,7.907516456744873,1.6203421592252159,-0.039999999999999925,5,52,1.0016359204909477,0.3043090412350784,0.0,5,49,-6.9058805362539255,-1.3160331179901374,-0.039999999999999925,0
100,5,0.5,mixed,0.2,0.6,0.2504311804180069,0.06208508029739192,0.040000000000000036,5,51,0.2857004594592227,0.1102327334721012,0.020000000000000018,5,50,0.035269279041215795,0.04814765317470929,-0.020000000000000018,1
100,5,0.5,mixed,0.2,0.6,0.602666806958383,0.16474530383287006,-0.039999999999999925,5,48,0.7821852088192531,0.1686626487117954,-0.020000000000000018,5,51,0.1795184018608701,0.0039173448789253384,-0.019999999999999907,2
100,5,0.5,mixed,0.2,0.6,0.5363741391965533,0.15961749513631515,0.06000000000000005,5,55,0.7498893197680351,0.22336238780010018,0.020000000000000018,5,48,0.21351518057148178,0.06374489266378502,-0.040000000000000036,3
100,5,0.5,mixed,0.2,0.6,0.1863928694023648,0.08999692967828292,-0.020000000000000018,5,47,0.30827373157545046,0.11402781671289153,-0.039999999999999925,5,50,0.12188086217308566,0.02403088703460861,0.019999999999999907,4
100,5,0.5,mixed,0.2,0.6,1.1449432618984858,0.28935775478985504,0.0,5,50,2.1955199389174163,0.78453949128215,-0.039999999999999925,5,50,1.0505766770189304,0.4951817364922949,0.039999999999999925,5
100,5,0.5,mixed,0.2,0.6,0.0608518584140063,0.040994609359084076,0.0,5,52,0.21066830901980185,0.0911063106660035,-0.039999999999999925,5,47,0.14981645060579554,0.05011170130691942,0.039999999999999925,6
100,5,0.5,mixed,0.2,0.6,0.6160085288684745,0.17097244079175267,0.0,5,51,0.15214685299139288,0.06799209255952605,-0.05999999999999994,5,50,-0.4638616758770816,-0.10298034823222661,0.05999999999999994,7
100,5,0.5,mixed,0.2,0.6,0.38421247844996753,0.12902898614726918,0.09999999999999998,5,53,0.0851623556438772,0.045265026784834385,0.08000000000000007,5,52,-0.29905012280609033,-0.0837639593624348,-0.019999999999999907,8
100,5,0.5,mixed,0.2,0.6,0.08352749748086326,0.03824426846123465,0.040000000000000036,5,49,0.25603265100471295,0.11677328383191284,-0.039999999999999925,5,48,0.1725051535238497,0.07852901537067819,-1.1102230246251565e-16,9
100,5,0.5,mixed,0.2,0.6,0.09526144151245872,0.04303231077163122,-0.020000000000000018,5,50,0.33434494402032794,0.0973439126451905,0.040000000000000036,5,49,0.23908350250786922,0.05431160187355928,0.020000000000000018,10
100,5,0.5,mixed,0.2,0.6,0.056373615897338525,0.03415586963235878,0.040000000000000036,5,51,0.5547829395612011,0.1189587147632302,-0.020000000000000018,5,50,0.49840932366386254,0.08480284513087141,-0.020000000000000018,11
100,5,0.5,mixed,0.2,0.6,1.2532482409572407,0.439317237052595,0.040000000000000036,5,52,1.823118839963603,0.48922810614646683,-0.05999999999999994,5,49,0.5698705990063622,0.049910869093871824,0.019999999999999907,12
100,5,0.5,mixed,0.2,0.6,2.329256636677405,0.602830404053574,-0.05999999999999994,5,49,1.8889866640623956,0.6708080891322614,0.020000000000000018,5,49,-0.44026997261500944,0.0679776850786874,-0.039999999999999925,13
100,5,0.5,mixed,0.2,0.6,2.9546009659964607,0.6275708437422864,0.020000000000000018,5,48,3.174138709687808,0.678427030805585,-0.07999999999999996,5,47,0.2195377436913475,0.05085618706329853,0.05999999999999994,14
100,5,0.5,mixed,0.2,0.6,0.33425744864695717,0.12638218724160064,0.0,5,47,0.8187448365422406,0.25747933888020147,-0.020000000000000018,5,54,0.48448738789528345,0.13109715163860083,0.020000000000000018,15
100,5,0.5,mixed,0.2,0.6,1.1742078274808443,0.2990541291423704,0.040000000000000036,5,53,0.697720538400677,0.1863018712532682,0.020000000000000018,5,52,-0.47648728908016724,-0.1127522578891022,-0.020000000000000018,16
100,5,0.5,mixed,0.2,0.6,0.7259871780108071,0.24910010132522795,0.020000000000000018,5,52,0.6104997312300765,0.14249612525148336,-0.020000000000000018,5,51,-0.11548744678073064,-0.10660397607374458,0.0,17
100,5,0.5,mixed,0.2,0.6,0.14401309218690483,0.052499829064348066,0.08000000000000007,5,52,0.14973229001124602,0.05207550289930255,0.040000000000000036,5,53,0.005719197824341188,-0.0004243261650455146,-0.040000000000000036,18
100,5,0.5,mixed,0.2,0.6,5.244510462701894,1.096908715127465,0.020000000000000018,5,52,4.071507172424326,1.0037236000584948,-0.09999999999999998,5,50,-1.1730032902775678,-0.0931851150689702,0.07999999999999996,19
100,5,0.5,mixed,0.4,0.6,0.13441272034633434,0.04525382834869784,-0.039999999999999925,5,49,0.5329441004675887,0.12934665210004437,-0.039999999999999925,5,49,0.39853138012125433,0.08409282375134652,0.0,0
100,5,0.5,mixed,0.4,0.6,0.25843970101243374,0.07453871418982919,0.020000000000000018,5,47,0.08187270615194404,0.042637816667461706,-0.05999999999999994,5,50,-0.1765669948604897,-0.03190089752236748,0.039999999999999925,1
100,5,0.5,mixed,0.4,0.6,0.2852655796335196,0.0939440543866274,0.0,5,51,0.526035110696946,0.14570452075767756,-0.039999999999999925,5,53,0.24076953106342636,0.05176046637105017,0.039999999999999925,2
100,5,0.5,mixed,0.4,0.6,2.730224002647928,0.6358805055671111,-0.039999999999999925,5,47,0.9026239576177209,0.21533719588424374,-0.05999999999999994,5,50,-1.827600045030207,-0.42054330968286735,0.020000000000000018,3
100,5,0.5,mixed,0.4,0.6,0.10401735522387151,0.053723620915793815,-0.020000000000000018,5,48,0.23712965095830396,0.07079931874853218,0.0,5,48,0.13311229573443245,0.017075697832738365,-0.020000000000000018,4
100,5,0.5,mixed,0.4,0.6,0.8810118449825893,0.3228247888190518,0.040000000000000036,5,50,0.5994499112745175,0.19012284387141368,0.040000000000000036,5,51,-0.2815619337080718,-0.13270194494763812,0.0,5
100,5,0.5,mixed,0.4,0.6,1.361301628696135,0.3125304586178671,0.020000000000000018,5,51,0.48077959259734276,0.13596016173156716,0.06000000000000005,5,50,-0.8805220360987922,-0.17657029688629994,0.040000000000000036,6
100,5,0.5,mixed,0.4,0.6,0.21402286458160732,0.08455292354163604,-0.020000000000000018,5,52,0.2047665297071073,0.07169640142492888,-0.09999999999999998,5,48,-0.009256334874500033,-0.012856522116707167,0.07999999999999996,7
100,5,0.5,mixed,0.4,0.6,21.27084030629257,4.3471973481224016,0.0,5,50,3.5067495112725404,0.781633251539829,-0.020000000000000018,5,49,-17.764090795020028,-3.5655640965825723,0.020000000000000018,8
100,5,0.5,mixed,0.4,0.6,0.6769015292710445,0.18667957149699474,-0.07999999999999996,5,49,0.19019565680563907,0.07986286479787405,-0.09999999999999998,5,47,-0.4867058724654054,-0.10681670669912069,0.020000000000000018,9
100,5,0.5,mixed,0.4,0.6,3.203503778907217,0.7070397662612926,0.040000000000000036,5,52,8.252891931406005,1.7038810509490852,0.06000000000000005,5,52,5.049388152498787,0.9968412846877925,0.020000000000000018,10
100,5,0.5,mixed,0.4,0.6,0.05413495801707644,0.0454732662225756,0.020000000000000018,5,53,0.0808740354443703,0.03603912222897317,0.020000000000000018,5,49,0.02673907742729386,-0.009434143993602435,0.0,11
100,5,0.5,mixed,0.4,0.6,0.15291930969935766,0.060142200423268524,-0.039999999999999925,5,49,1.259892670233586,0.29314603843100406,0.06000000000000005,5,52,1.1069733605342282,0.23300383800773555,0.02000000000000013,12
100,5,0.5,mixed,0.4,0.6,0.789580901650672,0.2206750930964279,0.0,5,50,0.32336773526799983,0.09463215083986129,0.06000000000000005,5,51,-0.46621316638267213,-0.12604294225656662,0.06000000000000005,13
100,5,0.5,mixed,0.4,0.6,0.4287144595110788,0.09608990286383,-0.07999999999999996,5,51,0.40578243486332183,0.09892608182637966,0.020000000000000018,5,51,-0.022932024647756954,0.0028361789625496597,-0.05999999999999994,14
100,5,0.5,mixed,0.4,0.6,0.14809952079813515,0.0591615827535939,-0.039999999999999925,5,49,0.7501837968423595,0.1656052276423292,0.08000000000000007,5,52,0.6020842760442243,0.10644364488873531,0.04000000000000015,15
100,5,0.5,mixed,0.4,0.6,0.7113874564341762,0.1942991072129701,-0.05999999999999994,5,48,0.26062285072633673,0.08764628800722167,0.020000000000000018,5,52,-0.4507646057078395,-0.10665281920574844,-0.039999999999999925,16
100,5,0.5,mixed,0.4,0.6,0.17460355290314614,0.04016591847819101,0.0,5,49,0.5462168007208529,0.14012134689207487,-0.020000000000000018,5,49,0.37161324781770677,0.09995542841388386,0.020000000000000018,17
100,5,0.5,mixed,0.4,0.6,1.068749700606109,0.22617151606308722,0.08000000000000007,5,52,0.7458064174396183,0.1726718300792645,-0.09999999999999998,5,49,-0.3229432831664908,-0.05349968598382271,0.019999999999999907,18
100,5,0.5,mixed,0.4,0.6,0.19176195378655256,0.06498739647599756,-0.039999999999999925,5,48,1.8128588119891875,0.40510429598506487,0.040000000000000036,5,49,1.621096858202635,0.3401168995090673,1.1102230246251565e-16,19
100,5,0.5,skewed,0.0,0.6,0.36455565623701336,0.1319872867681281,-0.020000000000000018,5,50,0.30116982945437837,0.10948535846090088,0.020000000000000018,5,52,-0.06338582678263499,-0.02250192830722722,0.0,0
100,5,0.5,skewed,0.0,0.6,0.3887959378299145,0.13910001411006903,-0.09999999999999998,5,37,0.1688910085661952,0.10525331956419279,0.09999999999999998,5,58,-0.2199049292637193,-0.033846694545876244,0.0,1
100,5,0.5,skewed,0.0,0.6,0.08206399079651486,0.05316918435348439,-0.039999999999999925,5,48,0.13229953457895696,0.07168261013908729,-0.039999999999999925,5,49,0.050235543782442105,0.018513425785602902,0.0,2
100,5,0.5,skewed,0.0,0.6,0.1623285689812039,0.08254413534417546,0.040000000000000036,5,52,0.17004322846905578,0.06357985101303765,-0.020000000000000018,5,49,0.007714659487851883,-0.01896428433113781,-0.020000000000000018,3
100,5,0.5,skewed,0.0,0.6,0.20480168146416133,0.06541697690793707,0.08000000000000007,5,54,0.2640054021091336,0.10820728804917734,0.06000000000000005,5,54,0.05920372064497226,0.04279031114124027,-0.020000000000000018,4
100,5,0.5,skewed,0.0,0.6,0.363268006329641,0.17936111226043489,-0.020000000000000018,5,47,0.6481049322273759,0.24955057544694764,0.09999999999999998,5,52,0.28483692589773485,0.07018946318651276,0.07999999999999996,5
100,5,0.5,skewed,0.0,0.6,0.2484226743964159,0.1385163812320617,0.040000000000000036,5,44,0.35808420714201583,0.21827753770920447,0.06000000000000005,5,54,0.10966153274559992,0.07976115647714277,0.020000000000000018,6
100,5,0.5,skewed,0.0,0.6,0.33154081365015176,0.1579928150342638,0.0,5,52,0.3979030378685493,0.12852913448980527,0.06000000000000005,5,55,0.06636222421839755,-0.029463680544458526,0.06000000000000005,7
100,5,0.5,skewed,0.0,0.6,0.40839892055761223,0.10120021813539011,0.06000000000000005,5,52,0.5157906126056823,0.19947860621024344,0.040000000000000036,5,51,0.10739169204807003,0.09827838807485333,-0.020000000000000018,8
100,5,0.5,skewed,0.0,0.6,0.06899039782736677,0.04994086017802592,-0.07999999999999996,5,46,0.11404723798169787,0.060709253498810914,-0.020000000000000018,5,55,0.045056840154331104,0.010768393320784997,-0.05999999999999994,9
100,5,0.5,skewed,0.0,0.6,0.4215528105608291,0.22054251050298773,0.06000000000000005,5,55,0.16989565457365266,0.07436511395116371,-0.020000000000000018,5,50,-0.2516571559871764,-0.14617739655182402,-0.040000000000000036,10
100,5,0.5,skewed,0.0,0.6,0.05312592281401502,0.024633099154784482,-0.020000000000000018,5,54,0.1746804030811687,0.056835147751979495,-0.09999999999999998,5,48,0.12155448026715368,0.03220204859719501,0.07999999999999996,11
100,5,0.5,skewed,0.0,0.6,0.4529556056476627,0.17822558068919986,-0.07999999999999996,5,49,0.27734314494849704,0.08233548357138981,-0.12,5,47,-0.17561246069916564,-0.09589009711781005,0.040000000000000036,12
100,5,0.5,skewed,0.0,0.6,0.3869209723673312,0.261812117253742,0.020000000000000018,5,48,0.6713955332477801,0.3088529527699387,0.040000000000000036,5,59,0.2844745608804489,0.0470408355161967,0.020000000000000018,13
100,5,0.5,skewed,0.0,0.6,0.3292404540481412,0.11863682522140535,0.14,5,56,0.1408345422251828,0.0603456418504084,-0.12,5,46,-0.18840591182295838,-0.05829118337099695,-0.020000000000000018,14
100,5,0.5,skewed,0.0,0.6,0.6069925971007103,0.15944796696731517,0.020000000000000018,5,50,0.40729708197150105,0.17498044486845427,0.0,5,49,-0.19969551512920924,0.015532477901139097,-0.020000000000000018,15
100,5,0.5,skewed,0.0,0.6,0.4183754181654523,0.13977228583671128,0.040000000000000036,5,50,0.3479732248674508,0.11862974881805759,0.0,5,53,-0.07040219329800151,-0.021142537018653693,-0.040000000000000036,16
100,5,0.5,skewed,0.0,0.6,0.46907828276559305,0.18293545970556774,0.06000000000000005,5,50,0.30063225937677035,0.15840616410288355,0.09999999999999998,5,50,-0.1684460233888227,-0.024529295602684187,0.039999999999999925,17
100,5,0.5,skewed,0.0,0.6,0.36556663117875854,0.12891703122444928,0.12,5,56,0.27452156662055244,0.14542924153276734,-0.020000000000000018,5,44,-0.0910450645582061,0.016512210308318065,-0.09999999999999998,18
100,5,0.5,skewed,0.0,0.6,0.2625000737632266,0.08213553683161838,-0.05999999999999994,5,43,0.26273081375839696,0.10679146699233706,-0.020000000000000018,5,49,0.00023073999517037036,0.02465593016071868,-0.039999999999999925,19
100,5,0.5,skewed,0.1,0.6,0.10033890293755127,0.047115689563818015,-0.020000000000000018,5,48,0.25911553840281937,0.0990056526654848,-0.020000000000000018,5,45,0.1587766354652681,0.05188996310166679,0.0,0
100,5,0.5,skewed,0.1,0.6,0.2254160614552464,0.08354192762395438,0.0,5,49,0.1883990512942168,0.10941533236456365,0.09999999999999998,5,55,-0.037017010161029595,0.02587340474060927,0.09999999999999998,1
100,5,0.5,skewed,0.1,0.6,0.3920052738041642,0.26902499324518786,-0.039999999999999925,5,48,0.5363467637198464,0.26540584725431443,0.0,5,50,0.14434148991568213,-0.003619145990873429,-0.039999999999999925,2
100,5,0.5,skewed,0.1,0.6,0.20047565045866464,0.08026179379157711,0.020000000000000018,5,51,0.30426227770650727,0.1503358965501722,0.09999999999999998,5,55,0.10378662724784263,0.0700741027585951,0.07999999999999996,3
100,5,0.5,skewed,0.1,0.6,0.4501037677369932,0.1691826598351115,-0.05999999999999994,5,48,0.4933324452644513,0.14503351828805008,-0.020000000000000018,5,49,0.043228677527458126,-0.02414914154706141,-0.039999999999999925,4
100,5,0.5,skewed,0.1,0.6,0.3104446953420838,0.08934731603346427,0.06000000000000005,5,50,0.21394062582867657,0.12656919192016397,-0.09999999999999998,5,44,-0.09650406951340723,0.0372218758866997,0.039999999999999925,5
100,5,0.5,skewed,0.1,0.6,0.14399575074566928,0.07480354279328652,0.0,5,50,0.2337188848043381,0.14177181266991923,-0.020000000000000018,5,49,0.08972313405866883,0.06696826987663271,0.020000000000000018,6
100,5,0.5,skewed,0.1,0.6,0.2704292447013679,0.15141383964039684,-0.020000000000000018,5,50,0.46411501820216433,0.1629784376296622,0.020000000000000018,5,49,0.1936857735007964,0.011564597989265346,0.0,7
100,5,0.5,skewed,0.1,0.6,0.5640545628783376,0.28278346338160687,0.020000000000000018,5,46,0.6061859022503253,0.30359203267176255,0.020000000000000018,5,54,0.042131339371987764,0.020808569290155676,0.0,8
100,5,0.5,skewed,0.1,0.6,0.40167768285877226,0.1505799705852019,-0.020000000000000018,5,48,0.6406700062081995,0.23969591344683566,-0.020000000000000018,5,50,0.23899232334942722,0.08911594286163377,0.0,9
100,5,0.5,skewed,0.1,0.6,0.21160994776861886,0.06893034308668272,0.020000000000000018,5,53,0.14822868966637334,0.08376102045626138,0.0,5,55,-0.06338125810224551,0.01483067736957866,-0.020000000000000018,10
100,5,0.5,skewed,0.1,0.6,0.3006538274096838,0.16295420130981247,0.08000000000000007,5,51,0.277607596284764,0.12954596646827607,-0.020000000000000018,5,52,-0.023046231124919825,-0.033408234841536405,-0.06000000000000005,11
100,5,0.5,skewed,0.1,0.6,0.17220569703401872,0.05391505816382609,0.020000000000000018,5,51,0.22008445464965987,0.10975856782124094,-0.039999999999999925,5,52,0.04787875761564114,0.055843509657414844,0.019999999999999907,12
100,5,0.5,skewed,0.1,0.6,0.2067288562499913,0.11021656131991056,-0.05999999999999994,5,47,0.1009834061441122,0.05666340475608782,0.020000000000000018,5,54,-0.10574545010587909,-0.05355315656382274,-0.039999999999999925,13
100,5,0.5,skewed,0.1,0.6,0.15055296798059248,0.07927482254862563,-0.18,5,48,0.4568417160482717,0.14845288070268592,0.0,5,49,0.3062887480676792,0.06917805815406029,-0.18,14
100,5,0.5,skewed,0.1,0.6,0.2891877789015471,0.11384352699739261,0.0,5,51,0.2352144563421337,0.082260629532475,-0.039999999999999925,5,49,-0.05397332255941342,-0.03158289746491762,0.039999999999999925,15
100,5,0.5,skewed,0.1,0.6,0.5996557934051172,0.17123907492238177,0.040000000000000036,5,55,0.30481828297009367,0.12607334386155097,0.0,5,49,-0.29483751043502354,-0.0451657310608308,-0.040000000000000036,16
100,5,0.5,skewed,0.1,0.6,0.808346782685122,0.3295878745586883,-0.039999999999999925,5,50,0.8204238676387176,0.3317073915288792,0.09999999999999998,5,57,0.012077084953595607,0.00211951697019086,0.06000000000000005,17
100,5,0.5,skewed,0.1,0.6,0.6072340495932933,0.29481807563662965,-0.020000000000000018,5,49,0.43220430223412537,0.1671701725746228,0.08000000000000007,5,51,-0.17502974735916793,-0.12764790306200685,0.06000000000000005,18
100,5,0.5,skewed,0.1,0.6,0.17114723481178834,0.09637472603221238,0.0,5,49,0.1619446052516774,0.09639163175564384,-0.020000000000000018,5,55,-0.009202629560110948,1.6905723431465125e-05,0.020000000000000018,19
100,5,0.5,skewed,0.2,0.6,0.10114855497676867,0.051278205649249675,0.020000000000000018,5,50,0.16715310787956827,0.055531770810310396,-0.07999999999999996,5,50,0.06600455290279961,0.004253565161060721,0.05999999999999994,0
100,5,0.5,skewed,0.2,0.6,0.04850428572790218,0.028818200171696905,-0.020000000000000018,5,50,0.15429738288837164,0.09273811359061235,0.06000000000000005,5,49,0.10579309716046946,0.06391991341891544,0.040000000000000036,1
100,5,0.5,skewed,0.2,0.6,0.196702988465525,0.0998113086450132,0.09999999999999998,5,52,0.3766615034928035,0.19810836240900578,-0.039999999999999925,5,46,0.17995851502727847,0.09829705376399259,-0.06000000000000005,2
100,5,0.5,skewed,0.2,0.6,0.4746600637976651,0.13317061396883717,-0.12,5,45,0.4889938245215666,0.1902202983887511,0.040000000000000036,5,50,0.014333760723901467,0.057049684419913926,-0.07999999999999996,3
100,5,0.5,skewed,0.2,0.6,0.6237842483077907,0.1986383617935205,-0.07999999999999996,5,46,0.7135075816669488,0.23306060229121112,0.06000000000000005,5,57,0.08972333335915816,0.034422240497690604,-0.019999999999999907,4
100,5,0.5,skewed,0.2,0.6,0.15322086093051254,0.08403085969702512,-0.07999999999999996,5,46,0.20945936853186328,0.12578077885895808,-0.020000000000000018,5,46,0.05623850760135074,0.041749919161932963,-0.05999999999999994,5
100,5,0.5,skewed,0.2,0.6,0.3817937037526419,0.14334089081660562,-0.039999999999999925,5,52,0.49918645771906867,0.18488047213599362,-0.020000000000000018,5,48,0.11739275396642679,0.04153958131938801,-0.019999999999999907,6
100,5,0.5,skewed,0.2,0.6,0.5704988886220401,0.1457521659118502,0.040000000000000036,5,53,0.3362138144873562,0.12594965551682466,0.040000000000000036,5,48,-0.2342850741346839,-0.019802510395025535,0.0,7
100,5,0.5,skewed,0.2,0.6,0.7191311876170965,0.21441130481422038,-0.07999999999999996,5,45,0.7305316856508524,0.27308897839892754,0.08000000000000007,5,53,0.011400498033755868,0.05867767358470716,1.1102230246251565e-16,8
100,5,0.5,skewed,0.2,0.6,0.7014742478148321,0.2635434823119192,0.14,5,49,0.6536006249041572,0.18009703034076774,0.020000000000000018,5,49,-0.047873622910674984,-0.08344645197115147,-0.12,9
100,5,0.5,skewed,0.2,0.6,0.13491330231464968,0.07369995105217239,0.0,5,49,0.23706178323123542,0.10648209963364055,0.0,5,54,0.10214848091658574,0.03278214858146816,0.0,10
100,5,0.5,skewed,0.2,0.6,0.14739336292914798,0.05198956000541488,0.020000000000000018,5,52,0.14196220038605636,0.07176474412048509,-0.05999999999999994,5,49,-0.005431162543091617,0.019775184115070205,0.039999999999999925,11
100,5,0.5,skewed,0.2,0.6,0.6611623980312715,0.2349997476576488,0.12,5,58,0.5604011195709354,0.2148112325493076,-0.039999999999999925,5,44,-0.10076127846033611,-0.020188515108341215,-0.08000000000000007,12
100,5,0.5,skewed,0.2,0.6,0.1343537599047807,0.08274478199692807,0.020000000000000018,5,52,0.05012724605938584,0.02777504301140149,0.0,5,53,-0.08422651384539487,-0.05496973898552658,-0.020000000000000018,13
100,5,0.5,skewed,0.2,0.6,0.2821982427665039,0.13436795618000735,-0.020000000000000018,5,53,0.2990200052594444,0.1445236773187084,0.020000000000000018,5,51,0.016821762492940484,0.010155721138701057,0.0,14
100,5,0.5,skewed,0.2,0.6,0.7110224364716514,0.17110053939788838,-0.05999999999999994,5,51,0.7733765425827005,0.2222864515418855,-0.039999999999999925,5,48,0.06235410611104908,0.05118591214399712,-0.020000000000000018,15
100,5,0.5,skewed,0.2,0.6,0.33073158295711924,0.15609674240071494,-0.020000000000000018,5,48,0.4347288476014947,0.18346588157935992,0.06000000000000005,5,54,0.10399726464437548,0.027369139178644974,0.040000000000000036,16
100,5,0.5,skewed,0.2,0.6,0.6593063112642004,0.16586506926633626,0.06000000000000005,5,52,0.5386435549561421,0.15887403293128,0.040000000000000036,5,53,-0.12066275630805823,-0.0069910363350562665,-0.020000000000000018,17
100,5,0.5,skewed,0.2,0.6,0.45203053194283266,0.18663675733168614,-0.05999999999999994,5,41,0.15975104167785698,0.09797563342010707,0.06000000000000005,5,53,-0.2922794902649757,-0.08866112391157907,1.1102230246251565e-16,18
100,5,0.5,skewed,0.2,0.6,0.3759547955819308,0.11840485283191145,0.0,5,50,0.13965243685360598,0.10378017481731645,0.040000000000000036,5,51,-0.2363023587283248,-0.014624678014594994,0.040000000000000036,19
100,5,0.5,skewed,0.4,0.6,0.8029519268918603,0.2945283845573772,-0.05999999999999994,5,52,0.8591111792127667,0.3001717456560876,0.040000000000000036,5,60,0.05615925232090635,0.005643361098710442,-0.019999999999999907,0
100,5,0.5,skewed,0.4,0.6,0.1702030583609969,0.08903173520437499,-0.020000000000000018,5,49,0.37336131391603433,0.1130764357271756,-0.039999999999999925,5,41,0.20315825555503744,0.02404470052280061,0.019999999999999907,1
100,5,0.5,skewed,0.4,0.6,0.2526505346787857,0.12132893262058957,0.06000000000000005,5,51,0.18808636572269513,0.10617380786869443,-0.07999999999999996,5,46,-0.06456416895609055,-0.015155124751895135,0.019999999999999907,2
100,5,0.5,skewed,0.4,0.6,0.40671278610989403,0.11566732475893812,0.06000000000000005,5,55,0.15493501259788361,0.07229690161931537,-0.07999999999999996,5,48,-0.2517777735120104,-0.04337042313962275,0.019999999999999907,3
100,5,0.5,skewed,0.4,0.6,0.4724690146073222,0.1705019217142372,-0.020000000000000018,5,49,0.35761353512139843,0.17714294164294406,-0.09999999999999998,5,44,-0.11485547948592378,0.006641019928706859,0.07999999999999996,4
100,5,0.5,skewed,0.4,0.6,0.6506151974526201,0.22265440302313116,-0.020000000000000018,5,52,0.5587655797846739,0.228503458973725,0.12,5,55,-0.09184961766794619,0.0058490559505938455,0.09999999999999998,5
100,5,0.5,skewed,0.4,0.6,0.3082689307139536,0.15079231747084718,0.040000000000000036,5,54,0.7431474083511552,0.24463123513659807,0.040000000000000036,5,51,0.4348784776372016,0.09383891766575089,0.0,6
100,5,0.5,skewed,0.4,0.6,0.08407408593321236,0.0705145013048509,0.020000000000000018,5,52,0.10151859016153675,0.04316376491253682,-0.07999999999999996,5,44,0.017444504228324387,-0.027350736392314084,0.05999999999999994,7
100,5,0.5,skewed,0.4,0.6,0.4958234622473299,0.18969357157270356,-0.020000000000000018,5,50,0.3592592536267365,0.13316447175846005,0.08000000000000007,5,55,-0.13656420862059343,-0.056529099814243505,0.06000000000000005,8
100,5,0.5,skewed,0.4,0.6,0.18765331665154578,0.057118593687736266,0.0,5,56,0.29266443794664726,0.09611241705551218,-0.05999999999999994,5,48,0.10501112129510148,0.03899382336777592,0.05999999999999994,9
100,5,0.5,skewed,0.4,0.6,0.14315314420868608,0.0750618247944888,-0.05999999999999994,5,50,0.24568372903351862,0.12400295763584576,-0.039999999999999925,5,51,0.10253058482483254,0.04894113284135697,-0.020000000000000018,10
100,5,0.5,skewed,0.4,0.6,0.31056470906796607,0.12479919548585565,0.020000000000000018,5,52,0.24508959241939593,0.11688815120129603,0.040000000000000036,5,55,-0.06547511664857014,-0.007911044284559618,0.020000000000000018,11
100,5,0.5,skewed,0.4,0.6,0.22230897655379445,0.09042359939399762,0.08000000000000007,5,55,0.11761408321607343,0.036095880139960616,0.020000000000000018,5,52,-0.10469489333772102,-0.054327719254037,-0.06000000000000005,12
100,5,0.5,skewed,0.4,0.6,0.3008685418507643,0.07844174465475959,0.0,5,47,0.5398785968997208,0.13761007849848422,0.0,5,47,0.23901005504895656,0.059168333843724635,0.0,13
100,5,0.5,skewed,0.4,0.6,0.6364382700591252,0.23709033610387903,0.020000000000000018,5,52,0.43248656328933577,0.18947982338667796,0.020000000000000018,5,48,-0.20395170676978946,-0.04761051271720107,0.0,14
100,5,0.5,skewed,0.4,0.6,0.6411881423641094,0.35755949158596445,0.040000000000000036,5,52,0.6517581374420417,0.3438703916796627,0.08000000000000007,5,58,0.010569995077932326,-0.013689099906301738,0.040000000000000036,15
100,5,0.5,skewed,0.4,0.6,0.12346801563157173,0.05836425632623858,0.08000000000000007,5,51,0.20970848807573036,0.09208278596242345,-0.020000000000000018,5,48,0.08624047244415864,0.033718529636184866,-0.06000000000000005,16
100,5,0.5,skewed,0.4,0.6,0.33808818502663013,0.1398032594203457,0.040000000000000036,5,53,0.22105928867394706,0.11730303379514398,0.020000000000000018,5,47,-0.11702889635268307,-0.02250022562520171,-0.020000000000000018,17
100,5,0.5,skewed,0.4,0.6,0.582375837723579,0.25924698353151027,0.06000000000000005,5,48,0.726629734376511,0.2926599982689971,-0.020000000000000018,5,52,0.14425389665293198,0.03341301473748681,-0.040000000000000036,18
100,5,0.5,skewed,0.4,0.6,0.324851971751094,0.09776260194502477,0.0,5,52,0.12144121967165956,0.05417048774857454,0.14,5,56,-0.20341075207943443,-0.04359211419645023,0.14,19
100,5,0.5,correlated,0.0,0.6,2.5447819507808647,0.9657703964675062,0.06000000000000005,5,56,1.1311903892829545,0.6309302574407858,-0.12,5,42,-1.4135915614979102,-0.3348401390267204,0.05999999999999994,0
100,5,0.5,correlated,0.0,0.6,2.583869311761313,0.675292472272552,0.06000000000000005,5,55,0.8400913915589399,0.255168432004019,-0.07999999999999996,5,46,-1.7437779202023733,-0.42012404026853295,0.019999999999999907,1
100,5,0.5,correlated,0.0,0.6,0.3277015214842202,0.1880495725689599,0.040000000000000036,5,56,2.9854631478254947,0.6948939619200798,0.06000000000000005,5,51,2.6577616263412747,0.5068443893511199,0.020000000000000018,2
100,5,0.5,correlated,0.0,0.6,3.0091138826691313,1.0307629112414867,-0.05999999999999994,5,48,2.873456711123279,0.753916897695243,0.020000000000000018,5,53,-0.13565717154585233,-0.2768460135462437,-0.039999999999999925,3
100,5,0.5,correlated,0.0,0.6,0.3541960205719472,0.09121539670441378,-0.039999999999999925,5,44,0.4596398286008525,0.2990655886396834,-0.039999999999999925,5,49,0.1054438080289053,0.20785019193526963,0.0,4
100,5,0.5,correlated,0.0,0.6,2.800154986671859,0.8411518452374189,0.020000000000000018,5,52,0.8109984587300578,0.4261943643273606,-0.12,5,46,-1.989156527941801,-0.41495748091005835,0.09999999999999998,5
100,5,0.5,correlated,0.0,0.6,0.6642336319228154,0.1987751232588912,0.020000000000000018,5,54,3.2549911969114005,0.9260822134444009,0.040000000000000036,5,49,2.5907575649885852,0.7273070901855097,0.020000000000000018,6
100,5,0.5,correlated,0.0,0.6,1.6364865792614804,1.0131162437050807,-0.039999999999999925,5,50,0.3709185788887943,0.18842549265869926,0.08000000000000007,5,55,-1.2655680003726861,-0.8246907510463815,0.04000000000000015,7
100,5,0.5,correlated,0.0,0.6,2.1388957364348267,0.7846144033106561,0.040000000000000036,5,54,1.9167908382843233,0.4590520293865213,0.06000000000000005,5,54,-0.22210489815050338,-0.32556237392413484,0.020000000000000018,8
100,5,0.5,correlated,0.0,0.6,0.6678785266376793,0.26641469867873324,-0.07999999999999996,5,46,0.601548251926759,0.3341082847234827,-0.020000000000000018,5,51,-0.06633027471092034,0.06769358604474945,-0.05999999999999994,9
100,5,0.5,correlated,0.0,0.6,15.806267138585591,3.42726868751087,-0.039999999999999925,5,51,40.54015266605078,9.537598798726755,-0.020000000000000018,5,50,24.73388552746519,6.110330111215885,-0.019999999999999907,10
100,5,0.5,correlated,0.0,0.6,0.3458015427940921,0.1231738556741723,0.12,5,52,0.6449859967666859,0.2920716486230769,0.0,5,52,0.2991844539725938,0.16889779294890458,-0.12,11
100,5,0.5,correlated,0.0,0.6,0.5745595122905377,0.2069799749325441,0.06000000000000005,5,51,0.998726964610058,0.48683794719203666,0.040000000000000036,5,54,0.42416745231952035,0.27985797225949255,-0.020000000000000018,12
100,5,0.5,correlated,0.0,0.6,0.3780959443230903,0.15989765992754817,0.08000000000000007,5,53,0.8377286848028979,0.2545080061480288,-0.05999999999999994,5,48,0.45963274047980757,0.09461034622048065,-0.02000000000000013,13
100,5,0.5,correlated,0.0,0.6,0.5401220943462364,0.2112631370619372,0.20000000000000007,5,61,0.7678491377168644,0.30279454218459195,-0.039999999999999925,5,49,0.227727043370628,0.09153140512265476,-0.16000000000000014,14
100,5,0.5,correlated,0.0,0.6,2.9668485701210967,0.7693172590400319,-0.05999999999999994,5,48,0.21493261744784456,0.0713318641092515,0.0,5,48,-2.751915952673252,-0.6979853949307804,-0.05999999999999994,15
100,5,0.5,correlated,0.0,0.6,3.5102722675498903,1.652120037636233,-0.13999999999999996,5,39,3.051154986916593,1.3979217228383753,0.040000000000000036,5,54,-0.4591172806332975,-0.2541983147978577,-0.09999999999999992,16
100,5,0.5,correlated,0.0,0.6,1.760720910705377,0.6683390764687855,-0.039999999999999925,5,44,0.19765761137837512,0.09975155412782358,0.020000000000000018,5,58,-1.563063299327002,-0.568587522340962,-0.019999999999999907,17
100,5,0.5,correlated,0.0,0.6,0.20925417138807997,0.08513554272952926,0.06000000000000005,5,54,0.7186177709999119,0.329052128868954,0.0,5,50,0.5093635996118319,0.24391658613942474,-0.06000000000000005,18
100,5,0.5,correlated,0.0,0.6,3.237691798914262,1.1289318799740529,0.16000000000000003,5,59,1.4269189359393388,0.5229634733849234,0.0,5,52,-1.8107728629749233,-0.6059684065891294,-0.16000000000000003,19
100,5,0.5,correlated,0.1,0.6,1.275773200305288,0.3560318933920624,0.09999999999999998,5,62,1.7389814913501722,0.4561871494786291,0.020000000000000018,5,53,0.46320829104488426,0.10015525608656667,-0.07999999999999996,0
100,5,0.5,correlated,0.1,0.6,1.132387236317121,0.43811032616282464,0.20000000000000007,5,63,0.958617454026682,0.3367239034630883,-0.020000000000000018,5,56,-0.17376978229043905,-0.10138642269973636,-0.18000000000000005,1
100,5,0.5,correlated,0.1,0.6,0.5826813472240278,0.21317335765447626,-0.020000000000000018,5,47,1.6013401796272424,0.6027738087355434,-0.020000000000000018,5,53,1.0186588324032146,0.38960045108106717,0.0,2
100,5,0.5,correlated,0.1,0.6,0.29792853454167734,0.17668400707682702,-0.09999999999999998,5,49,0.22621068082747314,0.09336855377972438,-0.05999999999999994,5,47,-0.0717178537142042,-0.08331545329710265,-0.040000000000000036,3
100,5,0.5,correlated,0.1,0.6,0.16323909171098097,0.08864512412609545,0.020000000000000018,5,50,0.37823265192877115,0.14504988407425212,0.08000000000000007,5,56,0.21499356021779018,0.05640475994815668,0.06000000000000005,4
100,5,0.5,correlated,0.1,0.6,0.1321263601474377,0.057352131032671595,0.06000000000000005,5,52,0.0741409236578425,0.041460879288217414,-0.039999999999999925,5,47,-0.0579854364895952,-0.01589125174445418,-0.02000000000000013,5
100,5,0.5,correlated,0.1,0.6,0.4856967521793898,0.15618688234593267,-0.07999999999999996,5,46,0.46235462466435234,0.2273636400984121,-0.020000000000000018,5,50,-0.023342127515037447,0.07117675775247942,-0.05999999999999994,6
100,5,0.5,correlated,0.1,0.6,0.4884183606380729,0.17207007011645128,0.0,5,48,1.4963231430020985,0.40529542301645327,0.020000000000000018,5,51,1.0079047823640255,0.233225352900002,0.020000000000000018,7
100,5,0.5,correlated,0.1,0.6,1.564696680128814,0.42636384859056237,0.08000000000000007,5,55,0.8012933592566108,0.23601172483067817,0.040000000000000036,5,51,-0.7634033208722032,-0.1903521237598842,-0.040000000000000036,8
100,5,0.5,correlated,0.1,0.6,0.1932029617276166,0.13206492918048524,-0.020000000000000018,5,46,0.5276292695780973,0.21314736070358076,0.020000000000000018,5,49,0.33442630785048066,0.08108243152309552,0.0,9
100,5,0.5,correlated,0.1,0.6,0.37805655470633254,0.19726827478514447,0.08000000000000007,5,57,0.251080900860226,0.128483462517923,-0.020000000000000018,5,48,-0.12697565384610654,-0.06878481226722147,-0.06000000000000005,10
100,5,0.5,correlated,0.1,0.6,1.9472638925211745,0.48429497772241337,-0.13999999999999996,5,45,2.2951965701589327,0.5953301721924252,0.040000000000000036,5,57,0.34793267763775826,0.11103519447001187,-0.09999999999999992,11
100,5,0.5,correlated,0.1,0.6,0.22935338510881573,0.1369683930567948,0.0,5,46,0.3705372498845539,0.24979562581288683,0.020000000000000018,5,52,0.14118386477573816,0.11282723275609202,0.020000000000000018,12
100,5,0.5,correlated,0.1,0.6,0.2122724116579266,0.10063983245381902,0.040000000000000036,5,51,0.38456687651622706,0.17519822078942865,0.0,5,52,0.17229446485830047,0.07455838833560963,-0.040000000000000036,13
100,5,0.5,correlated,0.1,0.6,7.56282581694947,1.8810101659928649,0.0,5,51,1.898523690955607,0.42625049514096125,0.08000000000000007,5,54,-5.6643021259938635,-1.4547596708519035,0.08000000000000007,14
100,5,0.5,correlated,0.1,0.6,6.108831958737076,1.6447915201362495,0.020000000000000018,5,52,26.038162598437815,6.606602910516857,-0.020000000000000018,5,49,19.929330639700737,4.961811390380608,0.0,15
100,5,0.5,correlated,0.1,0.6,12.784864126476435,2.7583443900091966,-0.15999999999999998,5,39,0.44180175147286793,0.21475873191959058,-0.05999999999999994,5,46,-12.343062375003568,-2.543585658089606,-0.10000000000000003,16
100,5,0.5,correlated,0.1,0.6,0.2177570705179782,0.08509216513534534,-0.05999999999999994,5,46,0.7946003564019958,0.2976673096469981,-0.12,5,38,0.5768432858840176,0.21257514451165277,0.06000000000000005,17
100,5,0.5,correlated,0.1,0.6,0.2654007893524683,0.15658801137421502,0.09999999999999998,5,59,3.684074746931271,1.3209116831884145,0.06000000000000005,5,58,3.4186739575788025,1.1643236718141994,-0.039999999999999925,18
100,5,0.5,correlated,0.1,0.6,1.5530013226189934,0.9181148239190696,0.08000000000000007,5,57,1.4278653755556532,0.6159516389714202,0.0,5,54,-0.1251359470633402,-0.3021631849476494,-0.08000000000000007,19
100,5,0.5,correlated,0.2,0.6,5.05154412437685,1.4582401900511122,0.06000000000000005,5,57,3.8949827150910323,1.245459985294695,-0.05999999999999994,5,46,-1.1565614092858176,-0.21278020475641712,-1.1102230246251565e-16,0
100,5,0.5,correlated,0.2,0.6,4.12463195736575,1.5008718048195433,-0.07999999999999996,5,44,6.05469614976014,2.0993227860627455,0.09999999999999998,5,57,1.93006419239439,0.5984509812432022,0.020000000000000018,1
100,5,0.5,correlated,0.2,0.6,12.453221587710058,2.727444855345733,0.08000000000000007,5,53,11.808785360853712,2.40684194908697,-0.09999999999999998,5,41,-0.6444362268563459,-0.3206029062587632,0.019999999999999907,2
100,5,0.5,correlated,0.2,0.6,0.27086889245669576,0.1397472986102204,-0.039999999999999925,5,49,0.1906554788988548,0.11466088516700523,0.06000000000000005,5,54,-0.08021341355784095,-0.02508641344321516,0.02000000000000013,3
100,5,0.5,correlated,0.2,0.6,0.17450100610900957,0.08210311177396194,-0.21999999999999997,5,34,0.4201824384041117,0.24152491822297603,-0.12,5,42,0.24568143229510211,0.1594218064490141,-0.09999999999999998,4
100,5,0.5,correlated,0.2,0.6,2.407522415139848,1.0798930590823042,0.020000000000000018,5,54,4.48961460634793,1.1643661551246618,-0.12,5,40,2.0820921912080816,0.08447309604235764,0.09999999999999998,5
100,5,0.5,correlated,0.2,0.6,0.15828938694519157,0.10184971636794213,0.0,5,50,0.1863263417029869,0.07341122711855211,0.020000000000000018,5,51,0.02803695475779533,-0.02843848924939002,0.020000000000000018,6
100,5,0.5,correlated,0.2,0.6,0.41987921518737203,0.24055152288950374,-0.020000000000000018,5,51,0.5870115198237807,0.26600655647787275,0.040000000000000036,5,55,0.1671323046364087,0.025455033588369008,0.020000000000000018,7
100,5,0.5,correlated,0.2,0.6,1.2472270730985546,0.38023927877200514,-0.05999999999999994,5,42,1.4866656765329316,0.48851230456276706,0.020000000000000018,5,51,0.23943860343437695,0.10827302579076192,-0.039999999999999925,8
100,5,0.5,correlated,0.2,0.6,0.12664638839858275,0.07313311823584538,-0.07999999999999996,5,46,0.2554202262346778,0.10559946168735271,0.06000000000000005,5,54,0.12877383783609506,0.032466343451507326,-0.019999999999999907,9
100,5,0.5,correlated,0.2,0.6,1.1137243787448254,0.3164551060761042,-0.020000000000000018,5,48,2.0720424342174355,0.6463085953209212,-0.039999999999999925,5,52,0.9583180554726101,0.329853489244817,0.019999999999999907,10
100,5,0.5,correlated,0.2,0.6,0.3859062208971966,0.1293722811699779,-0.05999999999999994,5,50,0.37010634326083636,0.15549789284433088,0.040000000000000036,5,52,-0.01579987763636026,0.026125611674352983,-0.019999999999999907,11
100,5,0.5,correlated,0.2,0.6,0.6660055397206958,0.2419769224268314,0.040000000000000036,5,56,0.4650107473156311,0.22957865054370036,-0.020000000000000018,5,48,-0.20099479240506468,-0.012398271883131029,-0.020000000000000018,12
100,5,0.5,correlated,0.2,0.6,0.22463696462692076,0.1138703473663345,0.09999999999999998,5,53,0.5925262511474318,0.2563269180397919,0.06000000000000005,5,47,0.3678892865205111,0.1424565706734574,-0.039999999999999925,13
100,5,0.5,correlated,0.2,0.6,1.1282448221541015,0.43645000755189367,0.0,5,57,1.2131149692096854,0.6584433018950546,-0.039999999999999925,5,45,0.08487014705558393,0.22199329434316095,0.039999999999999925,14
100,5,0.5,correlated,0.2,0.6,0.0781196977942037,0.04127265681877478,-0.05999999999999994,5,43,0.11042481646902717,0.045670670639709324,-0.12,5,42,0.03230511867482347,0.004398013820934542,0.06000000000000005,15
100,5,0.5,correlated,0.2,0.6,3.5447463316569374,1.7219622890129038,-0.020000000000000018,5,47,2.783676613744053,1.0482087465656296,0.040000000000000036,5,51,-0.7610697179128842,-0.6737535424472743,0.020000000000000018,16
100,5,0.5,correlated,0.2,0.6,63.59564155432413,13.674065607773665,0.08000000000000007,5,55,22.731155011997398,4.796948697442675,0.09999999999999998,5,56,-40.86448654232673,-8.87711691033099,0.019999999999999907,17
100,5,0.5,correlated,0.2,0.6,0.2367213870173739,0.12893466309167956,0.040000000000000036,5,51,0.11681511515458765,0.06917612645955222,-0.05999999999999994,5,44,-0.11990627186278627,-0.05975853663212734,0.019999999999999907,18
100,5,0.5,correlated,0.2,0.6,1.4083959364586711,1.067460113743313,0.06000000000000005,5,57,0.13210359815503397,0.06542356773742744,-0.05999999999999994,5,45,-1.276292338303637,-1.0020365460058855,-1.1102230246251565e-16,19
100,5,0.5,correlated,0.4,0.6,0.7655174528808808,0.5299491533461426,0.12,5,59,0.8306454048412704,0.3074355898385725,-0.039999999999999925,5,47,0.06512795196038956,-0.22251356350757007,-0.08000000000000007,0
100,5,0.5,correlated,0.4,0.6,2.8844582796898766,1.1104810083176841,-0.020000000000000018,5,50,6.835620218671182,1.60069853498925,0.08000000000000007,5,48,3.9511619389813055,0.4902175266715658,0.06000000000000005,1
100,5,0.5,correlated,0.4,0.6,0.12322411416824984,0.07504602059270929,0.06000000000000005,5,55,0.19333361758328707,0.09981577010069326,0.0,5,48,0.07010950341503723,0.024769749507983968,-0.06000000000000005,2
100,5,0.5,correlated,0.4,0.6,1.9254941305204576,0.5376436529030852,-0.020000000000000018,5,51,0.45775951032105666,0.23704451701873888,0.08000000000000007,5,53,-1.4677346201994008,-0.3005991358843464,0.06000000000000005,3
100,5,0.5,correlated,0.4,0.6,4.381431976953062,1.5447569555992735,-0.05999999999999994,5,46,18.632531302829086,5.801660038787435,-0.09999999999999998,5,49,14.251099325876025,4.256903083188162,0.040000000000000036,4
100,5,0.5,correlated,0.4,0.6,0.21048952283219194,0.12286340286977504,0.09999999999999998,5,61,0.24130107203366077,0.09315384931750575,-0.07999999999999996,5,47,0.030811549201468835,-0.029709553552269286,-0.020000000000000018,5
100,5,0.5,correlated,0.4,0.6,0.9242236666072207,0.3905745337910095,-0.09999999999999998,5,41,0.5992181701834353,0.2657444679727318,-0.05999999999999994,5,48,-0.3250054964237854,-0.12483006581827766,-0.040000000000000036,6
100,5,0.5,correlated,0.4,0.6,0.9132939321201878,0.46121505464854706,0.06000000000000005,5,52,0.5597811939967828,0.34793306480872915,-0.020000000000000018,5,52,-0.353512738123405,-0.11328198983981791,-0.040000000000000036,7
100,5,0.5,correlated,0.4,0.6,1.0670382901381539,0.663517087536229,0.020000000000000018,5,54,0.6536470922016174,0.36778578518090416,-0.039999999999999925,5,48,-0.41339119793653645,-0.2957313023553248,0.019999999999999907,8
100,5,0.5,correlated,0.4,0.6,0.6523691804338203,0.36638380249687996,0.18000000000000005,5,60,0.17967849075577044,0.1183525318084629,0.020000000000000018,5,54,-0.47269068967804984,-0.24803127068841707,-0.16000000000000003,9
100,5,0.5,correlated,0.4,0.6,3.1483155295672107,1.5894304268937438,0.0,5,53,1.5574732999204164,0.47848839094715234,-0.07999999999999996,5,45,-1.5908422296467943,-1.1109420359465916,0.07999999999999996,10
100,5,0.5,correlated,0.4,0.6,0.26096136043328744,0.19310489937565112,-0.020000000000000018,5,51,0.2120717973017038,0.15699339622426345,-0.07999999999999996,5,42,-0.04888956313158363,-0.03611150315138767,0.05999999999999994,11
100,5,0.5,correlated,0.4,0.6,0.6796923281157996,0.44079526619829607,-0.020000000000000018,5,50,0.6470614315338735,0.2289664089320425,-0.039999999999999925,5,47,-0.03263089658192608,-0.21182885726625356,0.019999999999999907,12
100,5,0.5,correlated,0.4,0.6,1.3462450128765522,0.5998264654626089,0.040000000000000036,5,50,1.6171133292160302,0.6215099113937282,-0.05999999999999994,5,45,0.27086831633947805,0.02168344593111937,0.019999999999999907,13
100,5,0.5,correlated,0.4,0.6,4.8476176469525205,1.2676595812360936,0.040000000000000036,5,53,2.7744700543334577,0.8381930502717564,-0.039999999999999925,5,51,-2.073147592619063,-0.4294665309643372,-1.1102230246251565e-16,14
100,5,0.5,correlated,0.4,0.6,1.0813697935839193,0.3800767361025728,-0.15999999999999998,5,41,0.20241945970498929,0.07980135494664561,0.040000000000000036,5,53,-0.87895033387893,-0.3002753811559272,-0.11999999999999994,15
100,5,0.5,correlated,0.4,0.6,0.17302374296782816,0.09036546411900678,-0.020000000000000018,5,53,0.6500248211882144,0.3180704559429856,0.020000000000000018,5,53,0.4770010782203862,0.22770499182397883,0.0,16
100,5,0.5,correlated,0.4,0.6,0.14691668056046545,0.05685919227174134,-0.05999999999999994,5,48,0.1869569048792007,0.07781952052940568,0.040000000000000036,5,50,0.040040224318735246,0.020960328257664335,-0.019999999999999907,17
100,5,0.5,correlated,0.4,0.6,4.121992500205121,0.894306110669979,0.0,5,51,65.84824393392425,13.396045631857259,0.12,5,54,61.72625143371913,12.50173952118728,0.12,18
100,5,0.5,correlated,0.4,0.6,0.9037129283764217,0.43183270406324226,0.040000000000000036,5,47,0.40636959492529945,0.17875049896017287,-0.05999999999999994,5,46,-0.49734333345112225,-0.2530822051030694,0.019999999999999907,19
100,5,0.8,mixed,0.0,0.6,0.22471127235947924,0.06541653842049883,0.012500000000000067,5,81,0.09466321758653136,0.03693017031010173,-0.025000000000000022,5,82,-0.1300480547729479,-0.0284863681103971,0.012499999999999956,0
100,5,0.8,mixed,0.0,0.6,0.11394741847726977,0.04859479842566558,0.0,5,82,0.13663832463311276,0.051919339356806295,-0.012499999999999956,5,81,0.022690906155842988,0.003324540931140714,0.012499999999999956,1
100,5,0.8,mixed,0.0,0.6,0.4030314217418687,0.10799376872876787,-0.012499999999999956,5,78,0.2113030833935063,0.07340005558017634,0.012500000000000067,5,79,-0.19172833834836236,-0.034593713148591526,1.1102230246251565e-16,2
100,5,0.8,mixed,0.0,0.6,0.39582617524838987,0.1045535702244971,-0.012499999999999956,5,81,0.31129778074142367,0.0775351493261711,0.0,5,80,-0.0845283945069662,-0.027018420898325998,-0.012499999999999956,3
100,5,0.8,mixed,0.0,0.6,0.23944071998113883,0.05703279522804777,0.0,5,80,0.057135232644056615,0.015998761763231083,0.03749999999999998,5,83,-0.1823054873370822,-0.04103403346481669,0.03749999999999998,4
100,5,0.8,mixed,0.0,0.6,0.2867326254455332,0.09409948370700764,-0.025000000000000022,5,81,0.524157682672091,0.13383367568758167,0.012500000000000067,5,80,0.23742505722655777,0.03973419198057403,-0.012499999999999956,5
100,5,0.8,mixed,0.0,0.6,1.2109474524115875,0.26023066183506105,0.050000000000000044,5,81,0.30276007854837766,0.08334261589412945,0.012500000000000067,5,81,-0.9081873738632098,-0.1768880459409316,-0.03749999999999998,6
100,5,0.8,mixed,0.0,0.6,0.7279337664552007,0.2381717784541987,0.012500000000000067,5,80,0.5100586491277602,0.17273034716777858,-0.012499999999999956,5,78,-0.21787511732744047,-0.06544143128642013,-1.1102230246251565e-16,7
100,5,0.8,mixed,0.0,0.6,0.6120739347356583,0.13622297367687147,-0.012499999999999956,5,81,0.4077079316274527,0.10660107364691034,0.025000000000000022,5,82,-0.20436600310820557,-0.029621900029961137,0.012500000000000067,8
100,5,0.8,mixed,0.0,0.6,0.45517084309735234,0.1142542791452286,-0.025000000000000022,5,80,0.568806105533731,0.13240604199065542,0.025000000000000022,5,83,0.11363526243637867,0.018151762845426828,0.0,9
100,5,0.8,mixed,0.0,0.6,0.2717032651242952,0.08043355816078457,-0.025000000000000022,5,79,0.18488756737897227,0.05641041943350915,-0.025000000000000022,5,76,-0.08681569774532294,-0.02402313872727542,0.0,10
100,5,0.8,mixed,0.0,0.6,0.1336691282859475,0.04571345043506171,-0.012499999999999956,5,83,0.4823682455340277,0.10672392697112487,-0.025000000000000022,5,78,0.34869911724808017,0.06101047653606316,0.012500000000000067,11
100,5,0.8,mixed,0.0,0.6,0.07982228110062758,0.023538668282275986,-0.012499999999999956,5,81,0.23309841282847668,0.0890470440196405,-0.03749999999999998,5,78,0.1532761317278491,0.06550837573736451,0.025000000000000022,12
100,5,0.8,mixed,0.0,0.6,0.18538368543753422,0.0633359251895931,0.012500000000000067,5,80,0.06142166645227667,0.04167176601066633,-0.03749999999999998,5,78,-0.12396201898525755,-0.02166415917892678,0.02499999999999991,13
100,5,0.8,mixed,0.0,0.6,0.4830503434647697,0.15096002253737373,0.025000000000000022,5,84,0.03825081154980735,0.01528263475190909,0.0,5,80,-0.44479953191496235,-0.13567738778546465,-0.025000000000000022,14
100,5,0.8,mixed,0.0,0.6,0.1584427604042653,0.03638210893684046,-0.025000000000000022,5,80,0.061438559467133586,0.03293283147133966,0.050000000000000044,5,82,-0.09700420093713172,-0.003449277465500805,0.025000000000000022,15
100,5,0.8,mixed,0.0,0.6,0.5153736665376828,0.12363083503503311,0.0,5,78,0.21802420621393367,0.058096983031942585,-0.012499999999999956,5,81,-0.2973494603237491,-0.06553385200309053,0.012499999999999956,16
100,5,0.8,mixed,0.0,0.6,1.2047949304845216,0.3376704781655223,0.012500000000000067,5,79,1.868051974498322,0.46011846670781587,-0.012499999999999956,5,77,0.6632570440138004,0.12244798854229355,-1.1102230246251565e-16,17
100,5,0.8,mixed,0.0,0.6,0.5039893292615727,0.1255910595798518,0.0,5,81,0.3571035093575174,0.08529345745132892,0.0,5,78,-0.1468858199040553,-0.04029760212852289,0.0,18
100,5,0.8,mixed,0.0,0.6,0.6770467453630518,0.19585605734058548,0.012500000000000067,5,82,0.5138358807342464,0.1780049828542234,-0.012499999999999956,5,76,-0.1632108646288054,-0.017851074486362084,-1.1102230246251565e-16,19
100,5,0.8,mixed,0.1,0.6,0.27096685428827216,0.09211750982851427,-0.012499999999999956,5,81,0.45327045896546087,0.12119389920120578,0.012500000000000067,5,80,0.1823036046771887,0.02907638937269151,1.1102230246251565e-16,0
100,5,0.8,mixed,0.1,0.6,0.532270571027444,0.15838256463122596,0.012500000000000067,5,79,0.32430130815955227,0.08712520548268801,0.025000000000000022,5,82,-0.20796926286789175,-0.07125735914853795,0.012499999999999956,1
100,5,0.8,mixed,0.1,0.6,0.7291535018934098,0.226433629949876,0.0,5,80,1.7720026106191842,0.45381152927373314,-0.012499999999999956,5,76,1.0428491087257745,0.22737789932385713,0.012499999999999956,2
100,5,0.8,mixed,0.1,0.6,3.0553893417813818,0.6331247837080201,0.025000000000000022,5,80,1.1707728058379878,0.275860806809166,0.012500000000000067,5,82,-1.884616535943394,-0.35726397689885403,-0.012499999999999956,3
100,5,0.8,mixed,0.1,0.6,0.09146193548589875,0.033176580813470205,-0.012499999999999956,5,80,0.20479286494496401,0.07458676235364167,0.0,5,79,0.11333092945906527,0.04141018154017147,-0.012499999999999956,4
100,5,0.8,mixed,0.1,0.6,0.2892156765387473,0.06908687993265597,-0.012499999999999956,5,77,0.15205367718260546,0.03773346649367783,0.0,5,81,-0.13716199935614184,-0.03135341343897814,-0.012499999999999956,5
100,5,0.8,mixed,0.1,0.6,0.20953170045422662,0.07803435300312814,0.0,5,81,0.08228675848633848,0.02883270223704821,0.012500000000000067,5,80,-0.12724494196788813,-0.04920165076607993,0.012500000000000067,6
100,5,0.8,mixed,0.1,0.6,0.5512455092857045,0.15111533536375238,0.0,5,77,0.08456403458315549,0.024263053338496,-0.012499999999999956,5,78,-0.466681474702549,-0.1268522820252564,0.012499999999999956,7
100,5,0.8,mixed,0.1,0.6,0.2176297416691827,0.08198327828982019,-0.012499999999999956,5,78,0.031755536941904944,0.013534388289918726,-0.012499999999999956,5,77,-0.18587420472727775,-0.06844888999990147,0.0,8
100,5,0.8,mixed,0.1,0.6,0.12190592114212728,0.042983712417991066,-0.03749999999999998,5,79,0.23659531447503374,0.061798073527450335,0.0,5,79,0.11468939333290645,0.01881436110945927,-0.03749999999999998,9
100,5,0.8,mixed,0.1,0.6,0.29039290258597095,0.06597373556353239,0.025000000000000022,5,81,0.06449263227231058,0.028600533469426963,0.0,5,82,-0.22590027031366036,-0.037373202094105426,-0.025000000000000022,10
100,5,0.8,mixed,0.1,0.6,0.06705452810811163,0.036787614252399334,0.025000000000000022,5,82,0.06052112119933795,0.029458207890346068,0.03749999999999998,5,81,-0.00653340690877368,-0.007329406362053266,0.012499999999999956,11
100,5,0.8,mixed,0.1,0.6,0.4072982777649253,0.09652592560660747,-0.03749999999999998,5,78,1.3734620895018341,0.3031176313729399,0.012500000000000067,5,78,0.9661638117369089,0.20659170576633243,-0.02499999999999991,12
100,5,0.8,mixed,0.1,0.6,0.3333393573069201,0.07715510487028379,-0.025000000000000022,5,80,0.5466466671780156,0.14331592820798061,0.025000000000000022,5,83,0.21330730987109547,0.06616082333769682,0.0,13
100,5,0.8,mixed,0.1,0.6,2.28830440906713,0.48540500289536004,0.0,5,79,0.17816446390161822,0.04364976720545689,-0.012499999999999956,5,80,-2.110139945165512,-0.44175523568990316,0.012499999999999956,14
100,5,0.8,mixed,0.1,0.6,0.055553240532069635,0.019662801768082713,-0.012499999999999956,5,79,0.09816806784727802,0.03395680443123146,-0.03749999999999998,5,78,0.04261482731520839,0.014294002663148748,0.025000000000000022,15
100,5,0.8,mixed,0.1,0.6,0.6071325900487279,0.1481019431736202,0.012500000000000067,5,80,0.09144765204001064,0.0477796461595391,0.012500000000000067,5,83,-0.5156849380087173,-0.10032229701408109,0.0,16
100,5,0.8,mixed,0.1,0.6,0.2963329545988782,0.1136547442455699,0.012500000000000067,5,78,0.43996613917791233,0.12488675510927102,0.012500000000000067,5,82,0.14363318457903412,0.011232010863701125,0.0,17
100,5,0.8,mixed,0.1,0.6,0.38650478926843895,0.09418792209723785,0.0,5,81,0.8625270401908995,0.2207955458038701,0.025000000000000022,5,81,0.4760222509224606,0.12660762370663226,0.025000000000000022,18
100,5,0.8,mixed,0.1,0.6,0.2502785858596854,0.06428546452378543,0.012500000000000067,5,77,0.18579493292822527,0.048604045548069005,-0.012499999999999956,5,81,-0.0644836529314601,-0.015681418975716427,-1.1102230246251565e-16,19
100,5,0.8,mixed,0.2,0.6,0.04047708077392796,0.02499870435411085,0.0,5,79,0.11985312032148258,0.04367753647776811,-0.012499999999999956,5,78,0.07937603954755462,0.018678832123657264,0.012499999999999956,0
100,5,0.8,mixed,0.2,0.6,0.6030176957880632,0.15668444649600463,0.012500000000000067,5,82,2.226852873390311,0.45951535783337566,0.0,5,80,1.6238351776022477,0.30283091133737106,-0.012500000000000067,1
100,5,0.8,mixed,0.2,0.6,0.06231985604756726,0.02259050568466891,-0.07499999999999996,5,79,0.23759704619133593,0.06036569303246303,0.012500000000000067,5,80,0.17527719014376866,0.03777518734779412,-0.06249999999999989,2
100,5,0.8,mixed,0.2,0.6,0.1855756596304967,0.07596199934868679,0.0,5,82,1.7228318451888873,0.37082696101336177,-0.025000000000000022,5,80,1.5372561855583906,0.29486496166467496,0.025000000000000022,3
100,5,0.8,mixed,0.2,0.6,0.18220885431915407,0.07515224361149894,-0.04999999999999993,5,78,0.23635849858031302,0.07230828514278267,0.0,5,78,0.05414964426115895,-0.002843958468716268,-0.04999999999999993,4
100,5,0.8,mixed,0.2,0.6,0.9883972928239748,0.231080226068041,0.012500000000000067,5,81,1.8576394493051562,0.4904437989400896,-0.03749999999999998,5,76,0.8692421564811814,0.2593635728720486,0.02499999999999991,5
100,5,0.8,mixed,0.2,0.6,0.2023407653367547,0.06550298234121263,0.0,5,77,0.14947560417014413,0.03928391510737002,0.012500000000000067,5,79,-0.05286516116661058,-0.02621906723384261,0.012500000000000067,6
100,5,0.8,mixed,0.2,0.6,0.043397470219266904,0.028284452700947454,-0.03749999999999998,5,76,0.7815780404028158,0.1889158104744386,-0.025000000000000022,5,79,0.7381805701835489,0.16063135777349113,-0.012499999999999956,7
100,5,0.8,mixed,0.2,0.6,0.23475786448392286,0.07290597147852088,0.050000000000000044,5,85,0.22480372199018736,0.058838435264046265,0.0,5,80,-0.009954142493735496,-0.01406753621447461,-0.050000000000000044,8
100,5,0.8,mixed,0.2,0.6,0.796547929046199,0.17818547884409291,-0.012499999999999956,5,77,0.04418790020940536,0.015125388516440954,-0.03749999999999998,5,77,-0.7523600288367936,-0.16306009032765195,0.025000000000000022,9
100,5,0.8,mixed,0.2,0.6,0.26227105959953106,0.06796031810802385,-0.03749999999999998,5,80,0.4184488866036942,0.10106895807060956,0.050000000000000044,5,79,0.15617782700416316,0.033108639962585715,0.012500000000000067,10
100,5,0.8,mixed,0.2,0.6,0.23286942559252286,0.08949782214375294,-0.025000000000000022,5,79,0.24171827292525874,0.07857471836196908,-0.025000000000000022,5,80,0.008848847332735887,-0.010923103781783863,0.0,11
100,5,0.8,mixed,0.2,0.6,0.6791181659750739,0.1947741283977999,-0.012499999999999956,5,78,1.778704502482846,0.38165871615364716,0.0,5,79,1.0995863365077723,0.18688458775584726,-0.012499999999999956,12
100,5,0.8,mixed,0.2,0.6,0.9131300968650393,0.28102291704385857,-0.03749999999999998,5,78,2.4249423685725278,0.5705549835038396,0.0,5,81,1.5118122717074884,0.28953206645998103,-0.03749999999999998,13
100,5,0.8,mixed,0.2,0.6,0.6892811269400986,0.17029799994081524,-0.03749999999999998,5,79,0.754534229195106,0.16749370495688976,-0.025000000000000022,5,78,0.06525310225500747,-0.0028042949839254816,-0.012499999999999956,14
100,5,0.8,mixed,0.2,0.6,0.1701885724157367,0.05131309059214739,0.012500000000000067,5,82,0.23575911255439227,0.0974292056795277,0.050000000000000044,5,81,0.06557054013865557,0.04611611508738031,0.03749999999999998,15
100,5,0.8,mixed,0.2,0.6,0.21914388625725767,0.05780262603476486,0.025000000000000022,5,80,0.07436145297543842,0.025809775379132444,0.025000000000000022,5,82,-0.14478243328181925,-0.03199285065563241,0.0,16
100,5,0.8,mixed,0.2,0.6,0.3869128255745839,0.10322791558585623,-0.025000000000000022,5,81,0.15577484426429328,0.04231344439884829,-0.025000000000000022,5,78,-0.23113798131029062,-0.060914471187007935,0.0,17
100,5,0.8,mixed,0.2,0.6,3.030097707485492,0.8250998753271352,0.012500000000000067,5,80,1.4947165921550647,0.39538020924780365,0.0,5,80,-1.5353811153304273,-0.4297196660793316,-0.012500000000000067,18
100,5,0.8,mixed,0.2,0.6,0.31328688657982334,0.09620976937155983,-0.025000000000000022,5,78,0.45081365435995313,0.14384049044040678,-0.03749999999999998,5,78,0.1375267677801298,0.04763072106884696,0.012499999999999956,19
100,5,0.8,mixed,0.4,0.6,0.14791083254127607,0.04827916844355215,0.025000000000000022,5,82,2.080551977973042,0.4279762831018098,0.03749999999999998,5,82,1.9326411454317658,0.3796971146582576,0.012499999999999956,0
100,5,0.8,mixed,0.4,0.6,0.041087460373058375,0.018394570991545022,0.03749999999999998,5,81,0.5352012638035422,0.12426722257207554,-0.025000000000000022,5,81,0.4941138034304838,0.10587265158053051,-0.012499999999999956,1
100,5,0.8,mixed,0.4,0.6,2.2183336853311966,0.457202949116854,-0.03749999999999998,5,75,1.1435994597087618,0.3266368681059427,0.0,5,80,-1.0747342256224348,-0.13056608101091127,-0.03749999999999998,2
100,5,0.8,mixed,0.4,0.6,0.20705562148666276,0.07049739485773285,0.0,5,79,0.1504784600469239,0.055205071790364255,0.0,5,80,-0.05657716143973887,-0.015292323067368593,0.0,3
100,5,0.8,mixed,0.4,0.6,0.5212742574482615,0.1135107528713217,0.0,5,81,0.3834226156438656,0.13185185783279066,0.0,5,78,-0.1378516418043959,0.018341104961468957,0.0,4
100,5,0.8,mixed,0.4,0.6,0.13523175569722973,0.034594121992018924,0.025000000000000022,5,83,0.10442337104621853,0.027406781354399824,0.0,5,77,-0.030808384651011197,-0.0071873406376191,-0.025000000000000022,5
100,5,0.8,mixed,0.4,0.6,0.31135648233711033,0.10343915688843668,0.0,5,80,0.10803670311488954,0.03393624415166143,0.025000000000000022,5,82,-0.20331977922222078,-0.06950291273677525,0.025000000000000022,6
100,5,0.8,mixed,0.4,0.6,0.33615079001486864,0.09712985925889502,0.03749999999999998,5,83,0.6782384247651896,0.15542134610629213,0.0625,5,81,0.34208763475032095,0.058291486847397114,0.025000000000000022,7
100,5,0.8,mixed,0.4,0.6,0.1332430445302206,0.04003238571576502,0.012500000000000067,5,78,0.05868824743666447,0.02511514707006049,0.025000000000000022,5,82,-0.07455479709355613,-0.01491723864570453,0.012499999999999956,8
100,5,0.8,mixed,0.4,0.6,0.3736412713096244,0.09094732042671214,0.012500000000000067,5,80,1.4270663729916113,0.39321551340059546,-0.025000000000000022,5,77,1.0534251016819869,0.3022681929738833,0.012499999999999956,9
100,5,0.8,mixed,0.4,0.6,0.13541952821222292,0.04817599651348288,0.050000000000000044,5,79,0.13674249604096542,0.04952681629286494,-0.025000000000000022,5,78,0.0013229678287424995,0.001350819779382062,-0.025000000000000022,10
100,5,0.8,mixed,0.4,0.6,0.16879158914908407,0.0597004587620487,-0.04999999999999993,5,78,0.026353007811417153,0.013104867950923943,-0.012499999999999956,5,80,-0.1424385813376669,-0.04659559081112476,-0.03749999999999998,11
100,5,0.8,mixed,0.4,0.6,0.8156842879062918,0.1938695914195145,0.025000000000000022,5,81,0.6190230199542711,0.15158767985452046,0.03749999999999998,5,80,-0.19666126795202066,-0.04228191156499403,0.012499999999999956,12
100,5,0.8,mixed,0.4,0.6,0.16059195069853974,0.03837064823321242,-0.012499999999999956,5,79,0.23995461065783955,0.06787507603786118,0.025000000000000022,5,80,0.07936265995929981,0.029504427804648757,0.012500000000000067,13
100,5,0.8,mixed,0.4,0.6,0.08954322787242706,0.029604098814755453,-0.025000000000000022,5,83,0.08543238179724147,0.02044656673599249,0.0,5,79,-0.004110846075185595,-0.009157532078762964,-0.025000000000000022,14
100,5,0.8,mixed,0.4,0.6,1.120285205523966,0.2389459176067282,0.012500000000000067,5,81,0.31848871637284604,0.07458517677305423,0.012500000000000067,5,80,-0.80179648915112,-0.16436074083367397,0.0,15
100,5,0.8,mixed,0.4,0.6,0.4010654888254563,0.11087551839078555,-0.03749999999999998,5,76,0.38530450244312947,0.14700283434244896,-0.012499999999999956,5,79,-0.015760986382326814,0.03612731595166341,-0.025000000000000022,16
100,5,0.8,mixed,0.4,0.6,0.5135886035962081,0.13305703206776215,0.025000000000000022,5,84,7.325952515611488,1.4848823046169406,0.025000000000000022,5,83,6.81236391201528,1.3518252725491784,0.0,17
100,5,0.8,mixed,0.4,0.6,1.7746250753331787,0.4249187679501262,0.03749999999999998,5,84,4.384953871970013,1.2071480905778185,-0.04999999999999993,5,81,2.6103287966368343,0.7822293226276923,0.012499999999999956,18
100,5,0.8,mixed,0.4,0.6,0.5979612504669528,0.18003763658429778,0.012500000000000067,5,80,1.4065068922948871,0.2988109122012541,-0.012499999999999956,5,80,0.8085456418279343,0.11877327561695633,-1.1102230246251565e-16,19
100,5,0.8,skewed,0.0,0.6,0.12686374392631547,0.03784821254904548,0.0,5,81,0.08321072666650699,0.04823461402369805,0.0,5,80,-0.04365301725980848,0.01038640147465257,0.0,0
100,5,0.8,skewed,0.0,0.6,0.20709675470918557,0.12084157563281753,0.0,5,77,0.6710142757394517,0.17554700118014976,0.0,5,76,0.4639175210302662,0.05470542554733224,0.0,1
100,5,0.8,skewed,0.0,0.6,0.17263791788948876,0.055431512796301194,0.0,5,79,0.13520749522197775,0.06597032512115482,0.025000000000000022,5,81,-0.03743042266751101,0.010538812324853625,0.025000000000000022,2
100,5,0.8,skewed,0.0,0.6,0.06872515382039152,0.03392774022004438,0.050000000000000044,5,83,0.027436931353739855,0.014067627905246335,0.0,5,81,-0.04128822246665166,-0.019860112314798048,-0.050000000000000044,3
100,5,0.8,skewed,0.0,0.6,0.24630182055175895,0.0973319809789348,0.0,5,76,0.09495961359475832,0.067576762735392,0.050000000000000044,5,79,-0.15134220695700062,-0.02975521824354281,0.050000000000000044,4
100,5,0.8,skewed,0.0,0.6,0.06605399527060388,0.03194601734325366,-0.012499999999999956,5,76,0.154301303422712,0.06884862508934979,0.0,5,80,0.08824730815210813,0.036902607746096126,-0.012499999999999956,5
100,5,0.8,skewed,0.0,0.6,0.14374085849530496,0.07116958507874982,-0.04999999999999993,5,75,0.1548220918092666,0.07778162740795799,-0.025000000000000022,5,78,0.01108123331396163,0.006612042329208173,-0.02499999999999991,6
100,5,0.8,skewed,0.0,0.6,0.10276858537293918,0.033941777211936086,-0.04999999999999993,5,72,0.39776550358788404,0.18484385704184964,-0.025000000000000022,5,77,0.2949969182149449,0.15090207982991355,-0.02499999999999991,7
100,5,0.8,skewed,0.0,0.6,0.10806075114739479,0.03744215633324685,-0.025000000000000022,5,77,0.2314755873349711,0.0988501063223238,0.0,5,77,0.1234148361875763,0.06140794998907695,-0.025000000000000022,8
100,5,0.8,skewed,0.0,0.6,0.11516974867047135,0.06278595256204386,0.0,5,77,0.24149389519410117,0.13071221604119576,0.0625,5,85,0.12632414652362983,0.0679262634791519,0.0625,9
100,5,0.8,skewed,0.0,0.6,0.3791159092175059,0.08620937383342615,0.012500000000000067,5,80,0.12979728240659688,0.04501440986236237,-0.012499999999999956,5,82,-0.249318626810909,-0.041194963971063786,-1.1102230246251565e-16,10
100,5,0.8,skewed,0.0,0.6,0.10343041154571082,0.05872375887276452,0.03749999999999998,5,82,0.07599400186825889,0.053181872714026544,0.0,5,79,-0.027436409677451937,-0.005541886158737977,-0.03749999999999998,11
100,5,0.8,skewed,0.0,0.6,0.04792341207810321,0.022581905383897073,-0.012499999999999956,5,81,0.3757455389972495,0.16556299914718756,0.012500000000000067,5,78,0.3278221269191463,0.1429810937632905,1.1102230246251565e-16,12
100,5,0.8,skewed,0.0,0.6,0.08402810514788409,0.057300187026075936,-0.03749999999999998,5,80,0.14524987443634363,0.07036564497090597,0.025000000000000022,5,80,0.06122176928845954,0.013065457944830036,-0.012499999999999956,13
100,5,0.8,skewed,0.0,0.6,0.16365822244917985,0.11530233377572989,-0.012499999999999956,5,82,0.06102953068275517,0.03009243413939792,0.0,5,77,-0.10262869176642468,-0.08520989963633196,-0.012499999999999956,14
100,5,0.8,skewed,0.0,0.6,0.12000051296172205,0.046203200511526474,0.03749999999999998,5,82,0.3447554351332821,0.09473014472214025,0.012500000000000067,5,80,0.22475492217156007,0.04852694421061378,-0.02499999999999991,15
100,5,0.8,skewed,0.0,0.6,0.36712530684172423,0.10611913647818667,-0.012499999999999956,5,79,0.36611269810936464,0.12716628440753686,-0.012499999999999956,5,80,-0.0010126087323595878,0.021047147929350182,0.0,16
100,5,0.8,skewed,0.0,0.6,0.16463862548601696,0.049607461054067936,0.012500000000000067,5,82,0.16391371342619995,0.05099665842624525,0.050000000000000044,5,82,-0.0007249120598170067,0.0013891973721773115,0.03749999999999998,17
100,5,0.8,skewed,0.0,0.6,0.06695521211340857,0.03507911095793116,-0.0625,5,76,0.1246306911533771,0.038861260391744326,0.0,5,81,0.05767547903996853,0.0037821494338131645,-0.0625,18
100,5,0.8,skewed,0.0,0.6,0.07264715294435117,0.04591919557831155,-0.03749999999999998,5,78,0.40088557271474085,0.14191371772356,-0.025000000000000022,5,75,0.3282384197703897,0.09599452214524846,-0.012499999999999956,19
100,5,0.8,skewed,0.1,0.6,0.07417465922794905,0.027786782906562342,-0.012499999999999956,5,81,0.07998757313851639,0.036517580520118595,0.012500000000000067,5,81,0.005812913910567333,0.008730797613556253,1.1102230246251565e-16,0
100,5,0.8,skewed,0.1,0.6,0.20375336248861614,0.0829353158240487,0.0,5,83,0.1634515686321438,0.055648254095180004,-0.012499999999999956,5,79,-0.04030179385647234,-0.027287061728868696,0.012499999999999956,1
100,5,0.8,skewed,0.1,0.6,0.07136133842110373,0.04408435037298898,-0.012499999999999956,5,83,0.0947942917793321,0.025987593511171508,-0.025000000000000022,5,77,0.02343295335822837,-0.018096756861817474,0.012500000000000067,2
100,5,0.8,skewed,0.1,0.6,0.0717932608654246,0.04552819314556649,-0.04999999999999993,5,76,0.11095186011762763,0.04553823195700752,-0.012499999999999956,5,79,0.039158599252203025,1.003881144102936e-05,-0.03749999999999998,3
100,5,0.8,skewed,0.1,0.6,0.2036515628152332,0.09390565293702427,-0.025000000000000022,5,77,0.46225482664328305,0.16092769031800763,0.0,5,78,0.2586032638280499,0.06702203738098336,-0.025000000000000022,4
100,5,0.8,skewed,0.1,0.6,0.19131550284876891,0.09397423410417442,-0.0625,5,79,0.15599076504214082,0.0491274465852917,-0.04999999999999993,5,79,-0.03532473780662809,-0.04484678751888272,-0.012500000000000067,5
100,5,0.8,skewed,0.1,0.6,0.24444625486474977,0.13802706888286284,0.050000000000000044,5,84,0.3263148697277767,0.18017319114153635,0.050000000000000044,5,86,0.0818686148630269,0.04214612225867351,0.0,6
100,5,0.8,skewed,0.1,0.6,0.23567021289975854,0.08562260547683731,0.0,5,77,0.24398243033599665,0.10807918847058948,0.03749999999999998,5,83,0.008312217436238112,0.022456582993752167,0.03749999999999998,7
100,5,0.8,skewed,0.1,0.6,0.07973137919821284,0.0440394326040308,-0.012499999999999956,5,74,0.17061265423852115,0.08751006957642835,-0.03749999999999998,5,76,0.09088127504030831,0.043470636972397544,0.025000000000000022,8
100,5,0.8,skewed,0.1,0.6,0.3885694125490113,0.09550898928256149,0.0,5,77,0.3512761143695988,0.09867261366709998,-0.03749999999999998,5,75,-0.03729329817941246,0.003163624384538488,0.03749999999999998,9
100,5,0.8,skewed,0.1,0.6,0.19470064154248318,0.06303685876532476,0.03749999999999998,5,85,0.06219862670433753,0.031351235244213585,0.012500000000000067,5,80,-0.13250201483814564,-0.03168562352111118,-0.02499999999999991,10
100,5,0.8,skewed,0.1,0.6,0.4651017015417381,0.10386337751554249,-0.025000000000000022,5,75,0.13172135170323773,0.04787463515930677,-0.025000000000000022,5,78,-0.33338034983850034,-0.05598874235623572,0.0,11
100,5,0.8,skewed,0.1,0.6,0.2174660863428476,0.08793144724213589,0.0,5,81,0.17243114358850514,0.07191452029558892,0.03749999999999998,5,81,-0.045034942754342444,-0.016016926946546967,0.03749999999999998,12
100,5,0.8,skewed,0.1,0.6,0.18385518303604564,0.06328964380235479,-0.025000000000000022,5,80,0.1875569635485707,0.10542671693308829,0.03749999999999998,5,83,0.003701780512525066,0.042137073130733504,0.012499999999999956,13
100,5,0.8,skewed,0.1,0.6,0.2665603412779933,0.10295397582810314,0.0,5,82,0.12856621612209174,0.08904549635071632,0.012500000000000067,5,80,-0.13799412515590154,-0.013908479477386826,0.012500000000000067,14
100,5,0.8,skewed,0.1,0.6,0.09149986357477903,0.052616814075771054,0.0,5,78,0.10793439540614305,0.0625948331177718,0.0,5,81,0.01643453183136402,0.00997801904200074,0.0,15
100,5,0.8,skewed,0.1,0.6,0.19810711783653207,0.11056042693200234,0.012500000000000067,5,82,0.7645949665501738,0.20552428941015638,0.03749999999999998,5,81,0.5664878487136418,0.09496386247815404,0.02499999999999991,16
100,5,0.8,skewed,0.1,0.6,0.2024785940671437,0.09189119383650271,0.012500000000000067,5,85,0.22773020746740497,0.09400337726691808,0.03749999999999998,5,85,0.025251613400261275,0.0021121834304153736,0.02499999999999991,17
100,5,0.8,skewed,0.1,0.6,0.0524672479448727,0.016247125635125204,-0.025000000000000022,5,82,0.11447774985029767,0.0426935057400622,0.03749999999999998,5,82,0.06201050190542497,0.026446380104936995,0.012499999999999956,18
100,5,0.8,skewed,0.1,0.6,0.14322050973511571,0.08812794713542985,-0.012499999999999956,5,81,0.12330643586172804,0.07734884247630262,-0.03749999999999998,5,73,-0.019914073873387672,-0.010779104659127223,0.025000000000000022,19
100,5,0.8,skewed,0.2,0.6,0.1081573223183419,0.03922720946963032,0.0,5,76,0.17167041782129125,0.05445515278470481,-0.03749999999999998,5,76,0.06351309550294935,0.015227943315074488,0.03749999999999998,0
100,5,0.8,skewed,0.2,0.6,0.5809356884401685,0.16807124125677647,0.03749999999999998,5,82,0.19542823101065454,0.10694227026845751,0.03749999999999998,5,80,-0.385507457429514,-0.06112897098831896,0.0,1
100,5,0.8,skewed,0.2,0.6,0.28608844289350044,0.10593129113916651,-0.012499999999999956,5,75,0.04934915906157724,0.026424576368087944,-0.0625,5,78,-0.2367392838319232,-0.07950671477107857,0.050000000000000044,2
100,5,0.8,skewed,0.2,0.6,0.10264474381773965,0.06355100237750042,0.0,5,82,0.18187458795081032,0.06912544573592454,-0.025000000000000022,5,79,0.07922984413307067,0.005574443358424122,0.025000000000000022,3
100,5,0.8,skewed,0.2,0.6,0.07571501829540644,0.02931341071188407,-0.025000000000000022,5,79,0.10007222398707397,0.05049481420099455,-0.07499999999999996,5,75,0.02435720569166752,0.021181403489110483,0.04999999999999993,4
100,5,0.8,skewed,0.2,0.6,0.16777576415598322,0.0907289800663296,0.025000000000000022,5,84,0.1397905058806038,0.048691692361821484,-0.012499999999999956,5,80,-0.027985258275379427,-0.04203728770450811,-0.012500000000000067,5
100,5,0.8,skewed,0.2,0.6,0.7422818934962864,0.20654507554740467,0.0,5,83,0.7687116402315745,0.21394171420855698,0.012500000000000067,5,76,0.026429746735288084,0.0073966386611523105,0.012500000000000067,6
100,5,0.8,skewed,0.2,0.6,0.11512924361973038,0.05425533595279571,-0.025000000000000022,5,77,0.06894618743747051,0.026490271227679118,-0.03749999999999998,5,77,-0.046183056182259874,-0.027765064725116594,0.012499999999999956,7
100,5,0.8,skewed,0.2,0.6,0.06473622961363248,0.029135247592011228,-0.04999999999999993,5,80,0.08944649386800785,0.05402714237079437,0.025000000000000022,5,81,0.024710264254375364,0.02489189477878314,-0.02499999999999991,8
100,5,0.8,skewed,0.2,0.6,0.4791933589983477,0.12233613924741608,0.07500000000000007,5,85,0.19075469677098272,0.07118581769057872,0.0,5,81,-0.288438662227365,-0.051150321556837366,-0.07500000000000007,9
100,5,0.8,skewed,0.2,0.6,0.119111766003768,0.04991961586051359,0.025000000000000022,5,85,0.12190967004471462,0.04569229844493432,-0.08750000000000002,5,77,0.002797904040946625,-0.004227317415579274,0.0625,10
100,5,0.8,skewed,0.2,0.6,0.18831967547064107,0.12252530157683791,0.012500000000000067,5,83,0.07581797084398231,0.03486466203572215,0.012500000000000067,5,80,-0.11250170462665876,-0.08766063954111576,0.0,11
100,5,0.8,skewed,0.2,0.6,0.09423341757722822,0.0413266402966181,-0.025000000000000022,5,76,0.10379821526570746,0.058369489734791793,0.0,5,77,0.009564797688479232,0.01704284943817369,-0.025000000000000022,12
100,5,0.8,skewed,0.2,0.6,0.16978084110538746,0.07989623709699664,0.03749999999999998,5,85,0.11413986572093877,0.04959605712397116,-0.025000000000000022,5,80,-0.05564097538444869,-0.030300179973025483,-0.012499999999999956,13
100,5,0.8,skewed,0.2,0.6,0.4428310290751345,0.15805211818625278,0.012500000000000067,5,81,0.1506730014609088,0.06228830597092848,0.012500000000000067,5,80,-0.2921580276142257,-0.0957638122153243,0.0,14
100,5,0.8,skewed,0.2,0.6,0.109823199674474,0.07042649597441772,0.012500000000000067,5,82,0.1124014551054435,0.07433745963382984,0.03749999999999998,5,80,0.0025782554309694977,0.0039109636594121255,0.02499999999999991,15
100,5,0.8,skewed,0.2,0.6,0.1790982079395562,0.11155583670885387,0.050000000000000044,5,85,0.530104524791659,0.23323557405929646,0.025000000000000022,5,82,0.3510063168521028,0.12167973735044259,-0.025000000000000022,16
100,5,0.8,skewed,0.2,0.6,0.1459400211014843,0.09410258815859297,0.03749999999999998,5,80,0.35889556543767137,0.16303567462650198,-0.025000000000000022,5,77,0.21295554433618707,0.06893308646790901,-0.012499999999999956,17
100,5,0.8,skewed,0.2,0.6,0.6253061999337233,0.23896349501709407,-0.03749999999999998,5,78,0.10607839284070336,0.06545832717724535,0.012500000000000067,5,79,-0.5192278070930199,-0.1735051678398487,-0.02499999999999991,18
100,5,0.8,skewed,0.2,0.6,0.12875095664524847,0.07478931760226917,0.050000000000000044,5,85,0.05340308521507097,0.024212456994019343,-0.03749999999999998,5,82,-0.07534787143017749,-0.05057686060824983,-0.012500000000000067,19
100,5,0.8,skewed,0.4,0.6,0.056466498058873243,0.026708051196435524,-0.04999999999999993,5,78,0.04886375842699383,0.02643782495984732,-0.012499999999999956,5,78,-0.007602739631879414,-0.00027022623658820577,-0.03749999999999998,0
100,5,0.8,skewed,0.4,0.6,0.11585695364772904,0.040050359471515945,0.0,5,79,0.0970912256043975,0.03462703213237185,-0.03749999999999998,5,74,-0.018765728043331542,-0.005423327339144093,0.03749999999999998,1
100,5,0.8,skewed,0.4,0.6,0.08218967264564342,0.03902073929625471,-0.025000000000000022,5,76,0.1317330675880098,0.058865245840735415,0.0625,5,83,0.04954339494236637,0.01984450654448071,0.03749999999999998,2
100,5,0.8,skewed,0.4,0.6,0.4635015959526653,0.13232313248149918,0.012500000000000067,5,77,0.1817913991669978,0.09430004783788082,0.050000000000000044,5,82,-0.28171019678566755,-0.038023084643618366,0.03749999999999998,3
100,5,0.8,skewed,0.4,0.6,0.8258087936629517,0.2206885990438034,0.025000000000000022,5,75,0.8277032302972308,0.1948633091050067,-0.03749999999999998,5,78,0.0018944366342791286,-0.02582528993879668,0.012499999999999956,4
100,5,0.8,skewed,0.4,0.6,0.05094703280784563,0.029303659682922246,-0.012499999999999956,5,82,0.0965089680522017,0.05595103668508187,-0.012499999999999956,5,78,0.045561935244356075,0.026647377002159623,0.0,5
100,5,0.8,skewed,0.4,0.6,0.15710292009066248,0.0762556032729198,0.0,5,77,0.6889172778861447,0.18748499345381528,0.012500000000000067,5,81,0.5318143577954821,0.11122939018089548,0.012500000000000067,6
100,5,0.8,skewed,0.4,0.6,0.044325062492775784,0.026919725129369694,0.012500000000000067,5,81,0.0900215351189515,0.03208463451147168,0.012500000000000067,5,81,0.04569647262617572,0.005164909382101984,0.0,7
100,5,0.8,skewed,0.4,0.6,0.1349452045554262,0.08786446636887837,0.03749999999999998,5,82,0.2720479577443035,0.0781669248000004,-0.04999999999999993,5,74,0.13710275318887732,-0.009697541568877976,0.012499999999999956,8
100,5,0.8,skewed,0.4,0.6,0.14815717802011275,0.06594233105742522,0.0625,5,84,0.1240753252491215,0.050210113271209944,0.0625,5,85,-0.024081852770991244,-0.01573221778621528,0.0,9
100,5,0.8,skewed,0.4,0.6,0.5146452627093541,0.14214165242969748,-0.04999999999999993,5,77,0.3836172812998085,0.1665051396324795,0.0,5,80,-0.13102798140954558,0.02436348720278203,-0.04999999999999993,10
100,5,0.8,skewed,0.4,0.6,0.3527918446451621,0.0983934628944215,-0.012499999999999956,5,76,0.07488728679540803,0.03561187254276273,-0.012499999999999956,5,78,-0.2779045578497541,-0.06278159035165876,0.0,11
100,5,0.8,skewed,0.4,0.6,0.2986767529923666,0.1740786772570481,-0.012499999999999956,5,77,0.0956951989143276,0.05876553234926488,-0.03749999999999998,5,76,-0.20298155407803903,-0.11531314490778322,0.025000000000000022,12
100,5,0.8,skewed,0.4,0.6,0.12895876092106645,0.03362043658204467,0.025000000000000022,5,81,0.11664141489366872,0.04164385355244625,0.025000000000000022,5,82,-0.01231734602739773,0.008023416970401577,0.0,13
100,5,0.8,skewed,0.4,0.6,0.2802404323547438,0.11425905122121023,0.012500000000000067,5,77,0.2125269387504261,0.06547130441717433,0.012500000000000067,5,83,-0.06771349360431766,-0.0487877468040359,0.0,14
100,5,0.8,skewed,0.4,0.6,0.13609188713417839,0.07124402588055725,-0.03749999999999998,5,79,0.18300841529388276,0.11192141154543993,0.03749999999999998,5,85,0.046916528159704374,0.04067738566488267,0.0,15
100,5,0.8,skewed,0.4,0.6,0.14527542572179086,0.07379871744276842,-0.012499999999999956,5,85,0.18996960331239773,0.09474362745559123,-0.03749999999999998,5,75,0.04469417759060687,0.02094491001282281,0.025000000000000022,16
100,5,0.8,skewed,0.4,0.6,0.1405687444706608,0.07389350345232581,0.025000000000000022,5,81,0.20394007523985874,0.05203326280853706,-0.025000000000000022,5,81,0.06337133076919793,-0.021860240643788754,0.0,17
100,5,0.8,skewed,0.4,0.6,0.16161847238409946,0.07331694206804053,0.03749999999999998,5,80,0.119530369426398,0.05410186507080548,0.025000000000000022,5,80,-0.04208810295770146,-0.01921507699723505,-0.012499999999999956,18
100,5,0.8,skewed,0.4,0.6,0.09858288190182454,0.03055618184000315,0.0,5,84,0.11126715976490809,0.037397390473075234,-0.012499999999999956,5,78,0.012684277863083543,0.006841208633072086,0.012499999999999956,19
100,5,0.8,correlated,0.0,0.6,4.452922323263203,1.122784823766586,-0.08750000000000002,5,76,2.2951792266432816,0.5045659172793349,0.012500000000000067,5,78,-2.1577430966199214,-0.6182189064872512,-0.07499999999999996,0
100,5,0.8,correlated,0.0,0.6,0.5329929023965231,0.25545668626829093,-0.11249999999999999,5,68,0.4864488990196171,0.14233676039179782,0.03749999999999998,5,79,-0.04654400337690601,-0.11311992587649311,-0.07500000000000001,1
100,5,0.8,correlated,0.0,0.6,0.07133415904849243,0.029411807584809213,-0.012499999999999956,5,82,0.1899324981795214,0.08266436685906867,0.0,5,79,0.11859833913102898,0.05325255927425945,-0.012499999999999956,2
100,5,0.8,correlated,0.0,0.6,1.6057920188518187,0.6614375183887855,-0.012499999999999956,5,75,1.5776110784126645,0.8158873770362597,-0.012499999999999956,5,76,-0.0281809404391542,0.15444985864747418,0.0,3
100,5,0.8,correlated,0.0,0.6,0.2790779774319064,0.09489793120944712,0.012500000000000067,5,81,0.3052175380807751,0.1451531525883482,-0.025000000000000022,5,79,0.026139560648868743,0.050255221378901094,0.012499999999999956,4
100,5,0.8,correlated,0.0,0.6,0.8970882867906343,0.35135388433468373,-0.025000000000000022,5,74,0.24573437790568795,0.08830589764943028,0.025000000000000022,5,83,-0.6513539088849464,-0.2630479866852534,0.0,5
100,5,0.8,correlated,0.0,0.6,0.22539199244150518,0.11368845866510494,0.025000000000000022,5,81,0.4703819151181335,0.2335580506523604,0.025000000000000022,5,84,0.2449899226766283,0.11986959198725547,0.0,6
100,5,0.8,correlated,0.0,0.6,0.3061005185721176,0.1959702925292988,0.012500000000000067,5,79,0.15491334902399648,0.1056477458153559,0.025000000000000022,5,80,-0.15118716954812114,-0.0903225467139429,0.012499999999999956,7
100,5,0.8,correlated,0.0,0.6,1.8525067446219763,0.5208913006389089,0.050000000000000044,5,84,2.333250474450995,0.4973670912833466,0.025000000000000022,5,83,0.4807437298290187,-0.023524209355562264,-0.025000000000000022,8
100,5,0.8,correlated,0.0,0.6,0.1374254205535833,0.09594099303294937,0.0,5,78,0.0769479743083375,0.05956484287333327,0.0,5,79,-0.060477446245245814,-0.0363761501596161,0.0,9
100,5,0.8,correlated,0.0,0.6,0.14791887660116393,0.08413311303484647,0.012500000000000067,5,78,0.2985571320152885,0.16157059163923285,0.0,5,82,0.15063825541412457,0.07743747860438638,-0.012500000000000067,10
100,5,0.8,correlated,0.0,0.6,0.7946207387626608,0.1918938989628165,-0.03749999999999998,5,76,0.5604810633513599,0.17742960238351935,0.050000000000000044,5,86,-0.23413967541130087,-0.014464296579297153,0.012500000000000067,11
100,5,0.8,correlated,0.0,0.6,0.507269336966561,0.2531420257122559,0.025000000000000022,5,82,0.32321079746241754,0.16066900144325424,0.012500000000000067,5,79,-0.18405853950414341,-0.09247302426900167,-0.012499999999999956,12
100,5,0.8,correlated,0.0,0.6,0.5573486800148627,0.23461396489434674,0.025000000000000022,5,83,0.22004770707202903,0.15992880000742513,-0.03749999999999998,5,80,-0.3373009729428337,-0.07468516488692162,0.012499999999999956,13
100,5,0.8,correlated,0.0,0.6,0.1737666112885604,0.09849930150941619,0.0,5,81,0.4175576561864438,0.25416880544983933,0.0,5,79,0.2437910448978834,0.15566950394042314,0.0,14
100,5,0.8,correlated,0.0,0.6,0.1913449268475096,0.10702904673118854,0.03749999999999998,5,84,0.2174357486660158,0.1287100910103089,-0.04999999999999993,5,73,0.02609082181850622,0.02168104427912035,0.012499999999999956,15
100,5,0.8,correlated,0.0,0.6,0.6854247286975729,0.3374204234015796,0.012500000000000067,5,78,2.2085751928293655,0.7538810025555185,0.0,5,83,1.5231504641317928,0.4164605791539389,-0.012500000000000067,16
100,5,0.8,correlated,0.0,0.6,0.19961403886821522,0.13977771880680248,-0.012499999999999956,5,81,0.7813377950712881,0.43064790380710216,-0.025000000000000022,5,78,0.5817237562030728,0.2908701850002997,0.012500000000000067,17
100,5,0.8,correlated,0.0,0.6,0.7760031821943151,0.3310367494181417,-0.04999999999999993,5,74,0.29468436312889723,0.2104602216962635,0.03749999999999998,5,82,-0.48131881906541785,-0.12057652772187821,-0.012499999999999956,18
100,5,0.8,correlated,0.0,0.6,0.16328488982049683,0.0649909504787808,-0.025000000000000022,5,76,0.4562963771837688,0.13964797055991765,-0.012499999999999956,5,78,0.293011487363272,0.07465702008113685,-0.012500000000000067,19
100,5,0.8,correlated,0.1,0.6,0.1597692246567182,0.08674586264739895,0.050000000000000044,5,84,0.4014169337652788,0.188265008012866,0.0,5,82,0.24164770910856062,0.10151914536546705,-0.050000000000000044,0
100,5,0.8,correlated,0.1,0.6,0.6549703844140766,0.33071525920359196,0.050000000000000044,5,86,0.22286462210276375,0.12209842016630305,0.0,5,79,-0.43210576231131287,-0.2086168390372889,-0.050000000000000044,1
100,5,0.8,correlated,0.1,0.6,0.17676627049319474,0.0727880604764865,0.0625,5,87,0.4194530949051502,0.18174358486421266,-0.0625,5,74,0.24268682441195547,0.10895552438772615,0.0,2
100,5,0.8,correlated,0.1,0.6,0.5272318380354156,0.2214147479244808,0.0625,5,83,0.25103395549317725,0.08920606627966698,-0.025000000000000022,5,82,-0.27619788254223837,-0.1322086816448138,-0.03749999999999998,3
100,5,0.8,correlated,0.1,0.6,0.17059270310560956,0.09504415545505296,-0.012499999999999956,5,77,0.10944764026096977,0.05925849057660683,0.012500000000000067,5,82,-0.06114506284463979,-0.03578566487844613,1.1102230246251565e-16,4
100,5,0.8,correlated,0.1,0.6,0.1498052495642829,0.07375548383252542,-0.025000000000000022,5,77,0.09772452157115062,0.04915168104413177,-0.012499999999999956,5,82,-0.05208072799313228,-0.02460380278839365,-0.012500000000000067,5
100,5,0.8,correlated,0.1,0.6,27.787343914300422,5.691876536413076,-0.025000000000000022,5,79,14.374415852861329,3.119115890188687,0.03749999999999998,5,82,-13.412928061439093,-2.5727606462243893,0.012499999999999956,6
100,5,0.8,correlated,0.1,0.6,0.2161760570736137,0.07081177480084133,0.0,5,75,3.003899465223975,1.2458058076399476,0.050000000000000044,5,85,2.7877234081503612,1.1749940328391064,0.050000000000000044,7
100,5,0.8,correlated,0.1,0.6,0.16754134252089123,0.10409800355370728,0.0,5,81,0.9482999397168366,0.28706247592405953,0.012500000000000067,5,79,0.7807585971959453,0.18296447237035224,0.012500000000000067,8
100,5,0.8,correlated,0.1,0.6,0.8411157373909611,0.4750799187790717,0.03749999999999998,5,88,0.3978376938357165,0.23365786631975,-0.03749999999999998,5,80,-0.44327804355524464,-0.2414220524593217,0.0,9
100,5,0.8,correlated,0.1,0.6,0.35538119873979584,0.12533887664996646,-0.04999999999999993,5,77,0.1268547469653382,0.0627022437892721,0.0,5,80,-0.22852645177445766,-0.06263663286069436,-0.04999999999999993,10
100,5,0.8,correlated,0.1,0.6,0.2462117934919133,0.10449450071443504,-0.012499999999999956,5,78,0.10285551252937421,0.045688632739750316,0.0,5,83,-0.1433562809625391,-0.05880586797468473,-0.012499999999999956,11
100,5,0.8,correlated,0.1,0.6,1.4201420943044487,0.37716550321844583,0.025000000000000022,5,81,1.2257085883188406,0.30576919017446125,-0.03749999999999998,5,78,-0.19443350598560816,-0.07139631304398458,0.012499999999999956,12
100,5,0.8,correlated,0.1,0.6,1.3887931649728278,0.5958026355314734,0.03749999999999998,5,84,2.259665396817014,0.782855767406471,0.0,5,79,0.8708722318441862,0.1870531318749976,-0.03749999999999998,13
100,5,0.8,correlated,0.1,0.6,0.06647579581391685,0.042891163988369806,-0.012499999999999956,5,76,0.04654265865345903,0.017082283110520645,0.0,5,79,-0.019933137160457824,-0.02580888087784916,-0.012499999999999956,14
100,5,0.8,correlated,0.1,0.6,0.8913204926663537,0.4815218379739739,0.03749999999999998,5,86,0.7126338264990673,0.2718457890621487,-0.11249999999999999,5,71,-0.17868666616728646,-0.20967604891182523,0.07500000000000001,15
100,5,0.8,correlated,0.1,0.6,0.12829354320594055,0.07771108109326395,0.07500000000000007,5,88,0.07024642356776532,0.023744966702213884,0.03749999999999998,5,84,-0.05804711963817523,-0.05396611439105007,-0.03750000000000009,16
100,5,0.8,correlated,0.1,0.6,20.218056681434774,4.083641540438036,-0.03749999999999998,5,74,11.170788940248014,2.3100389161698276,0.025000000000000022,5,84,-9.04726774118676,-1.7736026242682081,-0.012499999999999956,17
100,5,0.8,correlated,0.1,0.6,0.25269304710218343,0.14311598870119926,-0.04999999999999993,5,77,0.23178738203564772,0.143479545940687,-0.025000000000000022,5,80,-0.02090566506653571,0.0003635572394877218,-0.02499999999999991,18
100,5,0.8,correlated,0.1,0.6,3.2305586092856666,0.8171109432945916,-0.012499999999999956,5,80,1.2853599578937933,0.3521642409451817,0.012500000000000067,5,81,-1.9451986513918733,-0.4649467023494099,1.1102230246251565e-16,19
100,5,0.8,correlated,0.2,0.6,0.18167837834837433,0.11486624576875484,-0.0625,5,73,0.2418604172856582,0.1393121611407261,-0.125,5,68,0.06018203893728388,0.024445915371971244,0.0625,0
100,5,0.8,correlated,0.2,0.6,0.4615928251433934,0.24236831965348649,0.0625,5,86,0.4885313559319359,0.14683464828883896,0.025000000000000022,5,85,0.026938530788542525,-0.09553367136464752,-0.03749999999999998,1
100,5,0.8,correlated,0.2,0.6,1.5414705038111944,0.7182101050435508,0.025000000000000022,5,85,0.8481706787434468,0.345276060373673,0.0,5,79,-0.6932998250677477,-0.3729340446698778,-0.025000000000000022,2
100,5,0.8,correlated,0.2,0.6,0.335266624131869,0.10374214115116982,-0.025000000000000022,5,78,0.11036294311102618,0.08183331917231045,0.025000000000000022,5,83,-0.2249036810208428,-0.021908821978859377,0.0,3
100,5,0.8,correlated,0.2,0.6,0.1651686925723706,0.08790574880655219,-0.012499999999999956,5,79,0.633807032845413,0.22871347242637158,-0.012499999999999956,5,78,0.46863834027304235,0.14080772361981939,0.0,4
100,5,0.8,correlated,0.2,0.6,1.3443208353142777,0.2962577833637746,0.012500000000000067,5,82,0.44298083585387055,0.15616234860136619,0.050000000000000044,5,83,-0.9013399994604072,-0.14009543476240843,0.03749999999999998,5
100,5,0.8,correlated,0.2,0.6,0.40137853428025944,0.21671727906904215,0.012500000000000067,5,80,0.4352944801368287,0.27327398676855347,0.0,5,79,0.03391594585656926,0.05655670769951132,-0.012500000000000067,6
100,5,0.8,correlated,0.2,0.6,0.752774458631976,0.2507078878821537,0.03749999999999998,5,81,1.8143586809684868,0.5614202744478561,0.0,5,77,1.0615842223365108,0.31071238656570244,-0.03749999999999998,7
100,5,0.8,correlated,0.2,0.6,0.4607763314909473,0.16594311292555314,0.025000000000000022,5,86,0.27689780665933866,0.0936776725040955,0.03749999999999998,5,85,-0.18387852483160866,-0.07226544042145763,0.012499999999999956,8
100,5,0.8,correlated,0.2,0.6,0.524300239315028,0.25625027537650247,0.0,5,81,0.13336772923502688,0.08332386940115746,-0.03749999999999998,5,74,-0.3909325100800011,-0.172926405975345,0.03749999999999998,9
100,5,0.8,correlated,0.2,0.6,3.5136662967706744,0.7799365092608725,0.0,5,82,12.804762838077838,2.5924813373813924,0.0,5,73,9.291096541307164,1.8125448281205199,0.0,10
100,5,0.8,correlated,0.2,0.6,2.5306016710148262,0.7733674911054131,-0.012499999999999956,5,79,2.3672418485658886,0.6742644649487389,0.07500000000000007,5,87,-0.16335982244893765,-0.09910302615667421,0.06250000000000011,11
100,5,0.8,correlated,0.2,0.6,0.26549427574771706,0.16394571724746881,0.0625,5,87,0.1019063566045664,0.05405740148343448,0.050000000000000044,5,82,-0.16358791914315066,-0.10988831576403434,-0.012499999999999956,12
100,5,0.8,correlated,0.2,0.6,0.08213685571722631,0.037035733814396815,0.012500000000000067,5,77,0.18063318073245846,0.12166152757245156,0.0,5,81,0.09849632501523214,0.08462579375805475,-0.012500000000000067,13
100,5,0.8,correlated,0.2,0.6,0.09841203690716059,0.06636778949901419,0.0,5,79,0.06293462073231852,0.03874044305296367,0.0,5,82,-0.03547741617484207,-0.02762734644605052,0.0,14
100,5,0.8,correlated,0.2,0.6,0.19324566377250013,0.1013964384237503,0.03749999999999998,5,83,0.1664063605168572,0.09403816182027729,-0.012499999999999956,5,77,-0.026839303255642932,-0.0073582766034730185,-0.025000000000000022,15
100,5,0.8,correlated,0.2,0.6,0.025511314258360836,0.02006100543323664,0.03749999999999998,5,87,0.05039593738089295,0.028877354080434892,0.025000000000000022,5,82,0.024884623122532114,0.008816348647198251,-0.012499999999999956,16
100,5,0.8,correlated,0.2,0.6,0.23454597389121531,0.11822252077991532,0.03749999999999998,5,82,0.5249495681418428,0.3063355633351582,0.03749999999999998,5,84,0.29040359425062745,0.1881130425552429,0.0,17
100,5,0.8,correlated,0.2,0.6,1.0480758792225255,0.3751895615881691,0.012500000000000067,5,84,0.7735150234912559,0.52523220523804,-0.03749999999999998,5,79,-0.27456085573126965,0.15004264364987097,0.02499999999999991,18
100,5,0.8,correlated,0.2,0.6,1.8627369064271122,0.528887846861678,0.025000000000000022,5,84,5.959925235443395,1.8847000641655889,-0.012499999999999956,5,78,4.097188329016283,1.3558122173039109,-0.012500000000000067,19
100,5,0.8,correlated,0.4,0.6,1.0340502318080096,0.27837782637556124,0.03749999999999998,5,84,1.593696060564381,0.5455940889865507,0.0625,5,89,0.5596458287563715,0.26721626261098946,0.025000000000000022,0
100,5,0.8,correlated,0.4,0.6,0.24237357104581958,0.1191864976024866,-0.04999999999999993,5,77,0.5470381164386777,0.23525884709259212,0.012500000000000067,5,81,0.30466454539285814,0.11607234949010552,-0.03749999999999987,1
100,5,0.8,correlated,0.4,0.6,0.8782240513548385,0.39677627902307855,-0.07499999999999996,5,76,0.9649762354422101,0.3793855863471301,0.012500000000000067,5,80,0.08675218408737162,-0.01739069267594845,-0.06249999999999989,2
100,5,0.8,correlated,0.4,0.6,0.23258167491299628,0.09729139547702967,0.050000000000000044,5,85,0.0653774466965523,0.039916812306354604,0.012500000000000067,5,81,-0.16720422821644398,-0.057374583170675064,-0.03749999999999998,3
100,5,0.8,correlated,0.4,0.6,0.5397540392253167,0.1919461463742109,0.025000000000000022,5,83,0.25007365729636727,0.1652544008391405,-0.03749999999999998,5,75,-0.28968038192894946,-0.026691745535070394,0.012499999999999956,4
100,5,0.8,correlated,0.4,0.6,0.14155100283486494,0.12401979126298088,0.025000000000000022,5,83,0.10661086918855338,0.06476193093725471,0.012500000000000067,5,80,-0.03494013364631156,-0.059257860325726164,-0.012499999999999956,5
100,5,0.8,correlated,0.4,0.6,0.2355672251128366,0.16691045422586961,-0.03749999999999998,5,74,0.46692006012230625,0.2459790686795429,-0.03749999999999998,5,80,0.23135283500946965,0.07906861445367327,0.0,6
100,5,0.8,correlated,0.4,0.6,0.0956390293076757,0.04039463758981034,0.03749999999999998,5,84,0.154939479548325,0.07425773456347229,-0.012499999999999956,5,78,0.05930045024064928,0.03386309697366195,-0.025000000000000022,7
100,5,0.8,correlated,0.4,0.6,0.08472459480841982,0.037718749172972424,0.0,5,82,0.2241545321371112,0.1173983533280248,0.025000000000000022,5,79,0.13942993732869138,0.07967960415505237,0.025000000000000022,8
100,5,0.8,correlated,0.4,0.6,0.09343254683817569,0.046944825114576164,0.012500000000000067,5,75,0.12497225490128328,0.04082843750464417,0.025000000000000022,5,82,0.03153970806310759,-0.006116387609931995,0.012499999999999956,9
100,5,0.8,correlated,0.4,0.6,0.18312052604730591,0.07255539578091631,-0.03749999999999998,5,71,0.602608235218946,0.19038705569370304,0.012500000000000067,5,81,0.41948770917164013,0.11783165991278673,-0.02499999999999991,10
100,5,0.8,correlated,0.4,0.6,0.3744892168543347,0.20614033788411237,-0.03749999999999998,5,76,2.4043660307074433,0.7399603216025253,0.0,5,80,2.0298768138531087,0.533819983718413,-0.03749999999999998,11
100,5,0.8,correlated,0.4,0.6,11.875509310357323,2.886426091099225,-0.012499999999999956,5,78,2.0747629552597715,0.5483587935449494,-0.012499999999999956,5,80,-9.800746355097552,-2.338067297554276,0.0,12
100,5,0.8,correlated,0.4,0.6,0.48377089784845667,0.24490508170524655,0.025000000000000022,5,81,0.5149161858182683,0.20285710886422983,0.012500000000000067,5,82,0.031145287969811586,-0.04204797284101672,-0.012499999999999956,13
100,5,0.8,correlated,0.4,0.6,0.6180861085199869,0.27638373397803817,0.09999999999999998,5,88,0.7966488746352981,0.32671466948876865,-0.03749999999999998,5,76,0.1785627661153112,0.05033093551073048,-0.0625,14
100,5,0.8,correlated,0.4,0.6,3.705799953356153,1.6642799831988295,-0.012499999999999956,5,78,1.6073345525021827,0.6858747897708825,-0.025000000000000022,5,78,-2.0984654008539705,-0.9784051934279471,0.012500000000000067,15
100,5,0.8,correlated,0.4,0.6,1.0580176922435414,0.27664973331036435,0.03749999999999998,5,84,0.26182076737338084,0.13300615742849156,0.012500000000000067,5,82,-0.7961969248701606,-0.1436435758818728,-0.02499999999999991,16
100,5,0.8,correlated,0.4,0.6,0.6755526217552494,0.31174763977977404,0.0,5,80,0.2856944226131141,0.1466534256178867,-0.012499999999999956,5,82,-0.3898581991421353,-0.16509421416188735,0.012499999999999956,17
100,5,0.8,correlated,0.4,0.6,0.5770387748509901,0.1841317067094546,-0.03749999999999998,5,79,1.2334010337579762,0.37066643233909036,0.012500000000000067,5,81,0.6563622589069861,0.18653472562963574,-0.02499999999999991,18
100,5,0.8,correlated,0.4,0.6,0.22237385004239096,0.07149908018417339,-0.04999999999999993,5,78,0.3835699703207822,0.12740222258278794,0.0,5,80,0.16119612027839125,0.05590314239861455,-0.04999999999999993,19
100,10,0.2,mixed,0.0,0.6,0.9107807552664244,0.2485554562456412,-0.04999999999999993,10,18,1.9334131464622129,0.435452495073389,0.050000000000000044,10,22,1.0226323911957884,0.1868970388277478,1.1102230246251565e-16,0
100,10,0.2,mixed,0.0,0.6,26.17696512909562,2.700686178317831,-0.04999999999999993,10,19,12.841981786593694,1.6224161454062205,0.0,10,18,-13.334983342501927,-1.0782700329116104,-0.04999999999999993,1
100,10,0.2,mixed,0.0,0.6,1.4023890775422416,0.3384792732083307,0.050000000000000044,10,18,0.7346268123530254,0.2377644348015325,0.09999999999999998,10,23,-0.6677622651892162,-0.10071483840679821,0.04999999999999993,2
100,10,0.2,mixed,0.0,0.6,23.722582941952844,2.54013112182528,-0.09999999999999998,10,19,18.405204974015792,1.9578935110274394,-0.04999999999999993,10,20,-5.317377967937052,-0.5822376107978404,-0.050000000000000044,3
100,10,0.2,mixed,0.0,0.6,3.043244147698673,0.47631609445710515,-0.19999999999999996,10,18,2.3175408895044267,0.34497290333463415,-0.09999999999999998,10,22,-0.7257032581942462,-0.131343191122471,-0.09999999999999998,4
100,10,0.2,mixed,0.0,0.6,1.9491191525213885,0.3150390502858115,0.0,10,21,1.5241377417774198,0.24753310067578557,0.0,10,19,-0.42498141074396867,-0.0675059496100259,0.0,5
100,10,0.2,mixed,0.0,0.6,2.094584118374631,0.43304298517915585,0.09999999999999998,10,21,3.5267227245755417,0.5550845159113534,0.0,10,21,1.4321386062009105,0.12204153073219759,-0.09999999999999998,6
100,10,0.2,mixed,0.0,0.6,0.8752119120928589,0.22027396840468208,0.09999999999999998,10,21,0.8630483489611857,0.16261609895890722,-0.09999999999999998,10,18,-0.012163563131673216,-0.05765786944577486,0.0,7
100,10,0.2,mixed,0.0,0.6,2.575268459770985,0.44581479949715996,0.0,10,22,4.72119774776693,0.7397097223446141,0.09999999999999998,10,22,2.145929287995945,0.2938949228474541,0.09999999999999998,8
100,10,0.2,mixed,0.0,0.6,0.6250175808920626,0.16405216844078538,0.050000000000000044,10,23,0.9366987742946504,0.16777905508436924,-0.04999999999999993,10,20,0.3116811934025878,0.0037268866435838655,-1.1102230246251565e-16,9
100,10,0.2,mixed,0.0,0.6,32.55559377038244,3.442706610741014,0.050000000000000044,10,21,4.162767411591131,0.621241475667381,-0.04999999999999993,10,20,-28.392826358791307,-2.821465135073633,-1.1102230246251565e-16,10
100,10,0.2,mixed,0.0,0.6,9.62343626992995,1.80831542035282,0.15000000000000002,10,23,11.361911544162556,1.5393293572713918,0.0,10,20,1.7384752742326057,-0.26898606308142825,-0.15000000000000002,11
100,10,0.2,mixed,0.0,0.6,7.752436548089716,1.133091718900411,-0.09999999999999998,10,21,4.140578521805287,0.5582338109274596,0.15000000000000002,10,21,-3.6118580262844295,-0.5748579079729514,0.050000000000000044,12
100,10,0.2,mixed,0.0,0.6,1.0745507971040378,0.2745991350714539,0.0,10,22,1.044244219756182,0.25096649533052673,0.050000000000000044,10,21,-0.03030657734785569,-0.023632639740927164,0.050000000000000044,13
100,10,0.2,mixed,0.0,0.6,3.801913566740949,0.5485926926005239,-0.09999999999999998,10,18,1.0352784315600216,0.1653249752319843,0.15000000000000002,10,19,-2.7666351351809277,-0.3832677173685396,0.050000000000000044,14
100,10,0.2,mixed,0.0,0.6,0.9010049548127572,0.20540609929014192,-0.14999999999999997,10,19,0.8192259582395236,0.25202632392833574,0.09999999999999998,10,20,-0.08177899657323362,0.04662022463819382,-0.04999999999999999,15
100,10,0.2,mixed,0.0,0.6,14.083673689743597,1.7192984963418894,0.0,10,21,9.687903291150779,1.31905326310418,-0.04999999999999993,10,19,-4.395770398592818,-0.40024523323770933,0.04999999999999993,16
100,10,0.2,mixed,0.0,0.6,0.651745457792921,0.1986716533088307,0.050000000000000044,10,21,1.1404903337284835,0.2891071378969756,-0.09999999999999998,10,23,0.4887448759355625,0.09043548458814493,0.04999999999999993,17
100,10,0.2,mixed,0.0,0.6,0.27178468991400473,0.10613420092050921,0.09999999999999998,10,21,0.362955245881499,0.10884282006884835,0.0,10,20,0.0911705559674943,0.002708619148339142,-0.09999999999999998,18
100,10,0.2,mixed,0.0,0.6,2.9506381773889867,0.5343545610464022,-0.09999999999999998,10,17,2.5806515988112393,0.4326433688930541,0.0,10,20,-0.3699865785777474,-0.10171119215334812,-0.09999999999999998,19
100,10,0.2,mixed,0.1,0.6,6.032517636011009,0.9413897507696914,-0.04999999999999993,10,19,1.549248590847808,0.41435602048492226,0.0,10,20,-4.483269045163201,-0.5270337302847692,-0.04999999999999993,0
100,10,0.2,mixed,0.1,0.6,4.013424679346774,0.8311366182154967,-0.04999999999999993,10,20,1.3327310451389716,0.30742892725551263,0.050000000000000044,10,22,-2.6806936342078025,-0.523707690959984,1.1102230246251565e-16,1
100,10,0.2,mixed,0.1,0.6,0.7142360032458438,0.25445512762060984,0.0,10,18,0.515279648179674,0.14736969049800266,0.20000000000000007,10,21,-0.19895635506616982,-0.10708543712260718,0.20000000000000007,2
100,10,0.2,mixed,0.1,0.6,28.777765123861048,3.0731440049092074,0.0,10,21,6.772647580124601,1.163794514788458,0.25,10,24,-22.005117543736446,-1.9093494901207493,0.25,3
100,10,0.2,mixed,0.1,0.6,6.52107708776496,1.0272994492262348,0.15000000000000002,10,20,3.4660637155079117,0.7284896155514141,-0.04999999999999993,10,18,-3.055013372257048,-0.2988098336748207,-0.10000000000000009,4
100,10,0.2,mixed,0.1,0.6,25.44336730496412,2.745537755324025,0.050000000000000044,10,19,2.4117821693377843,0.45192237057320483,0.0,10,21,-23.031585135626337,-2.2936153847508205,-0.050000000000000044,5
100,10,0.2,mixed,0.1,0.6,1.1860757886785678,0.3483777941453138,-0.09999999999999998,10,21,0.5773234659119726,0.16193182913959817,0.09999999999999998,10,20,-0.6087523227665952,-0.1864459650057156,0.0,6
100,10,0.2,mixed,0.1,0.6,8.681372845087264,1.2573690596748062,0.0,10,21,6.23344129215174,1.3540792464384688,0.0,10,20,-2.4479315529355237,0.09671018676366261,0.0,7
100,10,0.2,mixed,0.1,0.6,2.18701135253903,0.37068470957188115,0.050000000000000044,10,18,4.064105662623697,0.5202996809124467,0.09999999999999998,10,19,1.8770943100846669,0.14961497134056556,0.04999999999999993,8
100,10,0.2,mixed,0.1,0.6,2.851974716048109,0.7053145369371643,-0.19999999999999996,10,20,2.5990351151826028,0.7913559053727672,0.09999999999999998,10,20,-0.25293960086550626,0.08604136843560295,-0.09999999999999998,9
100,10,0.2,mixed,0.1,0.6,3.4338069139521283,0.8332083998568602,0.15000000000000002,10,23,2.7266888611428604,0.4511672153467329,0.09999999999999998,10,24,-0.707118052809268,-0.38204118451012736,-0.050000000000000044,10
100,10,0.2,mixed,0.1,0.6,0.38388315564185627,0.12522282869709417,-0.14999999999999997,10,19,0.8206898037877699,0.21728281456046586,-0.04999999999999993,10,20,0.43680664814591363,0.09205998586337169,-0.10000000000000003,11
100,10,0.2,mixed,0.1,0.6,0.31160307936440623,0.09480417470968987,0.050000000000000044,10,22,1.166557501177961,0.22096830349905158,0.0,10,19,0.8549544218135547,0.12616412878936173,-0.050000000000000044,12
100,10,0.2,mixed,0.1,0.6,2.409679301040054,0.35509225090458496,-0.04999999999999993,10,20,1.5335880158070048,0.3134843446491909,-0.14999999999999997,10,21,-0.8760912852330491,-0.04160790625539407,0.10000000000000003,13
100,10,0.2,mixed,0.1,0.6,1.3978425457138564,0.2476978442296253,0.0,10,20,0.9776595598679992,0.16822512643581572,-0.14999999999999997,10,20,-0.4201829858458571,-0.07947271779380957,0.14999999999999997,14
100,10,0.2,mixed,0.1,0.6,0.2604923925867731,0.07814296779224068,0.15000000000000002,10,21,0.3383287118296315,0.14443172815128483,-0.14999999999999997,10,19,0.07783631924285839,0.06628876035904414,-5.551115123125783e-17,15
100,10,0.2,mixed,0.1,0.6,1.5929063553065677,0.2903135386752901,-0.04999999999999993,10,18,1.4235620635204078,0.2728157067757959,-0.14999999999999997,10,20,-0.16934429178615984,-0.017497831899494165,0.10000000000000003,16
100,10,0.2,mixed,0.1,0.6,2.65080731308446,0.3950684830131993,-0.09999999999999998,10,19,0.5245801890309318,0.11859116081188022,0.050000000000000044,10,21,-2.1262271240535284,-0.2764773222013191,-0.04999999999999993,17
100,10,0.2,mixed,0.1,0.6,14.532796395907045,1.7819204584820685,0.050000000000000044,10,18,4.397786028355691,0.9636367909338335,0.050000000000000044,10,22,-10.135010367551354,-0.818283667548235,0.0,18
100,10,0.2,mixed,0.1,0.6,13.08484387427187,1.4872030265242941,0.050000000000000044,10,20,13.166021041946891,1.499177393798916,0.0,10,22,0.08117716767502081,0.011974367274621756,-0.050000000000000044,19
100,10,0.2,mixed,0.2,0.6,3.6667187700783694,0.4315701989071742,0.0,10,21,4.217921362336809,0.5193717626973683,-0.19999999999999996,10,18,0.5512025922584396,0.0878015637901941,0.19999999999999996,0
100,10,0.2,mixed,0.2,0.6,2.706269478853461,0.4634963785364062,0.09999999999999998,10,20,1.113872553836387,0.24138210729339243,0.15000000000000002,10,20,-1.5923969250170742,-0.22211427124301375,0.050000000000000044,1
100,10,0.2,mixed,0.2,0.6,251.38021492418068,25.354199839444025,0.050000000000000044,10,21,69.7069057081421,7.196282636238874,-0.14999999999999997,10,18,-181.67330921603858,-18.15791720320515,0.09999999999999992,2
100,10,0.2,mixed,0.2,0.6,3.402949800401326,0.4461432905657684,0.09999999999999998,10,20,1.8735630881372598,0.35360435997609624,0.15000000000000002,10,23,-1.5293867122640663,-0.09253893058967216,0.050000000000000044,3
100,10,0.2,mixed,0.2,0.6,6.625600115069748,1.2068875411426805,-0.04999999999999993,10,19,2.976451575994339,0.7831472243905087,0.15000000000000002,10,23,-3.649148539075409,-0.42374031675217183,0.10000000000000009,4
100,10,0.2,mixed,0.2,0.6,21.091659729601908,3.8382481562654824,0.09999999999999998,10,21,7.902324455621976,1.1196003720576688,-0.04999999999999993,10,18,-13.189335273979932,-2.7186477842078136,-0.050000000000000044,5
100,10,0.2,mixed,0.2,0.6,4.871030734923506,0.6428756398366086,0.09999999999999998,10,20,3.745387246651989,0.8199322630489678,0.050000000000000044,10,21,-1.1256434882715172,0.17705662321235927,-0.04999999999999993,6
100,10,0.2,mixed,0.2,0.6,0.8289643881715302,0.20331183507424674,0.0,10,20,7.588000005349377,0.9541218836779395,0.09999999999999998,10,24,6.7590356171778465,0.7508100486036927,0.09999999999999998,7
100,10,0.2,mixed,0.2,0.6,1.4983268526935754,0.38003622909748147,0.0,10,22,2.768938357324174,0.3902739846687792,-0.19999999999999996,10,20,1.2706115046305988,0.010237755571297746,0.19999999999999996,8
100,10,0.2,mixed,0.2,0.6,2.7428158922596424,0.3950714691914884,0.050000000000000044,10,21,2.7538210340970437,0.3831561229569626,-0.04999999999999993,10,19,0.011005141837401311,-0.011915346234525781,-1.1102230246251565e-16,9
100,10,0.2,mixed,0.2,0.6,1.0725024070759062,0.26418655680613157,-0.04999999999999993,10,19,0.6612672109244293,0.24231884160864076,0.050000000000000044,10,22,-0.41123519615147686,-0.02186771519749081,1.1102230246251565e-16,10
100,10,0.2,mixed,0.2,0.6,1.0378718430878278,0.17343992848519005,0.0,10,19,1.4203716414472216,0.20855402307799437,-0.04999999999999993,10,19,0.38249979835939385,0.03511409459280432,0.04999999999999993,11
100,10,0.2,mixed,0.2,0.6,3.8447046048572715,0.6103796632668901,0.050000000000000044,10,20,6.371403079996405,0.9131538435609021,0.050000000000000044,10,19,2.5266984751391335,0.30277418029401204,0.0,12
100,10,0.2,mixed,0.2,0.6,4.091229951907428,0.8780899405401061,-0.04999999999999993,10,20,2.5936006781735466,0.4172167117030859,-0.09999999999999998,10,17,-1.4976292737338812,-0.46087322883702025,0.050000000000000044,13
100,10,0.2,mixed,0.2,0.6,5.750318342490885,0.7278336670927301,0.050000000000000044,10,21,3.115421266376097,0.4082629660810625,0.09999999999999998,10,18,-2.6348970761147874,-0.3195707010116676,0.04999999999999993,14
100,10,0.2,mixed,0.2,0.6,4.006185257651408,0.7875847698979267,0.0,10,19,2.521764657592793,0.45710642129930257,-0.09999999999999998,10,20,-1.4844206000586153,-0.3304783485986241,0.09999999999999998,15
100,10,0.2,mixed,0.2,0.6,2.6880622295995464,0.5341461828876126,-0.04999999999999993,10,19,0.9119092699734062,0.28548334647096185,0.050000000000000044,10,21,-1.7761529596261403,-0.24866283641665077,1.1102230246251565e-16,16
100,10,0.2,mixed,0.2,0.6,1.1503032747793818,0.3007929360646242,0.20000000000000007,10,23,0.809481833660101,0.17629681120516633,-0.25,10,20,-0.3408214411192808,-0.12449612485945788,0.04999999999999993,17
100,10,0.2,mixed,0.2,0.6,103.47425716566248,10.593362842720099,-0.19999999999999996,10,21,32.866029094224125,3.332487795653531,0.050000000000000044,10,20,-70.60822807143836,-7.260875047066568,-0.1499999999999999,18
100,10,0.2,mixed,0.2,0.6,15.281303537074443,1.9463623095095528,-0.09999999999999998,10,18,21.567849911230606,4.362670379471547,-0.09999999999999998,10,21,6.286546374156163,2.4163080699619943,0.0,19
100,10,0.2,mixed,0.4,0.6,1.3240597149895066,0.40950369143731463,0.050000000000000044,10,21,1.1518211942288645,0.27325951630434725,-0.09999999999999998,10,18,-0.17223852076064206,-0.13624417513296738,0.04999999999999993,0
100,10,0.2,mixed,0.4,0.6,8.828665425366765,0.9874149146079618,-0.09999999999999998,10,18,1.1981704651249911,0.3439440483098373,0.0,10,18,-7.630494960241774,-0.6434708662981246,-0.09999999999999998,1
100,10,0.2,mixed,0.4,0.6,5.392432013374104,0.6772017127907077,-0.09999999999999998,10,21,2.479722579774217,0.5235173084917621,0.050000000000000044,10,21,-2.912709433599887,-0.1536844042989456,-0.04999999999999993,2
100,10,0.2,mixed,0.4,0.6,7.544296096178227,0.9600112835068775,-0.04999999999999993,10,20,103.07302278833677,10.532577681978834,-0.09999999999999998,10,17,95.52872669215854,9.572566398471956,0.050000000000000044,3
100,10,0.2,mixed,0.4,0.6,6.743681423427472,0.9187280423292599,-0.04999999999999993,10,20,1.946329415366528,0.5100833249044686,0.0,10,19,-4.797352008060944,-0.40864471742479125,-0.04999999999999993,4
100,10,0.2,mixed,0.4,0.6,0.6995872355252971,0.16878367154489432,0.25,10,23,2.4284642225486497,0.39022656258178234,0.0,10,21,1.7288769870233525,0.22144289103688802,-0.25,5
100,10,0.2,mixed,0.4,0.6,8.321773419458234,0.9103742805792452,0.050000000000000044,10,18,5.6036834574552685,0.8321027930014866,0.15000000000000002,10,24,-2.7180899620029653,-0.07827148757775859,0.09999999999999998,6
100,10,0.2,mixed,0.4,0.6,0.3742225496247668,0.17642407924631426,-0.19999999999999996,10,16,0.8223004600691685,0.1738115656244586,-0.04999999999999993,10,19,0.44807791044440165,-0.002612513621855661,-0.15000000000000002,7
100,10,0.2,mixed,0.4,0.6,1.7662168607987216,0.2200757796594258,-0.09999999999999998,10,21,7.447075776464609,0.914891862645956,0.25,10,23,5.680858915665887,0.6948160829865302,0.15000000000000002,8
100,10,0.2,mixed,0.4,0.6,0.6686126578806689,0.17925023815704297,0.0,10,23,4.227927761610392,0.4796681821548109,0.050000000000000044,10,22,3.559315103729723,0.3004179439977679,0.050000000000000044,9
100,10,0.2,mixed,0.4,0.6,0.3782016651535058,0.12603716970806939,0.09999999999999998,10,18,1.0184794248929547,0.25708081628495594,-0.19999999999999996,10,18,0.6402777597394489,0.13104364657688655,0.09999999999999998,10
100,10,0.2,mixed,0.4,0.6,5.073932513639971,0.7264964254216995,0.050000000000000044,10,21,6.898119424487917,0.8331760016757883,-0.09999999999999998,10,21,1.8241869108479465,0.10667957625408886,0.04999999999999993,11
100,10,0.2,mixed,0.4,0.6,5.1041747549838945,0.8556345917351491,0.050000000000000044,10,18,5.497551998319923,1.1513176320621041,0.09999999999999998,10,23,0.39337724333602875,0.295683040326955,0.04999999999999993,12
100,10,0.2,mixed,0.4,0.6,1.9811393580946157,0.3022936872718233,-0.14999999999999997,10,20,4.5816260011635315,0.607049164349519,-0.09999999999999998,10,20,2.6004866430689155,0.30475547707769574,-0.04999999999999999,13
100,10,0.2,mixed,0.4,0.6,1.0232371847276283,0.2521776017462457,-0.04999999999999993,10,23,0.2945027779474797,0.11820097888965955,-0.04999999999999993,10,20,-0.7287344067801486,-0.13397662285658615,0.0,14
100,10,0.2,mixed,0.4,0.6,12.280895459982515,1.4907191001311317,0.09999999999999998,10,21,5.791924378646979,0.752901195947696,-0.04999999999999993,10,19,-6.488971081335536,-0.7378179041834357,-0.050000000000000044,15
100,10,0.2,mixed,0.4,0.6,0.6769568021102724,0.18162199073915603,0.050000000000000044,10,19,2.2787513727755613,0.4368842784997094,0.0,10,22,1.6017945706652887,0.2552622877605534,-0.050000000000000044,16
100,10,0.2,mixed,0.4,0.6,1.6494363780810628,0.38703049531820366,0.050000000000000044,10,20,1.1787989615443473,0.33119309378825235,-0.14999999999999997,10,17,-0.47063741653671554,-0.055837401529951314,0.09999999999999992,17
100,10,0.2,mixed,0.4,0.6,0.9251272932836881,0.15528474235233486,-0.04999999999999993,10,19,0.7961231249801853,0.17666476993027486,-0.04999999999999993,10,18,-0.1290041683035028,0.021380027577939997,0.0,18
100,10,0.2,mixed,0.4,0.6,0.9547330708621166,0.20202254843775797,0.0,10,17,0.7316433992370497,0.18062260294564383,0.09999999999999998,10,21,-0.22308967162506688,-0.02139994549211413,0.09999999999999998,19
100,10,0.2,skewed,0.0,0.6,0.7287514648068455,0.24972452482512003,0.0,10,18,0.34449316090868765,0.21257619975064737,-0.09999999999999998,10,23,-0.38425830389815785,-0.03714832507447266,0.09999999999999998,0
100,10,0.2,skewed,0.0,0.6,1.1076529635865708,0.3469102698489094,-0.09999999999999998,10,19,1.2779140849234911,0.36187342690180524,0.09999999999999998,10,20,0.17026112133692028,0.014963157052895859,0.0,1
100,10,0.2,skewed,0.0,0.6,0.501377864206167,0.24885313740165316,0.050000000000000044,10,23,0.8970696837530737,0.36548237877216155,-0.04999999999999993,10,21,0.3956918195469067,0.1166292413705084,-1.1102230246251565e-16,2
100,10,0.2,skewed,0.0,0.6,0.6299171248225328,0.309681810133947,-0.19999999999999996,10,16,0.7951985272420844,0.2574910031195868,-0.09999999999999998,10,23,0.16528140241955158,-0.05219080701436024,-0.09999999999999998,3
100,10,0.2,skewed,0.0,0.6,0.6190547126223643,0.2837129560746511,0.050000000000000044,10,19,0.5354038416739691,0.21794258658913285,-0.04999999999999993,10,19,-0.08365087094839518,-0.06577036948551823,-1.1102230246251565e-16,4
100,10,0.2,skewed,0.0,0.6,0.4344646121081973,0.23036545066273031,-0.09999999999999998,10,24,0.6942065480944234,0.19801575032840502,-0.04999999999999993,10,20,0.2597419359862261,-0.0323497003343253,-0.050000000000000044,5
100,10,0.2,skewed,0.0,0.6,0.6763813362016264,0.27101977112510145,0.0,10,22,0.8197402326244988,0.36382234771266253,0.050000000000000044,10,20,0.14335889642287236,0.09280257658756108,0.050000000000000044,6
100,10,0.2,skewed,0.0,0.6,0.7083665642026196,0.28674228284580966,-0.04999999999999993,10,14,0.7097932331886787,0.2553903413601234,-0.09999999999999998,10,18,0.001426668986059143,-0.03135194148568626,0.050000000000000044,7
100,10,0.2,skewed,0.0,0.6,0.5324598317108266,0.2761588163105544,0.0,10,19,0.6362425877854467,0.2910796746767365,-0.04999999999999993,10,18,0.10378275607462017,0.014920858366182121,0.04999999999999993,8
100,10,0.2,skewed,0.0,0.6,0.36346608669657055,0.1491319276086898,0.20000000000000007,10,25,0.4881083271696355,0.3186341285311958,0.09999999999999998,10,23,0.12464224047306494,0.16950220092250604,-0.10000000000000009,9
100,10,0.2,skewed,0.0,0.6,0.7923086759376836,0.3175517071355222,-0.04999999999999993,10,15,0.5002239901345189,0.1982790885160864,-0.09999999999999998,10,20,-0.2920846858031647,-0.11927261861943583,0.050000000000000044,10
100,10,0.2,skewed,0.0,0.6,0.835817990189908,0.48738067388418604,-0.19999999999999996,10,15,1.9395536338762995,0.6938690318697022,-0.04999999999999993,10,23,1.1037356436863917,0.20648835798551612,-0.15000000000000002,11
100,10,0.2,skewed,0.0,0.6,0.7424069208485856,0.3493402906908135,-0.09999999999999998,10,19,0.7456308157780767,0.3508573139421005,-0.04999999999999993,10,17,0.0032238949294910446,0.0015170232512869974,-0.050000000000000044,12
100,10,0.2,skewed,0.0,0.6,0.66195003907347,0.34823440174466136,0.0,10,19,0.6611846111559331,0.22770557983965195,0.15000000000000002,10,23,-0.000765427917536976,-0.12052882190500941,0.15000000000000002,13
100,10,0.2,skewed,0.0,0.6,1.3426823732641244,0.4783793263772614,-0.04999999999999993,10,19,0.7510547570687232,0.35779054897106066,-0.04999999999999993,10,19,-0.5916276161954013,-0.12058877740620072,0.0,14
100,10,0.2,skewed,0.0,0.6,1.0333617258097632,0.31945931696344043,-0.19999999999999996,10,21,1.3059916489661172,0.3671752216666715,0.050000000000000044,10,22,0.27262992315635404,0.04771590470323106,-0.1499999999999999,15
100,10,0.2,skewed,0.0,0.6,0.5353463074382565,0.14132705003632537,-0.09999999999999998,10,21,0.6962947036671476,0.3118597264519128,-0.14999999999999997,10,16,0.16094839622889112,0.17053267641558742,0.04999999999999999,16
100,10,0.2,skewed,0.0,0.6,0.7790879741666855,0.2274087923333627,0.050000000000000044,10,20,2.4754179109523324,0.6136565850118927,0.0,10,22,1.6963299367856468,0.38624779267853,-0.050000000000000044,17
100,10,0.2,skewed,0.0,0.6,0.33232369616390894,0.10212914253085163,0.0,10,21,0.5886130510942442,0.29955546164659025,0.09999999999999998,10,19,0.2562893549303353,0.1974263191157386,0.09999999999999998,18
100,10,0.2,skewed,0.0,0.6,0.6317708920873747,0.301237974967797,-0.04999999999999993,10,17,0.5405347769091643,0.2766107252103658,0.050000000000000044,10,19,-0.0912361151782104,-0.02462724975743119,1.1102230246251565e-16,19
100,10,0.2,skewed,0.1,0.6,0.732106743576918,0.2971637398312125,0.050000000000000044,10,19,0.4754327626309426,0.10548006013050722,-0.09999999999999998,10,18,-0.2566739809459754,-0.19168367970070532,0.04999999999999993,0
100,10,0.2,skewed,0.1,0.6,1.2242019779235709,0.4764296358124991,-0.19999999999999996,10,15,2.5132988222572945,0.5183223359698971,0.0,10,21,1.2890968443337236,0.04189270015739799,-0.19999999999999996,1
100,10,0.2,skewed,0.1,0.6,3.1572717902759124,0.5674148045502958,0.15000000000000002,10,23,3.465759881391595,0.507962759128435,0.050000000000000044,10,20,0.30848809111568265,-0.05945204542186078,-0.09999999999999998,2
100,10,0.2,skewed,0.1,0.6,0.7830865553436828,0.22477736403657386,0.0,10,22,1.0582909950397477,0.3555847249317331,0.050000000000000044,10,21,0.2752044396960649,0.13080736089515924,0.050000000000000044,3
100,10,0.2,skewed,0.1,0.6,0.8610149590136236,0.302269379946057,0.050000000000000044,10,22,0.8184352771596557,0.3274788625389073,-0.3,10,21,-0.04257968185396788,0.025209482592850274,0.24999999999999994,4
100,10,0.2,skewed,0.1,0.6,1.7306989959878019,0.3828577402594583,-0.09999999999999998,10,17,1.5733245985217281,0.3293686375309508,0.0,10,22,-0.15737439746607373,-0.05348910272850749,-0.09999999999999998,5
100,10,0.2,skewed,0.1,0.6,1.704634545021147,0.4191416821171976,-0.09999999999999998,10,23,0.7926877220890765,0.3588854345482678,0.09999999999999998,10,19,-0.9119468229320706,-0.06025624756892978,0.0,6
100,10,0.2,skewed,0.1,0.6,1.932825453934089,0.6596692390342307,0.15000000000000002,10,21,0.5083070922309917,0.21966915873919907,-0.14999999999999997,10,18,-1.4245183617030972,-0.4400000802950316,-5.551115123125783e-17,7
100,10,0.2,skewed,0.1,0.6,0.6578503145942697,0.2981239747409412,-0.14999999999999997,10,17,0.6285223692479942,0.2545244229018503,0.050000000000000044,10,18,-0.029327945346275475,-0.04359955183909092,-0.09999999999999992,8
100,10,0.2,skewed,0.1,0.6,0.5487185422952766,0.22369853159537176,0.0,10,23,0.7732225731525905,0.19191235886328087,-0.09999999999999998,10,19,0.22450403085731385,-0.03178617273209089,0.09999999999999998,9
100,10,0.2,skewed,0.1,0.6,0.738737822057495,0.3362083520391256,-0.09999999999999998,10,15,0.4110178391974971,0.16940035919452762,0.050000000000000044,10,24,-0.3277199828599979,-0.16680799284459796,-0.04999999999999993,10
100,10,0.2,skewed,0.1,0.6,0.5958743587058353,0.23262844201754151,-0.04999999999999993,10,19,0.6233354001176897,0.2436714862545028,0.15000000000000002,10,19,0.02746104141185446,0.011043044236961286,0.10000000000000009,11
100,10,0.2,skewed,0.1,0.6,0.763202977122113,0.30479727152490665,0.050000000000000044,10,18,0.8544254789868124,0.26812953248102395,-0.04999999999999993,10,20,0.09122250186469938,-0.03666773904388271,-1.1102230246251565e-16,12
100,10,0.2,skewed,0.1,0.6,0.6719750126896396,0.2705782457761633,0.09999999999999998,10,19,1.037398180376527,0.301840234134606,0.20000000000000007,10,24,0.36542316768688754,0.03126198835844268,0.10000000000000009,13
100,10,0.2,skewed,0.1,0.6,0.989402322369987,0.34969609684409025,0.09999999999999998,10,22,0.6699858021559993,0.32020200382571107,-0.04999999999999993,10,19,-0.3194165202139877,-0.029494093018379186,-0.050000000000000044,14
100,10,0.2,skewed,0.1,0.6,0.36889554813400893,0.16559707756447234,-0.04999999999999993,10,19,0.4198238551141223,0.19646839419561288,0.0,10,24,0.05092830698011336,0.03087131663114054,-0.04999999999999993,15
100,10,0.2,skewed,0.1,0.6,0.7106840378813376,0.44331566790754395,-0.25,10,16,0.7022050121506034,0.30342519755256747,-0.19999999999999996,10,19,-0.008479025730734224,-0.13989047035497648,-0.050000000000000044,16
100,10,0.2,skewed,0.1,0.6,0.6985661432979423,0.2959909097385399,-0.19999999999999996,10,18,0.5032615665757451,0.23718813489370696,0.050000000000000044,10,18,-0.19530457672219725,-0.058802774844832956,-0.1499999999999999,17
100,10,0.2,skewed,0.1,0.6,0.4975812197971408,0.20327806485562538,-0.04999999999999993,10,19,0.5321659345767868,0.21181893042167968,-0.09999999999999998,10,19,0.03458471477964603,0.008540865566054295,0.050000000000000044,18
100,10,0.2,skewed,0.1,0.6,0.8456812872560123,0.38645577493490585,0.09999999999999998,10,22,0.45208124710815245,0.1903789767480691,0.050000000000000044,10,19,-0.3936000401478599,-0.19607679818683674,-0.04999999999999993,19
100,10,0.2,skewed,0.2,0.6,1.37464121823379,0.47634065327970854,-0.09999999999999998,10,16,0.5854667672743178,0.2352100037686365,-0.04999999999999993,10,18,-0.7891744509594721,-0.24113064951107205,-0.050000000000000044,0
100,10,0.2,skewed,0.2,0.6,1.118089170397781,0.38887330707193046,0.0,10,21,0.474020976420555,0.20426280010547732,-0.14999999999999997,10,18,-0.6440681939772261,-0.18461050696645315,0.14999999999999997,1
100,10,0.2,skewed,0.2,0.6,0.6524973757893615,0.24455109634888364,0.09999999999999998,10,22,0.6438157230060924,0.3108177904486481,0.0,10,20,-0.008681652783269156,0.06626669409976446,-0.09999999999999998,2
100,10,0.2,skewed,0.2,0.6,0.5857888079888094,0.3245272013996745,-0.09999999999999998,10,19,0.5909693609302823,0.2552471705278539,-0.04999999999999993,10,18,0.005180552941472905,-0.06928003087182061,-0.050000000000000044,3
100,10,0.2,skewed,0.2,0.6,0.5426906006913964,0.2689235768971142,0.050000000000000044,10,23,0.44712058583597836,0.18743378681681738,-0.04999999999999993,10,19,-0.09557001485541805,-0.08148979008029683,-1.1102230246251565e-16,4
100,10,0.2,skewed,0.2,0.6,0.5530328354248443,0.32006156698265753,-0.09999999999999998,10,20,0.7693883922974146,0.3120023583168402,-0.25,10,17,0.21635555687257035,-0.00805920866581733,0.15000000000000002,5
100,10,0.2,skewed,0.2,0.6,0.5266266682904621,0.2694361924720194,0.09999999999999998,10,21,0.7996451713541116,0.41620348927252293,0.050000000000000044,10,19,0.2730185030636495,0.14676729680050354,-0.04999999999999993,6
100,10,0.2,skewed,0.2,0.6,0.8077799524815951,0.2502532669691055,0.09999999999999998,10,22,0.5519495072609262,0.25872364767270634,0.09999999999999998,10,22,-0.2558304452206689,0.008470380703600844,0.0,7
100,10,0.2,skewed,0.2,0.6,0.6250633474027886,0.16884131557405485,0.050000000000000044,10,21,2.829243184899275,0.43012828047596097,-0.04999999999999993,10,23,2.2041798374964863,0.2612869649019061,-1.1102230246251565e-16,8
100,10,0.2,skewed,0.2,0.6,2.4927061841737013,0.5914896453136353,0.050000000000000044,10,20,1.4148226044182375,0.5199985606849036,0.20000000000000007,10,23,-1.0778835797554638,-0.07149108462873177,0.15000000000000002,9
100,10,0.2,skewed,0.2,0.6,0.39126072308811466,0.19003499056382617,0.050000000000000044,10,25,0.6082900605259167,0.23516238732640332,-0.09999999999999998,10,17,0.21702933743780206,0.045127396762577154,0.04999999999999993,10
100,10,0.2,skewed,0.2,0.6,0.5315715551528971,0.1934713144101895,0.35,10,25,0.6640062846014355,0.27947135425437325,-0.09999999999999998,10,16,0.1324347294485384,0.08600003984418375,-0.25,11
100,10,0.2,skewed,0.2,0.6,1.741009244153518,0.34494012295209175,0.09999999999999998,10,19,1.37667868268662,0.2944963310643355,0.25,10,23,-0.36433056146689813,-0.05044379188775627,0.15000000000000002,12
100,10,0.2,skewed,0.2,0.6,1.3330336128141638,0.3653195438554384,0.0,10,20,0.5113616241649643,0.27820656081,-0.09999999999999998,10,19,-0.8216719886491994,-0.08711298304543841,0.09999999999999998,13
100,10,0.2,skewed,0.2,0.6,0.5984206936722871,0.2166711707046241,0.050000000000000044,10,19,0.3992487557814438,0.12946454332156046,0.09999999999999998,10,23,-0.1991719378908433,-0.08720662738306365,0.04999999999999993,14
100,10,0.2,skewed,0.2,0.6,1.6589083964515778,0.4590208963624286,0.15000000000000002,10,23,1.5591008816870382,0.35103777081280846,0.050000000000000044,10,24,-0.09980751476453964,-0.10798312554962014,-0.09999999999999998,15
100,10,0.2,skewed,0.2,0.6,0.9107754047817845,0.3143076535585359,-0.04999999999999993,10,18,1.118670017197747,0.23539583623328567,0.050000000000000044,10,22,0.20789461241596252,-0.07891181732525024,1.1102230246251565e-16,16
100,10,0.2,skewed,0.2,0.6,0.7767132502214076,0.3312445883850531,-0.09999999999999998,10,14,0.4479059139853097,0.23096825156567902,0.09999999999999998,10,21,-0.32880733623609787,-0.10027633681937409,0.0,17
100,10,0.2,skewed,0.2,0.6,0.5112488729547997,0.22461894662112183,0.0,10,18,0.42643752886340464,0.1360175233977108,0.0,10,20,-0.08481134409139507,-0.08860142322341102,0.0,18
100,10,0.2,skewed,0.2,0.6,1.3720121348450056,0.3841260571326061,0.09999999999999998,10,25,0.5225519063745846,0.29886663804548325,-0.09999999999999998,10,19,-0.849460228470421,-0.08525941908712287,0.0,19
100,10,0.2,skewed,0.4,0.6,0.8037147570128227,0.32047962894894644,-0.19999999999999996,10,15,0.5824525844350311,0.2478972718603829,-0.04999999999999993,10,20,-0.22126217257779157,-0.07258235708856353,-0.15000000000000002,0
100,10,0.2,skewed,0.4,0.6,1.0369669626797817,0.47702539594626137,-0.25,10,18,1.625956081280819,0.7202854683062938,0.35,10,28,0.5889891186010372,0.24326007236003244,0.09999999999999998,1
100,10,0.2,skewed,0.4,0.6,1.2512198894424076,0.38526316762989693,0.0,10,22,0.6395600179071647,0.3300776257966497,-0.04999999999999993,10,19,-0.6116598715352429,-0.055185541833247254,0.04999999999999993,2
100,10,0.2,skewed,0.4,0.6,0.5634414981498058,0.16874518071158365,0.050000000000000044,10,19,0.47104230140791403,0.20760573482656602,0.0,10,21,-0.09239919674189179,0.038860554114982376,-0.050000000000000044,3
100,10,0.2,skewed,0.4,0.6,0.6254257663354185,0.2081195948429666,0.050000000000000044,10,22,1.1141387261005007,0.4831374949358719,-0.09999999999999998,10,19,0.4887129597650822,0.2750179000929053,0.04999999999999993,4
100,10,0.2,skewed,0.4,0.6,0.6671536011560746,0.3111856447542142,0.09999999999999998,10,23,0.5787386123650202,0.2514560091488104,-0.14999999999999997,10,14,-0.08841498879105436,-0.059729635605403786,0.04999999999999999,5
100,10,0.2,skewed,0.4,0.6,0.9153322270148715,0.31572820989693007,-0.04999999999999993,10,17,1.3719431339835622,0.4267488949428298,-0.09999999999999998,10,19,0.45661090696869067,0.11102068504589974,0.050000000000000044,6
100,10,0.2,skewed,0.4,0.6,0.9914036463349091,0.22632359089358953,0.09999999999999998,10,22,0.9166110084371943,0.28162575253686695,0.15000000000000002,10,22,-0.07479263789771473,0.05530216164327742,0.050000000000000044,7
100,10,0.2,skewed,0.4,0.6,0.5933524816258199,0.3750747874893983,-0.04999999999999993,10,18,1.2201571180623212,0.38886563683806064,0.0,10,21,0.6268046364365013,0.013790849348662315,-0.04999999999999993,8
100,10,0.2,skewed,0.4,0.6,0.4658186484730022,0.17784986796080066,0.09999999999999998,10,21,0.3664933847852944,0.1568390731815767,0.09999999999999998,10,23,-0.09932526368770778,-0.021010794779223962,0.0,9
100,10,0.2,skewed,0.4,0.6,0.6506991609729809,0.33814382688695666,-0.09999999999999998,10,17,0.751196859191038,0.36837031903670847,0.09999999999999998,10,18,0.1004976982180571,0.030226492149751816,0.0,10
100,10,0.2,skewed,0.4,0.6,0.6595149990763821,0.2748572692726926,-0.09999999999999998,10,18,0.7055748687555314,0.3289495057851228,-0.14999999999999997,10,18,0.04605986967914932,0.05409223651243017,0.04999999999999999,11
100,10,0.2,skewed,0.4,0.6,0.9571835135444843,0.35696505942072687,0.09999999999999998,10,18,0.8995569227504129,0.3235507797421998,0.0,10,20,-0.0576265907940714,-0.03341427967852706,-0.09999999999999998,12
100,10,0.2,skewed,0.4,0.6,0.5395899993336649,0.17267851160517517,-0.09999999999999998,10,20,0.8453774689740886,0.3204781133491858,0.0,10,19,0.3057874696404237,0.14779960174401063,-0.09999999999999998,13
100,10,0.2,skewed,0.4,0.6,3.0570821004532363,0.487773824150429,0.050000000000000044,10,20,0.8044172350355454,0.3407066681559173,-0.14999999999999997,10,20,-2.2526648654176906,-0.1470671559945117,0.09999999999999992,14
100,10,0.2,skewed,0.4,0.6,0.8232826070576081,0.34676971598247797,0.0,10,21,0.8405312640922664,0.2832311701680004,0.0,10,20,0.017248657034658277,-0.06353854581447754,0.0,15
100,10,0.2,skewed,0.4,0.6,1.580523329525988,0.4866649565845873,0.09999999999999998,10,21,0.5328604245588969,0.19807889031811526,0.050000000000000044,10,22,-1.047662904967091,-0.28858606626647204,-0.04999999999999993,16
100,10,0.2,skewed,0.4,0.6,0.715248458618983,0.23462819408313268,-0.04999999999999993,10,18,0.4767359491953984,0.15761461215811925,0.09999999999999998,10,21,-0.2385125094235846,-0.07701358192501342,0.050000000000000044,17
100,10,0.2,skewed,0.4,0.6,0.7700724698829746,0.24586472145014598,0.15000000000000002,10,21,0.39823237750739643,0.15550279470575015,0.15000000000000002,10,25,-0.3718400923755782,-0.09036192674439583,0.0,18
100,10,0.2,skewed,0.4,0.6,0.5421609823424579,0.26101753333222505,-0.09999999999999998,10,20,0.7778793619283804,0.29505358456703445,0.0,10,18,0.23571837958592246,0.034036051234809406,-0.09999999999999998,19
100,10,0.2,correlated,0.0,0.6,0.3590910931648991,0.16509316653580808,-0.09999999999999998,10,19,0.8231457773768232,0.6165864214040678,-0.19999999999999996,10,18,0.46405468421192403,0.45149325486825975,0.09999999999999998,0
100,10,0.2,correlated,0.0,0.6,2.9973710148254917,0.9150636956382273,-0.09999999999999998,10,15,3.23311299801158,1.158114911060588,0.0,10,19,0.23574198318608808,0.24305121542236063,-0.09999999999999998,1
100,10,0.2,correlated,0.0,0.6,4.573120198897441,1.306442607039293,0.15000000000000002,10,21,0.9340119276189729,0.45367700270959477,0.09999999999999998,10,19,-3.6391082712784684,-0.8527656043296982,-0.050000000000000044,2
100,10,0.2,correlated,0.0,0.6,0.7805610939377918,0.39764129361356726,0.25,10,28,1.665859583690951,0.8141169854196564,0.0,10,18,0.8852984897531593,0.4164756918060891,-0.25,3
100,10,0.2,correlated,0.0,0.6,1.52295836853398,0.5121251669420588,0.050000000000000044,10,21,3.9867616887287585,1.0711364216981158,0.050000000000000044,10,20,2.4638033201947787,0.5590112547560571,0.0,4
100,10,0.2,correlated,0.0,0.6,0.5810602371188757,0.37337088571140586,0.25,10,27,0.39190709353240194,0.16059509800850835,0.050000000000000044,10,18,-0.18915314358647373,-0.2127757877028975,-0.19999999999999996,5
100,10,0.2,correlated,0.0,0.6,3.7326828038223745,0.8265412158776344,-0.04999999999999993,10,20,2.216207905227585,1.0197640437730853,0.0,10,20,-1.5164748985947893,0.19322282789545087,-0.04999999999999993,6
100,10,0.2,correlated,0.0,0.6,3.705525983355666,0.9425716869266718,-0.09999999999999998,10,18,3.097250418101716,0.7301879816905191,0.09999999999999998,10,20,-0.6082755652539498,-0.2123837052361527,0.0,7
100,10,0.2,correlated,0.0,0.6,18.39747993429109,2.486264715425232,0.25,10,27,10.049483890327192,1.3319187950574842,-0.04999999999999993,10,19,-8.3479960439639,-1.154345920367748,-0.20000000000000007,8
100,10,0.2,correlated,0.0,0.6,5.766446103379376,1.1418712079061417,0.25,10,27,4.641664413548582,1.9426985924953293,0.050000000000000044,10,24,-1.1247816898307947,0.8008273845891876,-0.19999999999999996,9
100,10,0.2,correlated,0.0,0.6,589.4327960274583,72.28727780228309,0.15000000000000002,10,20,339.0253596927976,39.0279620132098,-0.04999999999999993,10,21,-250.40743633466064,-33.259315789073284,-0.10000000000000009,10
100,10,0.2,correlated,0.0,0.6,0.9436917519052358,0.288003192125472,0.050000000000000044,10,25,0.857695150185093,0.24732660988314933,0.0,10,19,-0.08599660172014278,-0.04067658224232265,-0.050000000000000044,11
100,10,0.2,correlated,0.0,0.6,5.591556797074053,1.7377009446735872,-0.09999999999999998,10,19,23.659829727887143,4.399653844492443,0.050000000000000044,10,21,18.06827293081309,2.6619528998188557,-0.04999999999999993,12
100,10,0.2,correlated,0.0,0.6,1.7004277006934465,0.6964647528652387,-0.09999999999999998,10,17,1.3008007084345672,0.3915578364508808,0.0,10,21,-0.3996269922588793,-0.30490691641435785,-0.09999999999999998,13
100,10,0.2,correlated,0.0,0.6,1.4708132159243845,0.819688698553076,0.050000000000000044,10,22,0.8239449632638101,0.22114628446830964,0.0,10,17,-0.6468682526605745,-0.5985424140847664,-0.050000000000000044,14
100,10,0.2,correlated,0.0,0.6,4.356209007121625,1.7645567225969594,0.20000000000000007,10,27,3.833984731937065,1.2116301934580769,0.0,10,20,-0.52222427518456,-0.5529265291388825,-0.20000000000000007,15
100,10,0.2,correlated,0.0,0.6,42.331343438720204,6.277473875629078,-0.04999999999999993,10,19,19.7543046750662,2.6042500506915447,0.050000000000000044,10,22,-22.577038763654002,-3.6732238249375335,1.1102230246251565e-16,16
100,10,0.2,correlated,0.0,0.6,1.9894523327754225,0.5521017870595919,0.15000000000000002,10,23,2.3474355837418908,0.7667051533729203,-0.09999999999999998,10,16,0.3579832509664682,0.21460336631332844,-0.050000000000000044,17
100,10,0.2,correlated,0.0,0.6,4.346661910460079,1.6154970634929726,-0.09999999999999998,10,15,4.811847191097849,1.818669993726078,-0.09999999999999998,10,19,0.46518528063776987,0.20317293023310534,0.0,18
100,10,0.2,correlated,0.0,0.6,9.279426227861856,1.6360436485937466,-0.09999999999999998,10,19,14.941689889234835,1.8776667460328191,0.050000000000000044,10,20,5.662263661372979,0.2416230974390725,-0.04999999999999993,19
100,10,0.2,correlated,0.1,0.6,30.56605783888872,4.088933425909731,-0.09999999999999998,10,17,14.091440712403495,2.9274946730628946,0.0,10,23,-16.474617126485228,-1.1614387528468368,-0.09999999999999998,0
100,10,0.2,correlated,0.1,0.6,21.544470170827424,2.602265121857124,0.0,10,19,16.002125540895303,2.24505241795939,-0.09999999999999998,10,20,-5.542344629932121,-0.35721270389773396,0.09999999999999998,1
100,10,0.2,correlated,0.1,0.6,5.459926448111004,1.7417504407822357,-0.14999999999999997,10,15,6.300813848284665,1.9957593678618193,0.050000000000000044,10,19,0.8408874001736617,0.25400892707958356,-0.09999999999999992,2
100,10,0.2,correlated,0.1,0.6,34.087744925452,6.642528706862697,-0.04999999999999993,10,21,12.138898450747574,1.6399173539511618,0.050000000000000044,10,18,-21.948846474704425,-5.002611352911535,1.1102230246251565e-16,3
100,10,0.2,correlated,0.1,0.6,16.589459387328144,4.1531804889318,0.20000000000000007,10,23,27.65427966987871,6.29022377748611,-0.09999999999999998,10,14,11.064820282550567,2.1370432885543105,-0.10000000000000009,4
100,10,0.2,correlated,0.1,0.6,1.4010864566693682,0.47774929116238535,-0.14999999999999997,10,17,1.6342888175446637,0.46187121550710925,0.050000000000000044,10,18,0.23320236087529556,-0.015878075655276103,-0.09999999999999992,5
100,10,0.2,correlated,0.1,0.6,2.315864590088484,1.0178496280386928,-0.04999999999999993,10,21,2.681930697761396,1.1354025483162948,0.0,10,18,0.3660661076729119,0.117552920277602,-0.04999999999999993,6
100,10,0.2,correlated,0.1,0.6,2.4745364764314592,0.734895800536126,0.0,10,17,3.9963553670795275,1.0845123056249644,0.09999999999999998,10,21,1.5218188906480683,0.34961650508883835,0.09999999999999998,7
100,10,0.2,correlated,0.1,0.6,2.229774338655465,0.8916307833028203,0.0,10,19,3.798796214583368,1.4263462633235702,0.09999999999999998,10,22,1.5690218759279029,0.5347154800207499,0.09999999999999998,8
100,10,0.2,correlated,0.1,0.6,8.232887198803878,1.4819262592542444,0.050000000000000044,10,23,5.529988808969945,1.7102308739448666,-0.09999999999999998,10,16,-2.7028983898339334,0.22830461469062224,0.04999999999999993,9
100,10,0.2,correlated,0.1,0.6,35.71999662967854,6.8399603254552614,-0.14999999999999997,10,16,14.639125869051757,3.5331065820454683,-0.04999999999999993,10,21,-21.080870760626784,-3.306853743409793,-0.10000000000000003,10
100,10,0.2,correlated,0.1,0.6,1.0458091001793894,0.5931343772248805,-0.09999999999999998,10,15,2.6980530472616326,1.3318196638683006,0.050000000000000044,10,22,1.6522439470822432,0.7386852866434201,-0.04999999999999993,11
100,10,0.2,correlated,0.1,0.6,2.1168401008682913,0.5629780292412092,0.050000000000000044,10,22,5.893746503408381,1.095771874321026,-0.04999999999999993,10,21,3.7769064025400896,0.5327938450798169,-1.1102230246251565e-16,12
100,10,0.2,correlated,0.1,0.6,164.1734143061407,18.017905168499574,0.0,10,25,36.6786286394025,4.413470046518166,0.20000000000000007,10,25,-127.49478566673821,-13.604435121981407,0.20000000000000007,13
100,10,0.2,correlated,0.1,0.6,17.975637087352304,2.3732095715808557,-0.09999999999999998,10,22,29.85250299099045,4.305059482130253,0.050000000000000044,10,21,11.876865903638144,1.9318499105493974,-0.04999999999999993,14
100,10,0.2,correlated,0.1,0.6,164.31243318295586,17.587771046709562,0.0,10,21,67.3898220687431,6.901220983224088,0.09999999999999998,10,21,-96.92261111421276,-10.686550063485473,0.09999999999999998,15
100,10,0.2,correlated,0.1,0.6,16.920124730092464,2.31356329279401,-0.09999999999999998,10,19,15.813893708546104,3.419636308590845,0.25,10,22,-1.1062310215463604,1.1060730157968348,0.15000000000000002,16
100,10,0.2,correlated,0.1,0.6,3.4237382008353867,1.2215768985360145,0.050000000000000044,10,21,4.577365030128218,1.385721090069541,0.0,10,22,1.153626829292831,0.16414419153352644,-0.050000000000000044,17
100,10,0.2,correlated,0.1,0.6,0.6651934667791917,0.19620330053276513,0.30000000000000004,10,28,1.0063581063271383,0.44377835782778535,0.15000000000000002,10,24,0.3411646395479466,0.24757505729502022,-0.15000000000000002,18
100,10,0.2,correlated,0.1,0.6,38.90536573680282,4.3962507365323,-0.09999999999999998,10,21,45.08970687872923,6.100824374659478,0.09999999999999998,10,22,6.18434114192641,1.7045736381271777,0.0,19
100,10,0.2,correlated,0.2,0.6,15.434286486315333,3.7368782994316483,0.0,10,19,13.628703244024669,3.159597924280145,-0.09999999999999998,10,21,-1.8055832422906644,-0.5772803751515032,0.09999999999999998,0
100,10,0.2,correlated,0.2,0.6,6.140023364546569,1.5980056921846384,-0.14999999999999997,10,15,3.204033278776216,0.9417042661882824,-0.04999999999999993,10,20,-2.9359900857703534,-0.656301425996356,-0.10000000000000003,1
100,10,0.2,correlated,0.2,0.6,2.5477066566587805,0.7921230796672026,0.15000000000000002,10,24,1.0771571118518757,0.32741829244059156,0.0,10,17,-1.4705495448069048,-0.46470478722661107,-0.15000000000000002,2
100,10,0.2,correlated,0.2,0.6,1.1540822530190593,0.5172218622613237,-0.19999999999999996,10,14,1.6300372168371027,0.6069171984819176,0.050000000000000044,10,21,0.47595496381804336,0.08969533622059389,-0.1499999999999999,3
100,10,0.2,correlated,0.2,0.6,9.560000975612258,2.1264182959813485,0.050000000000000044,10,20,16.234719181624314,4.296422016278261,0.25,10,29,6.674718206012056,2.1700037202969127,0.19999999999999996,4
100,10,0.2,correlated,0.2,0.6,0.41543340097752274,0.19686452590886344,0.35,10,31,0.9745219869008476,0.551223092053922,-0.09999999999999998,10,15,0.5590885859233248,0.3543585661450585,-0.25,5
100,10,0.2,correlated,0.2,0.6,9.884039932297664,1.9719637999231048,-0.3,10,13,4.467474949340903,0.6924933743046028,-0.04999999999999993,10,20,-5.4165649829567615,-1.279470425618502,-0.25000000000000006,6
100,10,0.2,correlated,0.2,0.6,6.604684434049824,1.2983553146850655,-0.04999999999999993,10,20,3.717562386227152,1.025516394583864,0.0,10,19,-2.8871220478226722,-0.2728389201012016,-0.04999999999999993,7
100,10,0.2,correlated,0.2,0.6,3.253583964605626,0.5186584533539759,-0.09999999999999998,10,23,6.503557197279683,1.6947098887612095,-0.04999999999999993,10,22,3.249973232674057,1.1760514354072336,-0.050000000000000044,8
100,10,0.2,correlated,0.2,0.6,1.5175884684347323,0.6325200778134663,-0.04999999999999993,10,23,1.8201560001252164,0.6702602716118274,-0.04999999999999993,10,20,0.3025675316904841,0.03774019379836113,0.0,9
100,10,0.2,correlated,0.2,0.6,26.991577362434487,3.4582446735510346,0.09999999999999998,10,18,2.087972763292215,0.733792594575873,0.050000000000000044,10,21,-24.903604599142273,-2.724452078975162,-0.04999999999999993,10
100,10,0.2,correlated,0.2,0.6,471.82326542672723,49.94644451016906,0.0,10,17,52.567006859837065,6.328986759710708,-0.09999999999999998,10,12,-419.25625856689015,-43.61745775045835,0.09999999999999998,11
100,10,0.2,correlated,0.2,0.6,2.4422422274741455,1.14048011977335,0.09999999999999998,10,22,1.2587625061010608,0.5003796011750826,0.050000000000000044,10,21,-1.1834797213730848,-0.6401005185982674,-0.04999999999999993,12
100,10,0.2,correlated,0.2,0.6,31.3395485764112,6.966150286760799,0.050000000000000044,10,17,6.941987845123103,2.198291103447682,0.0,10,19,-24.397560731288095,-4.767859183313117,-0.050000000000000044,13
100,10,0.2,correlated,0.2,0.6,3.698745484796577,1.0850921118504144,0.4,10,32,2.0442915993065425,0.7138723434371789,0.0,10,23,-1.6544538854900344,-0.37121976841323556,-0.4,14
100,10,0.2,correlated,0.2,0.6,4.008044088960851,1.5737702658702766,-0.19999999999999996,10,19,2.121701413052908,0.6858628282905463,-0.09999999999999998,10,17,-1.886342675907943,-0.8879074375797302,-0.09999999999999998,15
100,10,0.2,correlated,0.2,0.6,1.9726665371699605,0.8386723622647805,0.4,10,26,5.144824968408624,1.7742062683907318,0.050000000000000044,10,19,3.172158431238664,0.9355339061259513,-0.35,16
100,10,0.2,correlated,0.2,0.6,2.8947959829681467,0.4825526948114926,-0.04999999999999993,10,22,5.609240736490755,0.885879091195601,-0.04999999999999993,10,20,2.7144447535226086,0.40332639638410844,0.0,17
100,10,0.2,correlated,0.2,0.6,30.183963064363866,6.885886366093617,0.09999999999999998,10,21,42.52204250838639,6.976058098411857,0.09999999999999998,10,24,12.338079444022526,0.0901717323182405,0.0,18
100,10,0.2,correlated,0.2,0.6,0.6567051210618804,0.2794764936708858,0.0,10,18,0.5165708383737596,0.20979979007835053,0.15000000000000002,10,22,-0.14013428268812078,-0.06967670359253525,0.15000000000000002,19
100,10,0.2,correlated,0.4,0.6,1.057561342308624,0.46431666007912187,0.09999999999999998,10,20,7.852683059040793,2.311404812941238,-0.09999999999999998,10,17,6.795121716732169,1.8470881528621161,0.0,0
100,10,0.2,correlated,0.4,0.6,2.6333678576384747,0.6818892697812101,0.0,10,22,1.944949331053105,0.8054918333244456,0.0,10,20,-0.6884185265853697,0.12360256354323551,0.0,1
100,10,0.2,correlated,0.4,0.6,3.273364798492116,0.7760944823730586,-0.25,10,14,1.4609281560937235,0.5250036963120475,0.050000000000000044,10,21,-1.8124366423983924,-0.2510907860610111,-0.19999999999999996,2
100,10,0.2,correlated,0.4,0.6,14.982615007749384,4.241709329826532,0.15000000000000002,10,27,15.233507244876401,4.223976877049697,0.15000000000000002,10,22,0.250892237127017,-0.01773245277683433,0.0,3
100,10,0.2,correlated,0.4,0.6,5.046374869971458,1.7317556403113354,0.050000000000000044,10,19,3.0627980476178975,1.1906279012069834,-0.04999999999999993,10,18,-1.9835768223535601,-0.5411277391043521,-1.1102230246251565e-16,4
100,10,0.2,correlated,0.4,0.6,2.0304398594044155,0.8492608722832256,0.050000000000000044,10,22,1.0989826187025187,0.3814187619076755,0.15000000000000002,10,25,-0.9314572407018968,-0.46784211037555007,0.09999999999999998,5
100,10,0.2,correlated,0.4,0.6,42.946992456834394,7.044251794807326,-0.14999999999999997,10,15,32.21913837090566,5.248537410476116,-0.19999999999999996,10,13,-10.727854085928733,-1.7957143843312098,0.04999999999999999,6
100,10,0.2,correlated,0.4,0.6,1101.0862775162204,160.1810196135428,0.0,10,15,413.01543592441647,59.49172790664327,0.09999999999999998,10,21,-688.070841591804,-100.68929170689952,0.09999999999999998,7
100,10,0.2,correlated,0.4,0.6,41.76171441929422,7.06130176624157,-0.04999999999999993,10,21,55.79214093538611,9.390390759056032,-0.14999999999999997,10,18,14.030426516091886,2.3290889928144622,0.10000000000000003,8
100,10,0.2,correlated,0.4,0.6,151.37634195453106,18.622574198926156,-0.04999999999999993,10,20,1.528379151111845,0.7844599715427472,0.0,10,18,-149.84796280341922,-17.838114227383407,-0.04999999999999993,9
100,10,0.2,correlated,0.4,0.6,9.490068377693657,2.35698459576063,0.15000000000000002,10,23,0.8612094059906814,0.25437232276607274,0.0,10,21,-8.628858971702975,-2.1026122729945573,-0.15000000000000002,10
100,10,0.2,correlated,0.4,0.6,67.65324908885296,7.898184597460883,-0.04999999999999993,10,22,72.85184523981872,8.12907495419546,0.050000000000000044,10,22,5.198596150965756,0.23089035673457659,1.1102230246251565e-16,11
100,10,0.2,correlated,0.4,0.6,63.29997422369235,8.098910657485277,-0.14999999999999997,10,15,102.31352157607432,15.883488712465004,-0.25,10,16,39.01354735238197,7.784578054979727,0.10000000000000003,12
100,10,0.2,correlated,0.4,0.6,4.281360074549784,2.628518048073833,-0.25,10,16,4.687592106537415,2.0873435420473685,0.25,10,26,0.40623203198763047,-0.5411745060264646,0.0,13
100,10,0.2,correlated,0.4,0.6,7.027440302100024,1.3348762472402442,0.09999999999999998,10,23,0.9603559004025727,0.44386823435366196,-0.04999999999999993,10,21,-6.067084401697451,-0.8910080128865823,-0.050000000000000044,14
100,10,0.2,correlated,0.4,0.6,2.2055024596597583,0.8778913454379523,0.09999999999999998,10,24,12.373438483474212,3.154560491665818,0.050000000000000044,10,21,10.167936023814454,2.2766691462278654,-0.04999999999999993,15
100,10,0.2,correlated,0.4,0.6,22.07533158006595,3.7386022774328316,0.050000000000000044,10,23,120.23546609263255,22.97316887841385,0.0,10,20,98.1601345125666,19.23456660098102,-0.050000000000000044,16
100,10,0.2,correlated,0.4,0.6,2.5236465170435873,1.1609750629897508,-0.09999999999999998,10,19,0.548161442698379,0.27600024455932604,0.20000000000000007,10,22,-1.9754850743452084,-0.8849748184304248,0.10000000000000009,17
100,10,0.2,correlated,0.4,0.6,5.280316828562745,1.1151192095500273,0.0,10,22,10.275913182264146,1.9834688420492284,0.050000000000000044,10,22,4.995596353701401,0.868349632499201,0.050000000000000044,18
100,10,0.2,correlated,0.4,0.6,7.175047002353975,1.6921832903926326,0.09999999999999998,10,23,3.114937997815517,0.8716957501081908,-0.19999999999999996,10,13,-4.060109004538457,-0.8204875402844418,0.09999999999999998,19
100,10,0.5,mixed,0.0,0.6,1.2356935439742178,0.1990233257790199,0.020000000000000018,10,52,1.0425039142409882,0.20332948401635767,0.0,10,50,-0.19318962973322962,0.004306158237337765,-0.020000000000000018,0
100,10,0.5,mixed,0.0,0.6,0.34724013184167984,0.06022729049214738,0.020000000000000018,10,50,0.4802995202133997,0.09362626726718441,0.0,10,48,0.13305938837171988,0.03339897677503703,-0.020000000000000018,1
100,10,0.5,mixed,0.0,0.6,0.9702540636167134,0.1987245996433595,0.0,10,52,0.4139840242939226,0.07096747677333344,-0.039999999999999925,10,52,-0.5562700393227908,-0.12775712287002605,0.039999999999999925,2
100,10,0.5,mixed,0.0,0.6,9.217429852312906,0.9813320540537285,0.040000000000000036,10,50,5.725271807959055,0.6164374563709578,0.08000000000000007,10,51,-3.4921580443538502,-0.36489459768277066,0.040000000000000036,3
100,10,0.5,mixed,0.0,0.6,10.92352316468608,1.1389112912550756,-0.039999999999999925,10,50,8.249762256064972,0.9101655362399985,0.040000000000000036,10,53,-2.673760908621107,-0.2287457550150771,1.1102230246251565e-16,4
100,10,0.5,mixed,0.0,0.6,0.5913352543894339,0.1277279241068003,0.06000000000000005,10,51,0.7831211855562709,0.1424282043781831,-0.039999999999999925,10,49,0.19178593116683695,0.014700280271382787,-0.02000000000000013,5
100,10,0.5,mixed,0.0,0.6,0.5931193224450162,0.1398128133322642,0.020000000000000018,10,48,0.300233652453208,0.07376445975519069,-0.039999999999999925,10,50,-0.2928856699918082,-0.0660483535770735,0.019999999999999907,6
100,10,0.5,mixed,0.0,0.6,0.4048395870485155,0.10944014659762677,0.020000000000000018,10,50,0.4387458757459138,0.057626840486375216,0.020000000000000018,10,51,0.03390628869739826,-0.05181330611125155,0.0,7
100,10,0.5,mixed,0.0,0.6,0.5265729405759173,0.13191528418476908,-0.039999999999999925,10,49,1.560631764061283,0.4197935932103756,-0.07999999999999996,10,50,1.0340588234853656,0.2878783090256065,0.040000000000000036,8
100,10,0.5,mixed,0.0,0.6,0.5318136518362444,0.11831685049086957,0.09999999999999998,10,52,0.13372317888428356,0.04581570672221607,0.020000000000000018,10,51,-0.39809047295196087,-0.07250114376865349,-0.07999999999999996,9
100,10,0.5,mixed,0.0,0.6,12.708895084318772,1.3279528123549256,0.020000000000000018,10,51,86.24507998720527,8.69035966193729,0.0,10,50,73.5361849028865,7.3624068495823645,-0.020000000000000018,10
100,10,0.5,mixed,0.0,0.6,1.1833176650709634,0.20624938449113706,0.0,10,49,0.5486695123544522,0.1084794032715037,0.040000000000000036,10,52,-0.6346481527165112,-0.09776998121963336,0.040000000000000036,11
100,10,0.5,mixed,0.0,0.6,5.530167802187237,0.646857585245,-0.05999999999999994,10,49,51.71859813411592,5.245273065960482,0.08000000000000007,10,52,46.188430331928686,4.598415480715482,0.02000000000000013,12
100,10,0.5,mixed,0.0,0.6,0.4953487412934849,0.07932715119039455,0.0,10,50,0.6036237667364539,0.11072460663073706,0.06000000000000005,10,51,0.10827502544296902,0.03139745544034252,0.06000000000000005,13
100,10,0.5,mixed,0.0,0.6,4.4216384078415825,0.5459902525388365,0.020000000000000018,10,53,4.836630338216124,0.7466164750082197,0.0,10,50,0.4149919303745415,0.20062622246938322,-0.020000000000000018,14
100,10,0.5,mixed,0.0,0.6,0.22745619323959956,0.07408107192235516,0.020000000000000018,10,53,0.47436583207639704,0.10400458084961697,0.040000000000000036,10,50,0.24690963883679748,0.02992350892726181,0.020000000000000018,15
100,10,0.5,mixed,0.0,0.6,1.2635247677339132,0.18944230999599015,-0.05999999999999994,10,49,0.33620723957492327,0.09470734345842428,-0.039999999999999925,10,49,-0.9273175281589899,-0.09473496653756587,-0.020000000000000018,16
100,10,0.5,mixed,0.0,0.6,2.899484768419641,0.33039780181282785,0.0,10,51,0.4522507570680526,0.0831654199569897,0.0,10,53,-2.4472340113515885,-0.24723238185583815,0.0,17
100,10,0.5,mixed,0.0,0.6,0.6172268283110457,0.10845800246294506,0.020000000000000018,10,51,0.6900223794102004,0.12355984143083813,-0.05999999999999994,10,48,0.0727955510991547,0.015101838967893078,0.039999999999999925,18
100,10,0.5,mixed,0.0,0.6,29.388675156053473,2.973921794107297,0.0,10,50,47.01647158020386,4.793605006382612,-0.020000000000000018,10,50,17.62779642415039,1.819683212275315,0.020000000000000018,19
100,10,0.5,mixed,0.1,0.6,1.0025620530382022,0.18776619120656823,0.020000000000000018,10,50,0.7730293821371722,0.10825310983014105,0.020000000000000018,10,50,-0.22953267090103002,-0.07951308137642718,0.0,0
100,10,0.5,mixed,0.1,0.6,0.50512519392961,0.10102351555950442,-0.020000000000000018,10,50,5.500617837062,0.6020742766127463,0.0,10,50,4.9954926431323905,0.5010507610532419,-0.020000000000000018,1
100,10,0.5,mixed,0.1,0.6,2.8032091166317796,0.30099792775144396,-0.039999999999999925,10,50,0.7524315578665741,0.1569970402230376,-0.039999999999999925,10,48,-2.0507775587652057,-0.14400088752840637,0.0,2
100,10,0.5,mixed,0.1,0.6,1.7153012084390455,0.32777097654837506,0.0,10,50,1.5188368718092942,0.32101800356629784,0.06000000000000005,10,53,-0.19646433662975138,-0.006752972982077221,0.06000000000000005,3
100,10,0.5,mixed,0.1,0.6,0.8368857696660422,0.12147395400984126,0.14,10,51,1.2037033858238253,0.22543278384739213,0.020000000000000018,10,49,0.3668176161577831,0.10395882983755086,-0.12,4
100,10,0.5,mixed,0.1,0.6,0.8583816859395552,0.13362016072143992,0.020000000000000018,10,49,1.951365113087368,0.22549241774286868,-0.039999999999999925,10,50,1.0929834271478127,0.09187225702142876,0.019999999999999907,5
100,10,0.5,mixed,0.1,0.6,3.581616092809706,0.4404290857794634,-0.05999999999999994,10,48,18.372063567698014,2.0120695040837346,0.06000000000000005,10,51,14.790447474888307,1.5716404183042711,1.1102230246251565e-16,6
100,10,0.5,mixed,0.1,0.6,1.114427030697938,0.20139837348664522,0.020000000000000018,10,50,0.9283011635129689,0.20369999686905974,0.08000000000000007,10,51,-0.18612586718496915,0.0023016233824145194,0.06000000000000005,7
100,10,0.5,mixed,0.1,0.6,1.5015625118943097,0.3112881984197705,-0.039999999999999925,10,52,1.2101942948383786,0.28161576005913386,-0.05999999999999994,10,50,-0.2913682170559311,-0.029672438360636655,0.020000000000000018,8
100,10,0.5,mixed,0.1,0.6,0.2794013108080706,0.0935968802455104,-0.020000000000000018,10,50,0.4008645325097538,0.0888816840248448,0.040000000000000036,10,49,0.12146322170168317,-0.004715196220665602,0.020000000000000018,9
100,10,0.5,mixed,0.1,0.6,0.30309639357558327,0.06432493439698825,0.09999999999999998,10,55,0.22588874384830598,0.06331641388612926,-0.039999999999999925,10,51,-0.07720764972727728,-0.0010085205108589929,-0.06000000000000005,10
100,10,0.5,mixed,0.1,0.6,0.3121697967988348,0.07171391633526607,-0.020000000000000018,10,50,1.2679080906130233,0.18088072649971035,0.06000000000000005,10,52,0.9557382938141885,0.10916681016444428,0.040000000000000036,11
100,10,0.5,mixed,0.1,0.6,3.820196541173907,0.4248288769323363,0.020000000000000018,10,47,6.7257579001091585,0.7018621925049684,0.040000000000000036,10,49,2.9055613589352514,0.2770333155726321,0.020000000000000018,12
100,10,0.5,mixed,0.1,0.6,0.3988065188225616,0.15353409448834912,-0.09999999999999998,10,48,1.245084059469087,0.14455538610736127,-0.07999999999999996,10,49,0.8462775406465255,-0.008978708380987854,-0.020000000000000018,13
100,10,0.5,mixed,0.1,0.6,3.9005274839199133,0.4246700906227708,0.040000000000000036,10,51,6.614638614947079,0.7103622988572826,0.06000000000000005,10,53,2.714111131027166,0.28569220823451186,0.020000000000000018,14
100,10,0.5,mixed,0.1,0.6,0.52119111243878,0.12572733018722496,-0.039999999999999925,10,46,0.4481366962341013,0.11790589915468061,-0.039999999999999925,10,47,-0.07305441620467873,-0.007821431032544346,0.0,15
100,10,0.5,mixed,0.1,0.6,0.4024694347319034,0.09895062221382023,0.020000000000000018,10,51,0.8566122144106739,0.17867688453314906,0.020000000000000018,10,49,0.45414277967877054,0.07972626231932883,0.0,16
100,10,0.5,mixed,0.1,0.6,0.7418482794111139,0.13856369732632992,0.0,10,48,0.4866711802583151,0.07739243495999157,0.040000000000000036,10,49,-0.2551770991527988,-0.06117126236633835,0.040000000000000036,17
100,10,0.5,mixed,0.1,0.6,1.9036321396615634,0.2696433736527428,0.06000000000000005,10,52,5.299385723888633,0.7373801133093771,0.12,10,54,3.3957535842270694,0.4677367396566343,0.05999999999999994,18
100,10,0.5,mixed,0.1,0.6,0.52456320306266,0.1263485395771903,0.0,10,51,0.3667832636120568,0.07279655339395216,-0.05999999999999994,10,48,-0.1577799394506032,-0.05355198618323814,0.05999999999999994,19
100,10,0.5,mixed,0.2,0.6,0.5488782167079759,0.11424873979051264,0.040000000000000036,10,53,0.4907906176063248,0.10533521294443174,0.040000000000000036,10,50,-0.058087599101651066,-0.008913526846080905,0.0,0
100,10,0.5,mixed,0.2,0.6,1.2577787089945407,0.22552668060186587,0.020000000000000018,10,54,2.136279293409529,0.30886827121917915,0.0,10,50,0.8785005844149885,0.08334159061731328,-0.020000000000000018,1
100,10,0.5,mixed,0.2,0.6,0.35723558155311236,0.07051572468628772,0.040000000000000036,10,49,0.5433162361589446,0.11821013364572737,-0.020000000000000018,10,50,0.18608065460583229,0.047694408959439646,-0.020000000000000018,2
100,10,0.5,mixed,0.2,0.6,0.3466497877723452,0.0755601183564519,-0.07999999999999996,10,52,0.23284608796532777,0.04919408366340484,-0.039999999999999925,10,49,-0.1138036998070174,-0.026366034693047068,-0.040000000000000036,3
100,10,0.5,mixed,0.2,0.6,1.4600058337015913,0.26134248534278426,-0.020000000000000018,10,49,0.6890420267470209,0.11845637444205062,0.020000000000000018,10,50,-0.7709638069545705,-0.14288611090073364,0.0,4
100,10,0.5,mixed,0.2,0.6,0.17485918719281132,0.05245761245496263,0.040000000000000036,10,54,0.4872807358919279,0.13043553232134147,-0.05999999999999994,10,45,0.31242154869911654,0.07797791986637884,0.019999999999999907,5
100,10,0.5,mixed,0.2,0.6,3.585505874821574,0.4163268148238738,0.040000000000000036,10,52,2.816175685169539,0.3631831002993021,0.0,10,51,-0.7693301896520346,-0.05314371452457167,-0.040000000000000036,6
100,10,0.5,mixed,0.2,0.6,0.8142678821651047,0.13196205280206735,-0.020000000000000018,10,50,0.31703033188197277,0.05089345187212603,-0.020000000000000018,10,50,-0.49723755028313193,-0.08106860092994132,0.0,7
100,10,0.5,mixed,0.2,0.6,0.46564622367812686,0.12338837762928083,0.040000000000000036,10,49,0.15210235256361135,0.05298421089604423,-0.039999999999999925,10,48,-0.31354387111451554,-0.0704041667332366,-1.1102230246251565e-16,8
100,10,0.5,mixed,0.2,0.6,0.4804565026481969,0.11738547516211217,0.020000000000000018,10,54,0.3922025210896762,0.09865338719966502,-0.020000000000000018,10,47,-0.08825398155852071,-0.018732087962447158,0.0,9
100,10,0.5,mixed,0.2,0.6,3.991057534785188,0.6168546168298967,-0.020000000000000018,10,49,0.35400347145249517,0.10804590857833621,-0.020000000000000018,10,52,-3.637054063332693,-0.5088087082515605,0.0,10
100,10,0.5,mixed,0.2,0.6,0.43077825307508283,0.09091402819207578,-0.039999999999999925,10,51,0.2194184942507542,0.06290312169227168,-0.039999999999999925,10,48,-0.21135975882432864,-0.028010906499804103,0.0,11
100,10,0.5,mixed,0.2,0.6,2.4211420533900427,0.3519646746533659,-0.020000000000000018,10,49,1.2769832255220148,0.28743011416779435,-0.039999999999999925,10,47,-1.144158827868028,-0.06453456048557155,0.019999999999999907,12
100,10,0.5,mixed,0.2,0.6,0.5643618113737895,0.10377868491092494,0.0,10,54,0.30773370475089656,0.05452906753638892,0.020000000000000018,10,50,-0.2566281066228929,-0.04924961737453602,0.020000000000000018,13
100,10,0.5,mixed,0.2,0.6,2.260713431772264,0.2557318014140745,0.0,10,53,0.5796602907536591,0.1027795573030732,-0.020000000000000018,10,49,-1.6810531410186051,-0.15295224411100128,0.020000000000000018,14
100,10,0.5,mixed,0.2,0.6,0.719006769946032,0.11991536452796658,-0.020000000000000018,10,51,1.4346753747533716,0.22259438277272642,-0.07999999999999996,10,49,0.7156686048073396,0.10267901824475983,0.05999999999999994,15
100,10,0.5,mixed,0.2,0.6,0.5469988167104247,0.15113265987093083,-0.020000000000000018,10,49,1.6552076213654832,0.19440330134308167,-0.020000000000000018,10,48,1.1082088046550584,0.043270641472150845,0.0,16
100,10,0.5,mixed,0.2,0.6,0.16196265008163332,0.05972567927373884,0.040000000000000036,10,51,0.7075872147289318,0.16639875670144186,-0.07999999999999996,10,47,0.5456245646472985,0.10667307742770302,0.039999999999999925,17
100,10,0.5,mixed,0.2,0.6,0.29038071097326584,0.07647672101520972,0.0,10,47,0.1998416369549258,0.0701181601149948,0.020000000000000018,10,47,-0.09053907401834005,-0.006358560900214916,0.020000000000000018,18
100,10,0.5,mixed,0.2,0.6,0.3623700243516468,0.09383005610523591,-0.039999999999999925,10,50,0.22813838908313033,0.04556911256871572,0.020000000000000018,10,50,-0.13423163526851645,-0.04826094353652019,-0.019999999999999907,19
100,10,0.5,mixed,0.4,0.6,2.4371443864288063,0.3246358510359261,0.0,10,51,6.318135588333793,0.6794772030451405,0.020000000000000018,10,51,3.880991201904987,0.35484135200921435,0.020000000000000018,0
100,10,0.5,mixed,0.4,0.6,0.5554375994124156,0.10417658135924976,0.020000000000000018,10,51,0.34446062590266185,0.08211980311025616,0.020000000000000018,10,50,-0.2109769735097537,-0.022056778248993603,0.0,1
100,10,0.5,mixed,0.4,0.6,0.9386704404962313,0.16170869164042048,-0.039999999999999925,10,49,0.3127833353315457,0.054422088060467985,0.040000000000000036,10,50,-0.6258871051646856,-0.1072866035799525,1.1102230246251565e-16,2
100,10,0.5,mixed,0.4,0.6,0.6054100580975,0.12745525204714808,0.020000000000000018,10,49,0.6717699400017014,0.1211434784302432,-0.020000000000000018,10,51,0.06635988190420139,-0.006311773616904881,0.0,3
100,10,0.5,mixed,0.4,0.6,0.6257071449897569,0.1340924086381747,-0.020000000000000018,10,49,0.19541496043384826,0.039590733956354436,0.06000000000000005,10,51,-0.4302921845559086,-0.09450167468182027,0.040000000000000036,4
100,10,0.5,mixed,0.4,0.6,2.134319297605198,0.25160127226399515,0.020000000000000018,10,50,1.1576099895314929,0.15054657210942005,-0.020000000000000018,10,49,-0.976709308073705,-0.1010547001545751,0.0,5
100,10,0.5,mixed,0.4,0.6,0.20389012969539413,0.05440979458235497,-0.05999999999999994,10,48,0.3472723488854506,0.0922053358666422,0.040000000000000036,10,51,0.14338221919005648,0.037795541284287235,-0.019999999999999907,6
100,10,0.5,mixed,0.4,0.6,0.3074299968731806,0.056368696360437995,-0.05999999999999994,10,52,0.49575447628901353,0.12066905386791363,0.0,10,49,0.1883244794158329,0.06430035750747563,-0.05999999999999994,7
100,10,0.5,mixed,0.4,0.6,5.235259130501605,0.5961985249239355,0.040000000000000036,10,52,0.29794710508457317,0.07663712996157172,0.020000000000000018,10,48,-4.937312025417032,-0.5195613949623639,-0.020000000000000018,8
100,10,0.5,mixed,0.4,0.6,1.5469534541967842,0.18788247488804513,-0.05999999999999994,10,49,3.3720807043224528,0.42768562992838666,0.040000000000000036,10,48,1.8251272501256686,0.23980315504034153,-0.019999999999999907,9
100,10,0.5,mixed,0.4,0.6,0.12100404534800509,0.04438610669210243,0.0,10,50,0.5791496028767684,0.09156193225411799,0.0,10,49,0.45814555752876335,0.04717582556201556,0.0,10
100,10,0.5,mixed,0.4,0.6,1.1195950565843595,0.3199846071302798,-0.039999999999999925,10,51,1.6524985599414812,0.3577308039214962,0.020000000000000018,10,49,0.5329035033571217,0.03774619679121638,-0.019999999999999907,11
100,10,0.5,mixed,0.4,0.6,2.7342415940500016,0.3624937153245072,-0.020000000000000018,10,47,0.6398855772209209,0.10514171449635486,0.020000000000000018,10,49,-2.0943560168290807,-0.25735200082815235,0.0,12
100,10,0.5,mixed,0.4,0.6,0.3259671120857433,0.09182793649977064,-0.05999999999999994,10,49,0.5001203617229022,0.10371772928056669,0.06000000000000005,10,52,0.1741532496371589,0.011889792780796049,1.1102230246251565e-16,13
100,10,0.5,mixed,0.4,0.6,14.628919938246534,1.710160046768325,-0.039999999999999925,10,51,1.953887240185278,0.41680886805256295,0.0,10,49,-12.675032698061257,-1.2933511787157619,-0.039999999999999925,14
100,10,0.5,mixed,0.4,0.6,1.842520716812296,0.3517205178734954,0.06000000000000005,10,52,3.6695867471847246,0.6620540913347163,0.020000000000000018,10,50,1.8270660303724287,0.31033357346122087,-0.040000000000000036,15
100,10,0.5,mixed,0.4,0.6,0.3985581194218177,0.08492609399781934,0.0,10,52,0.22537724896658476,0.06939458903958348,0.06000000000000005,10,53,-0.17318087045523292,-0.015531504958235853,0.06000000000000005,16
100,10,0.5,mixed,0.4,0.6,0.10075242258204654,0.036299703851876065,-0.039999999999999925,10,48,0.4090129868223144,0.10999106531565457,-0.020000000000000018,10,47,0.3082605642402679,0.0736913614637785,-0.019999999999999907,17
100,10,0.5,mixed,0.4,0.6,5.903725534533015,0.6337967031887193,0.020000000000000018,10,53,0.6109256632370775,0.09904971270459642,0.08000000000000007,10,53,-5.292799871295937,-0.5347469904841229,0.06000000000000005,18
100,10,0.5,mixed,0.4,0.6,0.9570988993055078,0.1354366072375873,-0.020000000000000018,10,52,2.10504100646332,0.36406768003195056,-0.12,10,43,1.1479421071578122,0.22863107279436326,0.09999999999999998,19
100,10,0.5,skewed,0.0,0.6,0.5668556226846874,0.22817715806246283,-0.09999999999999998,10,48,0.4860540537047764,0.19256714350689816,0.06000000000000005,10,47,-0.08080156897991098,-0.03561001455556467,-0.039999999999999925,0
100,10,0.5,skewed,0.0,0.6,0.7396826213626405,0.26734211670649966,-0.020000000000000018,10,47,0.658596777947025,0.2503586270947539,0.040000000000000036,10,50,-0.08108584341561553,-0.016983489611745728,0.020000000000000018,1
100,10,0.5,skewed,0.0,0.6,0.399197518423212,0.1107106909632694,0.09999999999999998,10,52,0.472654700203469,0.11241424098784084,0.08000000000000007,10,51,0.07345718178025701,0.0017035500245714402,-0.019999999999999907,2
100,10,0.5,skewed,0.0,0.6,0.8231213042932378,0.16657439369396182,0.0,10,47,0.8150993259038649,0.1941193304486025,0.020000000000000018,10,52,-0.008021978389372908,0.027544936754640675,0.020000000000000018,3
100,10,0.5,skewed,0.0,0.6,0.15155770811902478,0.08673009862772577,0.020000000000000018,10,49,0.2450798067766535,0.0974002894783981,-0.039999999999999925,10,49,0.09352209865762873,0.010670190850672334,0.019999999999999907,4
100,10,0.5,skewed,0.0,0.6,0.4599089772679076,0.13030910043180427,-0.020000000000000018,10,53,0.24671340958692364,0.06509518350558896,-0.020000000000000018,10,47,-0.21319556768098394,-0.06521391692621531,0.0,5
100,10,0.5,skewed,0.0,0.6,0.2254216188710438,0.0898649140659307,0.020000000000000018,10,44,0.36887002395565727,0.08904406165417304,-0.09999999999999998,10,48,0.14344840508461346,-0.0008208524117576527,0.07999999999999996,6
100,10,0.5,skewed,0.0,0.6,0.24822360275652164,0.05758801134796204,-0.07999999999999996,10,48,0.5981740614916168,0.16462749715753253,0.020000000000000018,10,52,0.3499504587350951,0.10703948580957048,-0.05999999999999994,7
100,10,0.5,skewed,0.0,0.6,0.3569355834082439,0.08865585755420873,0.08000000000000007,10,52,0.30514180272132435,0.09108075135744229,0.040000000000000036,10,47,-0.05179378068691953,0.0024248938032335604,-0.040000000000000036,8
100,10,0.5,skewed,0.0,0.6,0.4173615458794197,0.17657723219487698,-0.039999999999999925,10,44,0.490262383210083,0.18370948312136254,0.06000000000000005,10,52,0.07290083733066327,0.007132250926485562,0.02000000000000013,9
100,10,0.5,skewed,0.0,0.6,0.7282673268537115,0.2771354996134812,0.0,10,54,0.7192181291798532,0.2511749436260931,0.0,10,51,-0.009049197673858367,-0.025960555987388112,0.0,10
100,10,0.5,skewed,0.0,0.6,0.8140446345681702,0.2139419489635952,0.0,10,50,0.7804733985764655,0.18766353682550935,0.06000000000000005,10,51,-0.03357123599170475,-0.02627841213808585,0.06000000000000005,11
100,10,0.5,skewed,0.0,0.6,0.6667344301965386,0.1309293718906058,0.06000000000000005,10,48,0.41831932490369617,0.1224724192376003,-0.020000000000000018,10,49,-0.2484151052928424,-0.0084569526530055,-0.040000000000000036,12
100,10,0.5,skewed,0.0,0.6,0.2704460166243018,0.08949605982301231,0.020000000000000018,10,51,0.30859718799334523,0.10605436950608202,-0.09999999999999998,10,45,0.038151171369043446,0.016558309683069705,0.07999999999999996,13
100,10,0.5,skewed,0.0,0.6,0.45220813393543363,0.10318076230109667,0.0,10,50,0.5542008779009849,0.1454779880983739,0.0,10,47,0.1019927439655513,0.042297225797277224,0.0,14
100,10,0.5,skewed,0.0,0.6,0.18866753280173001,0.07489464753866004,-0.039999999999999925,10,47,0.2914085470901199,0.11813214617019496,0.0,10,50,0.10274101428838986,0.04323749863153492,-0.039999999999999925,15
100,10,0.5,skewed,0.0,0.6,0.3363505237132709,0.15058397767342777,0.09999999999999998,10,52,0.15650208579651267,0.095495819965528,-0.07999999999999996,10,47,-0.17984843791675822,-0.055088157707899765,-0.020000000000000018,16
100,10,0.5,skewed,0.0,0.6,0.874656473225618,0.22841468072040816,0.020000000000000018,10,47,0.4535124526570312,0.19023237446520574,0.020000000000000018,10,47,-0.4211440205685868,-0.038182306255202414,0.0,17
100,10,0.5,skewed,0.0,0.6,0.5209058271919652,0.1894551298289303,0.040000000000000036,10,51,0.6881824019953925,0.18158651030250766,0.08000000000000007,10,57,0.16727657480342728,-0.007868619526422649,0.040000000000000036,18
100,10,0.5,skewed,0.0,0.6,0.7361821560689936,0.1451568805238092,0.0,10,52,0.6483213596749808,0.13586567370707112,0.040000000000000036,10,52,-0.08786079639401279,-0.00929120681673809,0.040000000000000036,19
100,10,0.5,skewed,0.1,0.6,0.8903711577777954,0.1364566355877763,-0.039999999999999925,10,52,0.8793701719708474,0.21998167608022148,-0.039999999999999925,10,47,-0.011000985806947972,0.08352504049244519,0.0,0
100,10,0.5,skewed,0.1,0.6,0.3802224126391619,0.17280117066256234,-0.020000000000000018,10,48,0.5453095834188858,0.1368429580206994,-0.020000000000000018,10,48,0.1650871707797239,-0.03595821264186294,0.0,1
100,10,0.5,skewed,0.1,0.6,0.1941757990919825,0.07248746307972166,0.06000000000000005,10,46,0.38664705151639167,0.11301129787225303,0.0,10,52,0.19247125242440918,0.04052383479253137,-0.06000000000000005,2
100,10,0.5,skewed,0.1,0.6,0.27863386772550697,0.09603457627238368,-0.020000000000000018,10,49,0.3657389336204351,0.09992938721913892,0.0,10,52,0.08710506589492811,0.003894810946755242,-0.020000000000000018,3
100,10,0.5,skewed,0.1,0.6,0.3851461154588792,0.0908349510268075,0.0,10,51,0.30690142787399544,0.0995780235757047,-0.07999999999999996,10,50,-0.07824468758488379,0.008743072548897196,0.07999999999999996,4
100,10,0.5,skewed,0.1,0.6,0.46814964976277973,0.22573926272523331,0.08000000000000007,10,52,0.507443125355648,0.19223252918466877,-0.07999999999999996,10,51,0.03929347559286822,-0.03350673354056455,-1.1102230246251565e-16,5
100,10,0.5,skewed,0.1,0.6,0.6984409373770637,0.21766530588113558,-0.039999999999999925,10,46,0.7014087105211206,0.2159743776972823,0.020000000000000018,10,50,0.00296777314405694,-0.0016909281838532741,-0.019999999999999907,6
100,10,0.5,skewed,0.1,0.6,0.5367203850535673,0.20138720779786917,-0.039999999999999925,10,50,0.7280508977527125,0.1994391692564597,0.0,10,52,0.19133051269914514,-0.0019480385414094858,-0.039999999999999925,7
100,10,0.5,skewed,0.1,0.6,0.4854694961941114,0.20930266841280815,0.040000000000000036,10,51,0.5683511278226339,0.25835406089094215,0.020000000000000018,10,51,0.08288163162852247,0.049051392478134004,-0.020000000000000018,8
100,10,0.5,skewed,0.1,0.6,0.35329587513806604,0.09524964952654986,-0.05999999999999994,10,47,0.4794340935638377,0.17430934851415675,-0.05999999999999994,10,47,0.12613821842577166,0.07905969898760688,0.0,9
100,10,0.5,skewed,0.1,0.6,0.26335026129809735,0.0865357769750145,-0.09999999999999998,10,49,0.0713908725852557,0.035039185982130204,0.040000000000000036,10,50,-0.19195938871284166,-0.05149659099288429,-0.05999999999999994,10
100,10,0.5,skewed,0.1,0.6,0.9600524133510597,0.15688453013279866,0.06000000000000005,10,52,0.9676253531629401,0.13118783931268754,0.0,10,46,0.0075729398118803415,-0.025696690820111112,-0.06000000000000005,11
100,10,0.5,skewed,0.1,0.6,0.2863410766805187,0.12313209758731565,0.0,10,51,0.19605412349525736,0.10388072249027218,-0.039999999999999925,10,46,-0.09028695318526136,-0.01925137509704347,0.039999999999999925,12
100,10,0.5,skewed,0.1,0.6,0.43649199379231995,0.17555014940184557,0.12,10,56,0.19999906701203438,0.05958368274796318,-0.07999999999999996,10,44,-0.23649292678028558,-0.11596646665388238,-0.040000000000000036,13
100,10,0.5,skewed,0.1,0.6,0.5470966666280749,0.07504786658011484,-0.07999999999999996,10,46,0.45531756481281926,0.09000387627860369,0.0,10,52,-0.09177910181525561,0.014956009698488856,-0.07999999999999996,14
100,10,0.5,skewed,0.1,0.6,0.8378422525109334,0.20965512441624426,0.020000000000000018,10,50,0.8603405045327606,0.2740759721713417,0.0,10,48,0.022498252021827203,0.06442084775509746,-0.020000000000000018,15
100,10,0.5,skewed,0.1,0.6,0.46800647366275355,0.16147791680492835,0.06000000000000005,10,49,0.4731468861308746,0.13553694651820875,0.06000000000000005,10,49,0.005140412468121025,-0.0259409702867196,0.0,16
100,10,0.5,skewed,0.1,0.6,0.9395096369683044,0.16116390557212174,0.09999999999999998,10,53,0.9502566379642964,0.1661922015848549,-0.09999999999999998,10,46,0.010747000995992018,0.005028296012733163,0.0,17
100,10,0.5,skewed,0.1,0.6,0.5461721423431247,0.18628191071560107,0.020000000000000018,10,51,0.521470965609742,0.1604567675889065,0.0,10,52,-0.02470117673338268,-0.025825143126694566,-0.020000000000000018,18
100,10,0.5,skewed,0.1,0.6,0.6880780644103499,0.17122777461313193,-0.039999999999999925,10,45,0.5346343853482292,0.23016443003084897,0.020000000000000018,10,53,-0.15344367906212075,0.05893665541771703,-0.019999999999999907,19
100,10,0.5,skewed,0.2,0.6,0.36143099293366565,0.1253552937466528,0.020000000000000018,10,53,0.4532760930687844,0.1337449433041408,0.020000000000000018,10,53,0.09184510013511876,0.008389649557488,0.0,0
100,10,0.5,skewed,0.2,0.6,0.358290762961217,0.12298471542719731,-0.020000000000000018,10,51,0.15971310742386516,0.07196131677062287,0.0,10,51,-0.19857765553735182,-0.051023398656574445,-0.020000000000000018,1
100,10,0.5,skewed,0.2,0.6,0.793214903999618,0.20788260688255428,0.020000000000000018,10,51,0.7734428901273304,0.1980983118522174,0.06000000000000005,10,52,-0.019772013872287664,-0.00978429503033687,0.040000000000000036,2
100,10,0.5,skewed,0.2,0.6,0.2526215530097336,0.11690181411685811,0.040000000000000036,10,50,0.09187408622330966,0.05733633817443323,0.0,10,46,-0.16074746678642393,-0.05956547594242488,-0.040000000000000036,3
100,10,0.5,skewed,0.2,0.6,0.5336716743990985,0.15250812608343747,0.08000000000000007,10,50,0.6310102653039621,0.229469247327953,-0.05999999999999994,10,47,0.09733859090486363,0.07696112124451554,-0.02000000000000013,4
100,10,0.5,skewed,0.2,0.6,0.5508154238839388,0.11779400805543397,-0.039999999999999925,10,48,0.1959216536331043,0.09791299092995619,-0.039999999999999925,10,51,-0.35489377025083446,-0.019881017125477782,0.0,5
100,10,0.5,skewed,0.2,0.6,0.14240880576636833,0.049675912570927884,0.0,10,53,0.22249431258614494,0.09142586249133702,-0.020000000000000018,10,48,0.08008550681977661,0.04174994992040914,0.020000000000000018,6
100,10,0.5,skewed,0.2,0.6,0.3111880802491036,0.14029449427664614,-0.020000000000000018,10,45,0.43482706390093806,0.13896343476208264,0.06000000000000005,10,52,0.12363898365183446,-0.0013310595145634985,0.040000000000000036,7
100,10,0.5,skewed,0.2,0.6,0.7050170078280388,0.21303179155543908,0.040000000000000036,10,55,0.6064904186381619,0.14428931574894954,0.0,10,51,-0.09852658918987689,-0.06874247580648954,-0.040000000000000036,8
100,10,0.5,skewed,0.2,0.6,0.4917639455265105,0.12432077589185117,-0.039999999999999925,10,49,0.626889392131117,0.22423585332554258,0.040000000000000036,10,55,0.13512544660460657,0.09991507743369141,1.1102230246251565e-16,9
100,10,0.5,skewed,0.2,0.6,0.5840004907310467,0.10935082135293236,0.09999999999999998,10,53,0.584466775611464,0.16730836889273867,0.040000000000000036,10,48,0.0004662848804173336,0.05795754753980631,-0.05999999999999994,10
100,10,0.5,skewed,0.2,0.6,0.3137111841094754,0.08543545335727536,-0.039999999999999925,10,48,0.2281656807359514,0.11246375625021114,0.0,10,46,-0.08554550337352401,0.027028302892935785,-0.039999999999999925,11
100,10,0.5,skewed,0.2,0.6,0.8641155255824189,0.2621851267505636,-0.020000000000000018,10,52,0.7286848780154922,0.21194377964202166,0.08000000000000007,10,51,-0.1354306475669267,-0.050241347108541945,0.06000000000000005,12
100,10,0.5,skewed,0.2,0.6,0.4955321202297714,0.21149146390703571,-0.05999999999999994,10,45,0.5052587060524739,0.20342097717434376,0.020000000000000018,10,46,0.009726585822702527,-0.00807048673269195,-0.039999999999999925,13
100,10,0.5,skewed,0.2,0.6,0.3531265676031365,0.10088260397978308,0.040000000000000036,10,53,0.25114524624343526,0.08061949899116251,0.020000000000000018,10,47,-0.10198132135970123,-0.020263104988620564,-0.020000000000000018,14
100,10,0.5,skewed,0.2,0.6,0.3230807678594105,0.10179538665432024,0.06000000000000005,10,50,0.17173301207407785,0.07839585489343091,-0.020000000000000018,10,49,-0.15134775578533263,-0.023399531760889325,-0.040000000000000036,15
100,10,0.5,skewed,0.2,0.6,0.36593990106147584,0.0965638418110778,0.020000000000000018,10,51,0.2668037060109599,0.1173486951648753,-0.07999999999999996,10,46,-0.09913619505051596,0.020784853353797497,0.05999999999999994,16
100,10,0.5,skewed,0.2,0.6,0.2902229606108171,0.1549984696902739,0.020000000000000018,10,49,0.1958409420652812,0.074846186081949,0.0,10,49,-0.0943820185455359,-0.0801522836083249,-0.020000000000000018,17
100,10,0.5,skewed,0.2,0.6,0.3185678374916752,0.12990021522468156,0.0,10,48,0.4834413765397473,0.1524932243096032,0.040000000000000036,10,53,0.16487353904807206,0.022593009084921623,0.040000000000000036,18
100,10,0.5,skewed,0.2,0.6,0.13686169988447625,0.0746434267193734,-0.07999999999999996,10,46,0.30131532892358814,0.1061483863711679,0.020000000000000018,10,55,0.1644536290391119,0.03150495965179449,-0.05999999999999994,19
100,10,0.5,skewed,0.4,0.6,0.3141922603090212,0.10046867827004904,0.0,10,50,0.3431376909292097,0.14117247517627432,0.020000000000000018,10,52,0.028945430620188506,0.040703796906225276,0.020000000000000018,0
100,10,0.5,skewed,0.4,0.6,0.44199435896580763,0.17604257822696928,0.08000000000000007,10,48,0.5191782748812399,0.2159574330530706,0.06000000000000005,10,51,0.07718391591543228,0.039914854826101326,-0.020000000000000018,1
100,10,0.5,skewed,0.4,0.6,0.277055312786414,0.12405243867556008,-0.07999999999999996,10,51,0.23635895949167862,0.0726451133093418,0.020000000000000018,10,52,-0.040696353294735366,-0.05140732536621828,-0.05999999999999994,2
100,10,0.5,skewed,0.4,0.6,0.3161644541449768,0.13148389134420962,0.14,10,57,0.29530566977524203,0.11424326534001736,0.020000000000000018,10,52,-0.020858784369734762,-0.017240626004192267,-0.12,3
100,10,0.5,skewed,0.4,0.6,0.36457106117807314,0.12484520459368138,0.040000000000000036,10,54,0.358727787764596,0.11142609690160943,-0.020000000000000018,10,48,-0.005843273413477124,-0.013419107692071955,-0.020000000000000018,4
100,10,0.5,skewed,0.4,0.6,0.2097449317270147,0.07402907563829002,0.020000000000000018,10,53,0.19414464319533842,0.05792731853398999,0.040000000000000036,10,50,-0.015600288531676276,-0.016101757104300028,0.020000000000000018,5
100,10,0.5,skewed,0.4,0.6,0.8865333546979328,0.18462605966028703,0.06000000000000005,10,53,0.871001146054911,0.2044062989531139,-0.05999999999999994,10,49,-0.01553220864302185,0.01978023929282688,-1.1102230246251565e-16,6
100,10,0.5,skewed,0.4,0.6,0.5720394039134424,0.2912604378590052,-0.05999999999999994,10,47,0.5409676791068255,0.25297166141503125,-0.039999999999999925,10,46,-0.031071724806616907,-0.03828877644397394,-0.020000000000000018,7
100,10,0.5,skewed,0.4,0.6,0.8031032391524777,0.1690147571408715,-0.09999999999999998,10,51,0.6889164162693691,0.20255055495764934,0.020000000000000018,10,47,-0.11418682288310866,0.033535797816777846,-0.07999999999999996,8
100,10,0.5,skewed,0.4,0.6,0.2570747915128642,0.0720259197782784,0.020000000000000018,10,53,0.12665632608064648,0.05917465212749538,0.020000000000000018,10,46,-0.13041846543221775,-0.012851267650783017,0.0,9
100,10,0.5,skewed,0.4,0.6,0.3735050965222657,0.1502633497628028,0.020000000000000018,10,52,0.39125264103513546,0.17599071256995524,-0.020000000000000018,10,49,0.01774754451286975,0.025727362807152432,0.0,10
100,10,0.5,skewed,0.4,0.6,0.4361301842711466,0.14554766037900446,-0.05999999999999994,10,46,0.48300669229921533,0.17251157313880128,0.040000000000000036,10,55,0.04687650802806875,0.026963912759796815,-0.019999999999999907,11
100,10,0.5,skewed,0.4,0.6,0.44755359486971685,0.21153278357256505,-0.05999999999999994,10,48,0.48817137862661814,0.17812123384519513,-0.020000000000000018,10,50,0.04061778375690128,-0.03341154972736993,-0.039999999999999925,12
100,10,0.5,skewed,0.4,0.6,0.6946033796638331,0.1335501481914067,0.08000000000000007,10,50,0.7720894255779888,0.17085681313063053,0.0,10,46,0.07748604591415564,0.03730666493922383,-0.08000000000000007,13
100,10,0.5,skewed,0.4,0.6,0.6958603018123117,0.22046509861993396,0.020000000000000018,10,54,0.6694447772361662,0.28783019999327586,-0.020000000000000018,10,55,-0.026415524576145488,0.0673651013733419,0.0,14
100,10,0.5,skewed,0.4,0.6,0.5651935066225782,0.18787005782506475,-0.020000000000000018,10,50,0.4541967673981451,0.20336710548502074,0.0,10,45,-0.1109967392244331,0.015497047659955993,-0.020000000000000018,15
100,10,0.5,skewed,0.4,0.6,0.4729489440029072,0.1145859580005443,0.0,10,50,0.44289941099091573,0.09640826510484975,0.020000000000000018,10,49,-0.03004953301199148,-0.018177692895694555,0.020000000000000018,16
100,10,0.5,skewed,0.4,0.6,0.45686600839555924,0.1631296582920493,-0.05999999999999994,10,50,0.4582413809340835,0.18690538189730596,-0.07999999999999996,10,41,0.0013753725385242666,0.02377572360525665,0.020000000000000018,17
100,10,0.5,skewed,0.4,0.6,0.3079927223738774,0.10304958855838606,-0.039999999999999925,10,46,0.3301582014875609,0.14117467376790616,0.0,10,54,0.022165479113683495,0.0381250852095201,-0.039999999999999925,18
100,10,0.5,skewed,0.4,0.6,0.38146010013705944,0.18550575909402336,0.020000000000000018,10,54,0.5390327664992243,0.14759297007921074,0.08000000000000007,10,53,0.15757266636216483,-0.037912789014812626,0.06000000000000005,19
100,10,0.5,correlated,0.0,0.6,0.6623749984122843,0.26682037479961007,0.0,10,50,1.1387882852836575,0.549485956099573,0.08000000000000007,10,52,0.4764132868713732,0.2826655812999629,0.08000000000000007,0
100,10,0.5,correlated,0.0,0.6,2.280524996493437,0.9170101704109408,0.040000000000000036,10,53,4.659141852055965,1.6742574960708212,0.0,10,52,2.3786168555625284,0.7572473256598804,-0.040000000000000036,1
100,10,0.5,correlated,0.0,0.6,7.02420080158577,1.6188938805714173,-0.020000000000000018,10,44,6.214187779868387,1.0794890326280604,0.06000000000000005,10,43,-0.8100130217173831,-0.5394048479433569,0.040000000000000036,2
100,10,0.5,correlated,0.0,0.6,1.5769453015731196,0.6863337872207048,0.020000000000000018,10,49,11.326730251890911,1.3868033507028406,0.040000000000000036,10,57,9.749784950317792,0.7004695634821357,0.020000000000000018,3
100,10,0.5,correlated,0.0,0.6,2.012932618312964,0.9521819794665463,0.0,10,47,0.5675906450132786,0.3796709497536159,0.09999999999999998,10,53,-1.4453419732996855,-0.5725110297129303,0.09999999999999998,4
100,10,0.5,correlated,0.0,0.6,16.411297211929245,3.0355996156178335,-0.05999999999999994,10,49,39.570656427966064,8.769186303309805,-0.020000000000000018,10,52,23.15935921603682,5.733586687691972,-0.039999999999999925,5
100,10,0.5,correlated,0.0,0.6,0.24297452919209886,0.11251244353390348,-0.05999999999999994,10,44,0.45992264550776385,0.14767647955301877,-0.039999999999999925,10,46,0.216948116315665,0.03516403601911529,-0.020000000000000018,6
100,10,0.5,correlated,0.0,0.6,1.3281651160450367,0.3323982350804307,0.06000000000000005,10,57,5.280087260354788,1.8087840882449622,0.08000000000000007,10,55,3.9519221443097514,1.4763858531645315,0.020000000000000018,7
100,10,0.5,correlated,0.0,0.6,0.4704698907660346,0.2073199416542872,-0.07999999999999996,10,48,1.9352157156497496,0.4147155782317536,-0.12,10,42,1.4647458248837149,0.2073956365774664,0.040000000000000036,8
100,10,0.5,correlated,0.0,0.6,6.922259719457434,1.5630602668262212,-0.039999999999999925,10,47,10.106220758055075,1.897182421735875,0.040000000000000036,10,49,3.1839610385976416,0.3341221549096538,1.1102230246251565e-16,9
100,10,0.5,correlated,0.0,0.6,0.16853879533248162,0.08373232462622451,-0.020000000000000018,10,45,0.13815794071914494,0.05808266428894139,-0.07999999999999996,10,46,-0.030380854613336672,-0.025649660337283123,0.05999999999999994,10
100,10,0.5,correlated,0.0,0.6,4.386152995740427,0.8718153948098614,-0.020000000000000018,10,46,1.5293715082522812,0.5301201492810754,-0.24,10,33,-2.8567814874881456,-0.34169524552878594,0.21999999999999997,11
100,10,0.5,correlated,0.0,0.6,0.4074820061586207,0.22239902697135921,0.06000000000000005,10,55,0.6271968493896807,0.24960215474564826,-0.05999999999999994,10,47,0.21971484323106,0.027203127774289043,-1.1102230246251565e-16,12
100,10,0.5,correlated,0.0,0.6,0.9133636842613668,0.18448358551288407,0.020000000000000018,10,54,1.8678406120419841,0.8187969999989084,-0.039999999999999925,10,52,0.9544769277806173,0.6343134144860243,0.019999999999999907,13
100,10,0.5,correlated,0.0,0.6,3.1400688552467835,0.9223471219165695,-0.07999999999999996,10,45,17.216289563090818,3.165089603713166,-0.07999999999999996,10,43,14.076220707844035,2.2427424817965966,0.0,14
100,10,0.5,correlated,0.0,0.6,0.3303188847952178,0.1237250024594522,0.020000000000000018,10,49,0.7783445345928399,0.37425512618704027,-0.039999999999999925,10,46,0.4480256497976221,0.2505301237275881,0.019999999999999907,15
100,10,0.5,correlated,0.0,0.6,2.547827289118959,0.7869229656783967,0.06000000000000005,10,52,4.092002069729119,1.3473636527878126,0.06000000000000005,10,53,1.5441747806101604,0.5604406871094159,0.0,16
100,10,0.5,correlated,0.0,0.6,16.77364579716249,5.198046589808311,-0.19999999999999996,10,37,11.683015109981248,3.636344077877353,0.0,10,55,-5.090630687181243,-1.5617025119309584,-0.19999999999999996,17
100,10,0.5,correlated,0.0,0.6,0.578752959055455,0.24603637291298175,-0.05999999999999994,10,47,1.6122505047255549,0.7888910155847475,-0.07999999999999996,10,45,1.0334975456700999,0.5428546426717658,0.020000000000000018,18
100,10,0.5,correlated,0.0,0.6,0.5331574135421384,0.29679991854508725,-0.039999999999999925,10,48,0.4689702991601494,0.19326962679623694,-0.039999999999999925,10,46,-0.06418711438198904,-0.10353029174885031,0.0,19
100,10,0.5,correlated,0.1,0.6,0.3703466146618821,0.18758040109645646,0.0,10,51,0.2031383260593581,0.09111015313519909,0.08000000000000007,10,55,-0.167208288602524,-0.09647024796125737,0.08000000000000007,0
100,10,0.5,correlated,0.1,0.6,18.407122123461622,2.236717144947169,-0.07999999999999996,10,46,3.692745371626123,1.1185801178150852,-0.039999999999999925,10,47,-14.714376751835498,-1.1181370271320838,-0.040000000000000036,1
100,10,0.5,correlated,0.1,0.6,68.87012186193368,8.5665178444024,-0.21999999999999997,10,38,54.161054967854106,6.042236177955461,-0.020000000000000018,10,47,-14.709066894079577,-2.5242816664469387,-0.19999999999999996,2
100,10,0.5,correlated,0.1,0.6,0.604518966763005,0.29328294683874495,0.09999999999999998,10,60,0.7766959716331566,0.27661844375512945,-0.039999999999999925,10,49,0.17217700487015164,-0.0166645030836155,-0.06000000000000005,3
100,10,0.5,correlated,0.1,0.6,3.263892534919167,0.8271446332472205,0.0,10,49,1.714262521830439,0.5714052766514544,-0.15999999999999998,10,42,-1.549630013088728,-0.2557393565957662,0.15999999999999998,4
100,10,0.5,correlated,0.1,0.6,0.7167461377349498,0.2154890750939679,-0.039999999999999925,10,47,0.666203585275883,0.18194843763669782,-0.039999999999999925,10,45,-0.0505425524590668,-0.03354063745727007,0.0,5
100,10,0.5,correlated,0.1,0.6,0.36091787247903134,0.15923445351805218,0.0,10,48,1.6839207530343827,0.9360875887525989,-0.05999999999999994,10,44,1.3230028805553513,0.7768531352345467,0.05999999999999994,6
100,10,0.5,correlated,0.1,0.6,14.120549159325936,2.2044254439157376,0.020000000000000018,10,51,8.418706415798685,2.1753424725734547,0.08000000000000007,10,55,-5.701842743527251,-0.02908297134228288,0.06000000000000005,7
100,10,0.5,correlated,0.1,0.6,3.727961433707731,0.631278940714202,-0.07999999999999996,10,45,1.8471419123864077,0.4588183603274314,-0.039999999999999925,10,48,-1.8808195213213235,-0.1724605803867706,-0.040000000000000036,8
100,10,0.5,correlated,0.1,0.6,2.096376784982313,0.6308189916230248,-0.05999999999999994,10,44,1.4220259286864492,0.6289625561291201,-0.07999999999999996,10,48,-0.674350856295864,-0.0018564354939046845,0.020000000000000018,9
100,10,0.5,correlated,0.1,0.6,12.246763475670445,1.4672953434827227,0.09999999999999998,10,58,24.643896638917557,3.1062488054184128,0.06000000000000005,10,54,12.397133163247112,1.63895346193569,-0.039999999999999925,10
100,10,0.5,correlated,0.1,0.6,2.3598057543648765,0.48103807817125344,0.0,10,52,3.7230111089810527,0.9453373739116607,0.08000000000000007,10,55,1.3632053546161762,0.4642992957404073,0.08000000000000007,11
100,10,0.5,correlated,0.1,0.6,71.17628079956923,8.048940612357224,-0.09999999999999998,10,47,9.667107312345331,3.0143929039557014,-0.039999999999999925,10,49,-61.5091734872239,-5.034547708401523,-0.06000000000000005,12
100,10,0.5,correlated,0.1,0.6,2.025794009457051,0.3939289599366533,0.020000000000000018,10,53,2.043766561718113,0.3938532380843671,-0.12,10,41,0.01797255226106209,-7.572185228615913e-05,0.09999999999999998,13
100,10,0.5,correlated,0.1,0.6,7.307772594575873,1.5455941921439915,0.06000000000000005,10,50,16.272234396347955,2.1208496885126267,-0.09999999999999998,10,47,8.964461801772082,0.5752554963686352,0.039999999999999925,14
100,10,0.5,correlated,0.1,0.6,0.7995938353269736,0.2281167211630442,0.12,10,59,0.43910919397151066,0.2185965346774533,-0.07999999999999996,10,45,-0.36048464135546293,-0.009520186485590915,-0.040000000000000036,15
100,10,0.5,correlated,0.1,0.6,1.9652382898015341,0.5906579282596406,-0.05999999999999994,10,45,1.7569595559644327,0.5856431791938195,0.0,10,47,-0.2082787338371015,-0.005014749065821111,-0.05999999999999994,16
100,10,0.5,correlated,0.1,0.6,1.9914909327949029,0.751358308190687,0.020000000000000018,10,51,1.3300654643256689,0.5979663568361523,0.06000000000000005,10,52,-0.661425468469234,-0.15339195135453476,0.040000000000000036,17
100,10,0.5,correlated,0.1,0.6,0.4555534273226863,0.13548025672824326,-0.07999999999999996,10,45,0.27080175750669544,0.07833617112518627,0.08000000000000007,10,52,-0.18475166981599084,-0.05714408560305699,1.1102230246251565e-16,18
100,10,0.5,correlated,0.1,0.6,0.9272483484256574,0.29381828204995425,0.0,10,45,1.8686936932045366,0.34442697544839385,0.040000000000000036,10,53,0.9414453447788792,0.0506086933984396,0.040000000000000036,19
100,10,0.5,correlated,0.2,0.6,12.616082958486027,3.4997051995991386,-0.05999999999999994,10,44,3.0200387233160346,1.2031931161758487,0.020000000000000018,10,47,-9.596044235169993,-2.29651208342329,-0.039999999999999925,0
100,10,0.5,correlated,0.2,0.6,216.014021650117,25.531906854597214,0.09999999999999998,10,57,22.609244267362254,4.639188990302544,-0.07999999999999996,10,45,-193.40477738275476,-20.89271786429467,-0.020000000000000018,1
100,10,0.5,correlated,0.2,0.6,1.1172276819679205,0.42571445876851366,0.0,10,49,1.399186706749317,0.6388492149576037,-0.09999999999999998,10,46,0.28195902478139656,0.21313475618909006,0.09999999999999998,2
100,10,0.5,correlated,0.2,0.6,15.868134669839378,2.3604759837109555,-0.039999999999999925,10,45,0.9513550584282118,0.34277550248777644,-0.13999999999999996,10,45,-14.916779611411167,-2.017700481223179,0.10000000000000003,3
100,10,0.5,correlated,0.2,0.6,0.21628640948715439,0.09783056480721478,-0.020000000000000018,10,48,0.4942928320447181,0.19996046262431316,0.08000000000000007,10,57,0.2780064225575637,0.10212989781709839,0.06000000000000005,4
100,10,0.5,correlated,0.2,0.6,0.6172773228618784,0.22303982758248928,0.020000000000000018,10,52,0.14391993689596,0.0756249649999844,0.08000000000000007,10,57,-0.4733573859659184,-0.14741486258250486,0.06000000000000005,5
100,10,0.5,correlated,0.2,0.6,0.21550683478967825,0.10120590068047,-0.07999999999999996,10,43,0.27948215821065,0.18466535792248293,-0.09999999999999998,10,42,0.06397532342097173,0.08345945724201292,0.020000000000000018,6
100,10,0.5,correlated,0.2,0.6,0.7723774683495702,0.2464805549225891,-0.020000000000000018,10,52,0.7837974753066694,0.2275655540574959,0.09999999999999998,10,56,0.011420006957099216,-0.018915000865093207,0.07999999999999996,7
100,10,0.5,correlated,0.2,0.6,0.30162732780234575,0.1065074416261288,-0.07999999999999996,10,41,0.5251533253426227,0.24912427845860768,-0.05999999999999994,10,51,0.22352599754027697,0.1426168368324789,-0.020000000000000018,8
100,10,0.5,correlated,0.2,0.6,0.6126455783544306,0.19357610567473948,0.040000000000000036,10,51,0.7783002533726918,0.33348156036355214,0.06000000000000005,10,55,0.16565467501826125,0.13990545468881266,0.020000000000000018,9
100,10,0.5,correlated,0.2,0.6,52.0621454238492,5.622341499567765,0.040000000000000036,10,51,18.60727445858258,2.5158305270891614,0.020000000000000018,10,48,-33.45487096526662,-3.106510972478604,-0.020000000000000018,10
100,10,0.5,correlated,0.2,0.6,0.477795284737787,0.19682277157260164,-0.07999999999999996,10,44,0.3219779855906038,0.11417409289275164,0.08000000000000007,10,56,-0.15581729914718317,-0.08264867867985,1.1102230246251565e-16,11
100,10,0.5,correlated,0.2,0.6,6.114095705566033,1.2664728208840583,0.040000000000000036,10,56,18.726144781986687,2.3802194160582846,0.0,10,50,12.612049076420654,1.1137465951742263,-0.040000000000000036,12
100,10,0.5,correlated,0.2,0.6,2.058227988969009,0.98814219632067,0.0,10,48,0.5304976353463249,0.2012468671314148,-0.039999999999999925,10,41,-1.527730353622684,-0.7868953291892552,0.039999999999999925,13
100,10,0.5,correlated,0.2,0.6,1.3471094925377396,0.3306205266572805,0.040000000000000036,10,54,2.5039087540987857,0.6768248940889022,-0.12,10,47,1.156799261561046,0.34620436743162175,0.07999999999999996,14
100,10,0.5,correlated,0.2,0.6,0.7812576515347239,0.2520392191660022,-0.05999999999999994,10,45,0.6359217829741391,0.26998875769195785,0.040000000000000036,10,55,-0.14533586856058478,0.017949538525955655,-0.019999999999999907,15
100,10,0.5,correlated,0.2,0.6,3.9424167979469136,0.49673395069593224,-0.039999999999999925,10,45,17.248459364833664,2.0375980201679127,-0.05999999999999994,10,44,13.30604256688675,1.5408640694719804,0.020000000000000018,16
100,10,0.5,correlated,0.2,0.6,0.9630342032402376,0.2875095036439966,0.0,10,48,0.35703211159613396,0.16887802236633243,0.040000000000000036,10,53,-0.6060020916441036,-0.11863148127766415,0.040000000000000036,17
100,10,0.5,correlated,0.2,0.6,5588.431864907297,559.0367492326931,0.06000000000000005,10,50,1234.3020055031604,123.66286618712476,0.020000000000000018,10,49,-4354.129859404136,-435.3738830455683,-0.040000000000000036,18
100,10,0.5,correlated,0.2,0.6,1.1560887252059397,0.32482658953078947,0.14,10,55,1.1897335413144907,0.1997120853806897,-0.05999999999999994,10,50,0.03364481610855097,-0.12511450415009975,-0.08000000000000007,19
100,10,0.5,correlated,0.4,0.6,0.6018751897767632,0.2901654413418798,0.18000000000000005,10,59,0.46828555104564296,0.25492738278134713,-0.09999999999999998,10,45,-0.13358963873112029,-0.03523805856053269,-0.08000000000000007,0
100,10,0.5,correlated,0.4,0.6,2.1944880819841495,0.8241814955682661,0.040000000000000036,10,53,12.477763742337244,2.8705522948210964,0.08000000000000007,10,52,10.283275660353095,2.04637079925283,0.040000000000000036,1
100,10,0.5,correlated,0.4,0.6,1.205923766692928,0.5353344136665869,-0.09999999999999998,10,51,3.525107308121432,1.248369004257682,0.020000000000000018,10,50,2.3191835414285045,0.7130345905910952,-0.07999999999999996,2
100,10,0.5,correlated,0.4,0.6,0.5824044888072228,0.15655713332506355,-0.05999999999999994,10,45,0.13075459570721149,0.03968900008042801,0.040000000000000036,10,56,-0.45164989310001136,-0.11686813324463555,-0.019999999999999907,3
100,10,0.5,correlated,0.4,0.6,1.6699434154863275,0.630057384981187,-0.05999999999999994,10,44,1.758771897685909,0.6479929257131742,-0.13999999999999996,10,44,0.0888284821995815,0.01793554073198722,0.08000000000000002,4
100,10,0.5,correlated,0.4,0.6,138.2485212018443,14.238311502211497,-0.020000000000000018,10,53,116.80861020719496,12.160167204060505,-0.12,10,47,-21.439910994649352,-2.078144298150992,0.09999999999999998,5
100,10,0.5,correlated,0.4,0.6,4.237732371816523,1.3151016122514965,0.040000000000000036,10,53,3.797186894373983,0.5858557298708504,0.040000000000000036,10,52,-0.4405454774425399,-0.729245882380646,0.0,6
100,10,0.5,correlated,0.4,0.6,37.10203742943564,4.296485634770628,0.06000000000000005,10,48,58.65341591037573,6.698243790179312,0.08000000000000007,10,54,21.551378480940087,2.401758155408684,0.020000000000000018,7
100,10,0.5,correlated,0.4,0.6,0.6299802953758364,0.20775691686633965,0.06000000000000005,10,52,0.958544253904362,0.2160428597815136,-0.05999999999999994,10,43,0.3285639585285256,0.008285942915173955,-1.1102230246251565e-16,8
100,10,0.5,correlated,0.4,0.6,11.99204510170097,2.2149776645289805,0.08000000000000007,10,57,38.99054316077346,4.539059962944965,-0.020000000000000018,10,48,26.998498059072492,2.324082298415984,-0.06000000000000005,9
100,10,0.5,correlated,0.4,0.6,0.3429191214427854,0.21158268198639626,0.040000000000000036,10,45,1.0671304327712616,0.18407910479576345,0.06000000000000005,10,49,0.7242113113284763,-0.027503577190632816,0.020000000000000018,10
100,10,0.5,correlated,0.4,0.6,0.30355032606257365,0.18355215303472844,0.06000000000000005,10,51,0.5118988540484991,0.1803328789940664,0.0,10,56,0.20834852798592546,-0.0032192740406620513,-0.06000000000000005,11
100,10,0.5,correlated,0.4,0.6,13.880505745188016,1.8455193754076629,-0.05999999999999994,10,43,1.3424149479051672,0.2969046809484007,0.020000000000000018,10,54,-12.538090797282848,-1.5486146944592623,-0.039999999999999925,12
100,10,0.5,correlated,0.4,0.6,2.705155214822703,0.9829335104991241,-0.05999999999999994,10,46,0.5832592828869697,0.24201865068678297,0.020000000000000018,10,50,-2.1218959319357333,-0.7409148598123412,-0.039999999999999925,13
100,10,0.5,correlated,0.4,0.6,3.627551282836492,0.9924571661051633,0.040000000000000036,10,52,2.177582593709259,0.5547083510466005,-0.05999999999999994,10,51,-1.4499686891272328,-0.4377488150585628,0.019999999999999907,14
100,10,0.5,correlated,0.4,0.6,0.33330835944995524,0.1575538012070094,0.06000000000000005,10,52,0.1641533589723113,0.09867778125401858,-0.15999999999999998,10,39,-0.16915500047764395,-0.05887601995299083,0.09999999999999992,15
100,10,0.5,correlated,0.4,0.6,0.7466033317692528,0.19705193502022383,0.020000000000000018,10,49,0.20719884635347982,0.07548672368336821,0.0,10,50,-0.5394044854157729,-0.12156521133685562,-0.020000000000000018,16
100,10,0.5,correlated,0.4,0.6,2.0128978191113482,0.5015725125379997,-0.09999999999999998,10,46,3.2439478418639007,0.6812736653862446,-0.18,10,38,1.2310500227525525,0.17970115284824484,0.08000000000000002,17
100,10,0.5,correlated,0.4,0.6,3.3006863596646694,0.8741361351822281,0.040000000000000036,10,54,3.326764529279295,0.8628861393385907,0.14,10,55,0.0260781696146255,-0.011249995843637395,0.09999999999999998,18
100,10,0.5,correlated,0.4,0.6,0.09698689952512972,0.054467585659751905,0.12,10,56,0.16593593002306448,0.05869389885759609,0.040000000000000036,10,53,0.06894903049793476,0.004226313197844188,-0.07999999999999996,19
100,10,0.8,mixed,0.0,0.6,5.128320079561031,0.542619407575477,0.025000000000000022,10,79,4.9240134691692194,0.5465147781451478,0.012500000000000067,10,78,-0.20430661039181164,0.0038953705696708196,-0.012499999999999956,0
100,10,0.8,mixed,0.0,0.6,2.862493124882816,0.3084501261104203,-0.012499999999999956,10,78,2.8991560343135947,0.3403960701085586,0.025000000000000022,10,80,0.03666290943077888,0.031945943998138326,0.012500000000000067,1
100,10,0.8,mixed,0.0,0.6,0.573711586726697,0.07793630645575314,-0.025000000000000022,10,80,0.5061451299403118,0.09302502555700078,0.012500000000000067,10,82,-0.06756645678638518,0.015088719101247636,-0.012499999999999956,2
100,10,0.8,mixed,0.0,0.6,0.5285760725987226,0.08954547068145492,-0.025000000000000022,10,80,0.3415680063016731,0.10319247809349134,0.012500000000000067,10,81,-0.18700806629704952,0.013647007412036422,-0.012499999999999956,3
100,10,0.8,mixed,0.0,0.6,7.394393838443918,1.0007200605828648,0.0,10,81,1.3105993767332402,0.18618729609491189,-0.012499999999999956,10,81,-6.083794461710678,-0.8145327644879529,0.012499999999999956,4
100,10,0.8,mixed,0.0,0.6,149.5703707732887,14.985282530235642,0.012500000000000067,10,83,80.84165881119517,8.105161240790462,-0.025000000000000022,10,79,-68.72871196209351,-6.88012128944518,0.012499999999999956,5
100,10,0.8,mixed,0.0,0.6,0.09300351921183135,0.02607516197078641,-0.012499999999999956,10,79,0.3730860364439849,0.06396735759435904,-0.012499999999999956,10,80,0.28008251723215355,0.03789219562357263,0.0,6
100,10,0.8,mixed,0.0,0.6,0.3061975462921494,0.0811682107727434,0.025000000000000022,10,80,0.5676861886653506,0.12085906475682355,0.0,10,79,0.2614886423732012,0.03969085398408015,-0.025000000000000022,7
100,10,0.8,mixed,0.0,0.6,1.5983598652605182,0.1971575472698418,0.012500000000000067,10,79,1.568280410601249,0.20789869040724246,-0.025000000000000022,10,80,-0.03007945465926931,0.010741143137400655,0.012499999999999956,8
100,10,0.8,mixed,0.0,0.6,0.1990899119686458,0.06171977206624581,0.012500000000000067,10,78,0.7577516579529568,0.11667305890402262,0.025000000000000022,10,81,0.5586617459843111,0.05495328683777681,0.012499999999999956,9
100,10,0.8,mixed,0.0,0.6,0.20655879797884852,0.051603449547207234,-0.012499999999999956,10,81,0.4722000651139386,0.08269201184305881,0.025000000000000022,10,83,0.26564126713509006,0.03108856229585158,0.012500000000000067,10
100,10,0.8,mixed,0.0,0.6,2.017315558879319,0.27058561078549975,-0.03749999999999998,10,77,2.6220483301608604,0.3073607447020455,0.0,10,80,0.6047327712815416,0.036775133916545744,-0.03749999999999998,11
100,10,0.8,mixed,0.0,0.6,0.6717941169528989,0.12163083790126636,-0.025000000000000022,10,81,0.792925957357835,0.10060429153207928,0.050000000000000044,10,83,0.12113184040493608,-0.021026546369187077,0.025000000000000022,12
100,10,0.8,mixed,0.0,0.6,0.8337496422603458,0.14203993734113002,0.025000000000000022,10,82,1.3552552724593951,0.248719239576198,-0.03749999999999998,10,81,0.5215056301990494,0.10667930223506797,0.012499999999999956,13
100,10,0.8,mixed,0.0,0.6,0.043178346544657145,0.017516349148493985,-0.012499999999999956,10,78,1.314096603987026,0.18912971269311876,0.025000000000000022,10,78,1.270918257442369,0.17161336354462478,0.012500000000000067,14
100,10,0.8,mixed,0.0,0.6,0.2975266264434978,0.07049171279014534,0.0,10,82,1.841398838153598,0.23187510822056057,-0.025000000000000022,10,78,1.5438722117101,0.16138339543041524,0.025000000000000022,15
100,10,0.8,mixed,0.0,0.6,0.7619635495544239,0.10201922727334342,0.0,10,79,0.19718472493289646,0.05757055339371479,-0.04999999999999993,10,76,-0.5647788246215275,-0.04444867387962863,0.04999999999999993,16
100,10,0.8,mixed,0.0,0.6,0.6847134286910272,0.11510689557464607,0.025000000000000022,10,81,2.7556308828828877,0.4188553355090849,0.050000000000000044,10,82,2.0709174541918607,0.3037484399344388,0.025000000000000022,17
100,10,0.8,mixed,0.0,0.6,0.38517949912657545,0.10952440728557016,0.012500000000000067,10,81,0.40968481931009293,0.0926923864820718,0.0,10,79,0.024505320183517476,-0.016832020803498354,-0.012500000000000067,18
100,10,0.8,mixed,0.0,0.6,1.5747208529543775,0.28995747968707863,-0.025000000000000022,10,79,1.5641676880734452,0.2948059369031665,0.03749999999999998,10,81,-0.010553164880932275,0.0048484572160878425,0.012499999999999956,19
100,10,0.8,mixed,0.1,0.6,0.7745515072355917,0.13802038340988995,0.012500000000000067,10,80,0.7763154790278067,0.18771318065659232,0.050000000000000044,10,83,0.0017639717922149911,0.049692797246702364,0.03749999999999998,0
100,10,0.8,mixed,0.1,0.6,0.047915921515412595,0.019336461603450986,0.012500000000000067,10,80,0.31231730762664767,0.04522652796209993,-0.025000000000000022,10,81,0.2644013861112351,0.025890066358648944,0.012499999999999956,1
100,10,0.8,mixed,0.1,0.6,1.907081333332153,0.32110720580633945,0.0,10,82,4.416597186700451,0.665933052946219,0.012500000000000067,10,80,2.509515853368298,0.3448258471398795,0.012500000000000067,2
100,10,0.8,mixed,0.1,0.6,0.5682558289797025,0.1362451645647858,0.050000000000000044,10,82,0.3054886952859966,0.0738599711555274,0.025000000000000022,10,78,-0.2627671336937059,-0.062385193409258397,-0.025000000000000022,3
100,10,0.8,mixed,0.1,0.6,0.18650334613688271,0.03301610578063856,0.012500000000000067,10,80,0.5949564545004883,0.07478040641076274,-0.04999999999999993,10,78,0.4084531083636056,0.04176430063012418,0.03749999999999987,4
100,10,0.8,mixed,0.1,0.6,0.3790609000351379,0.058846561027321574,0.0,10,80,0.5182951320343869,0.10794789411624091,0.0,10,82,0.139234231999249,0.049101333088919334,0.0,5
100,10,0.8,mixed,0.1,0.6,0.3121949791875786,0.08313172495822393,0.025000000000000022,10,81,1.1590791892080592,0.1889808042620523,0.03749999999999998,10,82,0.8468842100204805,0.10584907930382836,0.012499999999999956,6
100,10,0.8,mixed,0.1,0.6,0.1960713501905567,0.030481055713202053,0.025000000000000022,10,80,0.24807586212056376,0.045192488607423434,0.025000000000000022,10,82,0.052004511930007075,0.014711432894221381,0.0,7
100,10,0.8,mixed,0.1,0.6,0.11091261716405887,0.03163266671066756,-0.012499999999999956,10,78,0.4588316636646923,0.08730650121991981,0.0,10,82,0.34791904650063343,0.05567383450925225,-0.012499999999999956,8
100,10,0.8,mixed,0.1,0.6,1.311748079668801,0.19417918421908803,0.012500000000000067,10,78,0.5205124530611,0.08075541802739021,0.0,10,81,-0.791235626607701,-0.11342376619169782,-0.012500000000000067,9
100,10,0.8,mixed,0.1,0.6,0.15884813661308203,0.04321455786326451,0.03749999999999998,10,82,0.09356762974237685,0.023634306427756706,-0.012499999999999956,10,80,-0.06528050687070518,-0.019580251435507803,-0.025000000000000022,10
100,10,0.8,mixed,0.1,0.6,0.5312036999142997,0.08984676346589451,0.025000000000000022,10,78,0.2157145876998109,0.051039422974492335,-0.012499999999999956,10,79,-0.31548911221448883,-0.03880734049140218,-0.012500000000000067,11
100,10,0.8,mixed,0.1,0.6,0.34620125842222194,0.06176705650087887,-0.012499999999999956,10,81,0.24834537910930263,0.04054961972044965,-0.0625,10,78,-0.09785587931291931,-0.021217436780429214,0.050000000000000044,12
100,10,0.8,mixed,0.1,0.6,0.18841971964321685,0.037669673687870595,-0.025000000000000022,10,78,2.0336021805318816,0.21668841465365202,-0.04999999999999993,10,79,1.8451824608886647,0.1790187409657814,0.02499999999999991,13
100,10,0.8,mixed,0.1,0.6,5.607682400794332,0.5963274130721318,-0.03749999999999998,10,80,2.613784597770277,0.28451435586001234,0.025000000000000022,10,81,-2.9938978030240544,-0.31181305721211944,-0.012499999999999956,14
100,10,0.8,mixed,0.1,0.6,0.6162365366633209,0.08589587207389773,-0.04999999999999993,10,79,0.6003684852090203,0.07120555753053068,0.03749999999999998,10,80,-0.01586805145430059,-0.014690314543367056,-0.012499999999999956,15
100,10,0.8,mixed,0.1,0.6,0.3080135080845065,0.047872096796707994,-0.012499999999999956,10,78,0.6614106157950574,0.15469365553475797,0.012500000000000067,10,82,0.35339710771055094,0.10682155873804998,1.1102230246251565e-16,16
100,10,0.8,mixed,0.1,0.6,5.560935934410429,0.603736449531237,-0.03749999999999998,10,78,2.6836948402241263,0.38011215989397884,0.025000000000000022,10,80,-2.8772410941863025,-0.2236242896372581,-0.012499999999999956,17
100,10,0.8,mixed,0.1,0.6,0.31019599960497085,0.0792958784401888,0.012500000000000067,10,81,0.16280821262630923,0.033233247268339663,0.012500000000000067,10,81,-0.14738778697866162,-0.04606263117184914,0.0,18
100,10,0.8,mixed,0.1,0.6,0.9039639151309763,0.1374806635098989,-0.012499999999999956,10,79,0.1998252849917249,0.037496351221309,-0.03749999999999998,10,79,-0.7041386301392514,-0.0999843122885899,0.025000000000000022,19
100,10,0.8,mixed,0.2,0.6,0.35428946463331185,0.09718872595193596,0.012500000000000067,10,81,0.8667891033282197,0.14386580787941908,0.012500000000000067,10,83,0.5124996386949079,0.04667708192748311,0.0,0
100,10,0.8,mixed,0.2,0.6,0.49953903113847364,0.07301725849223928,-0.025000000000000022,10,78,0.5037703883161562,0.12148752721302976,-0.03749999999999998,10,79,0.0042313571776825265,0.04847026872079048,0.012499999999999956,1
100,10,0.8,mixed,0.2,0.6,0.533889026628233,0.12141679537496057,0.012500000000000067,10,81,0.399263283940573,0.08251521620103809,0.012500000000000067,10,81,-0.13462574268766003,-0.03890157917392248,0.0,2
100,10,0.8,mixed,0.2,0.6,0.35712844474835737,0.07750794567890026,0.012500000000000067,10,83,0.1458571159130051,0.036139912707905904,0.012500000000000067,10,81,-0.21127132883535227,-0.04136803297099436,0.0,3
100,10,0.8,mixed,0.2,0.6,0.47382018301413076,0.1212630941165181,0.012500000000000067,10,80,0.8304108993735557,0.1306927102939541,0.012500000000000067,10,81,0.35659071635942496,0.009429616177435998,0.0,4
100,10,0.8,mixed,0.2,0.6,0.7337343888507835,0.13472036307935062,0.03749999999999998,10,82,0.2382984973661138,0.06395822453184882,0.03749999999999998,10,80,-0.49543589148466965,-0.0707621385475018,0.0,5
100,10,0.8,mixed,0.2,0.6,0.6180331455398239,0.08396128866835101,0.0,10,80,5.195624608533724,0.5721938710323412,-0.03749999999999998,10,78,4.5775914629939,0.4882325823639902,0.03749999999999998,6
100,10,0.8,mixed,0.2,0.6,0.4695186948402486,0.06449493320088417,0.012500000000000067,10,80,0.2550107775522281,0.055444466867333383,-0.012499999999999956,10,83,-0.2145079172880205,-0.009050466333550791,-1.1102230246251565e-16,7
100,10,0.8,mixed,0.2,0.6,0.30045162921334195,0.06721399961008646,-0.025000000000000022,10,82,0.44590852509725987,0.0709883876312425,0.03749999999999998,10,81,0.1454568958839179,0.0037743880211560388,0.012499999999999956,8
100,10,0.8,mixed,0.2,0.6,0.6825164734338894,0.09311951749442332,0.0,10,80,1.8817677766857814,0.20751135541002683,0.0,10,79,1.1992513032518919,0.1143918379156035,0.0,9
100,10,0.8,mixed,0.2,0.6,1.7964482025680337,0.18811147371254672,0.025000000000000022,10,81,0.06955425249575138,0.01867409203985326,0.03749999999999998,10,78,-1.7268939500722824,-0.16943738167269345,0.012499999999999956,10
100,10,0.8,mixed,0.2,0.6,0.23947107807302984,0.05667786424298267,0.0,10,80,0.10006755879652907,0.03797509101721861,-0.025000000000000022,10,79,-0.13940351927650077,-0.01870277322576406,0.025000000000000022,11
100,10,0.8,mixed,0.2,0.6,10.739473730317906,1.1147234879453973,0.012500000000000067,10,79,10.031292119146096,1.0249148777077242,-0.03749999999999998,10,78,-0.7081816111718098,-0.08980861023767317,0.02499999999999991,12
100,10,0.8,mixed,0.2,0.6,5.871661392969655,0.6580575588130463,0.012500000000000067,10,79,1.7143605516183458,0.22390850529839895,-0.04999999999999993,10,78,-4.157300841351309,-0.43414905351464733,0.03749999999999987,13
100,10,0.8,mixed,0.2,0.6,0.2484794358971553,0.052035298227035606,0.025000000000000022,10,80,2.0651304587575834,0.3226141089731289,0.0,10,78,1.816651022860428,0.2705788107460933,-0.025000000000000022,14
100,10,0.8,mixed,0.2,0.6,0.5365375125035821,0.14621253303813692,0.03749999999999998,10,83,0.3899821960207575,0.07738182906252995,-0.025000000000000022,10,77,-0.14655531648282455,-0.06883070397560696,-0.012499999999999956,15
100,10,0.8,mixed,0.2,0.6,0.10608591062867116,0.03583274271959329,-0.04999999999999993,10,79,0.33508375423477543,0.0822990294015732,-0.03749999999999998,10,80,0.22899784360610426,0.04646628668197991,-0.012499999999999956,16
100,10,0.8,mixed,0.2,0.6,0.13023039100711606,0.04528192720945727,0.012500000000000067,10,81,0.1328026518167201,0.03299768737786893,-0.012499999999999956,10,80,0.0025722608096040434,-0.012284239831588342,-1.1102230246251565e-16,17
100,10,0.8,mixed,0.2,0.6,0.5561483291797236,0.1067377067557665,0.012500000000000067,10,81,0.449671020863561,0.11600788068981154,0.0,10,77,-0.10647730831616259,0.009270173934045028,-0.012500000000000067,18
100,10,0.8,mixed,0.2,0.6,0.3396845831300943,0.07552797436993125,-0.03749999999999998,10,82,0.33716609617080273,0.056903637341121006,-0.03749999999999998,10,77,-0.002518486959291577,-0.018624337028810244,0.0,19
100,10,0.8,mixed,0.4,0.6,3.4339381691104864,0.4643807820511757,0.0,10,81,2.868352580222375,0.31203829236364966,0.0,10,79,-0.5655855888881116,-0.15234248968752606,0.0,0
100,10,0.8,mixed,0.4,0.6,1.6564619066293529,0.1825177540594081,0.03749999999999998,10,80,0.67316564964754,0.11537647611615835,0.0,10,81,-0.9832962569818129,-0.06714127794324974,-0.03749999999999998,1
100,10,0.8,mixed,0.4,0.6,17.782566095646068,1.897649636042654,0.012500000000000067,10,80,6.939275278450958,0.7814879237426753,0.0,10,80,-10.843290817195111,-1.1161617122999787,-0.012500000000000067,2
100,10,0.8,mixed,0.4,0.6,0.10710648118816353,0.04731995640108924,0.0,10,78,0.23254630362566395,0.05166000117042656,0.025000000000000022,10,81,0.1254398224375004,0.004340044769337317,0.025000000000000022,3
100,10,0.8,mixed,0.4,0.6,0.4183477875009884,0.08285853393889842,0.03749999999999998,10,82,0.24772579889906213,0.05749139045038054,0.0,10,80,-0.17062198860192626,-0.025367143488517874,-0.03749999999999998,4
100,10,0.8,mixed,0.4,0.6,0.2520605356177703,0.04712594509426206,0.0,10,83,0.2177183730089596,0.053982943648301696,0.0,10,81,-0.034342162608810706,0.006856998554039637,0.0,5
100,10,0.8,mixed,0.4,0.6,0.23226017174255784,0.08095463764746472,-0.025000000000000022,10,80,0.7175792401057687,0.13301345693633027,0.012500000000000067,10,81,0.4853190683632108,0.05205881928886555,-0.012499999999999956,6
100,10,0.8,mixed,0.4,0.6,0.3056253618054627,0.0688858714445696,-0.025000000000000022,10,82,0.21261319411908797,0.04971132179169578,0.025000000000000022,10,82,-0.09301216768637471,-0.019174549652873824,0.0,7
100,10,0.8,mixed,0.4,0.6,0.35794791173309976,0.05869016028051662,0.03749999999999998,10,79,0.21238668995344936,0.047129511105948096,0.012500000000000067,10,78,-0.1455612217796504,-0.011560649174568526,-0.02499999999999991,8
100,10,0.8,mixed,0.4,0.6,0.8554546678790762,0.11971584320479349,-0.04999999999999993,10,78,1.0564146207576464,0.14149979460695916,0.012500000000000067,10,81,0.20095995287857016,0.02178395140216567,-0.03749999999999987,9
100,10,0.8,mixed,0.4,0.6,0.8683251363659967,0.1349910061114898,0.025000000000000022,10,83,0.25726301486824565,0.07164558081107728,0.012500000000000067,10,81,-0.6110621214977511,-0.06334542530041251,-0.012499999999999956,10
100,10,0.8,mixed,0.4,0.6,0.20216957509075487,0.059987972088477025,0.0,10,78,0.4454422862485364,0.09948015383757003,-0.025000000000000022,10,79,0.2432727111577815,0.039492181749093004,0.025000000000000022,11
100,10,0.8,mixed,0.4,0.6,0.5368289589997312,0.08412777451624238,-0.012499999999999956,10,80,0.3834142358947476,0.07650136757474324,-0.025000000000000022,10,81,-0.15341472310498355,-0.007626406941499145,0.012500000000000067,12
100,10,0.8,mixed,0.4,0.6,0.4265971974819862,0.07566225456863454,0.07500000000000007,10,83,1.0788423992321725,0.14044643920909522,0.0625,10,81,0.6522452017501863,0.06478418464046068,-0.012500000000000067,13
100,10,0.8,mixed,0.4,0.6,20.24621620682511,2.0433516234821516,0.025000000000000022,10,81,51.12312522408594,5.154288392758716,0.012500000000000067,10,81,30.87690901726083,3.110936769276565,-0.012499999999999956,14
100,10,0.8,mixed,0.4,0.6,0.835824937469783,0.1781399457322526,0.0,10,80,0.8623452620943616,0.156779995060372,-0.025000000000000022,10,77,0.02652032462457854,-0.021359950671880623,0.025000000000000022,15
100,10,0.8,mixed,0.4,0.6,0.20086998005433468,0.0480463388458511,0.012500000000000067,10,81,0.2593348171524538,0.058286059568132174,0.0,10,82,0.05846483709811914,0.010239720722281076,-0.012500000000000067,16
100,10,0.8,mixed,0.4,0.6,0.2243388667713419,0.04549198689017321,0.025000000000000022,10,82,0.34324621213029516,0.06724636754938981,-0.012499999999999956,10,81,0.11890734535895325,0.0217543806592166,-0.012500000000000067,17
100,10,0.8,mixed,0.4,0.6,0.4370821666088511,0.09771012803265598,0.025000000000000022,10,81,0.7157638922364248,0.12164186256660922,-0.025000000000000022,10,78,0.2786817256275737,0.02393173453395324,0.0,18
100,10,0.8,mixed,0.4,0.6,0.2998520793265611,0.06657208377845084,-0.012499999999999956,10,78,0.24576585753562913,0.044858243292168545,0.03749999999999998,10,80,-0.054086221790931976,-0.02171384048628229,0.025000000000000022,19
100,10,0.8,skewed,0.0,0.6,0.4228299368521403,0.12389268362997508,-0.012499999999999956,10,80,0.36057391002214967,0.08640378852441138,0.012500000000000067,10,79,-0.06225602682999065,-0.03748889510556369,1.1102230246251565e-16,0
100,10,0.8,skewed,0.0,0.6,0.16201071882119983,0.0655431630702494,0.012500000000000067,10,81,0.39274201475827025,0.09916914115215827,-0.025000000000000022,10,80,0.23073129593707042,0.03362597808190887,0.012499999999999956,1
100,10,0.8,skewed,0.0,0.6,0.2770321670185828,0.10140099976256915,0.0,10,81,0.25533431842620896,0.08474439705919548,0.050000000000000044,10,78,-0.021697848592373836,-0.01665660270337367,0.050000000000000044,2
100,10,0.8,skewed,0.0,0.6,0.5091540791046202,0.11981856260245294,-0.07499999999999996,10,75,0.1691875756812744,0.05675732620539999,0.0,10,79,-0.3399665034233458,-0.06306123639705294,-0.07499999999999996,3
100,10,0.8,skewed,0.0,0.6,0.14840626635844678,0.04348701101197873,0.03749999999999998,10,79,0.1270516985688825,0.04649458087771097,0.012500000000000067,10,80,-0.021354567789564294,0.0030075698657322375,-0.02499999999999991,4
100,10,0.8,skewed,0.0,0.6,0.1809978189568734,0.08747428754858215,0.0,10,80,0.20701643636245576,0.04877745448072754,0.012500000000000067,10,80,0.026018617405582367,-0.03869683306785461,0.012500000000000067,5
100,10,0.8,skewed,0.0,0.6,0.16075808509536002,0.04908327937385764,-0.03749999999999998,10,77,0.1826373747752593,0.06488465880133466,0.0,10,80,0.021879289679899272,0.015801379427477023,-0.03749999999999998,6
100,10,0.8,skewed,0.0,0.6,0.2830899813409298,0.09946540526687567,-0.012499999999999956,10,77,0.13875693112482973,0.05394053373067196,0.0,10,80,-0.14433305021610005,-0.04552487153620371,-0.012499999999999956,7
100,10,0.8,skewed,0.0,0.6,0.19161328023478233,0.09171721148009121,-0.025000000000000022,10,80,0.1432507117684586,0.07223836424233801,0.0625,10,81,-0.048362568466323724,-0.0194788472377532,0.03749999999999998,8
100,10,0.8,skewed,0.0,0.6,0.41541111631239946,0.09464675842532509,0.0,10,79,0.2105225832408213,0.06049643900151498,0.0,10,78,-0.20488853307157817,-0.03415031942381011,0.0,9
100,10,0.8,skewed,0.0,0.6,0.1573951949560764,0.06642549865244676,0.050000000000000044,10,82,0.2141166977678993,0.056083905630358366,0.0,10,78,0.056721502811822894,-0.010341593022088397,-0.050000000000000044,10
100,10,0.8,skewed,0.0,0.6,0.17285515460331957,0.09113303003599345,0.050000000000000044,10,87,0.17675864320433954,0.07265210322393821,0.025000000000000022,10,80,0.0039034886010199665,-0.018480926812055237,-0.025000000000000022,11
100,10,0.8,skewed,0.0,0.6,0.34809857275954387,0.0751291176860436,0.0,10,81,0.16454968145842605,0.05849984987423347,-0.025000000000000022,10,81,-0.18354889130111782,-0.016629267811810136,0.025000000000000022,12
100,10,0.8,skewed,0.0,0.6,0.12076917555671697,0.0647224015520714,-0.025000000000000022,10,77,0.6460433247778232,0.12268053456243391,0.012500000000000067,10,79,0.5252741492211063,0.05795813301036251,-0.012499999999999956,13
100,10,0.8,skewed,0.0,0.6,0.5144307737561351,0.09897274087286528,0.0,10,80,0.48817463181841053,0.10072528436314195,0.025000000000000022,10,80,-0.026256141937724575,0.0017525434902766618,0.025000000000000022,14
100,10,0.8,skewed,0.0,0.6,0.21899003085570024,0.09477271622527203,0.050000000000000044,10,81,0.9006699662121489,0.1403563607910592,-0.04999999999999993,10,80,0.6816799353564487,0.045583644565787174,-1.1102230246251565e-16,15
100,10,0.8,skewed,0.0,0.6,0.21288707014198274,0.09445962887412156,0.0,10,80,0.16990181784566427,0.04850892624646543,0.025000000000000022,10,78,-0.04298525229631847,-0.045950702627656125,0.025000000000000022,16
100,10,0.8,skewed,0.0,0.6,0.12896911985865464,0.05073245521223928,0.025000000000000022,10,78,0.37092667403559093,0.10969576087941238,-0.012499999999999956,10,81,0.2419575541769363,0.0589633056671731,-0.012500000000000067,17
100,10,0.8,skewed,0.0,0.6,0.24242298072064272,0.1386898989486732,0.0,10,79,0.14339045805086484,0.085427002879591,0.025000000000000022,10,81,-0.09903252266977788,-0.0532628960690822,0.025000000000000022,18
100,10,0.8,skewed,0.0,0.6,0.2191363285780509,0.08211220523864154,-0.03749999999999998,10,76,0.17043240240603885,0.05737864094759607,-0.025000000000000022,10,79,-0.04870392617201205,-0.024733564291045472,-0.012499999999999956,19
100,10,0.8,skewed,0.1,0.6,0.15262105855006702,0.07506373870350663,0.03749999999999998,10,78,0.26437333785548656,0.11144103928600937,0.03749999999999998,10,81,0.11175227930541953,0.03637730058250274,0.0,0
100,10,0.8,skewed,0.1,0.6,0.23210843786386362,0.07604775295480817,-0.025000000000000022,10,78,0.240427176919704,0.07024527263120368,0.025000000000000022,10,80,0.00831873905584038,-0.005802480323604489,0.0,1
100,10,0.8,skewed,0.1,0.6,0.1715217410037653,0.06770268296803408,-0.012499999999999956,10,77,0.10850741786995523,0.04793347675384681,0.0,10,77,-0.06301432313381007,-0.019769206214187277,-0.012499999999999956,2
100,10,0.8,skewed,0.1,0.6,0.14527142113711916,0.057588548011536275,0.03749999999999998,10,80,0.3686393471787075,0.10786311945903879,0.03749999999999998,10,85,0.22336792604158834,0.05027457144750251,0.0,3
100,10,0.8,skewed,0.1,0.6,0.28438824757199016,0.07854887239246085,-0.04999999999999993,10,80,0.2994484223342999,0.08317707708166475,0.012500000000000067,10,79,0.015060174762309753,0.004628204689203899,-0.03749999999999987,4
100,10,0.8,skewed,0.1,0.6,0.2850582785280152,0.08147010123817344,0.025000000000000022,10,84,0.23943183093466752,0.08454043184206703,-0.025000000000000022,10,80,-0.04562644759334766,0.003070330603893584,0.0,5
100,10,0.8,skewed,0.1,0.6,0.10417951278878997,0.045732540054219326,-0.012499999999999956,10,78,0.13195504627585547,0.06350927134256698,0.025000000000000022,10,83,0.027775533487065504,0.017776731288347655,0.012500000000000067,6
100,10,0.8,skewed,0.1,0.6,0.14364304148568557,0.07441386233293797,0.0,10,80,0.15277963691534727,0.03698534580750081,-0.012499999999999956,10,81,0.009136595429661692,-0.037428516525437154,0.012499999999999956,7
100,10,0.8,skewed,0.1,0.6,0.21050623549482914,0.07508237390985592,-0.025000000000000022,10,78,0.13459404563298716,0.06701116087304979,0.0,10,77,-0.07591218986184198,-0.008071213036806135,-0.025000000000000022,8
100,10,0.8,skewed,0.1,0.6,0.4714536273848123,0.10074642515483807,0.025000000000000022,10,81,0.4646013861318903,0.08141454280326126,-0.025000000000000022,10,78,-0.006852241252921998,-0.019331882351576818,0.0,9
100,10,0.8,skewed,0.1,0.6,0.770146764727135,0.12261346669310194,0.0,10,80,0.2161378379941907,0.09655477693461936,0.0,10,78,-0.5540089267329442,-0.02605868975848258,0.0,10
100,10,0.8,skewed,0.1,0.6,0.14671510806753676,0.05668719336071744,-0.025000000000000022,10,77,0.3658461350066016,0.1342532981979099,0.0,10,79,0.21913102693906486,0.07756610483719246,-0.025000000000000022,11
100,10,0.8,skewed,0.1,0.6,0.1281082753389405,0.04763197543161896,-0.03749999999999998,10,79,0.23657924409446868,0.08941731901505036,0.0,10,84,0.10847096875552817,0.041785343583431396,-0.03749999999999998,12
100,10,0.8,skewed,0.1,0.6,0.10938240069401821,0.04674942463953222,-0.025000000000000022,10,75,0.390713924436269,0.12565732948102856,0.0,10,80,0.2813315237422508,0.07890790484149635,-0.025000000000000022,13
100,10,0.8,skewed,0.1,0.6,0.39835692661856537,0.10612874656407811,0.012500000000000067,10,81,0.34096020734680105,0.07714316581946053,-0.0625,10,74,-0.05739671927176432,-0.028985580744617587,0.04999999999999993,14
100,10,0.8,skewed,0.1,0.6,0.10436004105111715,0.0653291001853511,-0.025000000000000022,10,82,0.14820194248635196,0.059879761272798884,0.0,10,82,0.04384190143523481,-0.005449338912552212,-0.025000000000000022,15
100,10,0.8,skewed,0.1,0.6,0.10173584394054934,0.04936462609651987,0.025000000000000022,10,80,0.328810560526339,0.056184452487979895,-0.012499999999999956,10,79,0.22707471658578965,0.006819826391460025,-0.012500000000000067,16
100,10,0.8,skewed,0.1,0.6,0.10714433368700077,0.03667320871699821,0.0,10,82,0.14591159945276616,0.051662030379058275,0.0,10,80,0.03876726576576539,0.014988821662060066,0.0,17
100,10,0.8,skewed,0.1,0.6,0.44327163713758877,0.11674762746785583,-0.012499999999999956,10,76,0.2137615793959116,0.11603908431591256,0.0625,10,85,-0.22951005774167718,-0.0007085431519432694,0.050000000000000044,18
100,10,0.8,skewed,0.1,0.6,0.33815580006400736,0.0729551015806354,0.03749999999999998,10,82,0.1239627284196213,0.050492770346954506,0.012500000000000067,10,82,-0.21419307164438606,-0.02246233123368089,-0.02499999999999991,19
100,10,0.8,skewed,0.2,0.6,0.2789645015160437,0.08444680007064712,0.025000000000000022,10,78,0.2166323955592301,0.06347412614264923,0.03749999999999998,10,86,-0.06233210595681357,-0.020972673927997884,0.012499999999999956,0
100,10,0.8,skewed,0.2,0.6,0.136215202601102,0.06342933337660758,-0.012499999999999956,10,82,0.14164025404179456,0.067907509490179,-0.012499999999999956,10,78,0.005425051440692552,0.0044781761135714165,0.0,1
100,10,0.8,skewed,0.2,0.6,0.8931590105616022,0.12749773297433087,0.0,10,80,0.2247214685907387,0.0928690249188597,-0.03749999999999998,10,79,-0.6684375419708635,-0.034628708055471163,0.03749999999999998,2
100,10,0.8,skewed,0.2,0.6,0.18254317103803186,0.0484864724359038,0.012500000000000067,10,79,0.22315635637319906,0.06354677971603187,0.0625,10,82,0.040613185335167196,0.015060307280128069,0.04999999999999993,3
100,10,0.8,skewed,0.2,0.6,0.278116317757156,0.0992256475950783,0.0,10,80,0.47079172678647185,0.07619000504313571,0.0,10,79,0.19267540902931585,-0.023035642551942598,0.0,4
100,10,0.8,skewed,0.2,0.6,0.17478515535931072,0.06963401892355131,-0.03749999999999998,10,75,0.12207480684883262,0.03147436289983152,-0.025000000000000022,10,80,-0.052710348510478094,-0.03815965602371979,-0.012499999999999956,5
100,10,0.8,skewed,0.2,0.6,0.1463636393854532,0.05138963318269947,-0.025000000000000022,10,76,0.20028063400333943,0.07633913383865207,0.050000000000000044,10,85,0.05391699461788624,0.024949500655952597,0.025000000000000022,6
100,10,0.8,skewed,0.2,0.6,0.16061909081885659,0.08251891650273813,-0.012499999999999956,10,77,0.5080214657022531,0.11691609252262607,-0.04999999999999993,10,77,0.34740237488339654,0.03439717601988794,0.03749999999999998,7
100,10,0.8,skewed,0.2,0.6,0.17801965451290502,0.0456228159790528,-0.012499999999999956,10,81,0.11743967940836342,0.03918732186873552,0.025000000000000022,10,79,-0.060579975104541606,-0.006435494110317283,0.012500000000000067,8
100,10,0.8,skewed,0.2,0.6,0.13826221529087773,0.045873196609578344,-0.012499999999999956,10,82,0.11657190919019579,0.05108018266970604,0.0,10,82,-0.02169030610068194,0.005206986060127698,-0.012499999999999956,9
100,10,0.8,skewed,0.2,0.6,0.4206610402278832,0.11723250610582511,-0.04999999999999993,10,76,0.2638708852530532,0.08423544729245196,0.03749999999999998,10,80,-0.15679015497483,-0.032997058813373156,-0.012499999999999956,10
100,10,0.8,skewed,0.2,0.6,0.26076390743715333,0.10758628333894941,0.03749999999999998,10,81,0.21310666693425892,0.05106484164285387,-0.025000000000000022,10,76,-0.04765724050289441,-0.05652144169609555,-0.012499999999999956,11
100,10,0.8,skewed,0.2,0.6,0.22901112757893924,0.07172213129283457,0.025000000000000022,10,79,0.1559257947882596,0.06421243756061813,0.025000000000000022,10,82,-0.07308533279067964,-0.007509693732216438,0.0,12
100,10,0.8,skewed,0.2,0.6,0.13545351708777864,0.054112717349998896,-0.012499999999999956,10,79,0.156783329119587,0.044953488358248875,-0.0625,10,76,0.021329812031808365,-0.00915922899175002,0.050000000000000044,13
100,10,0.8,skewed,0.2,0.6,0.1659546795334584,0.05074281684002543,0.025000000000000022,10,74,0.17193593317340364,0.05213211761090224,0.03749999999999998,10,83,0.005981253639945228,0.0013893007708768099,0.012499999999999956,14
100,10,0.8,skewed,0.2,0.6,0.17277352325536677,0.060760632706274,0.012500000000000067,10,74,0.21776630275937445,0.0772326761279479,0.025000000000000022,10,80,0.04499277950400768,0.016472043421673903,0.012499999999999956,15
100,10,0.8,skewed,0.2,0.6,0.5215292409966112,0.11869003967633333,0.0,10,80,0.3933433980279741,0.09236716267044245,-0.012499999999999956,10,77,-0.12818584296863716,-0.02632287700589088,0.012499999999999956,16
100,10,0.8,skewed,0.2,0.6,0.3636827739848667,0.11097022895913582,-0.09999999999999998,10,72,0.3124289377833313,0.11726834522023385,0.0,10,79,-0.0512538362015354,0.0062981162610980385,-0.09999999999999998,17
100,10,0.8,skewed,0.2,0.6,0.12291060610269097,0.0573183816736181,-0.025000000000000022,10,80,0.1809925881849108,0.08419236326748607,-0.012499999999999956,10,76,0.05808198208221982,0.026873981593867967,-0.012500000000000067,18
100,10,0.8,skewed,0.2,0.6,0.268492765532463,0.059412165102824585,-0.012499999999999956,10,80,0.3724353358353188,0.1108084942727992,-0.0625,10,78,0.10394257030285581,0.05139632916997461,0.050000000000000044,19
100,10,0.8,skewed,0.4,0.6,0.31648771050837393,0.08127576705952608,-0.03749999999999998,10,77,0.33026771451631287,0.07890307789834067,0.012500000000000067,10,75,0.01378000400793894,-0.0023726891611854095,-0.02499999999999991,0
100,10,0.8,skewed,0.4,0.6,0.11710010584793273,0.06546790005588085,0.03749999999999998,10,80,0.1915324175009095,0.06091591069474138,0.0,10,78,0.07443231165297676,-0.004551989361139472,-0.03749999999999998,1
100,10,0.8,skewed,0.4,0.6,0.27962752167953886,0.11400190799890306,0.03749999999999998,10,85,0.16603284582403532,0.07713552546455452,0.012500000000000067,10,83,-0.11359467585550354,-0.03686638253434854,-0.02499999999999991,2
100,10,0.8,skewed,0.4,0.6,0.2629199776518906,0.09909561838388727,0.0,10,84,0.4048234241918635,0.11775220851573125,0.012500000000000067,10,80,0.1419034465399729,0.01865659013184398,0.012500000000000067,3
100,10,0.8,skewed,0.4,0.6,0.2885343849980692,0.11132358950668195,-0.07499999999999996,10,75,0.09528468275064352,0.05418678744061348,0.025000000000000022,10,79,-0.19324970224742571,-0.057136802066068464,-0.04999999999999993,4
100,10,0.8,skewed,0.4,0.6,0.19990866401590182,0.07011676858904844,-0.012499999999999956,10,78,0.10518124428064654,0.053078894749241844,-0.03749999999999998,10,75,-0.09472741973525528,-0.0170378738398066,0.025000000000000022,5
100,10,0.8,skewed,0.4,0.6,0.2708888569251869,0.12025748550601438,-0.012499999999999956,10,77,0.23390552357944752,0.10292252237811103,0.025000000000000022,10,81,-0.03698333334573936,-0.01733496312790335,0.012500000000000067,6
100,10,0.8,skewed,0.4,0.6,0.26266129262024324,0.07282283516814146,-0.012499999999999956,10,77,0.16355320442571714,0.05905189557784897,0.050000000000000044,10,82,-0.0991080881945261,-0.013770939590292491,0.03750000000000009,7
100,10,0.8,skewed,0.4,0.6,0.2827245202430896,0.0725481157049845,0.0,10,80,0.18241663300935607,0.07268046389568146,0.012500000000000067,10,84,-0.10030788723373352,0.00013234819069696258,0.012500000000000067,8
100,10,0.8,skewed,0.4,0.6,0.1562811999307871,0.045853320080486475,0.0,10,79,0.20436287772917763,0.07583073403683922,0.03749999999999998,10,80,0.04808167779839054,0.02997741395635275,0.03749999999999998,9
100,10,0.8,skewed,0.4,0.6,0.1572206287660915,0.07815367328695992,0.025000000000000022,10,79,0.26601780176189677,0.06443418227516298,0.012500000000000067,10,81,0.10879717299580527,-0.013719491011796939,-0.012499999999999956,10
100,10,0.8,skewed,0.4,0.6,0.10992807418522653,0.058862661652036366,-0.012499999999999956,10,81,0.1274574836349111,0.06610206573012556,-0.04999999999999993,10,77,0.017529409449684577,0.007239404078089193,0.03749999999999998,11
100,10,0.8,skewed,0.4,0.6,0.208777046063608,0.05997497447744184,0.025000000000000022,10,83,0.5462685376164813,0.10402483444804063,0.0,10,81,0.3374914915528733,0.044049859970598786,-0.025000000000000022,12
100,10,0.8,skewed,0.4,0.6,0.4703528697705674,0.13116888650725028,-0.012499999999999956,10,76,0.16593277400939171,0.07892586656075277,0.0,10,79,-0.3044200957611757,-0.05224301994649751,-0.012499999999999956,13
100,10,0.8,skewed,0.4,0.6,0.13227597126225094,0.06079095236477576,0.0625,10,86,0.13754665692136492,0.06559411297210577,0.012500000000000067,10,83,0.005270685659113983,0.0048031606073300065,-0.04999999999999993,14
100,10,0.8,skewed,0.4,0.6,0.26964859521311085,0.07963428752653992,-0.03749999999999998,10,78,0.13660429021354714,0.073244079241334,-0.03749999999999998,10,80,-0.1330443049995637,-0.006390208285205923,0.0,15
100,10,0.8,skewed,0.4,0.6,0.20823069882219822,0.08405175692043569,0.025000000000000022,10,82,0.21249836167425495,0.07285879665102633,-0.012499999999999956,10,80,0.004267662852056736,-0.011192960269409358,-0.012500000000000067,16
100,10,0.8,skewed,0.4,0.6,0.15892186287752483,0.05881731418120637,0.0,10,82,0.16737349722439396,0.05379398311192438,0.0,10,80,0.00845163434686913,-0.005023331069281989,0.0,17
100,10,0.8,skewed,0.4,0.6,0.1310301205502847,0.05976328143897001,0.012500000000000067,10,82,0.1933754624591901,0.03948353772646995,0.03749999999999998,10,81,0.062345341908905394,-0.020279743712500055,0.02499999999999991,18
100,10,0.8,skewed,0.4,0.6,0.10388153148898017,0.04062166312596137,-0.03749999999999998,10,76,0.1602883884967571,0.059282074436607636,0.012500000000000067,10,82,0.05640685700777694,0.018660411310646267,-0.02499999999999991,19
100,10,0.8,correlated,0.0,0.6,10.557964346325072,1.7562741812767897,0.03749999999999998,10,83,3.85883881443402,1.0199187617805827,0.050000000000000044,10,85,-6.699125531891052,-0.736355419496207,0.012500000000000067,0
100,10,0.8,correlated,0.0,0.6,2.2723620858442395,0.5494490362150632,0.025000000000000022,10,85,2.689060771883495,0.9718887647762211,0.0,10,79,0.4166986860392554,0.42243972856115786,-0.025000000000000022,1
100,10,0.8,correlated,0.0,0.6,3.7531092036278553,0.7588182635135896,-0.012499999999999956,10,82,0.8563597763688855,0.33296770816833593,-0.025000000000000022,10,79,-2.8967494272589698,-0.4258505553452537,0.012500000000000067,2
100,10,0.8,correlated,0.0,0.6,0.23455778179565354,0.12198451029073314,-0.025000000000000022,10,75,0.4138845686794811,0.10569251640783528,0.0,10,85,0.17932678688382755,-0.016291993882897857,-0.025000000000000022,3
100,10,0.8,correlated,0.0,0.6,8.057133564759782,1.0780024864298474,0.012500000000000067,10,80,6.079692397678232,0.7774538026807752,0.012500000000000067,10,83,-1.9774411670815502,-0.3005486837490722,0.0,4
100,10,0.8,correlated,0.0,0.6,0.6548771930419591,0.20062062908906828,0.0,10,82,119.42781516477221,12.907372113593723,0.03749999999999998,10,81,118.77293797173026,12.706751484504656,0.03749999999999998,5
100,10,0.8,correlated,0.0,0.6,0.16577494796165504,0.07257446349047615,0.03749999999999998,10,83,0.9066944934215508,0.36994598692718905,0.025000000000000022,10,81,0.7409195454598958,0.2973715234367129,-0.012499999999999956,6
100,10,0.8,correlated,0.0,0.6,0.12277037064079119,0.056042132693061616,0.025000000000000022,10,82,0.1573197150968915,0.06651522667565754,0.012500000000000067,10,82,0.034549344456100306,0.010473093982595924,-0.012499999999999956,7
100,10,0.8,correlated,0.0,0.6,1.7593026118395563,0.5120644170527505,0.025000000000000022,10,83,3.0439141379957824,0.9984175566237592,-0.0625,10,75,1.284611526156226,0.4863531395710087,0.03749999999999998,8
100,10,0.8,correlated,0.0,0.6,18.008113184592784,2.1433272959109906,-0.03749999999999998,10,77,56.97680608678741,5.893541422473774,0.012500000000000067,10,74,38.96869290219463,3.7502141265627835,-0.02499999999999991,9
100,10,0.8,correlated,0.0,0.6,0.2593209172943724,0.10833665320219095,0.025000000000000022,10,78,0.22873721819118967,0.06899745179108893,0.012500000000000067,10,80,-0.030583699103182732,-0.03933920141110202,-0.012499999999999956,10
100,10,0.8,correlated,0.0,0.6,11.713342453017988,1.825070893039797,-0.012499999999999956,10,80,4.790088744028663,0.896052331152468,0.0,10,79,-6.923253708989326,-0.929018561887329,-0.012499999999999956,11
100,10,0.8,correlated,0.0,0.6,0.192743644795112,0.0740192727811689,0.012500000000000067,10,80,0.777974695653611,0.22430113997158788,0.0,10,78,0.585231050858499,0.15028186719041897,-0.012500000000000067,12
100,10,0.8,correlated,0.0,0.6,4.653045632991349,0.5966603382180391,0.03749999999999998,10,81,3.2557587195942626,0.49428865638937725,0.025000000000000022,10,81,-1.3972869133970862,-0.10237168182866185,-0.012499999999999956,13
100,10,0.8,correlated,0.0,0.6,0.1350474463731512,0.05810337002580816,0.0,10,77,0.12768953951759676,0.0641017730431858,-0.012499999999999956,10,79,-0.00735790685555443,0.00599840301737764,0.012499999999999956,14
100,10,0.8,correlated,0.0,0.6,3.2479271832128287,0.7520632765617938,0.025000000000000022,10,87,3.062102742284992,0.6337860150581164,-0.03749999999999998,10,78,-0.18582444092783668,-0.11827726150367746,0.012499999999999956,15
100,10,0.8,correlated,0.0,0.6,0.7670937418881156,0.2541875910017243,0.025000000000000022,10,81,1.1805388827643217,0.4464677721184304,0.0625,10,87,0.4134451408762061,0.19228018111670614,0.03749999999999998,16
100,10,0.8,correlated,0.0,0.6,7.409088659459809,1.4318852556677952,0.025000000000000022,10,81,1.2432124287825037,0.41773447460007695,0.025000000000000022,10,80,-6.165876230677306,-1.0141507810677184,0.0,17
100,10,0.8,correlated,0.0,0.6,0.3760839166495037,0.16760392971492588,0.03749999999999998,10,80,0.33715992425983815,0.11924302742916962,0.0,10,75,-0.03892399238966554,-0.04836090228575626,-0.03749999999999998,18
100,10,0.8,correlated,0.0,0.6,5.948888392111929,1.3228216132819726,-0.09999999999999998,10,71,4.582961724937402,1.3186019292177065,-0.03749999999999998,10,79,-1.3659266671745272,-0.004219684064266094,-0.0625,19
100,10,0.8,correlated,0.1,0.6,0.7728246625970241,0.26079966150595946,-0.03749999999999998,10,81,0.7838243543858601,0.18101224884296424,0.012500000000000067,10,80,0.010999691788835975,-0.07978741266299522,-0.02499999999999991,0
100,10,0.8,correlated,0.1,0.6,0.9837489214886639,0.30016647300767574,0.012500000000000067,10,82,2.954000028507536,0.8108939944406435,-0.04999999999999993,10,75,1.9702511070188722,0.5107275214329677,0.03749999999999987,1
100,10,0.8,correlated,0.1,0.6,1.5245277893061113,0.2844895182445917,-0.012499999999999956,10,80,0.8850100170369857,0.2146453602182493,0.012500000000000067,10,80,-0.6395177722691257,-0.06984415802634239,1.1102230246251565e-16,2
100,10,0.8,correlated,0.1,0.6,10.519260520569311,3.0955007527247744,0.0,10,81,13.216577299562722,3.3811538339190967,0.025000000000000022,10,79,2.697316778993411,0.2856530811943223,0.025000000000000022,3
100,10,0.8,correlated,0.1,0.6,0.44503130472010577,0.2029890665947723,0.025000000000000022,10,83,0.3106957801680549,0.0955730507092796,-0.025000000000000022,10,76,-0.1343355245520509,-0.10741601588549271,0.0,4
100,10,0.8,correlated,0.1,0.6,4.756803546611176,0.7843469277720028,0.012500000000000067,10,81,3.0953794097408047,0.7312752653389543,-0.012499999999999956,10,80,-1.6614241368703717,-0.053071662433048505,-1.1102230246251565e-16,5
100,10,0.8,correlated,0.1,0.6,0.6527485568916084,0.21052305025719026,-0.025000000000000022,10,79,6.31821725066438,1.179821378330367,0.03749999999999998,10,81,5.665468693772771,0.9692983280731768,0.012499999999999956,6
100,10,0.8,correlated,0.1,0.6,0.9122525884933669,0.46579641556807455,0.0625,10,88,0.5057378161778038,0.22201860522384087,-0.025000000000000022,10,79,-0.4065147723155631,-0.24377781034423368,-0.03749999999999998,7
100,10,0.8,correlated,0.1,0.6,1.0618065011362556,0.38949490283461674,-0.03749999999999998,10,77,2.795117358080922,0.4463124754518232,-0.03749999999999998,10,76,1.7333108569446665,0.056817572617206435,0.0,8
100,10,0.8,correlated,0.1,0.6,0.44016870708836975,0.24933104372190104,-0.025000000000000022,10,78,0.8265638273531836,0.3695733740697216,-0.08750000000000002,10,70,0.3863951202648138,0.12024233034782059,0.0625,9
100,10,0.8,correlated,0.1,0.6,6.027675539764454,0.8294973012557284,-0.0625,10,76,3.2552083474729683,0.7559892050683527,-0.025000000000000022,10,78,-2.7724671922914856,-0.07350809618737575,-0.03749999999999998,10
100,10,0.8,correlated,0.1,0.6,7.443313587316732,1.8941382138614102,0.0,10,78,8.203830875011827,1.7077638715113153,0.025000000000000022,10,84,0.7605172876950945,-0.18637434235009498,0.025000000000000022,11
100,10,0.8,correlated,0.1,0.6,0.3097713006381914,0.11253759055694681,0.025000000000000022,10,81,0.7893007173373011,0.22086095558342156,-0.025000000000000022,10,77,0.4795294166991097,0.10832336502647474,0.0,12
100,10,0.8,correlated,0.1,0.6,12.155237409597921,2.064093724241489,-0.025000000000000022,10,78,0.6037247220416814,0.21868273421909729,0.050000000000000044,10,83,-11.55151268755624,-1.8454109900223918,0.025000000000000022,13
100,10,0.8,correlated,0.1,0.6,0.26033942833135926,0.1639151473855181,-0.07499999999999996,10,74,0.20851739436556152,0.07187241569508088,0.03749999999999998,10,83,-0.05182203396579774,-0.09204273169043722,-0.03749999999999998,14
100,10,0.8,correlated,0.1,0.6,0.5416845848243711,0.2531559673884318,0.03749999999999998,10,84,0.25234608822561194,0.10542150219647237,0.012500000000000067,10,79,-0.28933849659875915,-0.14773446519195946,-0.02499999999999991,15
100,10,0.8,correlated,0.1,0.6,0.16027146451968005,0.0803415511544523,-0.0625,10,74,0.19400477638717642,0.11802602497586867,-0.0625,10,74,0.03373331186749637,0.037684473821416375,0.0,16
100,10,0.8,correlated,0.1,0.6,0.6650296604275413,0.2802200389832595,0.03749999999999998,10,87,2.1322491629389333,0.41158131526312836,0.012500000000000067,10,81,1.467219502511392,0.13136127627986888,-0.02499999999999991,17
100,10,0.8,correlated,0.1,0.6,5.800024395022303,1.4739331823861892,0.03749999999999998,10,88,1.1502338154536735,0.4577197272864203,-0.03749999999999998,10,77,-4.64979057956863,-1.016213455099769,0.0,18
100,10,0.8,correlated,0.1,0.6,10.109298257278091,1.210702253827447,-0.025000000000000022,10,77,42.30597280256845,5.182693831932741,0.050000000000000044,10,84,32.19667454529036,3.971991578105294,0.025000000000000022,19
100,10,0.8,correlated,0.2,0.6,2.6485115575281704,0.6579795868513273,-0.012499999999999956,10,82,1.3054871766255574,0.3997225259610294,-0.025000000000000022,10,80,-1.343024380902613,-0.2582570608902979,0.012500000000000067,0
100,10,0.8,correlated,0.2,0.6,0.43790382947078477,0.1890207940907247,0.03749999999999998,10,84,0.3512896382197005,0.19989337190547035,-0.025000000000000022,10,76,-0.08661419125108427,0.010872577814745654,-0.012499999999999956,1
100,10,0.8,correlated,0.2,0.6,0.6987565830459018,0.24486293902251619,0.012500000000000067,10,82,1.855745238161217,0.395479203956453,0.0,10,80,1.156988655115315,0.1506162649339368,-0.012500000000000067,2
100,10,0.8,correlated,0.2,0.6,0.19028227608471332,0.08371780961005132,0.0,10,78,0.3912529348511929,0.11227442088678785,0.012500000000000067,10,79,0.20097065876647957,0.028556611276736532,0.012500000000000067,3
100,10,0.8,correlated,0.2,0.6,3.4443091416680245,0.6467301718784089,-0.012499999999999956,10,77,2.5795885892334183,0.7286624709106863,0.012500000000000067,10,83,-0.8647205524346062,0.08193229903227739,1.1102230246251565e-16,4
100,10,0.8,correlated,0.2,0.6,2.494195667317629,0.7625374277987205,-0.03749999999999998,10,78,1.2625914328788141,0.46031444497566376,-0.012499999999999956,10,79,-1.231604234438815,-0.3022229828230567,-0.025000000000000022,5
100,10,0.8,correlated,0.2,0.6,2.711415780083718,0.8213984646867587,-0.03749999999999998,10,78,2.5852079055337973,0.8138207494258001,-0.025000000000000022,10,79,-0.12620787454992088,-0.0075777152609586285,-0.012499999999999956,6
100,10,0.8,correlated,0.2,0.6,2.8117762818954306,0.5416469906494464,-0.012499999999999956,10,75,3.094040053467309,0.5348244945049094,0.012500000000000067,10,80,0.2822637715718783,-0.006822496144537005,1.1102230246251565e-16,7
100,10,0.8,correlated,0.2,0.6,3.5824259993581045,0.9123169598010344,0.03749999999999998,10,83,4.5091947301494155,0.9453814846132156,-0.03749999999999998,10,78,0.9267687307913111,0.03306452481218114,0.0,8
100,10,0.8,correlated,0.2,0.6,0.24092629231182675,0.07421978499785348,0.050000000000000044,10,82,0.8348204690338025,0.3455762414208311,0.012500000000000067,10,76,0.5938941767219758,0.2713564564229776,-0.03749999999999998,9
100,10,0.8,correlated,0.2,0.6,0.3225901566564668,0.10341635296771412,0.07500000000000007,10,87,0.28055457111937054,0.10658727385944178,0.03749999999999998,10,84,-0.04203558553709624,0.0031709208917276577,-0.03750000000000009,10
100,10,0.8,correlated,0.2,0.6,71.4775717979397,7.681006464641127,-0.03749999999999998,10,73,51.06599799215973,5.523420567684413,-0.025000000000000022,10,78,-20.411573805779973,-2.1575858969567143,-0.012499999999999956,11
100,10,0.8,correlated,0.2,0.6,0.9118047418795046,0.21868329118710705,0.0,10,84,1.103247576699544,0.4216672031269713,0.025000000000000022,10,84,0.19144283482003943,0.20298391193986426,0.025000000000000022,12
100,10,0.8,correlated,0.2,0.6,2.137918266989895,0.4315070658443485,-0.04999999999999993,10,77,1.0143949512657429,0.41613126420056,-0.012499999999999956,10,79,-1.1235233157241522,-0.01537580164378849,-0.03749999999999998,13
100,10,0.8,correlated,0.2,0.6,0.09524282577441454,0.04693404230707242,0.03749999999999998,10,81,0.22784928931016848,0.15183787688232728,0.03749999999999998,10,85,0.13260646353575395,0.10490383457525486,0.0,14
100,10,0.8,correlated,0.2,0.6,0.5380228317039079,0.2790546868051892,0.050000000000000044,10,84,0.40239961942322183,0.10940053382028347,0.07500000000000007,10,84,-0.13562321228068602,-0.16965415298490572,0.025000000000000022,15
100,10,0.8,correlated,0.2,0.6,0.17135944975500286,0.06185322353112686,-0.025000000000000022,10,80,0.2576796874978812,0.10413129009775732,-0.012499999999999956,10,81,0.08632023774287836,0.04227806656663046,-0.012500000000000067,16
100,10,0.8,correlated,0.2,0.6,3.617821115739572,0.8874690326994905,-0.03749999999999998,10,80,2.2073880782950375,0.7623415820106377,0.0,10,81,-1.4104330374445344,-0.12512745068885278,-0.03749999999999998,17
100,10,0.8,correlated,0.2,0.6,0.7644589171216102,0.33156602232339955,0.03749999999999998,10,83,0.24680803282949704,0.1265086844802143,0.03749999999999998,10,85,-0.5176508842921131,-0.20505733784318525,0.0,18
100,10,0.8,correlated,0.2,0.6,5.539757717212969,0.6609392630617238,-0.012499999999999956,10,74,5.5088599697443374,0.6621033931651595,-0.025000000000000022,10,81,-0.030897747468631387,0.0011641301034357454,0.012500000000000067,19
100,10,0.8,correlated,0.4,0.6,3.0139234868112856,0.4782911814784043,0.03749999999999998,10,82,4.013225729534536,1.1875599541466646,0.025000000000000022,10,80,0.9993022427232505,0.7092687726682603,-0.012499999999999956,0
100,10,0.8,correlated,0.4,0.6,0.14737329266905433,0.044356546640301184,0.03749999999999998,10,82,0.13454512437795518,0.061689645026406635,-0.04999999999999993,10,74,-0.012828168291099146,0.01733309838610545,0.012499999999999956,1
100,10,0.8,correlated,0.4,0.6,0.7521837421836675,0.26404235332965903,-0.03749999999999998,10,78,1.6020455710690344,0.5686640891707192,0.0,10,80,0.849861828885367,0.30462173584106017,-0.03749999999999998,2
100,10,0.8,correlated,0.4,0.6,3.2409774466932433,0.6261607657529081,0.0,10,79,4.480891129675755,1.3753704236286892,0.0625,10,85,1.239913682982512,0.7492096578757811,0.0625,3
100,10,0.8,correlated,0.4,0.6,0.24211812374488187,0.06338317824452219,0.0,10,82,0.0970387919761255,0.05019103894805249,-0.07499999999999996,10,74,-0.14507933176875637,-0.013192139296469702,0.07499999999999996,4
100,10,0.8,correlated,0.4,0.6,9.091266226885795,2.0960078552428514,0.0,10,79,17.63083169367175,2.6005959598088446,-0.03749999999999998,10,73,8.539565466785957,0.5045881045659932,0.03749999999999998,5
100,10,0.8,correlated,0.4,0.6,20.54594757528807,2.3926824756100187,0.050000000000000044,10,87,15.142737529086451,2.2626915961809884,0.0,10,77,-5.40321004620162,-0.12999087942903031,-0.050000000000000044,6
100,10,0.8,correlated,0.4,0.6,2.8645416376502957,0.7278715071502039,-0.012499999999999956,10,80,2.9768877556323456,0.9606474547030229,0.012500000000000067,10,83,0.11234611798204996,0.23277594755281905,1.1102230246251565e-16,7
100,10,0.8,correlated,0.4,0.6,0.3827928203145981,0.1662345986016413,0.025000000000000022,10,79,0.19584563975138763,0.04841487055484607,-0.012499999999999956,10,80,-0.18694718056321047,-0.11781972804679523,-0.012500000000000067,8
100,10,0.8,correlated,0.4,0.6,3.4866698027322185,0.6053208347806557,0.012500000000000067,10,81,5.085493825197982,0.7924834507944916,0.03749999999999998,10,81,1.598824022465764,0.18716261601383588,0.02499999999999991,9
100,10,0.8,correlated,0.4,0.6,0.6651877655991244,0.27338609942976205,-0.025000000000000022,10,80,0.491955180768489,0.10989047648551746,-0.04999999999999993,10,76,-0.17323258483063542,-0.16349562294424458,0.02499999999999991,10
100,10,0.8,correlated,0.4,0.6,2.5325238898337,0.38212198666357494,0.025000000000000022,10,82,3.492100003176381,0.8581713033303304,0.0,10,78,0.9595761133426812,0.4760493166667555,-0.025000000000000022,11
100,10,0.8,correlated,0.4,0.6,0.28121461657508967,0.1283028321077015,0.0,10,82,0.18917189545916713,0.07004866336236538,-0.025000000000000022,10,80,-0.09204272111592254,-0.05825416874533611,0.025000000000000022,12
100,10,0.8,correlated,0.4,0.6,1.781244831862165,0.6040916705636099,0.050000000000000044,10,86,2.5465644407831487,0.770279573285477,-0.012499999999999956,10,80,0.7653196089209837,0.16618790272186712,-0.03750000000000009,13
100,10,0.8,correlated,0.4,0.6,2.672718831839036,0.5342915870097853,-0.08750000000000002,10,68,2.5974307831681567,0.7816652479467405,-0.03749999999999998,10,76,-0.07528804867087935,0.24737366093695523,-0.050000000000000044,14
100,10,0.8,correlated,0.4,0.6,1.060078607096891,0.28341747964894415,0.0,10,84,2.636606838604784,0.7515509966603752,0.0,10,82,1.5765282315078928,0.468133517011431,0.0,15
100,10,0.8,correlated,0.4,0.6,0.35017116220421446,0.0976873931919383,-0.04999999999999993,10,76,0.33282170520989485,0.08759216772262095,-0.04999999999999993,10,70,-0.017349456994319612,-0.010095225469317348,0.0,16
100,10,0.8,correlated,0.4,0.6,6.209323389559143,1.0061717905618752,-0.03749999999999998,10,75,0.7945307528506746,0.21170305843920087,-0.025000000000000022,10,80,-5.4147926367084676,-0.7944687321226743,-0.012499999999999956,17
100,10,0.8,correlated,0.4,0.6,3.6519534265690936,0.4637088567466489,-0.012499999999999956,10,81,10.995769839058916,1.3933277635245245,0.0625,10,87,7.343816412489822,0.9296189067778755,0.050000000000000044,18
100,10,0.8,correlated,0.4,0.6,1.3409749302007956,0.39723486086781357,-0.03749999999999998,10,78,0.5652293458644602,0.2362349361130976,-0.03749999999999998,10,75,-0.7757455843363354,-0.16099992475471597,0.0,19
200,2,0.2,mixed,0.0,0.6,0.017173809219267564,0.008774713208191636,-0.025000000000000022,2,39,1.3629037197446474,0.6919547838990114,0.09999999999999998,2,44,1.34572991052538,0.6831800706908198,0.07499999999999996,0
200,2,0.2,mixed,0.0,0.6,0.25781709552784243,0.1345131661983776,0.025000000000000022,2,40,0.09153479784436755,0.04824085282849559,-0.025000000000000022,2,46,-0.16628229768347488,-0.08627231336988202,0.0,1
200,2,0.2,mixed,0.0,0.6,0.3148996167203718,0.15960881492608742,-0.125,2,37,0.7824450049106465,0.40335041936111027,-0.025000000000000022,2,39,0.4675453881902747,0.24374160443502285,-0.09999999999999998,2
200,2,0.2,mixed,0.0,0.6,0.6711856242799605,0.3434623785279512,0.15000000000000002,2,46,0.06448028833225142,0.03677873685650158,0.0,2,40,-0.6067053359477091,-0.3066836416714496,-0.15000000000000002,3
200,2,0.2,mixed,0.0,0.6,0.2607182104448109,0.13491597169966646,-0.175,2,35,0.12119853472649822,0.06379127425317759,0.09999999999999998,2,45,-0.1395196757183127,-0.07112469744648887,-0.07500000000000001,4
200,2,0.2,mixed,0.0,0.6,0.5890243750134488,0.2951463112053646,-0.09999999999999998,2,35,20.487238635229595,10.24506497496836,-0.025000000000000022,2,39,19.898214260216147,9.949918663762995,-0.07499999999999996,5
200,2,0.2,mixed,0.0,0.6,0.836589632794865,0.4220345923953639,0.050000000000000044,2,43,2.33341627981923,1.1670254511865559,0.0,2,36,1.4968266470243652,0.744990858791192,-0.050000000000000044,6
200,2,0.2,mixed,0.0,0.6,6.6981469339827875,3.3543408908541594,0.0,2,43,0.5813338134513385,0.29566008395462684,-0.04999999999999993,2,38,-6.116813120531449,-3.058680806899533,0.04999999999999993,7
200,2,0.2,mixed,0.0,0.6,0.3415251338275116,0.1903433451813711,0.050000000000000044,2,47,0.2136876952873617,0.10736901921889642,-0.04999999999999993,2,42,-0.1278374385401499,-0.08297432596247468,-1.1102230246251565e-16,8
200,2,0.2,mixed,0.0,0.6,0.4664501057134267,0.25706521292429607,-0.04999999999999993,2,40,0.5543403502197098,0.28599329796024964,-0.07499999999999996,2,41,0.08789024450628313,0.028928085035953566,0.025000000000000022,9
200,2,0.2,mixed,0.0,0.6,0.371348779116879,0.20210931946503713,0.050000000000000044,2,40,0.04151880664959418,0.025625324205683093,-0.025000000000000022,2,36,-0.32982997246728485,-0.17648399525935404,-0.025000000000000022,10
200,2,0.2,mixed,0.0,0.6,0.5060500935491182,0.26256778321729124,-0.025000000000000022,2,40,0.3515610073513808,0.17717508551948757,-0.07499999999999996,2,35,-0.15448908619773744,-0.08539269769780367,0.04999999999999993,11
200,2,0.2,mixed,0.0,0.6,0.21705653190952523,0.17699068443820143,-0.04999999999999993,2,41,0.38831534080938634,0.20088097340590413,-0.09999999999999998,2,35,0.17125880889986111,0.023890288967702705,0.050000000000000044,12
200,2,0.2,mixed,0.0,0.6,0.08838039912399646,0.047358726369198606,0.0,2,40,0.14290991571628447,0.07358407258228977,0.0,2,36,0.05452951659228801,0.026225346213091166,0.0,13
200,2,0.2,mixed,0.0,0.6,0.8371737399272522,0.4230547786367398,0.050000000000000044,2,40,1.2466678916742597,0.6317251809738457,-0.14999999999999997,2,34,0.40949415174700754,0.20867040233710588,0.09999999999999992,14
200,2,0.2,mixed,0.0,0.6,0.4159984451268527,0.21885831095716332,0.0,2,45,0.3639039864995043,0.19736132426764105,0.07500000000000007,2,45,-0.052094458627348406,-0.02149698668952227,0.07500000000000007,15
200,2,0.2,mixed,0.0,0.6,0.12953371659943932,0.06824291482309769,-0.025000000000000022,2,44,0.25576826881325737,0.13269808806910072,0.125,2,44,0.12623455221381805,0.06445517324600303,0.09999999999999998,16
200,2,0.2,mixed,0.0,0.6,0.1317121566718462,0.07075396752145355,0.125,2,48,0.1540334936992443,0.08263257902108206,0.0,2,40,0.022321337027398108,0.011878611499628516,-0.125,17
200,2,0.2,mixed,0.0,0.6,1.1589325727280393,0.5827371121076064,0.07500000000000007,2,38,0.1947415703281701,0.09920025546277976,-0.07499999999999996,2,38,-0.9641910023998692,-0.4835368566448266,-1.1102230246251565e-16,18
200,2,0.2,mixed,0.0,0.6,0.43149193045183176,0.22701424181893948,0.0,2,34,0.7775823421430191,0.4186008290810363,0.025000000000000022,2,39,0.34609041169118737,0.19158658726209682,0.025000000000000022,19
