i,j,pi_i,pi_j,pi_i_pi_j,pi_ij_cube,pi_ij_sphere,cov_cube,cov_sphere,delta,contrast_sq,aux_dist_sq,syg_contrib_cube,syg_contrib_sphere,syg_contrib_delta
0,1,0.40144579354837306,0.2302522375803923,0.0924337922317491,0.134,0.1242,0.0415662077682509,0.0317662077682509,-0.009800000000000003,14.152822348061308,744.5251853688294,-0.5882791542266609,-0.44958149521566004,0.13869765901100084
0,2,0.40144579354837306,0.7432447021158329,0.29837245924151473,0.3034,0.292,0.005027540758485272,-0.00637245924151475,-0.011400000000000021,3.8833714610129424,105.24936382396979,-0.019523808300581067,0.02474662635496656,0.04427043465554763
0,3,0.40144579354837306,0.5881609198522387,0.23611472720422302,0.2652,0.2656,0.029085272795776967,0.02948527279577698,0.00040000000000001146,5.334859545021097,114.79862432248396,-0.1551658451940932,-0.1572997890121017,-0.0021339438180084935
0,4,0.40144579354837306,0.35347646367044305,0.14190163945885367,0.1536,0.159,0.011698360541146313,0.01709836054114633,0.005400000000000016,6.978946559464562,110.22447836611644,-0.08164223305000906,-0.1193285444711178,-0.037686311421108745
0,5,0.40144579354837306,0.2462007942881967,0.09883627323526488,0.0734,0.0738,-0.025436273235264872,-0.025036273235264875,0.0003999999999999976,1.0281410047425552,703.9116592929048,0.02615207552101139,0.025740819119114373,-0.00041125640189701787
0,6,0.40144579354837306,0.2523668605643421,0.10131161460456393,0.0776,0.081,-0.023711614604563933,-0.020311614604563932,0.0034000000000000002,35.22818719891701,217.88100188611307,0.8353171980781529,0.715541361601835,-0.11977583647631784
0,7,0.40144579354837306,0.2498529618398943,0.10030242053622775,0.112,0.1114,0.011697579463772256,0.011097579463772253,-0.0006000000000000033,4.3123750759288315,658.1629286252305,-0.05044435012826842,-0.04785692508271111,0.0025874250455573122
0,8,0.40144579354837306,0.23864506254115914,0.09580305650823676,0.0756,0.0724,-0.020203056508236755,-0.02340305650823675,-0.0031999999999999945,0.005420450713184557,89.54349784858866,0.00010950967205857982,0.00012685511434077038,1.7345442282190558e-05
0,9,0.40144579354837306,0.22570946894001767,0.09061011687000725,0.0764,0.0744,-0.014210116870007256,-0.016210116870007257,-0.0020000000000000018,0.6695499788650454,137.27290826607307,0.009514383449983184,0.010853483407713275,0.0013390999577300913
0,10,0.40144579354837306,0.37881171658931956,0.15207237017162079,0.1906,0.1878,0.038527629828379206,0.03572762982837921,-0.002799999999999997,10.686266304348463,25.056457550034665,-0.41171651242141943,-0.3817949667692438,0.02992154565217564
0,11,0.40144579354837306,0.3151854739406006,0.12652988270100446,0.1376,0.137,0.011070117298995541,0.010470117298995552,-0.0005999999999999894,5.359564686132426,123.16611973865383,-0.05933100974704018,-0.05611527093536078,0.0032157388116794
0,12,0.40144579354837306,0.17558587433166223,0.07048821065695905,0.0718,0.081,0.0013117893430409505,0.01051178934304095,0.0092,84.55899881164149,1241.9787875890597,-0.11092359349932371,-0.8888663825664254,-0.7779427890671017
0,13,0.40144579354837306,0.18220018902510304,0.07314349946784607,0.0676,0.0598,-0.005543499467846075,-0.01334349946784607,-0.0077999999999999944,60.80600858271745,139.73101259445832,0.3370780762201381,0.8113649431653338,0.47428686694519573
0,14,0.40144579354837306,0.20557322827031327,0.08252650775527674,0.095,0.0888,0.012473492244723258,0.006273492244723261,-0.006199999999999997,68.53675196691579,754.1246733935538,-0.8548926441378456,-0.4299647819429679,0.4249278621948777
0,15,0.40144579354837306,0.34595507175101126,0.13888220831116904,0.1088,0.1082,-0.030082208311169048,-0.030682208311169037,-0.0005999999999999894,0.5997649446834997,310.7226619191722,0.01804225400370582,0.018402112970515912,0.0003598589668100914
0,16,0.40144579354837306,0.2808089832005398,0.11272958509645246,0.0918,0.0956,-0.020929585096452458,-0.01712958509645246,0.003799999999999998,1.4700693299221927,901.3033438015311,0.030767941138291375,0.025181677684587046,-0.005586263453704329
0,17,0.40144579354837306,0.32558160642689904,0.13070336635680058,0.1604,0.158,0.02969663364319941,0.027296633643199425,-0.0023999999999999855,0.9876978959942928,141.88252164548024,-0.02933130256750139,-0.0269608276171151,0.0023704749503862914
0,18,0.40144579354837306,0.1961441939672069,0.07874126159707139,0.0692,0.0718,-0.009541261597071388,-0.006941261597071383,0.002600000000000005,19.580468844746488,462.9937989611695,0.18682237544103242,0.13591315644469146,-0.05090921899634096
0,19,0.40144579354837306,0.5815475634811581,0.23345982310781638,0.1966,0.1922,-0.03685982310781638,-0.04125982310781637,-0.004399999999999987,3.201415576038184,52.27366510313187,0.11800361182737555,0.13208984036194352,0.014086228534567966
0,20,0.40144579354837306,0.30358985466230565,0.12187487011814453,0.0952,0.1084,-0.026674870118144525,-0.013474870118144536,0.01319999999999999,10.03749212781362,31.534967276925308,0.2677487988213264,0.13525390273418675,-0.13249489608713966
0,21,0.40144579354837306,0.3591545639587549,0.14418108893494228,0.168,0.1808,0.023818911065057735,0.03661891106505771,0.012799999999999978,7.580751272092151,365.9993951935742,-0.18056524035628624,-0.2775988566390656,-0.09703361628277934
0,22,0.40144579354837306,0.22768425877375342,0.09140288794190257,0.0844,0.0844,-0.007002887941902569,-0.007002887941902569,0.0,27.478941632133765,1200.3319470866916,0.19243194901191404,0.19243194901191404,0.0
0,23,0.40144579354837306,0.20179848513594068,0.08101115300225727,0.0858,0.0788,0.004788846997742735,-0.002211153002257271,-0.007000000000000006,6.309489820177648,586.0866478349326,-0.03021518138264608,0.013951247358597495,0.044166428741243574
0,24,0.40144579354837306,0.35457382493066114,0.14234217052077117,0.1658,0.1596,0.023457829479228837,0.017257829479228826,-0.006200000000000011,9.169534375026076,255.00857283452956,-0.21509737377328886,-0.15824626064812708,0.05685111312516178
0,25,0.40144579354837306,0.7210253586494617,0.28945259727153344,0.3208,0.3196,0.031347402728466534,0.030147402728466555,-0.0011999999999999789,18.256469763014582,172.6566863151763,-0.5722929100612901,-0.5503851463456729,0.0219077637156172
0,26,0.40144579354837306,0.3766803921978068,0.15121675895996095,0.1348,0.1318,-0.016416758959960948,-0.01941675895996095,-0.0030000000000000027,4.012036971342423,339.6305913910342,0.0658646438969803,0.07790075481100758,0.012036110914027287
0,27,0.40144579354837306,0.5734241788507295,0.2301987245185553,0.2688,0.2594,0.03860127548144468,0.029201275481444716,-0.009399999999999964,28.170111714676864,186.4524612147749,-1.0874022426413137,-0.8226031925233521,0.26479905011796157
0,28,0.40144579354837306,0.5368048429729841,0.21549804616789942,0.1984,0.2044,-0.017098046167899422,-0.011098046167899417,0.006000000000000005,0.4169828429436606,286.6656145979612,0.007129591899872663,0.004627694842210697,-0.002501897057661966
0,29,0.40144579354837306,0.20992975486519724,0.08427541703127454,0.093,0.0836,0.008724582968725456,-0.00067541703127455,-0.009400000000000006,7.383900252862219,120.01040591882685,-0.0644214503888893,0.004987211988015599,0.0694086623769049
0,30,0.40144579354837306,0.518065685771502,0.20797529033472273,0.2088,0.2008,0.0008247096652772845,-0.007175290334722723,-0.008000000000000007,0.2762888864190049,147.07169877441788,-0.0002278581150384512,0.00198245297631359,0.002210311091352041
0,31,0.40144579354837306,0.5744315312620573,0.23060312190670365,0.2586,0.258,0.027996878093296346,0.027396878093296356,-0.0005999999999999894,11.31723349084724,155.14309375809788,-0.31684720639662084,-0.3100568663021126,0.00679034009450824
0,32,0.40144579354837306,0.41408676958317514,0.16623339181320004,0.182,0.1828,0.015766608186799952,0.016566608186799947,0.0007999999999999952,7.912954766373322,378.69049506857806,-0.12476045740127932,-0.13109082121437793,-0.006330363813098608
0,33,0.40144579354837306,0.5082093407162553,0.20401850207253264,0.2112,0.2178,0.007181497927467362,0.013781497927467357,0.006599999999999995,25.431628902120767,66.31497279122925,-0.18263719025269934,-0.3504859410066963,-0.16784875075399694
0,34,0.40144579354837306,0.430076829107486,0.17265253394782276,0.1744,0.1674,0.0017474660521772378,-0.005252533947822768,-0.007000000000000006,0.00021884865918548387,221.36401425582886,-3.8243060249113927e-07,1.1495100118072493e-06,1.5319406142983886e-06
0,35,0.40144579354837306,0.36780900467919186,0.14765537775767543,0.1322,0.1252,-0.015455377757675415,-0.02245537775767542,-0.007000000000000006,164.96290180181435,803.2937165613863,2.549563963349355,3.704304275962057,1.1547403126127018
0,36,0.40144579354837306,0.31652023366573906,0.12706571637805908,0.1394,0.1416,0.012334283621940917,0.014534283621940924,0.0022000000000000075,13.21789599860459,172.87681596769826,-0.16303327813210697,-0.19211264932903716,-0.029079371196930187
0,37,0.40144579354837306,0.29742640159246664,0.11940057780952486,0.1238,0.1194,0.004399422190475136,-5.778095248515358e-07,-0.004399999999999987,35.40597987615701,257.0774664874886,-0.15576585354268127,2.0457912409145322e-05,0.15578631145509042
0,38,0.40144579354837306,0.3126547933069382,0.12551395160580636,0.138,0.1394,0.01248604839419365,0.013886048394193634,0.0013999999999999846,11.816281972057253,168.12454628699984,-0.14753866854254483,-0.1640814633034248,-0.01654279476087997
0,39,0.40144579354837306,0.4273457371252059,0.17155614855974272,0.177,0.1818,0.005443851440257275,0.010243851440257273,0.004799999999999999,9.908048311337634,492.2710106347227,-0.05393794306981404,-0.10149657496423467,-0.04755863189442063
0,40,0.40144579354837306,0.21905177326219738,0.08793741294542112,0.1056,0.0966,0.017662587054578877,0.008662587054578882,-0.008999999999999994,70.96847997828554,178.29103230695728,-1.2534869557476065,-0.6147706359430369,0.6387163198045696
0,41,0.40144579354837306,0.3502829106424205,0.14061960102928037,0.1656,0.1592,0.02498039897071963,0.01858039897071964,-0.006399999999999989,12.976246541354516,93.02064633683487,-0.32415181574545654,-0.24110383788078776,0.08304797786466878
0,42,0.40144579354837306,0.41157518975916685,0.16522512865769096,0.1974,0.1966,0.032174871342309036,0.03137487134230904,-0.0007999999999999952,1.135753697539074,68.13935761317343,-0.03654272909487148,-0.03563412613684022,0.0009086029580312599
0,43,0.40144579354837306,0.6032014180886877,0.24215267195411716,0.2256,0.2154,-0.016552671954117165,-0.026752671954117152,-0.010199999999999987,15.486757813765475,30.664770671526387,0.25634722172412067,0.4143121514245283,0.15796492970040765
0,44,0.40144579354837306,0.33973613686845183,0.13638564306221432,0.1266,0.1146,-0.009785643062214328,-0.021785643062214324,-0.011999999999999997,17.08995060811031,62.598180552569744,0.16723615660184019,0.37231556389916387,0.20507940729732368
0,45,0.40144579354837306,0.37870641253843484,0.15203009630334952,0.1362,0.1396,-0.015830096303349528,-0.012430096303349514,0.003400000000000014,32.22042855404815,660.8078409239793,0.5100524869457752,0.40050302986201103,-0.10954945708376418
0,46,0.40144579354837306,0.8322142840240537,0.3340889236523274,0.3072,0.3048,-0.026888923652327423,-0.02928892365232738,-0.0023999999999999577,18.152312416027222,50.67263639215196,0.48809614266775114,0.5316616924662156,0.0435655497984645
0,47,0.40144579354837306,0.40849133535173493,0.16398712827791181,0.2204,0.212,0.0564128717220882,0.04801287172208818,-0.008400000000000019,0.07531250572353325,173.78433994401698,-0.004248594724450714,-0.0036159696763730337,0.0006326250480776807
0,48,0.40144579354837306,0.9486986627935283,0.3808510875234284,0.3636,0.3616,-0.01725108752342841,-0.019251087523428412,-0.0020000000000000018,22.216805396755404,35.02786760206199,0.3832640543904041,0.427697665183915,0.04443361079351088
0,49,0.40144579354837306,0.96,0.38538796180643814,0.3768,0.371,-0.008587961806438116,-0.014387961806438143,-0.005800000000000027,18.57874256872554,71.04916026256552,0.15955353159186092,0.2673102384904696,0.10775670689860867
1,2,0.2302522375803923,0.7432447021158329,0.17113375573194267,0.1746,0.1612,0.0034662442680573335,-0.009933755731942662,-0.013399999999999995,3.209101525116824,310.8184146460851,-0.011123529767050238,0.031878430669515186,0.04300196043656542
1,3,0.2302522375803923,0.5881609198522387,0.13542536785331974,0.1502,0.1354,0.014774632146680261,-2.536785331974656e-05,-0.014800000000000008,2.109152681144731,349.063991620315,-0.03116195500509781,5.350467584422972e-05,0.03121545968094204
1,4,0.2302522375803923,0.35347646367044305,0.08138874669212376,0.067,0.0702,-0.014388746692123755,-0.01118874669212376,0.0031999999999999945,1.2549692825645486,353.6226625666844,0.01805743511321757,0.014041533409011023,-0.004015901704206548
1,5,0.2302522375803923,0.2462007942881967,0.05668828377892715,0.0264,0.0218,-0.03028828377892715,-0.03488828377892715,-0.0046,7.551783321141576,58.77230701048363,0.228730556267705,0.26346875954495624,0.034738203277251245
1,6,0.2302522375803923,0.2523668605643421,0.05810803433607863,0.0338,0.0334,-0.024308034336078636,-0.024708034336078634,-0.0003999999999999976,4.723276730789814,341.8170794626527,0.11481357295084005,0.11670288364315595,0.0018893106923159042
1,7,0.2302522375803923,0.2498529618398943,0.05752920352972403,0.0254,0.0246,-0.03212920352972403,-0.03292920352972403,-0.0007999999999999986,2.8405657998105602,87.70461026059775,0.09126511672168681,0.09353756936153527,0.00227245263984846
1,8,0.2302522375803923,0.23864506254115914,0.05494855963761455,0.0504,0.0382,-0.004548559637614552,-0.016748559637614555,-0.012200000000000003,14.712191085133872,488.45788768121963,0.06691927855071257,0.24640800978934585,0.1794887312386333
1,9,0.2302522375803923,0.22570946894001767,0.051970110266521125,0.0424,0.036,-0.009570110266521124,-0.015970110266521127,-0.006400000000000003,8.665742760670092,268.08640016431536,0.08293211376091995,0.13839286742920856,0.05546075366828861
1,10,0.2302522375803923,0.37881171658931956,0.08722224536636024,0.095,0.084,0.0077777546336397635,-0.0032222453663602324,-0.010999999999999996,0.24308665456325504,778.2798947165413,-0.0018906683539053454,0.000783284846290459,0.0026739532001958046
1,11,0.2302522375803923,0.3151854739406006,0.07257216062765971,0.0576,0.0532,-0.014972160627659714,-0.019372160627659715,-0.004400000000000001,2.0936652824950532,678.9509996024075,0.03134669291007049,0.04055882015304873,0.009212127242978242
1,12,0.2302522375803923,0.17558587433166223,0.0404290404523748,0.0068,0.0056,-0.033629040452374796,-0.034829040452374796,-0.0011999999999999997,29.523715589132664,518.1152504000111,0.9928542258513507,1.02828268455831,0.03542845870695921
1,13,0.2302522375803923,0.18220018902510304,0.04195200121060041,0.0574,0.0516,0.015447998789399592,0.009647998789399592,-0.0058,16.287657867139025,379.89138572604605,-0.25161171901371837,-0.15714330338431207,0.0944684156294063
1,14,0.2302522375803923,0.20557322827031327,0.04733369579586439,0.036,0.0334,-0.011333695795864393,-0.013933695795864391,-0.002599999999999998,20.400298355117023,324.05508662999745,0.2312107757017691,0.2842515514250733,0.05304077572330421
1,15,0.2302522375803923,0.34595507175101126,0.0796569293729555,0.069,0.0664,-0.010656929372955495,-0.0132569293729555,-0.002600000000000005,20.57954763676651,145.48890707171864,0.21931478569239388,0.2728216095479869,0.05350682385559302
1,16,0.2302522375803923,0.2808089832005398,0.06465689671459908,0.0444,0.041,-0.020256896714599078,-0.023656896714599078,-0.0034000000000000002,6.500253887142011,80.45438406470248,0.1316749716105069,0.15377583482678972,0.022100863216282823
1,17,0.2302522375803923,0.32558160642689904,0.07496589339481213,0.0644,0.0604,-0.010565893394812134,-0.01456589339481213,-0.003999999999999997,7.6628968634456465,319.70284357495007,0.08096535135460697,0.11161693880838953,0.03065158745378256
1,18,0.2302522375803923,0.1961441939672069,0.04516263954935187,0.0376,0.0348,-0.0075626395493518656,-0.01036263954935187,-0.002800000000000004,67.02706821203144,271.11971779995434,0.5069015569374142,0.6945773479311025,0.18767579099368825
1,19,0.2302522375803923,0.5815475634811581,0.13390262775096187,0.1252,0.1156,-0.008702627750961867,-0.018302627750961878,-0.009600000000000011,3.8918360715347307,485.0411117695183,0.03386920059833256,0.07123082688506602,0.03736162628673346
1,20,0.2302522375803923,0.30358985466230565,0.06990224334270197,0.0778,0.0744,0.007897756657298027,0.004497756657298027,-0.0034000000000000002,0.3526264248067159,679.3465980951519,-0.0027849576940564428,-0.0015860278497136086,0.0011989298443428342
1,21,0.2302522375803923,0.3591545639587549,0.08269614198871343,0.0618,0.0622,-0.02089614198871343,-0.020496141988713433,0.0003999999999999976,1.0174903978104874,111.42828452046412,0.021261623824800457,0.020854627665676265,-0.00040699615912419274
1,22,0.2302522375803923,0.22768425877375342,0.05242481004448979,0.0456,0.0432,-0.0068248100444897875,-0.009224810044489787,-0.0023999999999999994,81.0730915051319,187.3823387355719,0.5533084492420638,0.7478838688543803,0.1945754196123165
1,23,0.2302522375803923,0.20179848513594068,0.04646455274288387,0.0348,0.0272,-0.011664552742883874,-0.019264552742883873,-0.007599999999999999,39.36173951743401,30.159177036672162,0.4591370866527655,0.7582863069852639,0.2991492203324984
1,24,0.2302522375803923,0.35457382493066114,0.08164141657772302,0.0604,0.0584,-0.021241416577723014,-0.023241416577723016,-0.0020000000000000018,0.5386089168825909,154.31016648925677,0.011440816375979304,0.012518034209744486,0.001077217833765182
1,25,0.2302522375803923,0.7210253586494617,0.16601770218124343,0.1682,0.1568,0.0021822978187565623,-0.009217702181243431,-0.011399999999999993,0.2608505775459448,232.29662598000783,-0.0005692536463999049,0.0024044429376238645,0.0029736965840237695
1,26,0.2302522375803923,0.3766803921978068,0.08673150315620476,0.0848,0.0822,-0.0019315031562047585,-0.004531503156204764,-0.002600000000000005,3.0941398263916935,86.8631844103883,0.0059763408404144,0.014021104389032818,0.008044763548618418
1,27,0.2302522375803923,0.5734241788507295,0.13203220026307952,0.1252,0.1088,-0.006832200263079513,-0.023232200263079525,-0.016400000000000012,2.3886587282407468,222.93133320326933,0.016319794791493605,0.05549379793464188,0.03917400314314828
1,28,0.2302522375803923,0.5368048429729841,0.12360051623852072,0.13,0.1276,0.00639948376147928,0.003999483761479267,-0.0024000000000000132,9.711211115196132,138.3456211110316,-0.06214673783599474,-0.03883983115952389,0.023306906676470847
1,29,0.2302522375803923,0.20992975486519724,0.048336795792414906,0.0436,0.0386,-0.0047367957924149065,-0.009736795792414904,-0.0049999999999999975,1.0913780438304423,289.2579089152279,0.00516963492595005,0.01062652514510226,0.005456890219152209
1,30,0.2302522375803923,0.518065685771502,0.11928578336250874,0.1452,0.128,0.025914216637491258,0.008714216637491265,-0.017199999999999993,10.474231956306646,279.93243415319563,-0.2714315160270643,-0.09127472637859005,0.18015678964847423
1,31,0.2302522375803923,0.5744315312620573,0.13226414540981976,0.1342,0.1234,0.0019358545901802526,-0.008864145409819765,-0.010800000000000018,0.1583356233648632,259.1970689203853,-0.00030651474327992207,0.0014035099890606034,0.0017100247323405256
1,32,0.2302522375803923,0.41408676958317514,0.0953444052489624,0.1052,0.0976,0.009855594751037602,0.0022555947510376068,-0.007599999999999996,0.9006507924183498,136.30170282192378,-0.008876449222276145,-0.002031503199896691,0.006844946022379454
1,33,0.2302522375803923,0.5082093407162553,0.11701633785917376,0.1054,0.0994,-0.011616337859173764,-0.017616337859173756,-0.0059999999999999915,1.6408443645136186,432.993259290033,0.019060602512511463,0.02890566869959316,0.009845066187081697
1,34,0.2302522375803923,0.430076829107486,0.09902615223347865,0.1218,0.1108,0.02277384776652136,0.01177384776652135,-0.01100000000000001,14.041733942786824,172.30880065832932,-0.31978431119102285,-0.16532523782036768,0.15445907337065518
1,35,0.2302522375803923,0.36780900467919186,0.0846888463296009,0.11,0.0926,0.0253111536703991,0.007911153670399101,-0.0174,82.47845094286178,867.3297392613514,-2.0876247463112483,-0.6524996999054532,1.435125046405795
1,36,0.2302522375803923,0.31652023366573906,0.07287949204100504,0.0828,0.0784,0.009920507958994962,0.005520507958994961,-0.004400000000000001,0.01597222220689718,226.40318196335673,-0.00015845255752635956,-8.817477981601195e-05,7.027777771034761e-05
1,37,0.2302522375803923,0.29742640159246664,0.0684830944821498,0.0918,0.0934,0.023316905517850206,0.024916905517850196,0.0015999999999999903,4.788519971532714,976.2532259458825,-0.11165346774656705,-0.11931509970101935,-0.007661631954452297
1,38,0.2302522375803923,0.3126547933069382,0.07198946574915757,0.0864,0.0798,0.014410534250842433,0.007810534250842424,-0.006600000000000009,0.10532736738980182,361.2932062552227,-0.0015178236353218034,-0.0008226630105491106,0.0006951606247726928
1,39,0.2302522375803923,0.4273457371252059,0.09839731219352078,0.12,0.1176,0.021602687806479212,0.019202687806479213,-0.0023999999999999994,0.3773871684620255,154.50290226888427,-0.008152577182456315,-0.007246847978147454,0.0009057292043088607
1,40,0.2302522375803923,0.21905177326219738,0.05043716093957369,0.0824,0.0722,0.03196283906042631,0.02176283906042631,-0.0102,21.73662627780587,542.7255821735437,-0.6947642874341423,-0.47305069940052247,0.22171358803361985
1,41,0.2302522375803923,0.3502829106424205,0.08065342396158993,0.0788,0.0698,-0.0018534239615899395,-0.010853423961589934,-0.008999999999999994,0.025525796717744152,559.5714473052761,4.731012327534084e-05,0.00027704229373503805,0.0002297321704596972
1,42,0.2302522375803923,0.41157518975916685,0.09476610837462272,0.1186,0.1154,0.023833891625377274,0.02063389162537728,-0.0031999999999999945,7.270067378167448,418.48795079624165,-0.17327399800043364,-0.15000978239029786,0.02326421561013578
1,43,0.2302522375803923,0.6032014180886877,0.13888847622658604,0.14,0.129,0.001111523773413975,-0.009888476226586035,-0.01100000000000001,0.030032236492083725,720.9099605320208,-3.338154482974178e-05,0.0002969730565831795,0.0003303546014129213
1,44,0.2302522375803923,0.33973613686845183,0.07822500570087944,0.089,0.0828,0.010774994299120558,0.0045749942991205605,-0.006199999999999997,0.13836587976345568,437.40203702474804,-0.0014908915656440356,-0.0006330231111106106,0.0008578684545334249
1,45,0.2302522375803923,0.37870641253843484,0.08719799887301775,0.13,0.1188,0.04280200112698225,0.03160200112698225,-0.011200000000000002,3.664469542588306,286.246114515664,-0.15684662949165679,-0.11580457061466777,0.041042058876989015
1,46,0.2302522375803923,0.8322142840240537,0.19161920104290248,0.205,0.1964,0.013380798957097512,0.004780798957097515,-0.008599999999999997,0.24853152353661861,642.6058084313909,-0.003325550350944642,-0.0011881792485297228,0.0021373711024149193
1,47,0.2302522375803923,0.40849133535173493,0.09405604399693937,0.1288,0.1136,0.03474395600306063,0.019543956003060636,-0.015199999999999991,16.29296851690884,270.6634893300583,-0.5660821813107327,-0.31842905985371844,0.2476531214570143
1,48,0.2302522375803923,0.9486986627935283,0.21843998989773594,0.2298,0.2132,0.011360010102264062,-0.005239989897735942,-0.016600000000000004,0.9052512567559658,666.2269371783709,-0.01028366342183501,0.004743507440314026,0.015027170862149036
1,49,0.2302522375803923,0.96,0.2210421480771766,0.2346,0.2154,0.01355785192282341,-0.005642148077176584,-0.019199999999999995,0.3006140811707719,453.9240957491314,-0.004075681198428942,0.001696109160049876,0.005771790358478818
2,3,0.7432447021158329,0.5881609198522387,0.4371474876717515,0.4462,0.4512,0.009052512328248496,0.014052512328248501,0.0050000000000000044,0.11499173517063574,45.89436249330461,-0.0010409641002788663,-0.0016159227761320455,-0.0005749586758531792
2,4,0.7432447021158329,0.35347646367044305,0.2627195089456965,0.2578,0.2624,-0.004919508945696538,-0.00031950894569648947,0.0046000000000000485,0.45043214001201715,59.05798887898662,0.002215904942218354,0.00014391709816305312,-0.002071987844055301
2,5,0.7432447021158329,0.2462007942881967,0.1829874360114122,0.1744,0.1756,-0.008587436011412208,-0.007387436011412202,0.0012000000000000066,0.9151874360741473,299.39131227676484,0.00785911354573514,0.0067608886224461585,-0.0010982249232889818
2,6,0.7432447021158329,0.2523668605643421,0.18757033210405238,0.1926,0.1896,0.005029667895947609,0.0020296678959476067,-0.0030000000000000027,15.71889854685211,78.94197898480932,-0.07906083938075958,-0.031904143740203214,0.04715669564055637
2,7,0.7432447021158329,0.2498529618398943,0.1857018901954508,0.1716,0.179,-0.0141018901954508,-0.00670189019545081,0.00739999999999999,0.011235727114336269,269.07254786867054,0.00015844499003241934,7.530060938633107e-05,-8.314438064608827e-05
2,8,0.7432447021158329,0.23864506254115914,0.17737167841981813,0.191,0.1844,0.013628321580181874,0.007028321580181879,-0.006599999999999995,4.178961680002617,100.0142071311964,-0.05695223364633276,-0.029371086558315513,0.02758114708801725
2,9,0.7432447021158329,0.22570946894001767,0.16775736700704627,0.1674,0.1676,-0.00035736700704627755,-0.00015736700704627182,0.00020000000000000573,1.3279493285899933,22.377823137310685,0.00047456527706731964,0.00020897541134931341,-0.00026558986571800623
2,10,0.7432447021158329,0.37881171658931956,0.28154980145441616,0.2972,0.2776,0.01565019854558386,-0.003949801454416146,-0.019600000000000006,1.6857343830643983,153.52067569338857,-0.02638207779007515,0.0066583161179870655,0.03304039390806222
2,11,0.7432447021158329,0.3151854739406006,0.2342599336902193,0.2824,0.2826,0.04814006630978068,0.048340066309780716,0.00020000000000003348,0.1186431782453778,197.8198011335997,-0.005711490467935616,-0.005735219103584696,-2.3728635649080017e-05
2,12,0.7432447021158329,0.17558587433166223,0.13050327086338437,0.1124,0.1132,-0.01810327086338437,-0.017303270863384373,0.0007999999999999952,52.20018475594168,732.9441366183534,0.9449940837555199,0.9032339359507667,-0.04176014780475312
2,13,0.7432447021158329,0.18220018902510304,0.13541932521741115,0.152,0.1434,0.016580674782588845,0.007980674782588848,-0.008599999999999997,33.95618506577648,49.00375802480822,-0.5630164614330401,-0.2709932698673624,0.2920231915656777
2,14,0.7432447021158329,0.20557322827031327,0.1527912128087591,0.168,0.1722,0.015208787191240913,0.019408787191240895,0.0041999999999999815,39.79169002276241,393.8890968817839,-0.6051833455360178,-0.7723084436316192,-0.1671250980956014
2,15,0.7432447021158329,0.34595507175101126,0.257129274249042,0.2456,0.2456,-0.01152927424904196,-0.01152927424904196,0.0,7.535420841655784,64.94979032263932,0.08687793346539613,0.08687793346539613,0.0
2,16,0.7432447021158329,0.2808089832005398,0.20870978907033516,0.1952,0.1868,-0.013509789070335149,-0.021909789070335167,-0.008400000000000019,0.5748111624620253,402.811288598914,0.007765577560136111,0.012593991324817136,0.004828413764681024
2,17,0.7432447021158329,0.32558160642689904,0.24198680408315493,0.2426,0.2422,0.0006131959168450829,0.00021319591684507144,-0.00040000000000001146,0.9541328901205096,55.0941281025808,-0.0005850703923494946,-0.00020341723630127985,0.00038165315604821474
2,18,0.7432447021158329,0.1961441939672069,0.14578313301690685,0.1206,0.1096,-0.025183133016906847,-0.03618313301690684,-0.010999999999999996,40.90382125815058,260.94744380627213,1.030086371643788,1.4800284054834443,0.44994203383965625
2,19,0.7432447021158329,0.5815475634811581,0.4322321455857418,0.4136,0.4152,-0.018632145585741777,-0.017032145585741787,0.0015999999999999903,0.03289767806966452,59.95972166306357,0.0006129543272268538,0.0005603180423153909,-5.2636284911462914e-05
2,20,0.7432447021158329,0.30358985466230565,0.22564155109387438,0.2032,0.2108,-0.022441551093874385,-0.014841551093874389,0.007599999999999996,1.434181007885621,89.6397658937416,0.032185246366329426,0.02128547070639871,-0.010899775659930715
2,21,0.7432447021158329,0.3591545639587549,0.26693972690306667,0.2528,0.263,-0.01413972690306664,-0.003939726903066654,0.010199999999999987,0.6126024445777359,120.96395649351547,0.008662031266480203,0.002413486331787305,-0.006248544934692898
2,22,0.7432447021158329,0.22768425877375342,0.1692251190887626,0.1608,0.1556,-0.00842511908876259,-0.0136251190887626,-0.00520000000000001,52.02251035387668,616.0194365204958,0.4382958450277959,0.7088128988679552,0.2705170538401593
2,23,0.7432447021158329,0.20179848513594068,0.14998565497228858,0.1504,0.1402,0.0004143450277114269,-0.009785654972288588,-0.010200000000000015,20.092778998268756,219.77609133527133,-0.008325343070837245,0.19662100271150434,0.20494634578234158
2,24,0.7432447021158329,0.35457382493066114,0.2635351168886607,0.2538,0.2566,-0.009735116888660689,-0.0069351168886607195,0.002799999999999969,1.118299331800446,57.96161699157683,0.010886774711588484,0.00775553658254727,-0.003131238129041214
2,25,0.7432447021158329,0.7210253586494617,0.5358982779073808,0.5396,0.5396,0.0037017220926192085,0.0037017220926192085,0.0,5.299811098575073,38.3801830752733,-0.019618427830303823,-0.019618427830303823,0.0
2,26,0.7432447021158329,0.3766803921978068,0.27996570589193404,0.2694,0.2636,-0.010565705891934063,-0.016365705891934035,-0.005799999999999972,0.0010484519541762917,77.23643011106432,1.1077634989650228e-05,1.7158656323872692e-05,6.081021334222464e-06
2,27,0.7432447021158329,0.5734241788507295,0.42619448299592655,0.4412,0.4214,0.015005517004073432,-0.004794482995926552,-0.019799999999999984,11.135069479969715,53.9477287814471,-0.16708747442322466,0.053386901280175515,0.22047437570340017
2,28,0.7432447021158329,0.5368048429729841,0.3989773556097921,0.3796,0.3816,-0.01937735560979209,-0.01737735560979209,0.0020000000000000018,1.7553204951285524,72.2803908400169,0.034013469443262286,0.030502828453005178,-0.003510640990257108
2,29,0.7432447021158329,0.20992975486519724,0.15602917812003336,0.1556,0.1508,-0.0004291781200333744,-0.005229178120033373,-0.004799999999999999,0.5575700349428503,32.62228831527142,0.00023929685938371538,0.002915633027109396,0.0026763361677256806
2,30,0.7432447021158329,0.518065685771502,0.3850495762976747,0.3756,0.3686,-0.009449576297674733,-0.01644957629767474,-0.007000000000000006,2.0880113650851695,30.858124724584403,0.01973082270478428,0.03434690226038048,0.014616079555596198
2,31,0.7432447021158329,0.5744315312620573,0.4269431923388095,0.4324,0.4308,0.005456807661190499,0.003856807661190509,-0.0015999999999999903,1.9417933073761946,40.67048229571944,-0.010595992596138857,-0.007489123304336964,0.0031068692918018934
2,32,0.7432447021158329,0.41408676958317514,0.30776779770895457,0.3158,0.3202,0.008032202291045454,0.012432202291045413,0.0043999999999999595,0.7095877147270082,111.80733161884291,-0.005699552067927984,-0.008821738012726791,-0.0031221859447988073
2,33,0.7432447021158329,0.5082093407162553,0.37772390005313705,0.3822,0.392,0.0044760999468629326,0.014276099946862963,0.009800000000000031,9.439340687483421,57.37325317528501,-0.042251432349665656,-0.13475697108700346,-0.0925055387373378
2,34,0.7432447021158329,0.430076829107486,0.3196523247369154,0.3004,0.2964,-0.019252324736915405,-0.02325232473691541,-0.0040000000000000036,3.8252852279943923,23.110842475263453,0.07364563342067353,0.08894677433265111,0.015301140911977582
2,35,0.7432447021158329,0.36780900467919186,0.273372094118307,0.264,0.2426,-0.009372094118306973,-0.030772094118306975,-0.021400000000000002,118.22563616754582,604.0675836102755,1.1080217893589563,3.638050403344437,2.530028613985481
2,36,0.7432447021158329,0.31652023366573906,0.23525198678452605,0.225,0.2334,-0.010251986784526046,-0.0018519867845260551,0.00839999999999999,2.7722758557930356,35.46800228598538,0.028421335436650836,0.005134218247989362,-0.023287117188661475
2,37,0.7432447021158329,0.29742640159246664,0.22106059725297697,0.1938,0.2004,-0.02726059725297697,-0.020660597252976975,0.006599999999999995,15.83773546105031,335.846842847029,0.431746127802884,0.32721707375995207,-0.10452905404293195
2,38,0.7432447021158329,0.3126547933069382,0.2323790187165026,0.237,0.2246,0.0046209812834973885,-0.007779018716502606,-0.012399999999999994,2.1516628535681765,93.83869421829927,-0.009942793774735125,0.016737825609510253,0.026680619384245378
2,39,0.7432447021158329,0.4273457371252059,0.31762245509009474,0.321,0.3216,0.0033775449099052723,0.003977544909905262,0.0005999999999999894,1.3855127846956958,191.6341963549897,-0.004679631653557627,-0.00551093932437503,-0.0008313076708174024
2,40,0.7432447021158329,0.21905177326219738,0.16280906996620687,0.1636,0.1546,0.0007909300337931302,-0.008209069966206878,-0.009000000000000008,41.64962441886249,158.18310414733855,-0.032941938849082086,0.3419046809206806,0.3748466197697627
2,41,0.7432447021158329,0.3502829106424205,0.26034591757669273,0.2636,0.2602,0.0032540824233072696,-0.00014591757669274452,-0.003400000000000014,2.6622118322582127,124.43095707811761,-0.008663056730472091,0.00038846349920586965,0.009051520229677961
2,42,0.7432447021158329,0.41157518975916685,0.3059010793108194,0.3044,0.3116,-0.0015010793108193865,0.005698920689180598,0.007199999999999984,0.8188615974105656,31.333841986064606,0.0012291762022975138,-0.004666627299058546,-0.00589580350135606
2,43,0.7432447021158329,0.6032014180886877,0.4483262583031747,0.4512,0.4322,0.002873741696825305,-0.016126258303174712,-0.019000000000000017,3.8600250433303214,142.07330559145785,-0.01109271491780825,0.06224776090546792,0.07334047582327617
2,44,0.7432447021158329,0.33973613686845183,0.2525070838447763,0.2592,0.2484,0.0066929161552236605,-0.004107083844776316,-0.010799999999999976,4.680179160321847,47.57591681372584,-0.0313240467114592,0.019221888220016643,0.05054593493147584
2,45,0.7432447021158329,0.37870641253843484,0.28147153477648473,0.2836,0.2786,0.0021284652235152857,-0.0028715347764847188,-0.0050000000000000044,13.732041683772326,334.07679300962343,-0.029228173171771683,0.039432035247090005,0.0686602084188617
2,46,0.7432447021158329,0.8322142840240537,0.618538857625999,0.612,0.6144,-0.006538857625999039,-0.004138857625999082,0.0023999999999999577,5.243760581861494,127.10436794332887,0.03428820386961819,0.021703178473150828,-0.012585025396467366
2,47,0.7432447021158329,0.40849133535173493,0.30360902086039904,0.317,0.302,0.013390979139600967,-0.0016090208603990463,-0.015000000000000013,5.040287286598508,33.69865607032932,-0.06749438191243658,0.008109927386541106,0.07560430929897768
2,48,0.7432447021158329,0.9486986627935283,0.705115255025665,0.6992,0.6952,-0.005915255025664923,-0.009915255025664926,-0.0040000000000000036,7.523190231015527,126.13001048374636,0.04450158882304785,0.07459434974710999,0.030092760924062142
2,49,0.7432447021158329,0.96,0.7135149140311996,0.712,0.7054,-0.0015149140311996323,-0.008114914031199572,-0.006599999999999939,5.474099587444759,66.29900693597637,0.008292790273204185,0.04442184755033926,0.03612905727713508
3,4,0.5881609198522387,0.35347646367044305,0.20790104201852422,0.2052,0.2096,-0.0027010420185242245,0.0016989579814757905,0.004400000000000015,0.1102493005122102,18.915087589193554,0.00029778799319638406,-0.00018730892905734247,-0.00048509692225372653
3,5,0.5881609198522387,0.2462007942881967,0.14480568563689758,0.0982,0.1056,-0.046605685636897584,-0.03920568563689758,0.007400000000000004,1.6789903649846305,308.5829285226981,0.07825049713785362,0.06582596843696735,-0.01242452870088627
3,6,0.5881609198522387,0.2523668605643421,0.1484323248497451,0.1752,0.1778,0.026767675150254883,0.0293676751502549,0.002600000000000019,13.14499205496118,157.7058198898231,-0.35186087717988224,-0.3860378565227816,-0.03417697934289937
3,7,0.5881609198522387,0.2498529618398943,0.14695374786355853,0.0996,0.0988,-0.04735374786355853,-0.04815374786355853,-0.0007999999999999952,0.05433822089848115,270.3146097644442,0.0025731184117810234,0.002616588988499808,4.347057671878459e-05
3,8,0.5881609198522387,0.23864506254115914,0.1403616995024032,0.1442,0.1368,0.003838300497596786,-0.003561699502403204,-0.00739999999999999,5.680381999406998,86.83799716667339,-0.021803013054863707,0.02023181374074802,0.04203482679561173
3,9,0.5881609198522387,0.22570946894001767,0.1327534888711211,0.1286,0.1268,-0.004153488871121103,-0.005953488871121099,-0.001799999999999996,2.224486193649477,26.375198940403315,0.009239378649285646,0.013243453797854694,0.004004075148569049
3,10,0.5881609198522387,0.37881171658931956,0.22280224767997975,0.2176,0.2186,-0.00520224767997976,-0.004202247679979759,0.0010000000000000009,0.9201682910700572,99.71343815744075,0.004786943357410146,0.0038667750663400873,-0.0009201682910700585
3,11,0.5881609198522387,0.3151854739406006,0.18537977827696747,0.1982,0.2018,0.012820221723032516,0.016420221723032535,0.00360000000000002,2.853565551646612e-05,180.74088121758723,-3.658334307331716e-07,-4.685617905924502e-07,-1.027283598592786e-07
3,12,0.5881609198522387,0.17558587433166223,0.10327274935997005,0.1368,0.138,0.033527250640029954,0.03472725064002996,0.0012000000000000066,47.41513982948884,932.1303009918805,-1.5896992771953393,-1.6465974449907264,-0.056898167795387034
3,13,0.5881609198522387,0.18220018902510304,0.10716303077425637,0.0948,0.089,-0.012363030774256378,-0.018163030774256378,-0.0058,30.11912384558891,34.11976873242246,0.3723636549966548,0.5470545733010704,0.17469091830441563
3,14,0.5881609198522387,0.20557322827031327,0.1209101390364617,0.1336,0.1378,0.012689860963538302,0.01688986096353831,0.004200000000000009,35.62849733877133,496.30425130665213,-0.4521206775688026,-0.6017603663916425,-0.14963968882283996
3,15,0.5881609198522387,0.34595507175101126,0.20347725322862203,0.198,0.1994,-0.0054772532286220255,-0.004077253228622041,0.0013999999999999846,9.512144155570219,104.95391550510422,0.05210042228721511,0.038783420469416956,-0.013317001817798158
3,16,0.5881609198522387,0.2808089832005398,0.16516086986200135,0.1464,0.146,-0.018760869862001345,-0.019160869862001356,-0.00040000000000001146,1.2039955967910934,456.2946355608979,0.022588004705820345,0.023069602944536798,0.0004815982387164526
3,17,0.5881609198522387,0.32558160642689904,0.1914943771230145,0.1968,0.199,0.005305622876985494,0.007505622876985502,0.0022000000000000075,1.7315969541270928,54.037700763596206,-0.009187200413535105,-0.012996713712614722,-0.0038095132990796175
3,18,0.5881609198522387,0.1961441939672069,0.11536434954742834,0.12,0.1132,0.004635650452571652,-0.0021643495474283486,-0.0068000000000000005,45.35637054640765,254.16740308850007,-0.21025627965046217,0.09816704006510989,0.3084233197155721
3,19,0.5881609198522387,0.5815475634811581,0.34204354987490615,0.3546,0.3562,0.012556450125093876,0.014156450125093867,0.0015999999999999903,0.2709009750435014,69.47254691676366,-0.0034015545819730264,-0.003834996142042626,-0.00043344156006959976
3,20,0.5881609198522387,0.30358985466230565,0.17855968817598916,0.19,0.1996,0.01144031182401084,0.021040311824010838,0.009599999999999997,0.7369684272697944,139.10579742405358,-0.008431148612417302,-0.015506045514207326,-0.0070748969017900235
3,21,0.5881609198522387,0.3591545639587549,0.211240678707111,0.192,0.2026,-0.019240678707110992,-0.008640678707110994,0.010599999999999998,0.1967675863234865,120.06595455817448,0.003785941908423931,0.0017002054933949742,-0.002085736415028957
3,22,0.5881609198522387,0.22768425877375342,0.13391498307624597,0.1216,0.1144,-0.01231498307624597,-0.019514983076245968,-0.007199999999999998,57.0291924854337,667.8721469358965,0.7023135403100897,1.1129237262052123,0.41061018589512255
3,23,0.5881609198522387,0.20179848513594068,0.11868998264234319,0.1194,0.1196,0.0007100173576568142,0.000910017357656806,0.00019999999999999185,23.24783883886798,270.00882728258193,-0.016506369103604503,-0.02115593687137791,-0.004649567767773408
3,24,0.5881609198522387,0.35457382493066114,0.20854646702674431,0.1982,0.1984,-0.010346467026744327,-0.010146467026744321,0.00020000000000000573,0.5160876631757686,52.25957183163634,0.005339683989957622,0.005236466457322466,-0.00010321753263515653
3,25,0.5881609198522387,0.7210253586494617,0.4240789381800577,0.4134,0.4206,-0.010678938180057718,-0.0034789381800577335,0.007199999999999984,3.853477147923892,13.786958960071509,0.04115104424094437,0.01340600877589241,-0.027745035465051963
3,26,0.5881609198522387,0.3766803921978068,0.2215486859653641,0.2294,0.2286,0.007851314034635903,0.007051314034635908,-0.0007999999999999952,0.09407992214883547,116.49640083927848,-0.0007386510131446051,-0.0006633870754255372,7.526393771906787e-05
3,27,0.5881609198522387,0.5734241788507295,0.3372656924983597,0.3332,0.3196,-0.0040656924983596965,-0.017665692498359697,-0.013600000000000001,8.986929790987253,20.805812535874516,0.036538093034502145,0.15876033819192878,0.12222224515742663
3,28,0.5881609198522387,0.5368048429729841,0.3157276302241269,0.325,0.3238,0.00927236977587309,0.008072369775873056,-0.0012000000000000344,2.7688607254076305,92.93483022722478,-0.025673900503871753,-0.0223512676333825,0.0033226328704892526
3,29,0.5881609198522387,0.20992975486519724,0.1234724777258694,0.126,0.1142,0.0025275222741305975,-0.009272477725869407,-0.011800000000000005,0.16613923587066481,23.223840150177,-0.0004199206192701425,0.0015405223640037032,0.0019604429832738458
3,30,0.5881609198522387,0.518065685771502,0.3047059902872475,0.3166,0.3182,0.011894009712752507,0.013494009712752497,0.0015999999999999903,3.183011365378404,29.677622800420128,-0.03785876809561235,-0.04295158628021777,-0.00509281818460542
3,31,0.5881609198522387,0.5744315312620573,0.3378581778192216,0.3272,0.3302,-0.010658177819221626,-0.007658177819221623,0.0030000000000000027,1.1117132320310024,8.058693083343162,0.011848837310968014,0.008513697614875004,-0.0033351396960930105
3,32,0.5881609198522387,0.41408676958317514,0.24354965529668232,0.2316,0.245,-0.011949655296682321,0.0014503447033176742,0.013399999999999995,0.2532766490215245,102.1001763865823,0.0030265686505060096,-0.00036733844638241767,-0.0033939070968884272
3,33,0.5881609198522387,0.5082093407162553,0.29890887331317256,0.2796,0.2922,-0.019308873313172548,-0.0067088733131725475,0.0126,7.4706374694322575,27.079382227738016,0.1442495924659074,0.050119560351060966,-0.09413003211484644
3,34,0.5881609198522387,0.430076829107486,0.25295438341499304,0.2662,0.2708,0.013245616585006947,0.01784561658500694,0.004599999999999993,5.266740209379828,65.79264575428462,-0.06976122146628441,-0.09398822642943158,-0.02422700496314717
3,35,0.5881609198522387,0.36780900467919186,0.21633088252204988,0.1844,0.1684,-0.03193088252204987,-0.047930882522049884,-0.016000000000000014,110.96635612997622,785.3757909330121,3.543253681486219,5.31871537956584,1.7754616980796212
3,36,0.5881609198522387,0.31652023366573906,0.18616483178468662,0.1996,0.2004,0.013435168215313376,0.01423516821531337,0.0007999999999999952,1.7580398707419258,45.751520847917554,-0.023619561392645556,-0.025025993289239087,-0.0014064318965935317
3,37,0.5881609198522387,0.29742640159246664,0.17493458594896655,0.15,0.1514,-0.024934585948966553,-0.02353458594896654,0.0014000000000000123,13.253683897687422,426.7658713016467,0.33047512028732107,0.3119199628305585,-0.01855515745676256
3,38,0.5881609198522387,0.3126547933069382,0.18389133082762033,0.169,0.1764,-0.014891330827620314,-0.007491330827620324,0.00739999999999999,1.271821044804941,44.66405566103432,0.018939107931720094,0.009527632200163543,-0.00941147573155655
3,39,0.5881609198522387,0.4273457371252059,0.2513480618424941,0.2446,0.2434,-0.006748061842494074,-0.00794806184249408,-0.0012000000000000066,0.702200018530513,202.41870004477664,0.004738489150844386,0.005581129173081007,0.0008426400222366209
3,40,0.5881609198522387,0.21905177326219738,0.12883769245715804,0.1322,0.1244,0.0033623075428419746,-0.004437692457158041,-0.007800000000000015,37.38769368219047,95.38100005544132,-0.12570892447709428,0.16591508624399198,0.29162401072108624
3,41,0.5881609198522387,0.3502829106424205,0.20602271893196558,0.2006,0.202,-0.005422718931965581,-0.004022718931965569,0.0014000000000000123,1.6706189877727433,158.11892478318697,0.00905929721309643,0.006720430630214569,-0.002338866582881861
3,42,0.5881609198522387,0.41157518975916685,0.24207244219711127,0.2676,0.2688,0.025527557802888734,0.026727557802888713,0.0011999999999999789,1.547570909161307,24.10268534334415,-0.039505705837684334,-0.041362790928677874,-0.0018570850909935405
3,43,0.5881609198522387,0.6032014180886877,0.35477950091921734,0.3484,0.3372,-0.006379500919217351,-0.01757950091921734,-0.011199999999999988,2.6425439231907077,81.92437268317381,0.016858111387067345,0.04645460332680324,0.029596491939735896
3,44,0.5881609198522387,0.33973613686845183,0.1998195187675947,0.2016,0.1902,0.0017804812324052899,-0.009619518767594704,-0.011399999999999993,3.327953225813089,16.34241046441453,-0.005925358260882849,0.032013308513386345,0.03793866677426919
3,45,0.5881609198522387,0.37870641253843484,0.22274031195254723,0.2276,0.2288,0.004859688047452765,0.0060596880474527715,0.0012000000000000066,11.333811343079008,383.43647966063594,-0.05507878751604562,-0.06867936112774051,-0.013600573611694887
3,46,0.5881609198522387,0.8322142840240537,0.4894759188057597,0.4914,0.495,0.0019240811942403124,0.0055240811942403045,0.003599999999999992,3.8057048249989527,53.37963634398611,-0.007322485084610104,-0.021023022454606303,-0.013700537369996199
3,47,0.5881609198522387,0.40849133535173493,0.24025863955214574,0.2588,0.2498,0.018541360447854233,0.009541360447854252,-0.00899999999999998,6.677897005170704,38.30376870001509,-0.12381729540651631,-0.06371622235998012,0.060101073046536196
3,48,0.5881609198522387,0.9486986627935283,0.5579874781712305,0.5564,0.556,-0.0015874781712305053,-0.0019874781712304612,-0.00039999999999995595,5.7779618730969045,67.37806063944828,0.009172388347743459,0.011483573096981966,0.002311184749238507
3,49,0.5881609198522387,0.96,0.5646344830581491,0.5686,0.562,0.003965516941850877,-0.002634483058149062,-0.006599999999999939,4.002300586497827,18.401856015742922,-0.015871190782136835,0.01054399308874858,0.026415183870885414
4,5,0.35347646367044305,0.2462007942881967,0.08702618611784597,0.0766,0.0824,-0.010426186117845973,-0.0046261861178459734,0.0058,2.649722119254722,323.72386713711296,0.027626495975922993,0.012258107684245607,-0.015368388291677386
4,6,0.35347646367044305,0.2523668605643421,0.08920574541989544,0.0952,0.0986,0.005994254580104566,0.009394254580104552,0.0033999999999999864,10.847565148590055,152.49762059233566,-0.0650230670749186,-0.10190478858012465,-0.03688172150520605
4,7,0.35347646367044305,0.2498529618398943,0.08831714138875199,0.0998,0.1084,0.011482858611248009,0.020082858611248006,0.008599999999999997,0.3193874031307432,319.81558026420817,-0.003667480392363994,-0.006414212059288385,-0.002746731666924391
4,8,0.35347646367044305,0.23864506254115914,0.08435541277946065,0.0422,0.045,-0.04215541277946065,-0.039355412779460655,0.002799999999999997,7.373360767739621,30.416995608461967,0.3108270667359446,0.2901816565862737,-0.020645410149670917
4,9,0.35347646367044305,0.22570946894001767,0.07978298489785116,0.0794,0.0866,-0.0003829848978511574,0.006817015102148841,0.007199999999999998,3.3251859913576327,23.38389759344104,0.0012734960172362025,-0.022667843120538746,-0.023941339137774947
4,10,0.35347646367044305,0.37881171658931956,0.13390102597692277,0.1356,0.1326,0.0016989740230772266,-0.001301025976922776,-0.0030000000000000027,0.39339981963555104,99.92285221927072,-0.0006683760742440674,0.0005118233846625867,0.0011801994589066543
4,11,0.35347646367044305,0.3151854739406006,0.11141064672881608,0.062,0.0652,-0.04941064672881608,-0.046210646728816085,0.0031999999999999945,0.1067304224279169,106.7117333598312,0.005273619197803111,0.004932081846033777,-0.00034153735176933354
4,12,0.35347646367044305,0.17558587433166223,0.062065473929238786,0.0986,0.0988,0.03653452607076121,0.03673452607076121,0.00020000000000000573,42.95264990722013,1004.6538396861386,-1.5692547078436128,-1.577845237825057,-0.008590529981444162
4,13,0.35347646367044305,0.18220018902510304,0.0644034784966797,0.0656,0.0734,0.001196521503320308,0.00899652150332031,0.007800000000000001,26.584863666888975,70.615237697901,-0.03180936104027143,-0.23917129764200548,-0.20736193660173405
4,14,0.35347646367044305,0.20557322827031327,0.07266529775430708,0.0918,0.0882,0.019134702245692928,0.015534702245692922,-0.003600000000000006,31.774901581816895,520.9251607265907,-0.6080032806542635,-0.4936136349597225,0.11438964569454096
4,15,0.35347646367044305,0.34595507175101126,0.12228697535140184,0.1318,0.128,0.009513024648598156,0.005713024648598158,-0.003799999999999998,11.670521615669056,132.41420581315026,-0.1110219597918573,-0.06667397765231492,0.044347982139542386
4,16,0.35347646367044305,0.2808089832005398,0.09925936634861966,0.0948,0.0932,-0.004459366348619667,-0.0060593663486196575,-0.0015999999999999903,2.042914019377237,518.1448308893599,0.009110102031134196,0.012378764462137756,0.0032686624310035595
4,17,0.35347646367044305,0.32558160642689904,0.11508543487592227,0.1068,0.109,-0.00828543487592226,-0.006085434875922266,0.0021999999999999936,2.7157051745150134,32.69350705046927,0.02250079836564924,0.016526246981716227,-0.005974551383933012
4,18,0.35347646367044305,0.1961441939672069,0.06933235605301774,0.0424,0.0424,-0.02693235605301774,-0.02693235605301774,0.0,49.93898303723169,179.2497185921984,1.344974472084337,1.344974472084337,0.0
4,19,0.35347646367044305,0.5815475634811581,0.20556337619548226,0.2108,0.2118,0.005236623804517726,0.006236623804517727,0.0010000000000000009,0.7267896425648632,35.81628040485755,-0.003805923943132092,-0.004532713585696956,-0.000726789642564864
4,20,0.35347646367044305,0.30358985466230565,0.10731186823225557,0.1116,0.1262,0.004288131767744438,0.01888813176774444,0.014600000000000002,0.2771291255241504,136.8994599760665,-0.0011883662069273454,-0.005234451439579942,-0.0040460852326525965
4,21,0.35347646367044305,0.3591545639587549,0.12695268517924063,0.111,0.121,-0.01595268517924063,-0.0059526851792406354,0.009999999999999995,0.012442694105645583,106.5073377912731,0.00019849438184895704,7.406744079250128e-05,-0.00012442694105645576
4,22,0.35347646367044305,0.22768425877375342,0.08048102662477241,0.0588,0.0616,-0.021681026624772413,-0.01888102662477241,0.002800000000000004,62.15439087055095,773.8652442795016,1.3475710033109265,1.1735387088733837,-0.17403229443754276
4,23,0.35347646367044305,0.20179848513594068,0.07133101489990477,0.071,0.0738,-0.00033101489990478017,0.0024689851000952306,0.002800000000000011,26.559998800473522,254.14474047576422,0.008791755344409824,-0.06557624129691633,-0.07436799664132615
4,24,0.35347646367044305,0.35457382493066114,0.12533350174659288,0.1072,0.1144,-0.01813350174659288,-0.010933501746592883,0.007199999999999998,0.14926965662068611,73.52892559373817,0.002706781579044531,0.0016320400513755915,-0.0010747415276689397
4,25,0.35347646367044305,0.7210253586494617,0.2548654939921246,0.2372,0.247,-0.01766549399212461,-0.007865493992124606,0.009800000000000003,2.6601265710221838,29.904235159663052,0.04699244995868342,0.020923209562666016,-0.026069240396017407
4,26,0.35347646367044305,0.3766803921978068,0.1331476529680763,0.1308,0.1274,-0.0023476529680762914,-0.005747652968076278,-0.0033999999999999864,0.408017667194871,122.17201594507503,0.0009578838874176034,0.002345143955880159,0.0013872600684625555
4,27,0.35347646367044305,0.5734241788507295,0.20269195092328351,0.1924,0.1944,-0.010291950923283527,-0.008291950923283525,0.0020000000000000018,7.106397613578103,17.39711977810752,0.07313869548028501,0.05892590025312879,-0.014212795227156218
4,28,0.35347646367044305,0.5368048429729841,0.1897478775752579,0.188,0.2008,-0.0017478775752579057,0.0110521224247421,0.012800000000000006,3.9841257872407776,77.6395175556239,0.006963764120524905,-0.04403304595615707,-0.05099681007668198
4,29,0.35347646367044305,0.20992975486519724,0.07420522736895291,0.0784,0.0764,0.004194772631047089,0.002194772631047087,-0.0020000000000000018,0.005709874184511858,11.250152106143195,-2.395162395591266e-05,-1.2531875586888932e-05,1.1419748369023727e-05
4,30,0.35347646367044305,0.518065685771502,0.1831240265555135,0.1862,0.1882,0.0030759734444865128,0.0050759734444865146,0.0020000000000000018,4.478038749002189,32.51523756477485,-0.013774328275312338,-0.022730405773316722,-0.008956077498004384
4,31,0.35347646367044305,0.5744315312620573,0.20304802629130955,0.189,0.202,-0.014048026291309551,-0.0010480262913095395,0.013000000000000012,0.5217751113434701,17.014713287261102,0.007329910482304036,0.000546834034838919,-0.006783076447465118
4,32,0.35347646367044305,0.41408676958317514,0.14636992696497833,0.1286,0.1352,-0.01776992696497834,-0.011169926964978344,0.006599999999999995,0.029318987363886172,162.50442463915834,0.00052099626414338,0.0003274909475417315,-0.00019350531660164856
4,33,0.35347646367044305,0.5082093407162553,0.17964004056066923,0.1782,0.1838,-0.0014400405606692368,0.004159959439330757,0.005599999999999994,5.765802688822919,12.48093483037613,0.008302989736720749,-0.02398550532068756,-0.03228849505740831
4,34,0.35347646367044305,0.430076829107486,0.15202203665951164,0.1436,0.1544,-0.008422036659511634,0.0023779633404883704,0.010800000000000004,6.901003189704207,86.58104696170652,0.05812050185109555,-0.016410332597709916,-0.07453083444880547
4,35,0.35347646367044305,0.36780900467919186,0.13001182628014618,0.1026,0.1052,-0.027411826280146184,-0.02481182628014618,0.002600000000000005,104.0811888900046,808.8389466702783,2.853055468883887,2.5824443777698747,-0.2706110911140125
4,36,0.35347646367044305,0.31652023366573906,0.11188245287630776,0.1162,0.1218,0.004317547123692242,0.00991754712369225,0.005600000000000008,0.9877832575389042,28.467796860011447,-0.004264800762418449,-0.00979638700463632,-0.0055315862422178706
4,37,0.35347646367044305,0.29742640159246664,0.10513323263713013,0.095,0.108,-0.010133232637130132,0.0028667673628698653,0.012999999999999998,10.946323321540468,391.8310795357336,0.1109216407384126,-0.031380562441613476,-0.14230220318002607
4,38,0.35347646367044305,0.3126547933069382,0.11051611068774982,0.1084,0.1138,-0.00211611068774982,0.003283889312250182,0.005400000000000002,0.6331581193081135,29.309141505864773,0.0013398326633034744,-0.0020792211809603396,-0.0034190538442638143
4,39,0.35347646367044305,0.4273457371252059,0.15105665992365655,0.1378,0.1408,-0.013256659923656544,-0.010256659923656541,0.0030000000000000027,0.2559708886875113,231.23109267760952,0.003393319021686481,0.0026254063556239464,-0.0007679126660625345
4,40,0.35347646367044305,0.21905177326219738,0.07742964617346124,0.0852,0.0802,0.007770353826538762,0.0027703538265387573,-0.0050000000000000044,33.437417363413346,92.50713322711947,-0.25982056395937253,-0.09263347714230565,0.1671870868170669
4,41,0.35347646367044305,0.3502829106424205,0.1238167645380726,0.1616,0.1624,0.0377832354619274,0.03858323546192739,0.0007999999999999952,0.9225336802809154,86.5231806876445,-0.034856307263612274,-0.035594334207837,-0.0007380269442247289
4,42,0.35347646367044305,0.41157518975916685,0.14548214261056186,0.16,0.161,0.014517857389438144,0.015517857389438144,0.0010000000000000009,2.4839403225580283,27.005654720611787,-0.03606149136677244,-0.038545431689330466,-0.002483940322558026
4,43,0.35347646367044305,0.6032014180886877,0.21321750414698573,0.2098,0.2126,-0.003417504146985745,-0.0006175041469857201,0.0028000000000000247,1.673277370915999,72.46781494392754,0.005718432354162831,0.0010332557155979924,-0.004685176638564838
4,44,0.35347646367044305,0.33973613686845183,0.12008872824131799,0.1204,0.1214,0.00031127175868200796,0.0013112717586820088,0.0010000000000000009,2.226749654302212,14.096820762213817,-0.0006931242810392027,-0.0029198739353414166,-0.002226749654302214
4,45,0.35347646367044305,0.37870641253843484,0.13386380347340587,0.1308,0.139,-0.003063803473405874,0.005136196526594139,0.008200000000000013,9.208399870833585,408.45346838770166,0.028212727508770137,-0.04729615143206538,-0.07550887894083552
4,46,0.35347646367044305,0.8322142840240537,0.2941681621328522,0.294,0.3086,-0.00016816213285220094,0.014431837867147801,0.014600000000000002,2.6204599419471024,47.281802143999236,0.0004406621328915794,-0.03781805301953612,-0.0382587151524277
4,47,0.35347646367044305,0.40849133535173493,0.1443920726601483,0.1522,0.1472,0.007807927339851695,0.00280792733985169,-0.0050000000000000044,8.504227275465697,58.092362420823214,-0.0664003886484211,-0.02387925227109258,0.04252113637732852
4,48,0.35347646367044305,0.9486986627935283,0.3353426484131345,0.3372,0.347,0.0018573515868655077,0.011657351586865483,0.009799999999999975,4.291945212191466,56.870930511119504,-0.007971651250603638,-0.0500327143300799,-0.04206106307947626
4,49,0.35347646367044305,0.96,0.3393374051236253,0.3356,0.348,-0.0037374051236253036,0.008662594876374663,0.012399999999999967,2.7840155967472757,21.43173744571336,0.010404994155536026,-0.0241167992441301,-0.03452179339966613
5,6,0.2462007942881967,0.2523668605643421,0.06213292152295961,0.063,0.061,0.0008670784770403936,-0.0011329215229596082,-0.0020000000000000018,24.219793190300724,333.5355339440435,-0.021000461393679247,0.027439124986922244,0.04843958638060149
5,7,0.2462007942881967,0.2498529618398943,0.061513997660240474,0.046,0.0516,-0.015513997660240475,-0.009913997660240474,0.005600000000000001,1.1292314104586396,29.82568107258971,0.017518893459725387,0.011195197561157003,-0.006323695898568384
5,8,0.2462007942881967,0.23864506254115914,0.058754603950589755,0.051,0.049,-0.0077546039505897585,-0.009754603950589753,-0.001999999999999995,1.182866346767593,454.8909686259739,0.009172660045663653,0.011538392739198832,0.0023657326935351795
5,9,0.2462007942881967,0.22570946894001767,0.05556985053139941,0.0454,0.0488,-0.010169850531399405,-0.0067698505313994045,0.0034000000000000002,0.03830340019537757,222.55021411046187,0.00038953985483136466,0.0002593082941670809,-0.00013023156066428374
5,10,0.2462007942881967,0.37881171658931956,0.09326374550996573,0.0994,0.0968,0.006136254490034271,0.0035362544900342657,-0.002600000000000005,5.085081981397606,740.4063960676793,-0.031203357140543425,-0.017982143988909623,0.013221213151633802
5,11,0.2462007942881967,0.3151854739406006,0.07759891403227759,0.0788,0.0788,0.0012010859677224067,0.0012010859677224067,0.0,1.6928624681963322,645.1449233952915,-0.0020332733558345337,-0.0020332733558345337,0.0
5,12,0.2462007942881967,0.17558587433166223,0.04322938172624273,0.0516,0.0556,0.00837061827375727,0.012370618273757267,0.003999999999999997,66.93896843169051,591.7050043378295,-0.5603205523807696,-0.8280764261075314,-0.2677558737267618
5,13,0.2462007942881967,0.18220018902510304,0.044857831257439945,0.0312,0.0304,-0.013657831257439947,-0.014457831257439945,-0.0007999999999999986,46.020592016992886,281.6758732453598,0.6285414801355768,0.665357953749171,0.03681647361359419
5,14,0.2462007942881967,0.20557322827031327,0.0506122920845399,0.0448,0.0536,-0.0058122920845398995,0.0029877079154601027,0.008800000000000002,52.77615328947182,305.47294879404495,0.3067504180168614,-0.1576797309304907,-0.46443014894735213
5,15,0.2462007942881967,0.34595507175101126,0.08517441345312905,0.0716,0.0734,-0.013574413453129056,-0.011774413453129046,0.00180000000000001,3.1984382577040558,104.24326010498186,0.043416923314380594,0.03765973445051326,-0.005757188863867335
5,16,0.2462007942881967,0.2808089832005398,0.06913539470723379,0.0598,0.0546,-0.00933539470723379,-0.014535394707233786,-0.005199999999999996,0.03939878604422127,54.766158800568036,0.00036780321870865973,0.0005726769061386102,0.00020487368742995042
5,17,0.2462007942881967,0.32558160642689904,0.08015845010792959,0.0832,0.0844,0.003041549892070408,0.004241549892070415,0.0012000000000000066,0.00040573918603141576,297.9798072863925,-1.2340759774825879e-06,-1.7209630007202895e-06,-4.868870232377016e-07
5,18,0.2462007942881967,0.1961441939672069,0.048290856349744456,0.0292,0.0308,-0.019090856349744455,-0.017490856349744455,0.0016000000000000007,29.582234069695264,192.36115936343253,0.5647501811290686,0.5174186066175561,-0.047331574511512486
5,19,0.2462007942881967,0.5815475634811581,0.1431774720454266,0.1386,0.1436,-0.004577472045426606,0.0004225279545733984,0.0050000000000000044,0.6010546160871195,469.08953413334933,0.0027513107029134105,-0.0002539623775221899,-0.0030052730804356
5,20,0.2462007942881967,0.30358985466230565,0.07474406335569785,0.0702,0.078,-0.004544063355697847,0.0032559366443021542,0.007800000000000001,4.640695081061582,664.8855260588311,0.021087612462819188,-0.015109809169461162,-0.03619742163228035
5,21,0.2462007942881967,0.3591545639587549,0.08842413891887639,0.0916,0.0918,0.00317586108112361,0.0033758610811236156,0.00020000000000000573,3.025315921274687,93.84408712093187,-0.009607983092479897,-0.010213046276734852,-0.0006050631842549545
5,22,0.2462007942881967,0.22768425877375342,0.05605604535701741,0.0426,0.0378,-0.013456045357017409,-0.018256045357017407,-0.004799999999999999,39.137647374259565,166.09335182911374,0.5266379582349899,0.7144986656314358,0.1878607073964459
5,23,0.2462007942881967,0.20179848513594068,0.04968294732662345,0.044,0.0388,-0.005682947326623451,-0.010882947326623447,-0.005199999999999996,12.431566514789234,46.533256470471784,0.07064793769096309,0.13529208356786707,0.06464414587690398
5,24,0.2462007942881967,0.35457382493066114,0.08729635733173277,0.0846,0.087,-0.0026963573317327766,-0.00029635733173277723,0.0023999999999999994,4.056804338829664,180.3483519242848,0.010938594122408704,0.001202263709217513,-0.009736330413191191
5,25,0.2462007942881967,0.7210253586494617,0.17751701600142936,0.1816,0.1828,0.004082983998570655,0.005282983998570634,0.0011999999999999789,10.619687186975161,226.93513645622699,-0.0433600128542454,-0.05610363747861537,-0.012743624624369967
5,26,0.2462007942881967,0.3766803921978068,0.09273901175188948,0.0858,0.0888,-0.006939011751889476,-0.0039390117518894735,0.0030000000000000027,0.9781884523268102,97.3588741006832,0.006787661166258315,0.003853095809277881,-0.0029345653569804336
5,27,0.2462007942881967,0.5734241788507295,0.14117748829710655,0.142,0.144,0.0008225117028934359,0.0028225117028934377,0.0020000000000000018,18.434824462207338,210.1792107489087,-0.015162858860951726,-0.05203250778536644,-0.03686964892441471
5,28,0.2462007942881967,0.5368048429729841,0.1321617787176994,0.1174,0.1238,-0.014761778717699403,-0.008361778717699414,0.006399999999999989,0.13559391812446306,106.97713829217273,0.002001607414819174,0.0011338063388226121,-0.000867801075996562
5,29,0.2462007942881967,0.20992975486519724,0.05168487239253799,0.0506,0.0496,-0.0010848723925379888,-0.0020848723925379897,-0.0010000000000000009,2.901436708230334,294.71863564921995,0.003147688583455389,0.006049125291685726,0.0029014367082303366
5,30,0.2462007942881967,0.518065685771502,0.12754818333040313,0.118,0.1188,-0.009548183330403137,-0.008748183330403128,0.000800000000000009,0.2384769216886337,217.79083371756548,0.0022770213683532665,0.0020862398310023574,-0.0001907815373509091
5,31,0.2462007942881967,0.5744315312620573,0.1414254992609036,0.1326,0.1466,-0.008825499260903591,0.0051745007390964215,0.014000000000000012,5.523142657786047,236.50967281772787,0.04874449144415585,-0.028579505764848873,-0.07732399720900472
5,32,0.2462007942881967,0.41408676958317514,0.1019484915756112,0.1052,0.099,0.003251508424388802,-0.002948491575611195,-0.006199999999999997,3.236489469544678,121.82101113169065,-0.010523472775670166,0.009542761935506829,0.020066234711176995
5,33,0.2462007942881967,0.5082093407162553,0.12512154334902284,0.1262,0.1388,0.0010784566509771665,0.013678456650977167,0.0126,16.23288367660413,431.94084199548104,-0.017506461365572403,-0.22204079569078441,-0.204534334325212
5,34,0.2462007942881967,0.430076829107486,0.10588525693121209,0.0912,0.0976,-0.014685256931212087,-0.008285256931212084,0.006400000000000003,0.9983593680495653,166.17233833112743,0.014661163829490398,0.008271663873973177,-0.006389499955517221
5,35,0.2462007942881967,0.36780900467919186,0.09055486909836809,0.1104,0.1112,0.01984513090163191,0.020645130901631906,0.0007999999999999952,139.944536430172,949.1527564756387,-2.777217644424959,-2.8891732735690963,-0.11195562914413726
5,36,0.2462007942881967,0.31652023366573906,0.07792753293679057,0.0718,0.0708,-0.006127532936790567,-0.007127532936790568,-0.0010000000000000009,6.873151307071114,195.41330261433143,0.04211546101362339,0.048988612320694506,0.0068731513070711195
5,37,0.2462007942881967,0.29742640159246664,0.07322661631434546,0.0776,0.0764,0.004373383685654542,0.003173383685654535,-0.0012000000000000066,24.367250578494428,932.3150937385956,-0.10656733614424373,-0.07732663545005025,0.029240700694193475
5,38,0.2462007942881967,0.3126547933069382,0.07697585845018014,0.0698,0.0638,-0.0071758584501801365,-0.013175858450180142,-0.006000000000000005,5.873396074234509,270.0823960534741,0.04214665885055054,0.07738703529595763,0.03524037644540708
5,39,0.2462007942881967,0.4273457371252059,0.1052128599159006,0.1044,0.1012,-0.0008128599159005906,-0.004012859915900599,-0.0032000000000000084,4.552813799676205,97.34829717225267,0.003700799842315848,0.01826980400127974,0.014569004158963892
5,40,0.2462007942881967,0.21905177326219738,0.05393072056739096,0.0378,0.0396,-0.016130720567390962,-0.014330720567390959,0.001800000000000003,54.912639677732024,385.40397891795743,0.885780446259321,0.7869376948394031,-0.09884275141991783
5,41,0.2462007942881967,0.3502829106424205,0.08623993082574535,0.0894,0.0914,0.00316006917425464,0.005160069174254642,0.0020000000000000018,6.6992082445835655,589.1633881170978,-0.021169961465621064,-0.034568377954788204,-0.01339841648916714
5,42,0.2462007942881967,0.41157518975916685,0.10133013862802215,0.0882,0.0962,-0.013130138628022148,-0.0051301386280221545,0.007999999999999993,0.00267750104719919,348.5258452404371,3.5155959926399834e-05,1.3735951548806334e-05,-2.1420008377593502e-05
5,43,0.2462007942881967,0.6032014180886877,0.1485086682492015,0.156,0.152,0.007491331750798497,0.003491331750798493,-0.0040000000000000036,8.534279609737458,679.1915357404155,-0.06393311981061843,-0.029796001371668563,0.03413711843894987
5,44,0.2462007942881967,0.33973613686845183,0.08364330674541634,0.0866,0.084,0.002956693254583656,0.00035669325458366485,-0.002599999999999991,9.734565149788962,396.35719992805326,-0.02878212311468616,-0.0034722537252349457,0.025309869389451213
5,45,0.2462007942881967,0.37870641253843484,0.09323781956899616,0.0902,0.088,-0.003037819568996153,-0.00523781956899616,-0.0022000000000000075,21.737332651004504,223.3866410162357,0.0660340945050005,0.11385622633721057,0.04782213183221007
5,46,0.2462007942881967,0.8322142840240537,0.20489181774470494,0.207,0.2114,0.002108182255295049,0.006508182255295064,0.004400000000000015,10.540282884069706,573.6163969497077,-0.022220837341985877,-0.06859808203189274,-0.046377244689906866
5,47,0.2462007942881967,0.40849133535173493,0.10057089122344326,0.0842,0.084,-0.016370891223443262,-0.016570891223443254,-0.00019999999999999185,1.6599851818174067,190.73933207086836,0.02717543684406045,0.02750743388042392,0.00033199703636346833
5,48,0.2462007942881967,0.9486986627935283,0.23357036431991673,0.2374,0.2408,0.0038296356800832654,0.007229635680083252,0.0033999999999999864,13.686283603221217,634.0938876468987,-0.05241348001463453,-0.09894684426558648,-0.04653336425095195
5,49,0.2462007942881967,0.96,0.2363527625166688,0.2432,0.248,0.006847237483331187,0.011647237483331185,0.004799999999999999,10.865815663547078,447.5750252594517,-0.07440082029840668,-0.12655673548343266,-0.05215591518502598
6,7,0.2523668605643421,0.2498529618398943,0.0630546075822365,0.0556,0.0646,-0.007454607582236497,0.0015453924177635109,0.009000000000000008,14.889626678259265,274.7530032620844,0.11099632393242234,-0.02301031617191116,-0.1340066401043335
6,8,0.2523668605643421,0.23864506254115914,0.06022610522269341,0.0528,0.0536,-0.007426105222693408,-0.006626105222693406,0.0008000000000000021,36.10757024019474,188.64978788161235,0.26813861593947924,0.23925255974732335,-0.028886056192155896
6,9,0.2523668605643421,0.22570946894001767,0.05696159007603714,0.0554,0.0522,-0.0015615900760371434,-0.004761590076037138,-0.0031999999999999945,26.184440725086144,88.87118429326001,0.040889362782877345,0.12467957310315286,0.08379021032027552
6,10,0.2523668605643421,0.37881171658931956,0.09559952366063589,0.0932,0.0964,-0.00239952366063588,0.0008004763393641146,0.0031999999999999945,7.109413117920342,305.45041079217486,0.017059204989684964,-0.005690916987660092,-0.022750121977345057
6,11,0.2523668605643421,0.3151854739406006,0.07954236855387363,0.0712,0.0688,-0.00834236855387363,-0.01074236855387363,-0.0023999999999999994,13.106285543692907,179.6207600743434,0.10933746437779227,0.14079254968265523,0.03145508530486296
6,12,0.2523668605643421,0.17558587433166223,0.044312055864526696,0.0268,0.024,-0.017512055864526695,-0.020312055864526696,-0.0028000000000000004,10.629314292766058,464.94589887900503,0.18614114569653126,0.21590322571627624,0.02976208001974498
6,13,0.2523668605643421,0.18220018902510304,0.04598128969849495,0.0392,0.0378,-0.006781289698494952,-0.00818128969849495,-0.0013999999999999985,3.468857708013733,114.16961901766936,0.023523329040898336,0.028379729832117558,0.004856400791219222
6,14,0.2523668605643421,0.20557322827031327,0.05187987023465582,0.0362,0.0378,-0.015679870234655814,-0.014079870234655817,0.0015999999999999973,5.491330739231244,172.10416662296265,0.08610335340672248,0.07731722422395251,-0.00878612918276997
6,15,0.2523668605643421,0.34595507175101126,0.08730759535411442,0.0742,0.082,-0.013107595354114418,-0.005307595354114417,0.007800000000000001,45.021130428972434,89.93238532246865,0.5901187600477783,0.2389539427017933,-0.35116481734598504
6,16,0.2523668605643421,0.2808089832005398,0.07086688150858532,0.0704,0.0646,-0.0004668815085853151,-0.006266881508585315,-0.0058,22.30549757860517,416.72572519311353,0.010414024359245275,0.13978591031515525,0.12937188595590998
6,17,0.2523668605643421,0.32558160642689904,0.08216600787145174,0.081,0.0806,-0.0011660078714517408,-0.0015660078714517384,-0.0003999999999999976,24.418460566470632,52.29827943745879,0.02847211722923869,0.038239501455826885,0.009767384226588197
6,18,0.2523668605643421,0.1961441939672069,0.04950029444942737,0.04,0.0394,-0.00950029444942737,-0.010100294449427373,-0.0006000000000000033,107.33615063098574,209.18722783206945,1.019725036062454,1.0841267264410457,0.06440169037859178
6,19,0.2523668605643421,0.5815475634811581,0.14676333286458232,0.1428,0.1368,-0.0039633328645823085,-0.009963332864582314,-0.006000000000000005,17.19001076247041,183.75110072913608,0.06812973459742257,0.17126979917224514,0.10314006457482257
6,20,0.2523668605643421,0.30358985466230565,0.07661601852031097,0.0654,0.065,-0.011216018520310969,-0.011616018520310967,-0.0003999999999999976,7.65702863642939,114.91039241018629,0.08588137499674348,0.08894418645131522,0.00306281145457174
6,21,0.2523668605643421,0.3591545639587549,0.09063870976362619,0.085,0.0934,-0.005638709763626182,0.002761290236373809,0.00839999999999999,10.125234585329954,113.18011752676269,0.05709325911530551,-0.027958711401466014,-0.08505197051677152
6,22,0.2523668605643421,0.22768425877375342,0.05745996158665141,0.057,0.0582,-0.0004599615866514098,0.0007400384133485899,0.0011999999999999997,124.93359586381499,665.8327289646774,0.057464654979586346,-0.0924556600569916,-0.14992031503657793
6,23,0.2523668605643421,0.20179848513594068,0.050927250160397404,0.0444,0.0456,-0.006527250160397402,-0.005327250160397402,0.0011999999999999997,71.35524824915159,205.58020823393306,0.4657535555794711,0.38012725768048927,-0.08562629789898185
6,24,0.2523668605643421,0.35457382493066114,0.08948268303604161,0.0908,0.0898,0.0013173169639583981,0.00031731696395839726,-0.0010000000000000009,8.451869324187033,170.88097292222778,-0.01113379083791118,-0.0026819215137241404,0.00845186932418704
6,25,0.2523668605643421,0.7210253586494617,0.18196290614964344,0.1808,0.1834,-0.0011629061496434556,0.0014370938503565633,0.002600000000000019,2.7641548191946477,129.25427523310867,0.00321445263780805,-0.003972349892098086,-0.007186802529906136
6,26,0.2523668605643421,0.3766803921978068,0.09506164801510561,0.0922,0.0892,-0.0028616480151056056,-0.005861648015105608,-0.0030000000000000027,15.463194122297018,160.3732677842238,0.04425021876726393,0.09063980113415503,0.0463895823668911
6,27,0.2523668605643421,0.5734241788507295,0.14471325978824442,0.1526,0.1406,0.007886740211755588,-0.004113259788244422,-0.01200000000000001,0.39410956402628217,142.94409411171847,-0.0031082397464435433,0.001621075021871847,0.0047293147683153906
6,28,0.2523668605643421,0.5368048429729841,0.13547175295682665,0.1292,0.1248,-0.006271752956826637,-0.010671752956826652,-0.004400000000000015,27.979780384457502,140.6097217676608,0.1754822703575813,0.2985933040491947,0.12311103369161341
6,29,0.2523668605643421,0.20992975486519724,0.05297931317437175,0.0586,0.0498,0.005620686825628246,-0.003179313174371756,-0.008800000000000002,10.355527166097133,135.1972155021377,-0.05820517511491756,0.03292346394673723,0.09112863906165479
6,30,0.2523668605643421,0.518065685771502,0.13074261068426693,0.1228,0.1232,-0.007942610684266924,-0.007542610684266926,0.0003999999999999976,29.26487461993808,140.38996752787224,0.23243950583005213,0.22073355598207697,-0.011705949847975156
6,31,0.2523668605643421,0.5744315312620573,0.14496748215377311,0.1408,0.1442,-0.0041674821537731055,-0.0007674821537731191,0.0033999999999999864,6.611193766513585,128.43185239957538,0.027552032037081366,0.0050739732309352656,-0.0224780588061461
6,32,0.2523668605643421,0.41408676958317514,0.10450177804093602,0.1078,0.109,0.003298221959063985,0.004498221959063978,0.0011999999999999927,9.748984095133935,204.43341440519941,-0.032154313421136275,-0.043853094335296924,-0.011698780914160649
6,33,0.2523668605643421,0.5082093407162553,0.12825519582603545,0.1264,0.1284,-0.0018551958260354384,0.0001448041739645356,0.001999999999999974,0.7962985385924972,158.70900441111388,0.0014772897250749204,-0.00011530735211005343,-0.0015925970771849738
6,34,0.2523668605643421,0.430076829107486,0.1085371391633233,0.1,0.102,-0.008537139163323298,-0.006537139163323311,0.001999999999999988,35.05279691872444,100.42314845667217,0.29925060535886067,0.2291450115214122,-0.07010559383744847
6,35,0.2523668605643421,0.36780900467919186,0.09282280379818307,0.068,0.067,-0.024822803798183066,-0.025822803798183067,-0.0010000000000000009,47.72674581779719,287.1097313353787,1.1847116473609338,1.232438393178731,0.047726745817797234
6,36,0.2523668605643421,0.31652023366573906,0.07987921767531454,0.0722,0.0766,-0.0076792176753145425,-0.0032792176753145413,0.004400000000000001,5.288580275565675,112.82456590043566,0.040612159129443784,0.01734240591695481,-0.023269753212488975
6,37,0.2523668605643421,0.29742640159246664,0.07506056721884005,0.0506,0.0538,-0.024460567218840053,-0.02126056721884005,0.0032000000000000015,0.00022376059248614067,168.5241759435183,5.47331101343472e-06,4.75727711747907e-06,-7.160338959556499e-07
6,38,0.2523668605643421,0.3126547933069382,0.07890370862726527,0.0794,0.0712,0.0004962913727347279,-0.007703708627265271,-0.008199999999999999,6.239263948756786,129.87715750582421,-0.0030964928699828043,0.048065471509822835,0.05116196437980564
6,39,0.2523668605643421,0.4273457371252059,0.10784790205384283,0.1026,0.1042,-0.005247902053842832,-0.0036479020538428275,0.0016000000000000042,7.7708729032778106,125.95659299484339,0.04078077986926323,0.0283473832240187,-0.012433396645244527
6,40,0.2523668605643421,0.21905177326219738,0.055281408319232846,0.0492,0.0466,-0.006081408319232845,-0.008681408319232843,-0.002599999999999998,6.194849235774366,177.57953073366144,0.03767340767883146,0.0537800156918448,0.016106608013013335
6,41,0.2523668605643421,0.3502829106424205,0.08839979846816765,0.0792,0.0818,-0.009199798468167639,-0.0065997984681676475,0.002599999999999991,5.443253106517446,188.82418616263712,0.05007683159118794,0.03592437351424263,-0.014152458076945311
6,42,0.2523668605643421,0.41157518975916685,0.1038679385256943,0.1048,0.1048,0.0009320614743057037,0.0009320614743057037,0.0,23.713163233597783,143.38191630032924,-0.02210212588395896,-0.02210212588395896,0.0
6,43,0.2523668605643421,0.6032014180886877,0.15222804817100127,0.1542,0.1412,0.0019719518289987303,-0.011028048171001281,-0.013000000000000012,4.0000478869209495,275.1249405042509,-0.007887901746696274,0.04411272078327612,0.052000622529972396
6,44,0.2523668605643421,0.33973613686845183,0.08573814228174882,0.088,0.0828,0.002261857718251173,-0.0029381422817488234,-0.005199999999999996,3.2448057724994213,123.47848806573134,-0.007339288980753775,0.009533701036243203,0.016872990016996978
6,45,0.2523668605643421,0.37870641253843484,0.0955729484079094,0.087,0.0806,-0.008572948407909411,-0.0149729484079094,-0.006399999999999989,0.06709636578187766,153.39840661836539,0.0005752136822062557,0.001004630423210272,0.00042941674100401635
6,46,0.2523668605643421,0.8322142840240537,0.21002330617595216,0.2136,0.2066,0.0035766938240478496,-0.0034233061759521566,-0.007000000000000006,2.8048904783245354,248.90329360978623,-0.010032234450953985,0.009601998897317781,0.019634233348271767
6,47,0.2523668605643421,0.40849133535173493,0.1030896758704532,0.0948,0.0894,-0.008289675870453206,-0.013689675870453208,-0.005400000000000002,38.56118173335246,107.55310771606283,0.31965969775113284,0.5278900791112362,0.20823038136010336
6,48,0.2523668605643421,0.9486986627935283,0.23942010315079218,0.2372,0.238,-0.0022201031507921853,-0.0014201031507921902,0.0007999999999999952,1.4929495774301216,255.26104776821242,0.0033145020608264745,0.0021201423988823844,-0.0011943596619440901
6,49,0.2523668605643421,0.96,0.2422721861417684,0.2414,0.239,-0.0008721861417683996,-0.003272186141768413,-0.0024000000000000132,2.6407135256122394,188.36925324537657,0.002303193741419367,0.008640906202888776,0.006337712461469408
7,8,0.2498529618398943,0.23864506254115914,0.05962617570437542,0.0678,0.07,0.008173824295624577,0.010373824295624584,0.0022000000000000075,4.623573331957168,484.63658857025024,-0.037792276033353375,-0.047964137363659176,-0.0101718613303058
7,9,0.2498529618398943,0.22570946894001767,0.056394179329973045,0.0438,0.0508,-0.012594179329973046,-0.005594179329973047,0.006999999999999999,1.58348385862979,212.05554671052295,0.01994267968170126,0.008858292671292733,-0.011084387010408526
7,10,0.2498529618398943,0.37881171658931956,0.09464722936949611,0.0856,0.0862,-0.009047229369496118,-0.008447229369496115,0.0006000000000000033,1.4217214842757842,690.6825957808896,0.012862640367783488,0.012009607477218012,-0.0008530328905654756
7,11,0.2498529618398943,0.3151854739406006,0.07875002419296988,0.0784,0.0746,-0.0003500241929698805,-0.004150024192969878,-0.003799999999999998,0.05685719968961561,637.7361490031099,1.9901395435885047e-05,0.00023595875425642425,0.0002160573588205392
7,12,0.2498529618398943,0.17558587433166223,0.04387065075901328,0.036,0.0408,-0.007870650759013283,-0.003070650759013277,0.004800000000000006,50.679745542037914,449.79896915356073,0.3988825777170407,0.15561979911525847,-0.24326277860178225
7,13,0.2498529618398943,0.18220018902510304,0.0455232568757106,0.0286,0.029,-0.0169232568757106,-0.016523256875710598,0.00040000000000000105,32.73207075465393,223.26215221270675,0.5539332414549429,0.5408404131530814,-0.013092828301861537
7,14,0.2498529618398943,0.20557322827031327,0.05136307995832646,0.0426,0.0444,-0.00876307995832646,-0.006963079958326457,0.001800000000000003,38.46563210895263,212.3761596213107,0.33707740981832157,0.2678392720222067,-0.06923813779611487
7,15,0.2498529618398943,0.34595507175101126,0.08643789934052332,0.074,0.076,-0.01243789934052332,-0.010437899340523318,0.0020000000000000018,8.128604787320624,74.97613183807259,0.1011027681235899,0.08484555854894862,-0.016257209574641274
7,16,0.2498529618398943,0.2808089832005398,0.070160956163904,0.0534,0.052,-0.016760956163903995,-0.018160956163904,-0.0014000000000000054,0.7467754976546714,39.74391668085744,0.01251667138046754,0.013562157077184082,0.0010454856967165426
7,17,0.2498529618398943,0.32558160642689904,0.08134752868635149,0.0784,0.0802,-0.0029475286863514943,-0.0011475286863514983,0.001799999999999996,1.1724471220025503,270.4076833629483,0.0034558215253327673,0.0013454167057281813,-0.002110404819604586
7,18,0.2498529618398943,0.1961441939672069,0.04900720781040537,0.0418,0.0394,-0.007207207810405375,-0.009607207810405374,-0.0023999999999999994,42.27090974067779,252.46155069761423,0.3046552308359536,0.40610541421358026,0.10145018337762668
7,19,0.2498529618398943,0.5815475634811581,0.14530138118654132,0.139,0.1384,-0.006301381186541305,-0.006901381186541322,-0.0006000000000000172,0.08258489844426496,484.0127444179419,0.0005203989253491155,0.0005699498644156759,4.955093906656039e-05
7,20,0.2498529618398943,0.30358985466230565,0.0758528243719201,0.0706,0.079,-0.005252824371920109,0.0031471756280798957,0.008400000000000005,1.1915343493394583,592.3625935313478,0.006258920670190276,-0.00374996786426118,-0.010008888534451456
7,21,0.2498529618398943,0.3591545639587549,0.08973583156341067,0.0846,0.0852,-0.005135831563410673,-0.004535831563410669,0.0006000000000000033,0.45791006802243156,93.45905261818783,0.002351748980553132,0.0020770029397396716,-0.00027474604081346044
7,22,0.2498529618398943,0.22768425877375342,0.05688758641894323,0.0364,0.0348,-0.02048758641894323,-0.022087586418943234,-0.0016000000000000042,53.56281210983202,130.36536242547447,1.0973727419418025,1.1830732413175338,0.08570049937573132
7,23,0.2498529618398943,0.20179848513594068,0.050419949206018666,0.0508,0.0488,0.0003800507939813319,-0.001619949206018663,-0.001999999999999995,21.054292541167964,76.04636424230328,-0.008001700596986119,0.0341068844853497,0.04210858508233582
7,24,0.2498529618398943,0.35457382493066114,0.08859132034982584,0.08,0.0834,-0.008591320349825834,-0.005191320349825834,0.0034000000000000002,0.9053484748000821,163.03724436456793,0.007778138775233727,0.0046999539609134475,-0.003078184814320279
7,25,0.2498529618398943,0.7210253586494617,0.18015032142024007,0.164,0.1734,-0.01615032142024006,-0.0067503214202400685,0.009399999999999992,4.8230007981013525,195.63662311337956,0.07789301309941118,0.03255680559725851,-0.04533620750215268
7,26,0.2498529618398943,0.3766803921978068,0.09411471165763505,0.09,0.0922,-0.004114711657635051,-0.0019147116576350431,0.0022000000000000075,0.005419743170460221,112.5036044319215,2.230068040488062e-05,1.0377245429868093e-05,-1.1923434975012527e-05
7,27,0.2498529618398943,0.5734241788507295,0.14327172947646405,0.1264,0.1338,-0.016871729476464037,-0.009471729476464047,0.00739999999999999,10.438885665154046,202.7776903796476,0.17612205497821742,0.09887430105607758,-0.07724775392213984
7,28,0.2498529618398943,0.5368048429729841,0.13412227994679946,0.118,0.1236,-0.01612227994679946,-0.010522279946799454,0.005600000000000008,2.0474284500011066,136.80784386607576,0.03300921464195954,0.02154361532195333,-0.011465599320006212
7,29,0.2498529618398943,0.20992975486519724,0.052451571031392495,0.049,0.0528,-0.0034515710313924933,0.00034842896860750455,0.003799999999999998,0.41050598619191503,291.26456616702336,0.0014168905701532207,-0.00014303217737605546,-0.0015599227475292762
7,30,0.2498529618398943,0.518065685771502,0.12944024601762577,0.1088,0.1182,-0.020640246017625777,-0.011240246017625771,0.009400000000000006,2.4055823719811835,220.26724495711233,0.04965181197335539,0.027039337676732254,-0.02261247429662314
7,31,0.2498529618398943,0.5744315312620573,0.14352341946005084,0.1296,0.1318,-0.013923419460050851,-0.011723419460050843,0.0022000000000000075,1.657614344848168,210.56485938685424,0.023079659826318422,0.01943290826765244,-0.0036467515586659817
7,32,0.2498529618398943,0.41408676958317514,0.10346080583907016,0.0852,0.085,-0.018260805839070166,-0.018460805839070157,-0.00019999999999999185,0.5422431078024794,72.35087224109746,0.00990179610915507,0.01001024473071556,0.00010844862156049115
7,33,0.2498529618398943,0.5082093407162553,0.1269776090126564,0.1192,0.1284,-0.007777609012656395,0.0014223909873435914,0.009199999999999986,8.799245911385096,410.46772222261365,0.06843709430496865,-0.012515968079774106,-0.08095306238474276
7,34,0.2498529618398943,0.430076829107486,0.10745596957121545,0.0988,0.097,-0.00865596957121545,-0.010455969571215445,-0.001799999999999996,4.251152651708236,147.55705842804988,0.036797847995778364,0.04444992276885317,0.007652074773074807
7,35,0.2498529618398943,0.36780900467919186,0.09189816921047964,0.091,0.0886,-0.0008981692104796379,-0.0032981692104796373,-0.0023999999999999994,115.93178969578105,767.7853318114021,0.10412636402055109,0.3823626592904255,0.2782362952698744
7,36,0.2498529618398943,0.31652023366573906,0.07908351786364033,0.068,0.082,-0.011083517863640327,0.0029164821363596716,0.013999999999999999,2.430532631685894,210.73047108490388,0.026938851841451342,-0.007088605002151171,-0.03402745684360251
7,37,0.2498529618398943,0.29742640159246664,0.07431286736725964,0.07,0.075,-0.004312867367259637,0.0006871326327403532,0.0049999999999999906,15.005292401541663,829.3898839340073,0.06471583593479803,-0.01031062607291014,-0.07502646200770817
7,38,0.2498529618398943,0.3126547933069382,0.07811772614117847,0.0586,0.0662,-0.01951772614117847,-0.011917726141178475,0.007599999999999996,1.851929150257294,255.81282405523046,0.03614544598758722,0.022070784445631795,-0.014074661541955424
7,39,0.2498529618398943,0.4273457371252059,0.10677359815038558,0.0846,0.085,-0.02217359815038558,-0.02177359815038557,0.00040000000000001146,1.147210991086074,43.70566221377782,0.02543779551004818,0.024978911113613736,-0.000458884396434444
7,40,0.2498529618398943,0.21905177326219738,0.054730734345840984,0.0348,0.0314,-0.019930734345840986,-0.023330734345840987,-0.0034000000000000002,40.292702531686814,346.8539827690325,0.8030631502350445,0.9400583388427797,0.13699518860773519
7,41,0.2498529618398943,0.3502829106424205,0.0875192227059078,0.0964,0.0994,0.008880777294092201,0.011880777294092204,0.0030000000000000027,2.3275465002946065,615.7361253608451,-0.02067042211076011,-0.027653061611643933,-0.006982639500883823
7,42,0.2498529618398943,0.41157518975916685,0.10283328018114438,0.0924,0.0932,-0.01043328018114438,-0.009633280181144371,0.000800000000000009,1.0219358550959485,332.8301533417809,0.010662143103373396,0.009844594419296627,-0.0008175486840767687
7,43,0.2498529618398943,0.6032014180886877,0.15071166089548302,0.1396,0.1402,-0.011111660895483016,-0.010511660895483027,0.0005999999999999894,3.4547505638884988,638.4145941320579,0.038388016744407734,0.03631516640607467,-0.002072850338333064
7,44,0.2498529618398943,0.33973613686845183,0.0848840800406264,0.0722,0.0726,-0.012684080040626405,-0.012284080040626408,0.0003999999999999976,4.2327855560951555,358.60809778692624,0.0536889907883183,0.05199587656588025,-0.0016931142224380497
7,45,0.2498529618398943,0.37870641253843484,0.09462091884048883,0.0754,0.0786,-0.019220918840488835,-0.016020918840488826,0.0032000000000000084,12.957683436669555,140.623088626339,0.24905858169697195,0.20759399469962928,-0.04146458699734268
7,46,0.2498529618398943,0.8322142840240537,0.20793120374887686,0.1816,0.1944,-0.026331203748876847,-0.013531203748876869,0.012799999999999978,4.769537915493099,536.8237621565652,0.12558767464084214,0.06453758932253058,-0.06105008531831156
7,47,0.2498529618398943,0.40849133535173493,0.1020627700235645,0.0838,0.082,-0.018262770023564495,-0.02006277002356449,-0.001799999999999996,5.5274696179872285,167.82722321267548,0.10094690644554065,0.11089635175791764,0.009949445312376987
7,48,0.2498529618398943,0.9486986627935283,0.23703517079251019,0.2164,0.226,-0.020635170792510177,-0.01103517079251018,0.009599999999999997,6.952950206391477,596.4101224504124,0.143475315020707,0.07672699303934885,-0.06674832198135816
7,49,0.2498529618398943,0.96,0.23985884336629854,0.2192,0.2306,-0.02065884336629853,-0.009258843366298536,0.011399999999999993,4.989329309913062,410.1870417515776,0.10307377271637629,0.046195418583367405,-0.05687835413300888
8,9,0.23864506254115914,0.22570946894001767,0.05386445033132233,0.0482,0.0434,-0.005664450331322332,-0.01046445033132233,-0.004799999999999999,0.7954571535016853,66.04197815258496,0.00450582753670534,0.00832402187351343,0.003818194336808089
8,10,0.23864506254115914,0.37881171658931956,0.09040154579678202,0.0962,0.0942,0.005798454203217979,0.0037984542032179908,-0.001999999999999988,11.173036440054524,100.75904899085094,-0.0647863401085418,-0.04244026722843288,0.022346072880108918
8,11,0.23864506254115914,0.3151854739406006,0.07521745714061952,0.0658,0.059,-0.00941745714061952,-0.01621745714061952,-0.0068000000000000005,5.705873718205006,57.16832885041308,0.05373482119098299,0.09253476247477703,0.03879994128379404
8,12,0.23864506254115914,0.17558587433166223,0.04190270196122364,0.0538,0.0518,0.011897298038776358,0.009897298038776356,-0.0020000000000000018,85.91844715780546,1185.6929497603694,-1.0221973728652691,-0.8503604785496579,0.17183689431561122
8,13,0.23864506254115914,0.18220018902510304,0.04348117550490673,0.0526,0.0456,0.00911882449509327,0.0021188244950932703,-0.006999999999999999,61.95963802588471,142.9792068744443,-0.5649990649375498,-0.13128159875635695,0.4337174661811929
8,14,0.23864506254115914,0.20557322827031327,0.04905903591735689,0.0504,0.0482,0.0013409640826431077,-0.0008590359173568929,-0.0022000000000000006,69.76118855546872,643.2925328923587,-0.09354724821537698,0.05992736660665425,0.15347461482203123
8,15,0.23864506254115914,0.34595507175101126,0.08256046973445128,0.0828,0.08,0.0002395302655487236,-0.0025604697344512733,-0.002799999999999997,0.49115037757930025,225.3408713595004,-0.00011764538036592565,0.0012575756768561136,0.0013752210572220392
8,16,0.23864506254115914,0.2808089832005398,0.06701367735801213,0.0732,0.071,0.006186322641987874,0.003986322641987866,-0.0022000000000000075,1.6540220001119468,703.5792046637133,-0.010232313749638606,-0.00659346534939231,0.0036388484002462963
8,17,0.23864506254115914,0.32558160642689904,0.07769844282799838,0.0788,0.0752,0.0011015571720016104,-0.0024984428279983817,-0.003599999999999992,1.1394572378438141,64.79225919083278,-0.0012551772925359984,0.0028468687637017236,0.004102046056237722
8,18,0.23864506254115914,0.1961441939672069,0.04680884343638934,0.028,0.0256,-0.018808843436389337,-0.021208843436389336,-0.0023999999999999994,18.93432205775049,190.94570866676574,0.3561326991584021,0.40157507209700327,0.04544237293860115
8,19,0.23864506254115914,0.5815475634811581,0.13878345465761968,0.1298,0.117,-0.008983454657619683,-0.021783454657619675,-0.012799999999999992,3.4702984744917353,16.01004706327053,0.03117526899400326,0.07559508946749745,0.04441982047349419
8,20,0.23864506254115914,0.30358985466230565,0.07245021985274734,0.0698,0.0704,-0.0026502198527473403,-0.002050219852747337,0.0006000000000000033,10.50942187688126,126.56787221531833,0.02785227849900793,0.02154662537287914,-0.006305653126128789
8,21,0.23864506254115914,0.3591545639587549,0.0857104633778798,0.079,0.0838,-0.006710463377879797,-0.001910463377879798,0.004799999999999999,7.991590462575893,186.56402974313892,0.05362727513012899,0.015267640909764717,-0.03835963422036427
8,22,0.23864506254115914,0.22768425877375342,0.05433572417469985,0.0722,0.0658,0.017864275825300154,0.01146427582530015,-0.006400000000000003,26.712485800616548,1018.318633024857,-0.4771992143216278,-0.30623930519768183,0.17095990912394599
8,23,0.23864506254115914,0.20179848513594068,0.04815821210597773,0.0384,0.0352,-0.009758212105977736,-0.01295821210597773,-0.0031999999999999945,5.945043924243222,346.8602837638842,0.05801299959211959,0.07703714014969787,0.019024140557578277
8,24,0.23864506254115914,0.35457382493066114,0.08461729262603564,0.0864,0.0834,0.0017827073739643678,-0.0012172926260356348,-0.0030000000000000027,9.620838259576763,168.81426236958504,-0.017151139309066008,0.011711375469664304,0.02886251477873031
8,25,0.23864506254115914,0.7210253586494617,0.17206914180866248,0.1826,0.1794,0.010530858191337533,0.007330858191337525,-0.0032000000000000084,18.89104296003717,110.2958255181661,-0.19893889449861665,-0.13848755702649757,0.06045133747211909
8,26,0.23864506254115914,0.3766803921978068,0.08989291575407396,0.091,0.0824,0.0011070842459260377,-0.007492915754073959,-0.008599999999999997,4.312395033510206,201.61376856738258,-0.004774184603808836,0.03231241268437892,0.03708659728818776
8,27,0.23864506254115914,0.5734241788507295,0.13684484902444516,0.1402,0.1366,0.0033551509755548325,-0.00024484902444515955,-0.003599999999999992,28.95705555501907,82.40389683065727,-0.09715529319461771,0.0070901068034507075,0.10424539999806842
8,28,0.23864506254115914,0.5368048429729841,0.12810582532368492,0.1234,0.1168,-0.004705825323684923,-0.011305825323684918,-0.006599999999999995,0.5174871502975954,129.14505666928116,0.00243520413655197,0.005850619328516097,0.0034154151919641267
8,29,0.23864506254115914,0.20992975486519724,0.0500986994790552,0.0442,0.0438,-0.005898699479055199,-0.006298699479055203,-0.0004000000000000045,7.7894410224381705,48.4491349751675,0.04594757170118723,0.04906334811016253,0.0031157764089752987
8,30,0.23864506254115914,0.518065685771502,0.1236338179813686,0.119,0.114,-0.00463381798136861,-0.0096338179813686,-0.0049999999999999906,0.3591072774519386,75.88025721369387,0.0016640377594971194,0.003459574146756809,0.0017955363872596895
8,31,0.23864506254115914,0.5744315312620573,0.13708524870364747,0.1512,0.1396,0.014114751296352535,0.0025147512963525354,-0.0116,11.818010404511053,87.04673871965245,-0.16680827767738013,-0.02971935698505192,0.1370889206923282
8,32,0.23864506254115914,0.41408676958317514,0.09881976302464339,0.1174,0.108,0.018580236975356615,0.00918023697535661,-0.009400000000000006,8.332581838505263,308.40662842218813,-0.15482134517598048,-0.07649507589403097,0.07832626928194951
8,33,0.23864506254115914,0.5082093407162553,0.12128164989923201,0.1226,0.1164,0.001318350100767987,-0.00488164989923201,-0.006199999999999997,26.17961488130923,35.539777092913035,-0.03451389791684112,0.12779971434727605,0.16231361226411717
8,34,0.23864506254115914,0.430076829107486,0.1026357117798594,0.1026,0.1034,-3.571177985940699e-05,0.000764288220140602,0.000800000000000009,0.007817609149019304,160.16936263396116,2.791807369566634e-07,-5.9749065822588504e-06,-6.254087319215514e-06
8,35,0.23864506254115914,0.36780900467919186,0.08777580292486724,0.1,0.0908,0.012224197075132767,0.0030241970751327674,-0.0092,166.85953697192946,881.578288417264,-2.0397238638102677,-0.5046161236685169,1.5351077401417508
8,36,0.23864506254115914,0.31652023366573906,0.0755359909587026,0.0664,0.0686,-0.0091359909587026,-0.006935990958702606,0.0021999999999999936,13.758655421530468,62.28542180614347,0.12569895153500688,0.09542990960763993,-0.030269041927366944
8,37,0.23864506254115914,0.29742640159246664,0.07097934220942612,0.0688,0.059,-0.002179342209426116,-0.01197934220942612,-0.009800000000000003,36.28756553702342,345.14773679301715,0.07908302325215161,0.4347011655149812,0.3556181422628296
8,38,0.23864506254115914,0.3126547933069382,0.07461352270252744,0.0714,0.0666,-0.0032135227025274354,-0.008013522702527434,-0.004799999999999999,12.327862769074363,69.36173134298144,0.0396158668820632,0.09878960817362013,0.05917374129155693
8,39,0.23864506254115914,0.4273457371252059,0.10198395016294251,0.1114,0.103,0.009416049837057489,0.0010160498370574839,-0.008400000000000005,10.376960240011124,358.736878853653,-0.09770997477710879,-0.01054350876101529,0.0871664660160935
8,40,0.23864506254115914,0.21905177326219738,0.0522756241299089,0.0584,0.0492,0.006124375870091098,-0.003075624129908902,-0.0092,72.2143538104878,127.68873881916633,-0.4422678459511726,0.22210420910531514,0.6643720550564878
8,41,0.23864506254115914,0.3502829106424205,0.0835932871173597,0.0656,0.0672,-0.017993287117359688,-0.016393287117359698,0.0015999999999999903,13.512089860426688,29.46363103498124,0.243126912414222,0.22150756863753943,-0.021619343776682565
8,42,0.23864506254115914,0.41157518975916685,0.0982203869004658,0.0962,0.0938,-0.002020386900465812,-0.004420386900465811,-0.0023999999999999994,1.2980982947667792,51.54450949353055,0.002622660790263809,0.005738096697704078,0.0031154359074402694
8,43,0.23864506254115914,0.6032014180886877,0.14395104014469073,0.1544,0.1404,0.010448959855309276,-0.003551040144690737,-0.014000000000000012,16.07164425118208,72.96781966154201,-0.16793196558941365,0.057071053927135657,0.2250030195165493
8,44,0.23864506254115914,0.33973613686845183,0.08107635163046349,0.0854,0.0786,0.004323648369536512,-0.0024763516304634886,-0.0068000000000000005,17.704091799268628,46.866701953013475,-0.07654626764203254,0.043841556592994144,0.12038782423502668
8,45,0.23864506254115914,0.37870641253843484,0.0903764155049728,0.0978,0.0948,0.007423584495027197,0.004423584495027194,-0.0030000000000000027,33.06167014575958,534.1075063666628,-0.24543610187376436,-0.14625109143648554,0.09918501043727881
8,46,0.23864506254115914,0.8322142840240537,0.19860382985856628,0.2064,0.1996,0.007796170141433717,0.0009961701414337165,-0.0068000000000000005,18.78508831552969,62.41628110345759,-0.146451744629728,-0.018713144084126068,0.12773860054560193
8,47,0.23864506254115914,0.40849133535173493,0.09748444027253639,0.1002,0.0894,0.0027155597274636095,-0.008084440272536395,-0.010800000000000004,0.04032366417066386,121.40949422919677,-0.00010950131848562206,0.0003259942545575478,0.00043549557304316987
8,48,0.23864506254115914,0.9486986627935283,0.2264022517150756,0.2372,0.226,0.010797748284924386,-0.0004022517150756022,-0.011199999999999988,22.9162722397437,62.81284912885263,-0.24744413927355285,0.009218109811576315,0.2566622490851292
8,49,0.23864506254115914,0.96,0.22909926003951275,0.242,0.2324,0.01290073996048724,0.0033007399604872423,-0.009599999999999997,19.21884454085469,63.79679780744887,-0.24793731576259614,-0.06343640817039116,0.184500907592205
9,10,0.22570946894001767,0.37881171658931956,0.0855013913796318,0.089,0.0832,0.0034986086203682015,-0.002301391379631798,-0.0058,6.006053904108148,164.2094862455141,-0.02101283196330886,0.013822280680518398,0.03483511264382726
9,11,0.22570946894001767,0.3151854739406006,0.07114034594074074,0.0688,0.0668,-0.002340345940740743,-0.004340345940740745,-0.0020000000000000018,2.2404492417510165,156.69992771719322,0.005243426288367666,0.009724324771869703,0.004480898483502037
9,12,0.22570946894001767,0.17558587433166223,0.03963139444876816,0.0402,0.0428,0.0005686055512318378,0.003168605551231836,0.002599999999999998,70.17976467122512,784.9515978003899,-0.03990460377620261,-0.2223719919213878,-0.18246738814518518
9,13,0.22570946894001767,0.18220018902510304,0.04112430790562684,0.0392,0.0382,-0.0019243079056268445,-0.0029243079056268453,-0.0010000000000000009,48.71426368035258,33.1296148776964,0.09374124271689313,0.14245550639724575,0.048714263680352615
9,14,0.22570946894001767,0.20557322827031327,0.04639982418117743,0.0408,0.0474,-0.0055998241811774305,0.0010001758188225643,0.006599999999999995,55.658050275409884,374.4700542565682,0.31167529580942943,-0.05566783600827553,-0.36734313181770495
9,15,0.22570946894001767,0.34595507175101126,0.07808533552202646,0.067,0.0682,-0.011085335522026452,-0.009885335522026459,0.0011999999999999927,2.536710056941178,50.93966668637445,0.02812028210329178,0.025076230034962385,-0.003044052068329396
9,16,0.22570946894001767,0.2808089832005398,0.06338124647178019,0.059,0.0524,-0.00438124647178019,-0.010981246471780184,-0.006599999999999995,0.15539665114061643,366.72556954285506,0.0006808310295362827,0.0017064489270643504,0.0010256178975280676
9,17,0.22570946894001767,0.32558160642689904,0.07348685148325322,0.0738,0.08,0.00031314851674678346,0.006513148516746781,0.006199999999999997,0.030824676072468273,25.91939835164543,-9.652701591293507e-06,-0.0002007656932405967,-0.0001911129916493032
9,18,0.22570946894001767,0.1961441939672069,0.044271601856006086,0.035,0.0324,-0.009271601856006083,-0.011871601856006088,-0.002600000000000005,27.49159392884042,149.61779517686773,0.2548911132952024,0.32636925751018764,0.07147814421498522
9,19,0.22570946894001767,0.5815475634811581,0.13126079171669341,0.1242,0.124,-0.00706079171669341,-0.0072607917166934155,-0.00020000000000000573,0.9428209332872868,59.38102562839534,0.0066570622360800245,0.006845626422737487,0.0001885641866574625
9,20,0.22570946894001767,0.30358985466230565,0.06852310487140616,0.0604,0.0684,-0.008123104871406155,-0.00012310487140615445,0.008,5.522217078951821,134.79760952857964,0.0448575484549958,0.0006798118233812337,-0.04417773663161457
9,21,0.22570946894001767,0.3591545639587549,0.08106458589851417,0.0724,0.0804,-0.008664585898514168,-0.000664585898514175,0.007999999999999993,3.744442019241024,63.28583119861518,0.032444039517719694,0.002488503363791528,-0.029955536153928167
9,22,0.22570946894001767,0.22768425877375342,0.051390493133825446,0.047,0.0472,-0.004390493133825446,-0.004190493133825447,0.0001999999999999988,36.727191929585295,592.9004504908021,0.16125048399153358,0.15390504560561655,-0.00734543838591703
9,23,0.22570946894001767,0.20179848513594068,0.04554782891293322,0.0422,0.0432,-0.003347828912933219,-0.0023478289129332183,0.0010000000000000009,11.089766632948912,169.7747988052169,0.03712664137146844,0.02603687473851952,-0.01108976663294892
9,24,0.22570946894001767,0.35457382493066114,0.08003066972513033,0.0784,0.0816,-0.001630669725130332,0.0015693302748696764,0.0032000000000000084,4.88349698325542,51.46904336667433,0.007963370683359922,-0.007663819663057464,-0.015627190346417387
9,25,0.22570946894001767,0.7210253586494617,0.1627422507930558,0.1634,0.1682,0.000657749206944197,0.005457749206944196,0.004799999999999999,11.933561248909719,22.125108656510307,-0.00784929044749037,-0.06513038444225701,-0.057281093994766635
9,26,0.22570946894001767,0.3766803921978068,0.08502033128308455,0.0804,0.0838,-0.004620331283084547,-0.001220331283084547,0.0034000000000000002,1.4036246140186586,63.417230459482774,0.006485210713857881,0.0017128870261944415,-0.004772323687663439
9,27,0.22570946894001767,0.5734241788507295,0.12942726688576386,0.1258,0.1264,-0.003627266885763869,-0.003027266885763852,0.0006000000000000172,20.153742581971077,18.73356965402325,0.0731030030917929,0.061010757542609914,-0.012092245549182992
9,28,0.22570946894001767,0.5368048429729841,0.12116193603186183,0.1116,0.1112,-0.009561936031861826,-0.009961936031861837,-0.00040000000000001146,0.029762546526486494,32.95778278934925,0.0002845875660315752,0.00029649258464217016,1.1905018610594933e-05
9,29,0.22570946894001767,0.20992975486519724,0.04738313348533176,0.048,0.044,0.0006168665146682392,-0.0033831334853317643,-0.0040000000000000036,3.606478112073037,20.01543289745974,-0.002224715583221786,0.012201196865070376,0.014425912448292161
9,30,0.22570946894001767,0.518065685771502,0.11693233081153179,0.107,0.111,-0.00993233081153179,-0.005932330811531786,0.0040000000000000036,0.08563140644056488,7.750225740944986,0.0008505194566244242,0.0005079938308621644,-0.0003425256257622598
9,31,0.22570946894001767,0.5744315312620573,0.1296546358635601,0.1234,0.1276,-0.006254635863560107,-0.0020546358635601114,0.004199999999999995,6.48134853880717,14.881854700085515,0.04053847501505622,0.013316811152066137,-0.027221663862990082
9,32,0.22570946894001767,0.41408676958317514,0.09346330485770592,0.091,0.0938,-0.0024633048577059197,0.00033669514229407727,0.002799999999999997,3.978976230463937,100.89879494122152,0.009801431477198206,-0.0013397019681008066,-0.011141133445299012
9,33,0.22570946894001767,0.5082093407162553,0.11470766040342249,0.1128,0.1132,-0.0019076604034224953,-0.0015076604034224977,0.0003999999999999976,17.84824083592122,47.352492058172295,0.03404838231343533,0.026909085979066886,-0.0071392963343684425
9,34,0.22570946894001767,0.430076829107486,0.0970724127012574,0.0888,0.0912,-0.008272412701257392,-0.005872412701257393,0.0023999999999999994,0.6455589026889668,29.879261748959262,0.0053403296660139935,0.0037909882995604736,-0.00154934136645352
9,35,0.22570946894001767,0.36780900467919186,0.08301797511749687,0.0932,0.082,0.010182024882503138,-0.0010179751174968638,-0.011200000000000002,144.6133264501694,681.0503122689154,-1.472456488257174,0.14721276798472352,1.6196692562418975
9,36,0.22570946894001767,0.31652023366573906,0.07144161384946426,0.0622,0.0676,-0.009241613849464266,-0.0038416138494642704,0.005399999999999995,7.937641951619349,6.940497410550808,0.07335662179217393,0.030493355253429492,-0.04286326653874444
9,37,0.22570946894001767,0.29742640159246664,0.06713195515217607,0.0524,0.0604,-0.014731955152176068,-0.006731955152176068,0.008,26.337753296119683,364.0613157095271,0.3880066003675126,0.17730457399855512,-0.2107020263689575
9,38,0.22570946894001767,0.3126547933069382,0.07056914735886001,0.0688,0.067,-0.0017691473588600098,-0.003569147358860006,-0.001799999999999996,6.860321718186301,29.77084076431031,0.01213692004865926,0.024485499141394574,0.012348579092735314
9,39,0.22570946894001767,0.4273457371252059,0.09645597938031061,0.0958,0.089,-0.0006559793803106173,-0.007455979380310618,-0.0068000000000000005,5.426313581530497,140.53029819284902,0.003559549820583462,0.040458482174990845,0.03689893235440738
9,40,0.22570946894001767,0.21905177326219738,0.04944205941337973,0.0464,0.0406,-0.003042059413379733,-0.008842059413379733,-0.0058,57.851522891247996,87.5165489573396,0.17598776978967406,0.5115266025589125,0.3355388327692384
9,41,0.22570946894001767,0.3502829106424205,0.0790621697398644,0.0744,0.0808,-0.0046621697398644,0.0017378302601356033,0.006400000000000003,7.750630501349004,125.28088443428716,0.03613475498825937,-0.013469280220374281,-0.04960403520863365
9,42,0.22570946894001767,0.41157518975916685,0.09289641750942855,0.0972,0.0902,0.004303582490571445,-0.0026964175094285475,-0.006999999999999992,0.06123502616906154,20.418545727093854,-0.00026352998643085744,0.00016511519675257286,0.0004286451831834303
9,43,0.22570946894001767,0.6032014180886877,0.13614827174066327,0.1328,0.1396,-0.0033482717406632667,0.0034517282593367338,0.0068000000000000005,9.716072279267753,137.05333465896197,0.03253205024291395,-0.03353724125610677,-0.06606929149902072
9,44,0.22570946894001767,0.33973613686845183,0.07668166303231141,0.0748,0.0762,-0.0018816630323114092,-0.0004816630323114107,0.0013999999999999985,10.994125189123455,30.956229594440053,0.020687238940977286,0.005295463676204465,-0.015391775264772822
9,45,0.22570946894001767,0.37870641253843484,0.08547762325822938,0.078,0.0774,-0.007477623258229385,-0.008077623258229388,-0.0006000000000000033,23.60058947713872,285.2344073428697,0.17647631678217618,0.19063667046845947,0.014160353686283295
9,46,0.22570946894001767,0.8322142840240537,0.1878386440913662,0.1824,0.1858,-0.005438644091366185,-0.0020386440913661985,0.0033999999999999864,11.849379223309066,101.26115210786661,0.06444455629920709,0.024156666939956422,-0.040287889359250664
9,47,0.22570946894001767,0.40849133535173493,0.09220036236883876,0.081,0.086,-0.011200362368838757,-0.006200362368838766,0.0049999999999999906,1.193974883061234,12.023160658106487,0.013372951349577701,0.007403076934271542,-0.005969874415306159
9,48,0.22570946894001767,0.9486986627935283,0.21413027136323218,0.212,0.2158,-0.0021302713632321835,0.0016697286367678144,0.003799999999999998,15.172663241798563,119.10141361348461,0.03232189000796907,-0.025334230310865444,-0.05765612031883451
9,49,0.22570946894001767,0.96,0.21668109018241696,0.2162,0.2168,-0.00048109018241696,0.00011890981758302943,0.0005999999999999894,12.194386765903591,59.49581227388804,0.005866599753671521,-0.0014500323058705042,-0.007316632059542026
10,11,0.37881171658931956,0.3151854739406006,0.11939595042745715,0.115,0.1208,-0.004395950427457149,0.001404049572542851,0.0058,0.9099483916506657,142.73996493776767,0.004000088021240689,-0.0012776126503331719,-0.0052777006715738605
10,12,0.37881171658931956,0.17558587433166223,0.0665139864644135,0.063,0.0622,-0.0035139864644135044,-0.0043139864644135065,-0.0008000000000000021,35.12472021725217,1416.3827662504218,0.12342779140973549,0.1515275675835373,0.028099776173801813
10,13,0.37881171658931956,0.18220018902510304,0.06901956636749779,0.0684,0.0654,-0.0006195663674977842,-0.003619566367497787,-0.0030000000000000027,20.51034865356952,163.0185120233444,0.012707522211405135,0.07423856817211374,0.06153104596070861
10,14,0.37881171658931956,0.20557322827031327,0.0778735474858854,0.0752,0.075,-0.0026735474858853997,-0.0028735474858854054,-0.00020000000000000573,25.09716555175357,874.5712790481698,0.06709846386374041,0.07211789697409127,0.005019433110350857
10,15,0.37881171658931956,0.34595507175101126,0.1310518345927818,0.1296,0.1302,-0.0014518345927818088,-0.0008518345927817916,0.0006000000000000172,16.349329746612646,366.10741140476006,0.023736522494928886,0.013926924646961016,-0.00980959784796787
10,16,0.37881171658931956,0.2808089832005398,0.10637373295989788,0.1176,0.1074,0.011226267040102114,0.0010262670401021134,-0.0102,4.229280103897817,963.6420412375448,-0.0474790278337477,-0.004340370773989972,0.04313865705975773
10,17,0.37881171658931956,0.32558160642689904,0.12333412722048186,0.1202,0.1172,-0.0031341272204818554,-0.006134127220481858,-0.0030000000000000027,5.176333018184234,167.6946689441125,0.01622328621457021,0.031752285269122923,0.015528999054552715
10,18,0.37881171658931956,0.1961441939672069,0.0743017188157461,0.077,0.0672,0.0026982811842539006,-0.0071017188157461025,-0.009800000000000003,59.1971416058981,502.93973046371104,-0.1597305333568086,0.420401454380993,0.5801319877378016
10,19,0.37881171658931956,0.5815475634811581,0.2202970308006338,0.2246,0.216,0.004302969199366208,-0.004297030800633789,-0.008599999999999997,2.1896171863557288,72.0029596136358,-0.009421855311291598,0.00940885249136766,0.01883070780265926
10,20,0.37881171658931956,0.30358985466230565,0.11500339398373004,0.1168,0.1186,0.0017966060162699637,0.00359660601626996,0.001799999999999996,0.010157692008994553,88.59209623517015,-1.8249370574776947e-05,-3.65332161909671e-05,-1.8283845616190156e-05
10,21,0.37881171658931956,0.3591545639587549,0.13605195689410451,0.1352,0.1362,-0.0008519568941045275,0.00014804310589547343,0.0010000000000000009,0.26591462349852474,391.5537246126123,0.00022654779673277794,-3.9366826765747046e-05,-0.00026591462349852496
10,22,0.37881171658931956,0.22768425877375342,0.08624946490645238,0.0864,0.0898,0.0001505350935476213,0.0035505350935476215,0.0034000000000000002,72.43748758302044,1255.9113617366397,-0.010904383969664639,-0.25719184175193416,-0.24628745778226951
10,23,0.37881171658931956,0.20179848513594068,0.07644363055946997,0.083,0.0726,0.0065563694405300355,-0.003843630559469971,-0.010400000000000006,33.41828801982095,642.1759735594571,-0.21910264232798507,0.12844755307815303,0.3475501954061381
10,24,0.37881171658931956,0.35457382493066114,0.13431671927962463,0.1212,0.1226,-0.013116719279624628,-0.01171671927962463,0.0013999999999999985,0.05801431640899667,255.0315931597814,0.00076095750253613,0.0006797374595635348,-8.122004297259522e-05
10,25,0.37881171658931956,0.7210253586494617,0.27313285381443236,0.2666,0.259,-0.00653285381443236,-0.014132853814432356,-0.007599999999999996,1.0075612753658205,167.87025843694315,0.006582250521047934,0.014239716213828165,0.00765746569278023
10,26,0.37881171658931956,0.3766803921978068,0.14269094597398932,0.1546,0.1476,0.011909054026010668,0.00490905402601069,-0.0069999999999999785,1.6027016478683913,378.59537382557784,-0.019086660512040998,-0.007867748976962293,0.011218911535078705
10,27,0.37881171658931956,0.5734241788507295,0.21721979752426582,0.2168,0.2052,-0.00041979752426582473,-0.012019797524265824,-0.0116,4.155754646740888,177.76705346179864,0.0017445755121580219,0.049951329414352326,0.0482067539021943
10,28,0.37881171658931956,0.5368048429729841,0.20334796404005626,0.2098,0.209,0.0064520359599437305,0.005652035959943735,-0.0007999999999999952,6.881406088134065,322.89914843468546,-0.0443990795356167,-0.03889395466510948,0.005505124870507215
10,29,0.37881171658931956,0.20992975486519724,0.07952385080366042,0.0814,0.0704,0.001876149196339577,-0.009123850803660419,-0.010999999999999996,0.30432016962400726,123.42027015800909,-0.000570950041670005,0.0027765718241940735,0.0033475218658640784
10,30,0.37881171658931956,0.518065685771502,0.19624935173312572,0.2036,0.195,0.007350648266874288,-0.0012493517331257087,-0.008599999999999997,7.525989103985272,169.24426149034625,-0.05532089876372411,0.009402607530549199,0.06472350629427331
10,31,0.37881171658931956,0.5744315312620573,0.2176013944204113,0.2102,0.2034,-0.007401394420411295,-0.014201394420411295,-0.0068000000000000005,0.00904859388724297,148.65473914673188,6.697221230960788e-05,0.00012850265074286008,6.15304384332522e-05
10,32,0.37881171658931956,0.41408676958317514,0.1568609200027286,0.1528,0.1478,-0.0040609200027286185,-0.009060920002728623,-0.0050000000000000044,0.2079250981451058,385.2553807595028,0.0008443671901267713,0.001883992680852301,0.0010396254907255298
10,33,0.37881171658931956,0.5082093407162553,0.19251565274345106,0.1886,0.1842,-0.00391565274345107,-0.008315652743451057,-0.004399999999999987,3.1470499639567064,56.177027182271466,0.01232275482514467,0.026169774666554138,0.013847019841409468
10,34,0.37881171658931956,0.430076829107486,0.16291814189949821,0.1604,0.1568,-0.0025181418994982274,-0.0061181418994982195,-0.003599999999999992,10.589765453826857,266.3109647703745,0.02666653209514027,0.06478968772891687,0.0381231556337766
10,35,0.37881171658931956,0.36780900467919186,0.13933036043953373,0.1344,0.1224,-0.0049303604395337375,-0.016930360439533734,-0.011999999999999997,91.67685126323478,969.0313475901864,0.4519999206892713,1.5521221358480883,1.100122215158817
10,36,0.37881171658931956,0.31652023366573906,0.11990157305017114,0.1196,0.125,-0.00030157305017114444,0.005098426949828858,0.005400000000000002,0.13443730460520856,200.64799955367272,4.054266800657999e-05,-0.0006854187768615465,-0.0007259614448681265
10,37,0.37881171658931956,0.29742640159246664,0.11266860574622661,0.1126,0.1086,-6.860574622660764e-05,-0.004068605746226611,-0.0040000000000000036,7.189406709689648,370.1127099056382,0.0004932346122448383,0.029250861451003456,0.02875762683875862
10,38,0.37881171658931956,0.3126547933069382,0.11843729895248015,0.1172,0.1084,-0.001237298952480148,-0.01003729895248015,-0.008800000000000002,0.02839103919874399,169.66384825709093,3.512820306042876e-05,0.0002849693480093759,0.00024984114494894715
10,39,0.37881171658931956,0.4273457371252059,0.16188357225752736,0.1578,0.1486,-0.004083572257527368,-0.013283572257527354,-0.009199999999999986,0.014708904078884876,539.0921316378102,6.006487263516543e-05,0.00019538679016090608,0.00013532191752574065
10,40,0.37881171658931956,0.21905177326219738,0.0829793782513874,0.0778,0.0738,-0.005179378251387409,-0.009179378251387399,-0.00399999999999999,26.577052929960583,184.94317386055482,0.13765260993140987,0.24396082165125194,0.10630821171984206
10,41,0.37881171658931956,0.3502829106424205,0.13269127067235856,0.1346,0.1348,0.0019087293276414397,0.0021087293276414454,0.00020000000000000573,0.11106905371476487,127.65687917228094,-0.0002120007602187541,-0.0002342145709617077,-2.2213810742953606e-05
10,42,0.37881171658931956,0.41157518975916685,0.15590950413824492,0.1604,0.1542,0.004490495861755067,-0.001709504138244916,-0.006199999999999983,4.854390141439729,87.23291501470484,-0.021798618841479697,0.00829860003544654,0.030097218876926235
10,43,0.37881171658931956,0.6032014180886877,0.2284997646352876,0.2252,0.2068,-0.003299764635287583,-0.021699764635287583,-0.0184,0.4440040676847133,4.024358001001436,0.0014651089204698513,0.009634783765868576,0.008169674845398725
10,44,0.37881171658931956,0.33973613686845183,0.12869602919456224,0.129,0.1194,0.0003039708054377588,-0.009296029194562239,-0.009599999999999997,0.7482489291694082,62.25141622159929,-0.00022744582966756553,0.0069557438903587515,0.007183189720026317
10,45,0.37881171658931956,0.37870641253843484,0.1434584262170675,0.1406,0.1302,-0.0028584262170675,-0.013258426217067493,-0.010399999999999993,5.7951828995021435,748.1427300877604,0.016565102732638178,0.07683500488746042,0.060269902154822245
10,46,0.37881171658931956,0.8322142840240537,0.31525252150130334,0.31,0.3044,-0.005252521501303342,-0.010852521501303336,-0.005599999999999994,0.9832062032185719,20.991941932577294,0.005164311722620372,0.01067026646064437,0.005505954738023997
10,47,0.37881171658931956,0.40849133535173493,0.1547413039564541,0.1636,0.1528,0.008858696043545888,-0.0019413039564541157,-0.010800000000000004,12.555802310318766,206.92176965840213,-0.11122803624996518,0.02437462870147755,0.13560266495144271
10,48,0.37881171658931956,0.9486986627935283,0.3593781689788085,0.3578,0.3436,-0.0015781689788084696,-0.01577816897880846,-0.01419999999999999,2.0865372495069856,7.860539205536212,0.0032929083603002725,0.03292173730329945,0.029628828942999175
10,49,0.37881171658931956,0.96,0.3636592479257468,0.3602,0.3456,-0.0034592479257467557,-0.018059247925746758,-0.014600000000000002,1.084349499004266,46.816040208651536,0.0037510337552150406,0.019582536440677326,0.015831502685462285
11,12,0.3151854739406006,0.17558587433166223,0.0553421170184997,0.0624,0.0682,0.007057882981500299,0.012857882981500299,0.0058,47.341601467794,1182.2063770872696,-0.3341314833165129,-0.6087127718297181,-0.2745812885132052
11,13,0.3151854739406006,0.18220018902510304,0.057426852929944115,0.0646,0.0628,0.007173147070055889,0.0053731470700558795,-0.00180000000000001,30.06051897975635,220.0263114854185,-0.2156285236439987,-0.161519589480437,0.05410893416356172
11,14,0.3151854739406006,0.20557322827031327,0.06479369538187796,0.0546,0.0534,-0.010193695381877955,-0.011393695381877955,-0.0011999999999999997,35.564754955455,614.3695007976489,0.3625362783470428,0.4052139842935888,0.04267770594654602
11,15,0.3151854739406006,0.34595507175101126,0.10904001325199697,0.1128,0.1164,0.0037599867480030275,0.007359986748003033,0.003600000000000006,9.545123276582984,340.76500919389525,-0.035889537028007255,-0.07025198082370605,-0.0343624437956988
11,16,0.3151854739406006,0.2808089832005398,0.0885069124568403,0.111,0.1118,0.022493087543159707,0.023293087543159702,0.0007999999999999952,1.2157470678457958,915.1130153554808,-0.027345905227395207,-0.02831850288167184,-0.0009725976542766315
11,17,0.3151854739406006,0.32558160642689904,0.10261859292800427,0.0868,0.0866,-0.015818592928004263,-0.01601859292800427,-0.00020000000000000573,1.745684259881922,84.16728016148649,0.02761426868789653,0.02796340553987292,0.0003491368519763921
11,18,0.3151854739406006,0.1961441939672069,0.061821800736251195,0.0292,0.0304,-0.03262180073625119,-0.0314218007362512,0.0011999999999999997,45.428351115123796,235.33096906626855,1.481954617854023,1.427440596515875,-0.05451402133814809
11,19,0.3151854739406006,0.5815475634811581,0.18329534441481032,0.1658,0.1726,-0.01749534441481032,-0.01069534441481032,0.0068000000000000005,0.2764902073830373,102.03636766206716,0.0048372914054885694,0.0029571579952839154,-0.001880133410204654
11,20,0.3151854739406006,0.30358985466230565,0.09568711222529686,0.0888,0.0894,-0.006887112225296851,-0.006287112225296862,0.0005999999999999894,0.7278252941203261,112.41151365236176,0.005012614481016375,0.004575919304544187,-0.0004366951764721875
11,21,0.3151854739406006,0.3591545639587549,0.1132003014592699,0.0984,0.1006,-0.014800301459269902,-0.012600301459269908,0.0021999999999999936,0.1920569692867452,268.93580757553764,0.0028425010427975696,0.0024199757103667316,-0.00042252533243083805
11,22,0.3151854739406006,0.22768425877375342,0.07176277101041982,0.1024,0.1018,0.030637228989580184,0.03003722898958018,-0.0006000000000000033,57.109902255367,1289.251209382745,-1.7496891529702205,-1.715423211617,0.034265941353220475
11,23,0.3151854739406006,0.20179848513594068,0.0636039511780667,0.0584,0.053,-0.0052039511780667055,-0.010603951178066708,-0.005400000000000002,23.299380181498396,482.4456614950876,0.12124883694373263,0.24706548992382402,0.12581665298009137
11,24,0.3151854739406006,0.35457382493066114,0.11175651905770197,0.1138,0.1168,0.0020434809422980316,0.005043480942298034,0.0030000000000000027,0.5084410702271034,317.39727554999365,-0.0010389896372907008,-0.0025643128479720125,-0.0015253232106813117
11,25,0.3151854739406006,0.7210253586494617,0.22725671938912212,0.2292,0.2296,0.0019432806108778677,0.002343280610877879,0.00040000000000001146,3.832533178108318,214.91157811110014,-0.007447687415564028,-0.008980700686807399,-0.0015330132712433704
11,26,0.3151854739406006,0.3766803921978068,0.11872418793899704,0.1258,0.126,0.0070758120610029535,0.007275812061002959,0.00020000000000000573,0.09738542728816171,367.81219062341717,-0.0006890809809715008,-0.0007085580664291337,-1.947708545763289e-05
11,27,0.3151854739406006,0.5734241788507295,0.1807349715800669,0.1752,0.172,-0.005534971580066911,-0.00873497158006692,-0.0032000000000000084,8.954930343086742,186.98477154511497,0.04956528495046395,0.0782210620483416,0.02865577709787765
11,28,0.3151854739406006,0.5368048429729841,0.1691930888460497,0.1574,0.162,-0.011793088846049682,-0.007193088846049689,0.004599999999999993,2.78666691623286,267.7645046856848,0.03286341052748141,0.02004474271281027,-0.012818667814671138
11,29,0.3151854739406006,0.20992975486519724,0.0661668092814213,0.0654,0.058,-0.0007668092814212962,-0.008166809281421293,-0.007399999999999997,0.16181305362368784,148.04571039283985,0.00012407975137376575,0.0013214963481890552,0.0011974165968152894
11,30,0.3151854739406006,0.518065685771502,0.16328677870225314,0.1636,0.1638,0.00031322129774685736,0.0005132212977468631,0.00020000000000000573,3.2021007841013374,203.20423012179506,-0.0010029661631124505,-0.0016433863199327363,-0.0006404201568202858
11,31,0.3151854739406006,0.5744315312620573,0.18105247442725644,0.1742,0.1838,-0.00685247442725645,0.0027475255727435477,0.009599999999999997,1.1004770500562657,182.47613560062143,0.007540990843293177,-0.003023588837246971,-0.010564579680540148
11,32,0.3151854739406006,0.41408676958317514,0.13051413472360532,0.1424,0.1452,0.01188586527639468,0.014685865276394677,0.002799999999999997,0.24792841419399334,469.89847805226054,-0.0029468437292999835,-0.003641043289043164,-0.0006941995597431806
11,33,0.3151854739406006,0.5082093407162553,0.1601802019146931,0.1418,0.1558,-0.018380201914693084,-0.004380201914693099,0.013999999999999985,7.441464666946098,97.07742042458709,0.1367756231195236,0.032595117782278346,-0.10418050533724525
11,34,0.3151854739406006,0.430076829107486,0.13555396921311366,0.1352,0.1398,-0.00035396921311367513,0.004246030786886346,0.004600000000000021,5.291287299993545,294.5214829560717,0.0018729528019370979,-0.02246696877803332,-0.024339921579970416
11,35,0.3151854739406006,0.36780900467919186,0.11592805545943166,0.1012,0.0966,-0.014728055459431663,-0.019328055459431656,-0.004599999999999993,110.85384138129291,705.3229552903215,1.6326615237547226,2.142589194108669,0.5099276703539466
11,36,0.3151854739406006,0.31652023366573906,0.09976257985972561,0.0888,0.092,-0.01096257985972561,-0.007762579859725616,0.0031999999999999945,1.7439026984891584,172.99802992476728,0.019117672599778392,0.013537183964613094,-0.005580488635165299
11,37,0.3151854739406006,0.29742640159246664,0.093744481348369,0.0648,0.066,-0.02894448134836901,-0.027744481348369,0.0012000000000000066,13.214817572087057,180.54141489967944,0.38249604073737287,0.36663825965086827,-0.015857781086504597
11,38,0.3151854739406006,0.3126547933069382,0.09854424920824782,0.0838,0.0818,-0.014744249208247823,-0.016744249208247824,-0.0020000000000000018,1.259800971044737,114.96434213031556,0.018574819469876203,0.02109442141196568,0.0025196019420894757
11,39,0.3151854739406006,0.4273457371252059,0.13469316869230333,0.1312,0.1278,-0.0034931686923033167,-0.006893168692303331,-0.003400000000000014,0.6932758478170161,419.3133857793612,0.0024217294867244395,0.004778867369302304,0.0023571378825778646
11,40,0.3151854739406006,0.21905177326219738,0.06904193697317466,0.0574,0.055,-0.011641936973174664,-0.014041936973174664,-0.0023999999999999994,37.322395887856615,141.07729923573854,0.4345049806143,0.5240787307451559,0.08957375013085589
11,41,0.3151854739406006,0.3502829106424205,0.11040408520412436,0.088,0.0858,-0.02240408520412436,-0.024604085204124354,-0.0021999999999999936,1.6568385107286712,59.970727138478885,0.03711995116383966,0.04076499588744273,0.0036450447236030664
11,42,0.3151854739406006,0.41157518975916685,0.12972252124643563,0.1288,0.1374,-0.0009225212464356314,0.007677478753564365,0.008599999999999997,1.5608901860077626,146.30411061180098,0.0014399543599450256,-0.011983701239721728,-0.013423655599666753
11,43,0.3151854739406006,0.6032014180886877,0.1901203248419254,0.1816,0.1762,-0.008520324841925386,-0.013920324841925402,-0.005400000000000016,2.6252050499342077,107.5004928915379,0.022367599802102404,0.036543707071747165,0.014176107269644762
11,44,0.3151854739406006,0.33973613686845183,0.10707989531363174,0.0982,0.1002,-0.008879895313631744,-0.0068798953136317426,0.0020000000000000018,3.3084917304961605,93.89160777246153,0.029379060212822238,0.02276207675182991,-0.0066169834609923275
11,45,0.3151854739406006,0.37870641253843484,0.1193627601202712,0.1066,0.1092,-0.012762760120271194,-0.010162760120271189,0.002600000000000005,11.29787224127112,520.261521788529,0.14419203328481398,0.11481756545750901,-0.029374467827304962
11,46,0.3151854739406006,0.8322142840240537,0.262301853530259,0.2588,0.2586,-0.0035018535302590026,-0.0037018535302589806,-0.00019999999999997797,3.784891260771442,103.63263321011851,0.01325413482317892,0.014011113075333126,0.0007569782521542057
11,47,0.3151854739406006,0.40849133535173493,0.12875053513346538,0.1308,0.1294,0.0020494648665346227,0.0006494648665346103,-0.0014000000000000123,6.705534102434098,230.89318543195347,-0.013742756554288459,-0.004355008810880639,0.00938774774340782
11,48,0.3151854739406006,0.9486986627935283,0.2990160376593923,0.2894,0.2936,-0.009616037659392285,-0.005416037659392248,0.004200000000000037,5.75230944852131,101.96873314594666,0.055314424285458984,0.031154724601669268,-0.024159699683789716
11,49,0.3151854739406006,0.96,0.3025780549829766,0.3004,0.3012,-0.002178054982976574,-0.001378054982976551,0.0008000000000000229,3.9809554682018393,135.19627835859868,0.008670739894524855,0.005485975519963293,-0.003184764374561563
12,13,0.17558587433166223,0.18220018902510304,0.031991779493366845,0.0204,0.023,-0.011591779493366844,-0.008991779493366846,0.002599999999999998,1.9537776041271393,784.9020708395253,0.022647759166120378,0.017567937395389817,-0.005079821770730561
12,14,0.17558587433166223,0.20557322827031327,0.036095755025025336,0.016,0.015,-0.020095755025025336,-0.021095755025025337,-0.0010000000000000009,0.8407130540313968,131.49108044346113,0.01689476358015584,0.017735476634187237,0.0008407130540313973
12,15,0.17558587433166223,0.34595507175101126,0.06074482375287425,0.0532,0.0488,-0.007544823752874255,-0.01194482375287425,-0.004399999999999994,99.40173019520368,491.94178530377826,0.7499685350535709,1.1873361479124664,0.4373676128588956
12,16,0.17558587433166223,0.2808089832005398,0.049306090835451837,0.0372,0.0364,-0.01210609083545184,-0.012906090835451835,-0.0007999999999999952,63.73040533664002,399.0389577581333,0.7715260759855287,0.8225104002548405,0.050984324269311765
12,17,0.17558587433166223,0.32558160642689904,0.0571675310307742,0.061,0.058,0.0038324689692257954,0.0008324689692257997,-0.0029999999999999957,67.2689785553453,740.2888095877247,-0.25780627290487634,-0.05599933723884073,0.2018069356660356
12,18,0.17558587433166223,0.1961441939672069,0.03444014979281117,0.0504,0.051,0.015959850207188833,0.01655985020718883,0.0005999999999999964,185.52017401297599,842.3031495136947,-2.9608741876587032,-3.072186292066488,-0.11131210440778494
12,19,0.17558587433166223,0.5815475634811581,0.102111537399287,0.1068,0.1058,0.0046884626007130115,0.0036884626007130106,-0.0010000000000000009,54.85397149940725,1148.5631780560213,-0.2571807938755483,-0.20232682237614102,0.054853971499407295
12,20,0.17558587433166223,0.30358985466230565,0.0533060900691032,0.0362,0.0388,-0.0171060900691032,-0.014506090069103202,0.002599999999999998,36.32950938359784,951.0714455480575,0.6214558596821544,0.5269991352848001,-0.09445672439735431
12,21,0.17558587433166223,0.3591545639587549,0.06306246813290488,0.0664,0.0714,0.0033375318670951226,0.008337531867095127,0.0050000000000000044,41.50297539149282,576.3262012779563,-0.13851750294837195,-0.34603237990583624,-0.2075148769574643
12,22,0.17558587433166223,0.22768425877375342,0.03997813964834593,0.0236,0.0232,-0.01637813964834593,-0.01677813964834593,-0.00040000000000000105,208.44523877365822,480.9961984573673,3.4139452296677857,3.4973233251772493,0.08337809550946362
12,23,0.17558587433166223,0.20179848513594068,0.03543296345139909,0.0312,0.0364,-0.004232963451399091,0.0009670365486009122,0.005200000000000003,137.0647716947005,476.61147838462966,0.5801901690580279,-0.1325466437544152,-0.712736812812443
12,24,0.17558587433166223,0.35457382493066114,0.06225815506557187,0.0498,0.0544,-0.012458155065571873,-0.007858155065571873,0.0046,38.03772079104395,732.5602024305043,0.4738798239557528,0.2989063083169506,-0.1749735156388022
12,25,0.17558587433166223,0.7210253586494617,0.12660186801376608,0.1186,0.1268,-0.00800186801376608,0.00019813198623391814,0.008199999999999999,24.234330761679118,779.6673577274734,0.1939199161569075,-0.004801596088861226,-0.19872151224576873
12,26,0.17558587433166223,0.3766803921978068,0.06613975600764535,0.0606,0.0624,-0.0055397560076453495,-0.0037397560076453534,0.001799999999999996,51.73334695797722,629.0162224482187,0.28659011960605557,0.19347009508169677,-0.0931200245243588
12,27,0.17558587433166223,0.5734241788507295,0.10068518580642079,0.1002,0.1048,-0.00048518580642079034,0.0041148141935792165,0.004600000000000007,15.11688909877027,842.8938405715159,0.007334500027960508,-0.06220318982638284,-0.06953768985434335
12,28,0.17558587433166223,0.5368048429729841,0.09425534769888207,0.1038,0.0988,0.009544652301117937,0.004544652301117932,-0.0050000000000000044,73.1000140357428,726.0726793184662,-0.697714217178006,-0.3322141469992917,0.3655000701787143
12,29,0.17558587433166223,0.20992975486519724,0.03686069955623718,0.0362,0.0328,-0.0006606995562371751,-0.004060699556237175,-0.0034000000000000002,41.967896805091826,907.6747463322232,0.027728170795331727,0.17041901993264394,0.14269084913731223
12,30,0.17558587433166223,0.518065685771502,0.09096501639742137,0.0968,0.0984,0.005834983602578628,0.007434983602578632,0.0016000000000000042,75.16828989763155,878.3470241425281,-0.43860573898655686,-0.5588750028227676,-0.12026926383621073
12,31,0.17558587433166223,0.5744315312620573,0.1008620626603239,0.097,0.1022,-0.0038620626603238922,0.001337937339676104,0.005199999999999996,34.00624173182123,827.2110608253606,0.13133423641041486,-0.0454982205950554,-0.17683245700547026
12,32,0.17558587433166223,0.41408676958317514,0.07270778748643536,0.0596,0.062,-0.01310778748643536,-0.01070778748643536,0.0023999999999999994,40.73757302943436,590.1852312837738,0.5339794499829663,0.43620927471232385,-0.09777017527064247
12,33,0.17558587433166223,0.5082093407162553,0.08923438143318133,0.09,0.0902,0.000765618566818671,0.0009656185668186767,0.00020000000000000573,17.244240655019375,1046.604280246295,-0.013202510816172195,-0.01665135894717617,-0.003448848131003974
12,34,0.17558587433166223,0.430076829107486,0.07551541606862681,0.0612,0.0672,-0.014315416068626817,-0.008315416068626819,0.005999999999999998,84.28714690838497,617.1662770420708,1.2066055772310034,0.7008826957806936,-0.5057228814503097
12,35,0.17558587433166223,0.36780900467919186,0.06458206567365435,0.0132,0.0148,-0.051382065673654345,-0.04978206567365435,0.0016000000000000007,13.309303003382968,272.278343469592,0.6838594809903887,0.662564596184976,-0.02129488480541275
12,36,0.17558587433166223,0.31652023366573906,0.055576481971860825,0.0528,0.0576,-0.0027764819718608252,0.0020235180281391735,0.004799999999999999,30.91309138751498,814.1314293917384,0.08582964093192148,-0.06255319772815038,-0.14838283866007185
12,37,0.17558587433166223,0.29742640159246664,0.05222387477293335,0.0296,0.0296,-0.02262387477293335,-0.02262387477293335,0.0,10.531999924119344,889.0702773388698,0.23827464739181958,0.23827464739181958,0.0
12,38,0.17558587433166223,0.3126547933069382,0.05489776524678388,0.0572,0.0626,0.0023022347532161216,0.007702234753216124,0.005400000000000002,33.1558858725416,913.8208234048549,-0.0763326327294327,-0.25537441644115744,-0.17904178371172474
12,39,0.17558587433166223,0.4273457371252059,0.07503587489503796,0.0718,0.0652,-0.00323587489503796,-0.009835874895037969,-0.006600000000000009,36.57699114152111,376.4437445015127,0.11835856737087402,0.3597667089049137,0.24140814153403967
12,40,0.17558587433166223,0.21905177326219738,0.03846239713214396,0.0468,0.0466,0.008337602867856043,0.008137602867856045,-0.0001999999999999988,0.5949307033761536,1020.1403113386286,-0.004960295938644632,-0.004841309797969402,0.00011898614067522989
12,41,0.17558587433166223,0.3502829106424205,0.06150473112858892,0.0612,0.0644,-0.0003047311285889198,0.0028952688714110816,0.0032000000000000015,31.285462987467778,1171.4491133540353,0.009533654444597936,-0.090579827115299,-0.10011348155989692
12,42,0.17558587433166223,0.41157518975916685,0.0722667895470831,0.0748,0.074,0.0025332104529169064,0.0017332104529168973,-0.000800000000000009,66.09493663652258,990.5890315307645,-0.1674323843725196,-0.11455643506330093,0.052875949309218656
12,43,0.17558587433166223,0.6032014180886877,0.10591364839320076,0.1064,0.107,0.00048635160679923184,0.0010863516067992351,0.0006000000000000033,27.670491912374665,1369.348240686417,-0.013457588202508568,-0.03005988334993346,-0.01660229514742489
12,44,0.17558587433166223,0.33973613686845183,0.05965286663410838,0.057,0.058,-0.0026528666341083806,-0.0016528666341083798,0.0010000000000000009,25.619767833673645,967.4277099717481,0.06796582725955597,0.04234605942588229,-0.025619767833673673
12,45,0.17558587433166223,0.37870641253843484,0.06649549656056826,0.0524,0.0564,-0.014095496560568258,-0.010095496560568261,0.003999999999999997,12.385420261596979,240.8173417612441,0.17457864869853262,0.12503696765214475,-0.04954168104638787
12,46,0.17558587433166223,0.8322142840240537,0.14612507269166175,0.1458,0.1508,-0.00032507269166173747,0.004674927308338239,0.004999999999999977,24.354655760110862,1297.0932479856865,0.007917033502434277,-0.11385624529811947,-0.12177327880055375
12,47,0.17558587433166223,0.40849133535173493,0.07172530827464262,0.0752,0.0724,0.0034746917253573872,0.0006746917253573903,-0.002799999999999997,89.68142933935657,745.203482907837,-0.3116153204436855,-0.06050731829348737,0.25110800215019813
12,48,0.17558587433166223,0.9486986627935283,0.16657808418388045,0.166,0.1668,-0.0005780841838804451,0.00022191581611955002,0.0007999999999999952,20.089454160821106,1316.9251535817573,0.011613395713161882,-0.004458167615494906,-0.016071563328656786
12,49,0.17558587433166223,0.96,0.16856243935839574,0.1672,0.1684,-0.0013624393583957506,-0.00016243935839574397,0.0012000000000000066,23.866059909853075,1075.4193003411056,0.032516059351014766,0.0038767874591909206,-0.028639271891823845
13,14,0.18220018902510304,0.20557322827031327,0.03745548104935174,0.0308,0.028,-0.006655481049351736,-0.009455481049351736,-0.0028000000000000004,0.23123777444700291,378.79010985977425,0.0015389986257262989,0.0021864643941779073,0.0006474657684516084
13,15,0.18220018902510304,0.34595507175101126,0.06303307946722733,0.0558,0.054,-0.00723307946722733,-0.009033079467227333,-0.001800000000000003,73.48373898090975,69.23158652832453,0.5315137235979108,0.6637844537635486,0.13227073016563773
13,16,0.18220018902510304,0.2808089832005398,0.05116344981908534,0.0392,0.0368,-0.011963449819085342,-0.014363449819085342,-0.0023999999999999994,43.36692158112251,398.084813294235,0.5188179901439683,0.6228986019386623,0.10408061179469397
13,17,0.18220018902510304,0.32558160642689904,0.059321030234077705,0.067,0.0646,0.007678969765922299,0.005278969765922299,-0.0023999999999999994,46.2942914263995,67.7496049075997,-0.35549246419811764,-0.24438616477475886,0.11110629942335878
13,18,0.18220018902510304,0.1961441939672069,0.03573750921700157,0.031,0.0298,-0.00473750921700157,-0.00593750921700157,-0.0011999999999999997,149.39691596040726,248.79109278624816,0.7077692663540384,0.887045565506527,0.17927629915248866
13,19,0.18220018902510304,0.5815475634811581,0.10595807599335512,0.1126,0.1114,0.0066419240066448865,0.00544192400664488,-0.0012000000000000066,36.10292251522699,123.65909250513518,-0.23979286776392636,-0.19646936074565371,0.043323507018272644
13,20,0.18220018902510304,0.30358985466230565,0.055314128905575646,0.0512,0.055,-0.004114128905575644,-0.00031412890557564604,0.003799999999999998,21.43338707079963,135.6710672406393,0.08817971729236804,0.006732846423329489,-0.08144687086903855
13,21,0.18220018902510304,0.3591545639587549,0.0654380294425136,0.0686,0.0692,0.0031619705574863904,0.0037619705574863938,0.0006000000000000033,25.447024088772032,127.4818709489933,-0.08046274094434411,-0.09573095539760741,-0.015268214453263304
13,22,0.18220018902510304,0.22768425877375342,0.04148411498661835,0.0326,0.0306,-0.008884114986618355,-0.010884114986618353,-0.0019999999999999983,170.03786479843086,598.8765471995621,1.5106359429483251,1.8507116725451866,0.3400757295968615
13,23,0.18220018902510304,0.20179848513594068,0.03676772213674784,0.0438,0.0428,0.007032277863252161,0.00603227786325216,-0.0010000000000000009,106.28971911796691,270.82112888991884,-0.7474588388445687,-0.6411691197266016,0.10628971911796703
13,24,0.18220018902510304,0.35457382493066114,0.06460341792572026,0.0702,0.0702,0.005596582074279738,0.005596582074279738,0.0,22.75000808910034,102.7400873095865,-0.127322287461178,-0.127322287461178,0.0
13,25,0.18220018902510304,0.7210253586494617,0.13137095663782464,0.1396,0.1334,0.008229043362175364,0.0020290433621753534,-0.006200000000000011,12.426060161679363,52.80385698117342,-0.1022545878914593,-0.02521301488904711,0.0770415730024122
13,26,0.18220018902510304,0.3766803921978068,0.06863123866049035,0.0776,0.0754,0.008968761339509648,0.006768761339509641,-0.0022000000000000075,33.579866701019995,136.45327605840941,-0.30116981025399553,-0.22729410351175128,0.07387570674224425
13,27,0.18220018902510304,0.5734241788507295,0.10447799377816741,0.1148,0.106,0.010322006221832589,0.0015220062218325864,-0.008800000000000002,6.201436856169345,68.57331040078114,-0.06401126981368191,-0.009438625479391657,0.05457264433429025
13,28,0.18220018902510304,0.5368048429729841,0.09780594385926847,0.1018,0.0934,0.003994056140731533,-0.004405943859268471,-0.008400000000000005,51.15222932403679,104.74955341375012,-0.20430487564377675,0.2253738506781325,0.4296787263219093
13,29,0.18220018902510304,0.20992975486519724,0.03824924101843248,0.0476,0.0416,0.009350758981567522,0.003350758981567517,-0.006000000000000005,25.81135283613724,79.6155666469244,-0.24135573935891863,-0.08648762234209506,0.15486811701682357
13,30,0.18220018902510304,0.518065685771502,0.0943916658749873,0.0894,0.0896,-0.004991665874987311,-0.004791665874987305,0.00020000000000000573,52.88473090364802,37.86950012317314,0.2639829065596267,0.2534059603788968,-0.010576946180729907
13,31,0.18220018902510304,0.5744315312620573,0.10466153357792622,0.1092,0.1038,0.004538466422073784,-0.0008615335779262184,-0.005400000000000002,19.657794518928327,43.90332115821569,-0.08921624035618228,0.016935850046030727,0.106152090402213
13,32,0.18220018902510304,0.41408676958317514,0.0754466876908488,0.0782,0.0766,0.0027533123091512124,0.0011533123091512082,-0.0016000000000000042,24.848463217966156,105.09498930853476,-0.06841557964151736,-0.028658038492771407,0.03975754114874595
13,33,0.18220018902510304,0.5082093407162553,0.09259583794282472,0.1012,0.0944,0.008604162057175277,0.0018041620571752764,-0.0068000000000000005,7.58915764460633,91.71240703056728,-0.06529834225164348,-0.013692070268320432,0.05160627198332304
13,34,0.18220018902510304,0.430076829107486,0.07836007955870089,0.0832,0.0764,0.004839920441299106,-0.0019600795587008946,-0.0068000000000000005,60.57551277255541,67.14463555701954,-0.293180662510066,0.11873282434331081,0.4119134868533768
13,35,0.18220018902510304,0.36780900467919186,0.06701487017768376,0.0834,0.0712,0.01638512982231624,0.004185129822316239,-0.012200000000000003,25.461789964002566,668.5718118025662,-0.4171947340687308,-0.10656089650789945,0.31063383756083135
13,36,0.18220018902510304,0.31652023366573906,0.05767004640416744,0.0604,0.0564,0.002729953595832564,-0.0012700464041674395,-0.0040000000000000036,17.323728301644834,67.44462365451318,-0.04729297437030167,0.022001938836277726,0.0692949132065794
13,37,0.18220018902510304,0.29742640159246664,0.05419114659120363,0.0478,0.0482,-0.006391146591203628,-0.0059911465912036305,0.0003999999999999976,3.41336096408606,353.27808714744253,0.02181529029016615,0.020449945904531735,-0.0013653443856344143
13,38,0.18220018902510304,0.3126547933069382,0.05696576244012866,0.0574,0.0466,0.00043423755987134077,-0.010365762440128656,-0.010799999999999997,19.012554759539793,47.905599985251236,-0.008255965385702805,0.1970796260173269,0.2053355914030297
13,39,0.18220018902510304,0.4273457371252059,0.0778624740832845,0.068,0.0686,-0.0098624740832845,-0.009262474083284511,0.0005999999999999894,21.62357428664226,144.58879964378198,0.2132619409899864,0.2002877964180013,-0.012974144571985119
13,40,0.18220018902510304,0.21905177326219738,0.039911274494656375,0.0258,0.0216,-0.014111274494656375,-0.018311274494656374,-0.004199999999999999,0.39245017428831513,57.62868708174574,0.00553797213485815,0.007186262866869074,0.0016482907320109234
13,41,0.18220018902510304,0.3502829106424205,0.0638216125313123,0.0748,0.0766,0.010978387468687706,0.012778387468687702,0.001799999999999996,17.60276567943353,230.82653953374114,-0.1932499821493391,-0.2249349603723194,-0.031684978222980276
13,42,0.18220018902510304,0.41157518975916685,0.07498907737216286,0.0708,0.0676,-0.0041890773721628555,-0.007389077372162864,-0.0032000000000000084,45.32121486683913,32.88694650551844,0.1898540756776066,0.33488196325149217,0.14502788757388557
13,43,0.18220018902510304,0.6032014180886877,0.1099034123959691,0.117,0.1084,0.00709658760403091,-0.0015034123959691004,-0.00860000000000001,14.918898063379137,145.2160877617809,-0.10587326706237714,0.0224292562826836,0.12830252334506073
13,44,0.18220018902510304,0.33973613686845183,0.0618999883560902,0.0612,0.0646,-0.0006999883560902045,0.0027000116439098026,0.003400000000000007,13.423587329542164,45.62283317892074,0.009396354827639519,-0.036243842092803936,-0.04564019692044345
13,45,0.18220018902510304,0.37870641253843484,0.06900037994952148,0.0588,0.0576,-0.010200379949521478,-0.011400379949521477,-0.0011999999999999997,4.500832813580409,275.81419816320687,0.045910204787793944,0.051311204164090435,0.005400999376296491
13,46,0.18220018902510304,0.8322142840240537,0.15162959985857338,0.1474,0.1476,-0.00422959985857338,-0.004029599858573374,0.00020000000000000573,12.512262738976705,101.772531632464,0.05292186471120884,0.050419412163413425,-0.0025024525477954154
13,47,0.18220018902510304,0.40849133535173493,0.07442719851620286,0.068,0.0586,-0.006427198516202853,-0.01582719851620286,-0.009400000000000006,65.16125233527714,15.411833599437013,0.418804304323213,1.0313200762748185,0.6125157719516054
13,48,0.18220018902510304,0.9486986627935283,0.17285307568884334,0.1768,0.1736,0.003946924311156674,0.0007469243111566659,-0.0032000000000000084,9.513215704535385,134.53787612229902,-0.037547942341508184,-0.007105652086994869,0.030442290254513314
13,49,0.18220018902510304,0.96,0.17491218146409893,0.1818,0.1728,0.0068878185359010635,-0.0021121814640989167,-0.00899999999999998,12.162755343819926,84.79008030861502,-0.0837748517047926,0.025689946389586493,0.10946479809437909
14,15,0.20557322827031327,0.34595507175101126,0.07111910093634324,0.0622,0.0632,-0.008919100936343245,-0.007919100936343237,0.0010000000000000078,81.95929995619986,209.12416205921932,0.731003268981379,0.6490439690251786,-0.08195929995620044
14,16,0.20557322827031327,0.2808089832005398,0.05772680920383914,0.0482,0.0468,-0.009526809203839137,-0.010926809203839136,-0.0013999999999999985,49.93158510504713,273.1253076580191,0.47568868454104013,0.5455929036881061,0.06990421914706596
14,17,0.20557322827031327,0.32558160642689904,0.0669308618986122,0.0612,0.0648,-0.005730861898612209,-0.00213086189861221,0.003599999999999999,53.06922507368214,320.97043420500205,0.30413239996364066,0.11308318969838503,-0.19104921026525562
14,18,0.20557322827031327,0.1961441939672069,0.040321995160317224,0.0384,0.038,-0.0019219951603172275,-0.002321995160317225,-0.0003999999999999976,161.38335860009252,348.832273453206,0.3101780341851174,0.37473137762515407,0.06455334344003666
14,19,0.20557322827031327,0.5815475634811581,0.11955061001755661,0.1294,0.132,0.009849389982443377,0.012449389982443396,0.002600000000000019,42.11286583796202,661.52294463404,-0.41478603891640503,-0.5242794900951071,-0.10949345117870207
14,20,0.20557322827031327,0.30358985466230565,0.06240994649304539,0.0488,0.0576,-0.013609946493045387,-0.004809946493045392,0.008799999999999995,26.11713367740536,548.9378831200743,0.35545279190120066,0.1256220155400336,-0.22983077636116706
14,21,0.20557322827031327,0.3591545639587549,0.07383256316101795,0.0722,0.0758,-0.0016325631610179525,0.0019674368389820535,0.003600000000000006,30.529782538878127,224.1555306911399,0.04984179828686157,-0.06006541885309987,-0.10990721713996143
14,22,0.20557322827031327,0.22768425877375342,0.04680578810245389,0.0428,0.0418,-0.004005788102453889,-0.00500578810245389,-0.0010000000000000009,182.81010371755679,443.3401592917272,0.7322985384801504,0.9151086421977074,0.18281010371755702
14,23,0.20557322827031327,0.20179848513594068,0.04148436604945415,0.0478,0.0476,0.006315633950545851,0.006115633950545853,-0.0001999999999999988,116.43623764394805,221.28232072407235,-0.7353686555379432,-0.7120814080091538,0.023287247528789412
14,24,0.20557322827031327,0.35457382493066114,0.07289088585114889,0.0798,0.073,0.006909114148851106,0.00010911414885110549,-0.0068000000000000005,27.56847214494,414.4357426611832,-0.19047372095881254,-0.0030081103732205383,0.187465610585592
14,25,0.20557322827031327,0.7210253586494617,0.14822351064233028,0.1474,0.1532,-0.0008235106423302718,0.004976489357669728,0.0058,16.047504122735848,404.22340844612285,0.013215290427911884,-0.07986023348395603,-0.09307552391186791
14,26,0.20557322827031327,0.3766803921978068,0.07743540425023086,0.0838,0.086,0.006364595749769136,0.00856459574976913,0.0021999999999999936,39.38423057925142,338.00314754225735,-0.25066470655263123,-0.3373100138269841,-0.08664530727435288
14,27,0.20557322827031327,0.5734241788507295,0.11788065961459795,0.1234,0.1218,0.005519340385402041,0.003919340385402051,-0.0015999999999999903,8.827674803471638,426.5131953129635,-0.04872294205199704,-0.034598662366442504,0.014124279685554533
14,28,0.20557322827031327,0.5368048429729841,0.11035270452109494,0.1126,0.1168,0.0022472954789050648,0.00644729547890506,0.004199999999999995,58.26193427275832,350.0963528590969,-0.13093178148343382,-0.3756319054290185,-0.24470012394558466
14,29,0.20557322827031327,0.20992975486519724,0.0431559374176341,0.0452,0.0474,0.002044062582365898,0.004244062582365898,0.0022000000000000006,30.928717823539188,489.6694478998043,-0.06322023482364968,-0.13126341403543593,-0.06804317921178625
14,30,0.20557322827031327,0.518065685771502,0.10650043548012138,0.1114,0.1076,0.004899564519878621,0.0010995645198786236,-0.003799999999999998,60.10995108481818,452.3831805290758,-0.2945125836268146,-0.06609476950450564,0.22841781412230894
14,31,0.20557322827031327,0.5744315312620573,0.1180877443018005,0.113,0.1206,-0.0050877443018004925,0.002512255698199503,0.007599999999999996,24.153126408234183,417.9930716773403,0.12288493125416046,-0.06067882944841922,-0.18356376070257968
14,32,0.20557322827031327,0.41408676958317514,0.08512515400723868,0.0886,0.0858,0.0034748459927613218,0.0006748459927613248,-0.002799999999999997,29.873823783060352,329.64751973933625,-0.10380693686102513,-0.02016023026845624,0.08364670659256888
14,33,0.20557322827031327,0.5082093407162553,0.10447423480816817,0.1058,0.11,0.0013257651918318347,0.00552576519183183,0.004199999999999995,10.469848135118465,579.9552237308698,-0.013880560221305509,-0.05785392238880301,-0.043973362167497504
14,34,0.20557322827031327,0.430076829107486,0.08841228216388573,0.0864,0.0908,-0.0020122821638857286,0.0023877178361142726,0.004400000000000001,68.29202856709271,321.3671605217814,0.1374228310211353,-0.1630620946740727,-0.300484925695208
14,35,0.20557322827031327,0.36780900467919186,0.07561168447879223,0.0468,0.0472,-0.028811684478792225,-0.028411684478792228,0.0003999999999999976,20.840099696653365,232.5214702921944,0.6004383769665503,0.5921023370878891,-0.008336039878661272
14,36,0.20557322827031327,0.31652023366573906,0.06506808624753987,0.0672,0.0654,0.002131913752460121,0.0003319137524601251,-0.001799999999999996,21.557915177740234,400.7259125121296,-0.045959615841793186,-0.007155368521860846,0.03880424731993234
14,37,0.20557322827031327,0.29742640159246664,0.06114290554818601,0.0412,0.0376,-0.019942905548186007,-0.023542905548186006,-0.003599999999999999,5.4214476265587574,486.78258958599844,0.10811941795089851,0.12763662940651002,0.019517211455611513
14,38,0.20557322827031327,0.3126547933069382,0.06427345519429481,0.0546,0.0606,-0.009673455194294807,-0.0036734551942948085,0.005999999999999998,23.43732128631353,409.84681750725184,0.22671987733744586,0.08609594961956472,-0.14062392771788113
14,39,0.20557322827031327,0.4273457371252059,0.08785084276838524,0.0768,0.078,-0.01105084276838525,-0.009850842768385243,0.0012000000000000066,26.327031730842794,103.10776296373632,0.2909358882158331,0.25934345013882154,-0.031592438077011564
14,40,0.20557322827031327,0.21905177326219738,0.0450311801878466,0.034,0.0314,-0.011031180187846601,-0.013631180187846606,-0.002600000000000005,0.021195442943691137,468.3480609339822,0.0002338107502730787,0.0002889189019266758,5.51081516535971e-05
14,41,0.20557322827031327,0.3502829106424205,0.07200878874868405,0.0748,0.076,0.002791211251315956,0.003991211251315949,0.0011999999999999927,21.86906199611969,680.3835213880848,-0.061041171899295456,-0.08728404629463893,-0.026242874395343473
14,42,0.20557322827031327,0.41157518975916685,0.0846088404347587,0.0854,0.0854,0.0007911595652412978,0.0007911595652412978,0.0,52.02701111612972,528.8608911833321,-0.04116166749544136,-0.04116166749544136,0.0
14,43,0.20557322827031327,0.6032014180886877,0.12400206281372246,0.1248,0.1196,0.0007979371862775336,-0.004402062813722463,-0.005199999999999996,18.864870167695504,815.653773154621,-0.015052981421101935,0.08304434345091462,0.09809732487201656
14,44,0.20557322827031327,0.33973613686845183,0.06984065441613264,0.0692,0.0706,-0.0006406544161326466,0.0007593455838673518,0.0013999999999999985,17.178482555659695,500.71273585817767,0.011005470711741017,-0.01304440486618253,-0.024049875577923548
14,45,0.20557322827031327,0.37870641253843484,0.07785189979219509,0.0598,0.0572,-0.01805189979219509,-0.02065189979219509,-0.002599999999999998,6.772426010957815,21.695123733979514,0.12225515569986602,0.1398634633283563,0.01760830762849029
14,46,0.20557322827031327,0.8322142840240537,0.17108097697949212,0.1708,0.179,-0.00028097697949211464,0.00791902302050787,0.008199999999999985,16.145445715249938,734.7582464562184,0.0045364985696248325,-0.1278561562954244,-0.13239265486504923
14,47,0.20557322827031327,0.40849133535173493,0.08397488252870729,0.0804,0.0796,-0.0035748825287072877,-0.004374882528707283,-0.0007999999999999952,73.15592825791316,353.79153104502024,0.2615238498005775,0.3200485924069077,0.05852474260633017
14,48,0.20557322827031327,0.9486986627935283,0.19502704676619495,0.1974,0.199,0.002372953233805042,0.00397295323380506,0.001600000000000018,12.710808027819084,776.4260596998623,-0.03016215301388838,-0.05049944585839915,-0.020337292844510767
14,49,0.20557322827031327,0.96,0.19735029913950072,0.2024,0.2078,0.005049700860499273,0.01044970086049929,0.005400000000000016,15.748088213429444,613.0530569810253,-0.07952313460257313,-0.16456281095509237,-0.08503967635251924
15,16,0.34595507175101126,0.2808089832005398,0.09714729193147127,0.0828,0.0788,-0.014347291931471273,-0.018347291931471277,-0.0040000000000000036,3.947807703961596,159.6813024066236,0.05664034961804834,0.07243158043389473,0.015791230815846394
15,17,0.34595507175101126,0.32558160642689904,0.11263660801222737,0.1222,0.1214,0.009563391987772632,0.008763391987772623,-0.000800000000000009,3.1267959091915905,93.0269809269482,-0.029902774945363097,-0.0274013382180098,0.0025014367273532984
15,18,0.34595507175101126,0.1961441939672069,0.06785707869746933,0.0678,0.0674,-5.707869746933436e-05,-0.00045707869746933194,-0.0003999999999999976,13.326423516728717,179.8684987296154,0.0007606548962595813,0.006091224302951036,0.005330569406691454
15,19,0.34595507175101126,0.5815475634811581,0.20118932905074982,0.1988,0.195,-0.0023893290507498166,-0.006189329050749814,-0.003799999999999998,6.572531697221288,206.15245428719206,0.015703940921144823,0.040679561370585704,0.02497562044944088
15,20,0.34595507175101126,0.30358985466230565,0.10502844995257703,0.0976,0.1,-0.007428449952577021,-0.0050284499525770215,0.0023999999999999994,15.544450123844987,260.26893203502453,0.11547116978531216,0.0781644894880842,-0.03730668029722796
15,21,0.34595507175101126,0.3591545639587549,0.12425134294405421,0.1244,0.1252,0.00014865705594578615,0.0009486570559457952,0.000800000000000009,12.445100073315803,43.219816689985485,-0.0018500519378498146,-0.01180613199650257,-0.009956080058652755
15,22,0.34595507175101126,0.22768425877375342,0.07876852408064967,0.0568,0.0556,-0.02196852408064967,-0.023168524080649677,-0.0012000000000000066,19.959370173401567,320.06809517752293,0.4384779042889731,0.46242914849705513,0.023951244208082034
15,23,0.34595507175101126,0.20179848513594068,0.06981320940444974,0.067,0.0616,-0.0028132094044497347,-0.008213209404449737,-0.005400000000000002,3.018645140146814,80.88168873062219,0.008492080896957504,0.024792764653750306,0.016300683756792802
15,24,0.34595507175101126,0.35457382493066114,0.12266661304491738,0.1214,0.1256,-0.001266613044917389,0.0029333869550826064,0.004199999999999995,14.459529709449919,60.803166675172456,0.01831462895335981,-0.042415395826329784,-0.0607300247796896
15,25,0.34595507175101126,0.7210253586494617,0.24944237968587316,0.2536,0.255,0.004157620314126836,0.005557620314126849,0.0014000000000000123,25.474267822613857,63.828601874726026,-0.10591233338680699,-0.1415763083384667,-0.035663974951659724
15,26,0.34595507175101126,0.3766803921978068,0.13031449210999133,0.1264,0.1228,-0.003914492109991313,-0.007514492109991319,-0.003600000000000006,7.714239107773948,34.02732502345067,0.030197328121967546,0.05796858890995381,0.027771260787986262
15,27,0.34595507175101126,0.5734241788507295,0.19837900293806884,0.2016,0.196,0.003220997061931158,-0.002379002938068836,-0.005599999999999994,36.990690607937765,74.91768288835637,-0.11914690576697201,0.08800096163747924,0.20714786740445124
15,28,0.34595507175101126,0.5368048429729841,0.18571035796700905,0.1694,0.1792,-0.016310357967009054,-0.0065103579670090506,0.009800000000000003,2.0169311542796415,39.30853489486409,0.03289686912111372,0.013130943809173224,-0.019765925311940494
15,29,0.34595507175101126,0.20992975486519724,0.07262626340706152,0.0752,0.0718,0.002573736592938483,-0.0008262634070615171,-0.0034000000000000002,12.192515171924176,104.75656880699093,-0.03138032245793889,0.01007422912660331,0.0414545515845422
15,30,0.34595507175101126,0.518065685771502,0.17922745149281682,0.1596,0.1666,-0.019627451492816833,-0.012627451492816827,0.007000000000000006,1.6901997361582513,62.046419076012384,0.033174313334617886,0.021342915181510116,-0.01183139815310777
15,31,0.34595507175101126,0.5744315312620573,0.19872750161380828,0.1964,0.201,-0.0023275016138082916,0.002272498386191729,0.004600000000000021,17.127633682257667,70.97903727584702,0.03986459503617197,-0.038922519902213654,-0.07878711493838562
15,32,0.34595507175101126,0.41408676958317514,0.1432554180822918,0.1348,0.1484,-0.008455418082291805,0.005144581917708196,0.013600000000000001,12.869742950718015,41.85694882023476,0.10881905725994859,-0.06620944686981643,-0.175028504129765
15,33,0.34595507175101126,0.5082093407162553,0.17581759893202625,0.179,0.186,0.003182401067973739,0.010182401067973745,0.007000000000000006,33.842411578621736,177.30315016133886,-0.10770012675061265,-0.344597007800965,-0.2368968810503524
15,34,0.34595507175101126,0.430076829107486,0.14878726027232772,0.1372,0.1336,-0.011587260272327732,-0.015187260272327724,-0.003599999999999992,0.6228973486294965,20.304801187798603,0.007217673701512842,0.009460104156579024,0.0022424304550661828
15,35,0.34595507175101126,0.36780900467919186,0.12724539060445786,0.1278,0.1284,0.0005546093955421383,0.0011546093955421277,0.0005999999999999894,185.45628036232893,574.4363508392876,-0.10285579555124458,-0.21412956376863998,-0.1112737682173954
15,36,0.34595507175101126,0.31652023366573906,0.1095017801484776,0.0982,0.1062,-0.011301780148477603,-0.0033017801484775955,0.008000000000000007,19.448870640124227,57.90410615497998,0.21980686011086487,0.06421589498987092,-0.15559096512099396
15,37,0.34595507175101126,0.29742640159246664,0.10289617210356689,0.0922,0.0952,-0.010696172103566881,-0.007696172103566878,0.0030000000000000027,45.222092375460704,474.47183608467935,0.48370328293132736,0.3480370058049451,-0.13566627712638224
15,38,0.34595507175101126,0.3126547933069382,0.1081645114517994,0.1002,0.1012,-0.007964511451799397,-0.006964511451799396,0.0010000000000000009,17.74032778962323,110.08218291721724,0.1412930438391293,0.12355271604950605,-0.017740327789623256
15,39,0.34595507175101126,0.4273457371252059,0.1478424251496394,0.1424,0.139,-0.005442425149639413,-0.008842425149639399,-0.0033999999999999864,15.383261972753102,47.14492628558452,0.08372225184400309,0.13602534255136342,0.052303090707360334
15,40,0.34595507175101126,0.21905177326219738,0.07578207193610974,0.0672,0.0596,-0.008582071936109742,-0.016182071936109738,-0.007599999999999996,84.61652549451539,181.26729252749215,0.726185108777595,1.3692707025359117,0.6430855937583166
15,41,0.34595507175101126,0.3502829106424205,0.12118214948445165,0.1278,0.1218,0.006617850515548349,0.0006178505155483571,-0.0059999999999999915,19.155508878841406,297.185285823353,-0.12676829430943157,-0.011835241036383295,0.11493305327304827
15,42,0.34595507175101126,0.41157518975916685,0.14238652430406865,0.139,0.1286,-0.0033865243040686333,-0.013786524304068654,-0.01040000000000002,3.3861975977782603,116.47013895551923,0.0114674404632549,0.046683895480148875,0.03521645501689397
15,43,0.34595507175101126,0.6032014180886877,0.20868058987518368,0.2148,0.2042,0.006119410124816316,-0.004480589875183683,-0.010599999999999998,22.18190279368872,333.81545360209833,-0.13574016054339008,0.09938800906971032,0.2351281696131004
15,44,0.34595507175101126,0.33973613686845183,0.11753343960673664,0.1188,0.1158,0.0012665603932633662,-0.0017334396067366364,-0.0030000000000000027,24.092825197682615,141.54191039627784,-0.030515018157202433,0.041763457435845475,0.07227847559304791
15,45,0.34595507175101126,0.37870641253843484,0.1310154041223023,0.1258,0.1256,-0.005215404122302314,-0.00541540412230232,-0.00020000000000000573,41.61216336887959,151.0534782541523,0.21702424837197198,0.22534668104574812,0.008322432673776137
15,46,0.34595507175101126,0.8322142840240537,0.28790875234175795,0.2878,0.288,-0.00010875234175794501,9.124765824203296e-05,0.00019999999999997797,25.351204773354354,275.92293701491144,0.0027570028854874795,-0.0023132380691828327,-0.005070240954670312
15,47,0.34595507175101126,0.40849133535173493,0.14131964923127585,0.1286,0.1292,-0.012719649231275859,-0.012119649231275842,0.0006000000000000172,0.2500136865821184,33.364250430684145,0.003180086396342686,0.003030078184393411,-0.00015000821194927506
15,48,0.34595507175101126,0.9486986627935283,0.3282071139568235,0.3334,0.3326,0.00519288604317647,0.004392886043176503,-0.0007999999999999674,30.117217178488087,305.8961487643446,-0.15639527674548542,-0.1323015030026959,0.02409377374278951
15,49,0.34595507175101126,0.96,0.3321168688809708,0.3362,0.3368,0.004083131119029193,0.0046831311190291824,0.0005999999999999894,25.85469759728792,186.77665249202036,-0.10556812033257561,-0.12108093889094809,-0.015512818558372485
16,17,0.2808089832005398,0.32558160642689904,0.09142623984953586,0.104,0.1034,0.01257376015046413,0.011973760150464141,-0.0005999999999999894,0.04780093226846885,456.98438050163173,-0.0006010374573123086,-0.0005723568979512278,2.8680559361080786e-05
16,18,0.2808089832005398,0.1961441939672069,0.05507905166862082,0.0678,0.0622,0.012720948331379177,0.007120948331379176,-0.005600000000000001,31.78080316937573,407.4461331878279,-0.40428195504736025,-0.22630945729885613,0.17797249774850413
16,19,0.2808089832005398,0.5815475634811581,0.1633037799838954,0.1642,0.162,0.0008962200161046208,-0.0013037799838953867,-0.0022000000000000075,0.3326819140424798,680.0744561590836,-0.0002981561903608673,0.0004337440205325908,0.000731900210893458
16,20,0.2808089832005398,0.30358985466230565,0.08525075839772171,0.0904,0.0884,0.005149241602278282,0.0031492416022782938,-0.001999999999999988,3.82490323901119,814.4653164722719,-0.019695350883005367,-0.012045544404983035,0.007649806478022332
16,21,0.2808089832005398,0.3591545639587549,0.1008538279170912,0.0978,0.1068,-0.0030538279170912036,0.005946172082908804,0.009000000000000008,2.3742256785907827,206.84969090499308,0.007250476658755339,-0.014117554448561723,-0.02136803110731706
16,22,0.2808089832005398,0.22768425877375342,0.06393578519702628,0.0346,0.0322,-0.02933578519702628,-0.03173578519702628,-0.0023999999999999994,41.66057252027876,39.23008165897973,1.2221456066400336,1.3221309806887025,0.09998537404866892
16,23,0.2808089832005398,0.20179848513594068,0.05666682742243275,0.0516,0.0468,-0.005066827422432751,-0.00986682742243275,-0.004799999999999999,13.870663310135013,109.49131162378131,0.07028025722712393,0.13685944111577197,0.06657918388864804
16,24,0.2808089832005398,0.35457382493066114,0.09956751524830518,0.091,0.089,-0.00856751524830518,-0.010567515248305182,-0.0020000000000000018,3.2966203182332765,266.7948375175328,0.02824384484433627,0.03483708548080283,0.00659324063646656
16,25,0.2808089832005398,0.7210253586494617,0.2024703978241599,0.1958,0.1972,-0.006670397824159902,-0.005270397824159917,0.0013999999999999846,9.365404739737873,344.67654643286284,0.06247097539832434,0.04935940876269146,-0.013111566635632878
16,26,0.2808089832005398,0.3766803921978068,0.10577523792464669,0.0974,0.095,-0.008375237924646686,-0.010775237924646686,-0.0023999999999999994,0.624957960073287,174.63991015238443,0.005234171608515623,0.006734070712691511,0.0014998991041758883
16,27,0.2808089832005398,0.5734241788507295,0.16102266060567783,0.1662,0.1594,0.005177339394322161,-0.0016226606056778392,-0.0068000000000000005,16.769747135483428,358.97626778047237,-0.08682267247735957,0.02721160804392775,0.11403428052128732
16,28,0.2808089832005398,0.5368048429729841,0.15073962213236913,0.1302,0.1358,-0.020539622132369123,-0.01493962213236913,0.005599999999999994,0.3211739036313153,237.39194656591033,0.006596790619365152,0.004798216759029788,-0.001798573860335364
16,29,0.2808089832005398,0.20992975486519724,0.05895016100723462,0.0606,0.0528,0.0016498389927653845,-0.006150161007234617,-0.007800000000000001,2.264631134370194,453.91657694639457,-0.0037362767497144513,0.013927846098373066,0.017664122848087518
16,30,0.2808089832005398,0.518065685771502,0.14547749845258584,0.1338,0.1284,-0.011677498452585838,-0.017077498452585854,-0.005400000000000016,0.47173855836798817,366.95760514351764,0.005508726285367256,0.0080561145005544,0.0025473882151871435
16,31,0.2808089832005398,0.5744315312620573,0.1613055342120274,0.162,0.1592,0.000694465787972609,-0.002105534212027388,-0.002799999999999997,4.629578173672597,374.79345083328434,-0.003215083654360332,0.009747735231922924,0.012962818886283256
16,32,0.2808089832005398,0.41408676958317514,0.11627928472344763,0.1034,0.1052,-0.012879284723447626,-0.01107928472344763,0.001799999999999996,2.5617068888620267,149.66444147935158,0.032992952399671246,0.028381879999719608,-0.0046110723999516386
16,33,0.2808089832005398,0.5082093407162553,0.14270974821954838,0.1462,0.149,0.0034902517804516198,0.006290251780451617,0.002799999999999997,14.672837670409171,619.9623793598107,-0.05121189780342321,-0.09229584328056883,-0.041083945477145625
16,34,0.2808089832005398,0.430076829107486,0.12076943707978548,0.1024,0.1114,-0.018369437079785472,-0.009369437079785478,0.008999999999999994,1.4344149182465173,239.07322424194402,0.026349394587035023,0.013439660322816375,-0.012909734264218648
16,35,0.2808089832005398,0.36780900467919186,0.10328407261596646,0.1186,0.1116,0.015315927384033534,0.008315927384033542,-0.006999999999999992,135.28770487737205,884.035431488425,-2.0720566638543896,-1.1250427297127863,0.9470139341416033
16,36,0.2808089832005398,0.31652023366573906,0.08888172497807345,0.0776,0.0776,-0.011281724978073449,-0.011281724978073449,0.0,5.871793026750942,349.76146594164953,0.0662439540559736,0.0662439540559736,0.0
16,37,0.2808089832005398,0.29742640159246664,0.08352000540817597,0.0828,0.0902,-0.0007200054081759749,0.006679994591824029,0.007400000000000004,22.447016651984555,1092.3672783015572,0.016161973386845045,-0.14994594983784074,-0.1661079232246858
16,38,0.2808089832005398,0.3126547933069382,0.08779627460129626,0.093,0.0882,0.005203725398703743,0.00040372539870374424,-0.004799999999999999,4.950704063562049,464.56394821615487,-0.025762104477023665,-0.001998724971925835,0.02376337950509783
16,39,0.2808089832005398,0.4273457371252059,0.12000252191721425,0.1092,0.1094,-0.010802521917214244,-0.010602521917214253,0.00019999999999999185,3.745158073206336,138.73746204759004,0.04045715216924332,0.03970812055460208,-0.0007490316146412379
16,40,0.2808089832005398,0.21905177326219738,0.06151170571803284,0.0628,0.0576,0.0012882942819671533,-0.003911705718032843,-0.005199999999999996,52.010276174408595,593.8658582017006,-0.06700454139902307,0.20344889470790145,0.2704534361069245
16,41,0.2808089832005398,0.3502829106424205,0.09836258797002365,0.1064,0.1054,0.008037412029976349,0.007037412029976348,-0.0010000000000000009,5.711103897213525,826.2221116315017,-0.04590249516790879,-0.040191391270695265,0.005711103897213528
16,42,0.2808089832005398,0.41157518975916685,0.11557401054684087,0.1042,0.1074,-0.011374010546840868,-0.008174010546840874,0.0031999999999999945,0.021534593792981865,518.9959763957812,0.0002449346969233096,0.00017602399678576778,-6.891070013754184e-05
16,43,0.2808089832005398,0.6032014180886877,0.16938437687860808,0.1712,0.1654,0.0018156231213919127,-0.003984376878608087,-0.0058,7.4139538485108964,911.8472139725825,-0.013460946028288939,0.02953998629307426,0.0430009323213632
16,44,0.2808089832005398,0.33973613686845183,0.09540095915050939,0.1002,0.0996,0.004799040849490607,0.004199040849490604,-0.0006000000000000033,8.535367876465855,573.1596470309123,-0.040961579104589536,-0.03584035837871,0.00512122072587954
16,45,0.2808089832005398,0.37870641253843484,0.10634416263644206,0.1,0.095,-0.006344162636442052,-0.011344162636442057,-0.0050000000000000044,19.92586729477465,233.95869924515156,0.126412942790212,0.22604227926408535,0.09962933647387334
16,46,0.2808089832005398,0.8322142840240537,0.23369324690175977,0.2394,0.2374,0.00570675309824023,0.0037067530982402286,-0.0020000000000000018,9.290845993706684,804.2567038164136,-0.05302056415985845,-0.03443887217244507,0.018581691987413385
16,47,0.2808089832005398,0.40849133535173493,0.1147080365263514,0.101,0.104,-0.0137080365263514,-0.010708036526351411,0.002999999999999989,2.2108579203362453,309.00715701142536,0.030306521126542543,0.023673947365533833,-0.00663257376100871
16,48,0.2808089832005398,0.9486986627935283,0.2664031068627625,0.2754,0.2694,0.008996893137237505,0.0029968931372374996,-0.006000000000000005,12.257046342555638,860.2304324575535,-0.11027533612214088,-0.03673305806680699,0.07354227805533389
16,49,0.2808089832005398,0.96,0.26957662387251824,0.2754,0.2732,0.005823376127481739,0.003623376127481759,-0.0021999999999999797,9.5966275070857,623.6482599605748,-0.05588477152909745,-0.034772191013509104,0.02111258051558835
17,18,0.32558160642689904,0.1961441939672069,0.0638609417631525,0.0508,0.0462,-0.013060941763152506,-0.017660941763152506,-0.0046,29.363526399228405,132.22838458641056,0.3835153082611134,0.518587529697564,0.13507222143645065
17,19,0.32558160642689904,0.5815475634811581,0.1893411899318445,0.1904,0.1952,0.0010588100681555024,0.005858810068155501,0.004799999999999999,0.6326931208049839,79.78692363216572,-0.0006699018463610424,-0.003706828826224964,-0.0030369269798639215
17,20,0.32558160642689904,0.30358985466230565,0.09884327257586228,0.0966,0.1006,-0.002243272575862279,0.0017567274241377107,0.00399999999999999,4.727885884511228,106.50908369104214,0.010605936746530412,-0.008305606791514451,-0.01891154353804486
17,21,0.32558160642689904,0.3591545639587549,0.11693411988924388,0.1054,0.111,-0.011534119889243882,-0.005934119889243875,0.005600000000000008,3.0957927449217393,66.76283304750345,0.03570724467217875,0.018370805300616983,-0.017336439371561766
17,22,0.32558160642689904,0.22768425877375342,0.07412980672967642,0.0874,0.0792,0.013270193270323583,0.005070193270323584,-0.008199999999999999,38.88602393109707,721.8162911617304,-0.5160250530800862,-0.19715965684509018,0.318865396234996
17,23,0.32558160642689904,0.20179848513594068,0.06570187496507428,0.061,0.062,-0.004701874965074279,-0.0037018749650742783,0.0010000000000000009,12.28993037735001,197.8005243606277,0.05778571596376791,0.04549578558641788,-0.012289930377350024
17,24,0.32558160642689904,0.35457382493066114,0.11544271551785472,0.1128,0.1104,-0.0026427155178547213,-0.005042715517854721,-0.0023999999999999994,4.138352039794432,96.98103841496035,0.010936487153910485,0.02086853204941712,0.009932044895506633
17,25,0.32558160642689904,0.7210253586494617,0.23475259454362277,0.2292,0.2394,-0.00555259454362278,0.004647405456377235,0.010200000000000015,10.751376180769714,47.19883525854068,0.059698032717777835,-0.049966004326073406,-0.10966403704385125
17,26,0.32558160642689904,0.3766803921978068,0.1226402072012763,0.13,0.1224,0.007359792798723702,-0.00024020720127630735,-0.0076000000000000095,1.018438357280613,121.63841794690869,-0.007495495287857853,0.000244636227474816,0.007740131515332669
17,27,0.32558160642689904,0.5734241788507295,0.18669636531424597,0.1828,0.1848,-0.0038963653142459753,-0.0018963653142459735,0.0020000000000000018,18.60820107376127,40.60973930051399,0.07250434922431812,0.03528794707679555,-0.037216402147522566
17,28,0.32558160642689904,0.5368048429729841,0.17477378311288347,0.1748,0.1852,2.6216887116542464e-05,0.010426216887116535,0.010399999999999993,0.12116513460558345,79.21655155526337,-3.1765726564152542e-06,-0.0012632939725544822,-0.001260117399898067
17,29,0.32558160642689904,0.20992975486519724,0.06834926682581605,0.063,0.0578,-0.005349266825816046,-0.010549266825816049,-0.005200000000000003,2.970463918351315,39.68105727273466,0.015889804095720234,0.03133621647114708,0.015446412375426846
17,30,0.32558160642689904,0.518065685771502,0.16867265820813873,0.1788,0.1754,0.010127341791861255,0.006727341791861269,-0.0033999999999999864,0.21920938640464116,60.41835647894155,-0.002220008380103985,-0.001474696466328208,0.0007453119137757771
17,31,0.32558160642689904,0.5744315312620573,0.18702434073056406,0.1934,0.1876,0.006375659269435924,0.0005756592694359242,-0.0058,5.618225857992228,36.64491659551912,-0.035819893769292746,-0.003234183792937824,0.032585709976354925
17,32,0.32558160642689904,0.41408676958317514,0.13481903564101536,0.1336,0.1424,-0.001219035641015359,0.007580964358984643,0.008800000000000002,3.309370600498462,164.75905695269364,0.004034240711336026,-0.025088220573050445,-0.02912246128438647
17,33,0.32558160642689904,0.5082093407162553,0.16546361355155367,0.1648,0.1662,-0.0006636135515536712,0.0007363864484463134,0.0013999999999999846,16.395601670532532,46.5497876517756,0.010880343454441398,-0.012073498884303894,-0.02295384233874529
17,34,0.32558160642689904,0.430076829107486,0.14002510490780223,0.1412,0.147,0.0011748950921977586,0.006974895092197758,0.0058,0.958512230699415,79.13237761198752,-0.0011261513156602685,-0.006685522253716875,-0.0055593709380566065
17,35,0.32558160642689904,0.36780900467919186,0.11975184660173012,0.1134,0.1096,-0.006351846601730118,-0.010151846601730116,-0.003799999999999998,140.42151737769655,535.7702681535244,0.8919359379653086,1.4255377040005552,0.5336017660352467
17,36,0.32558160642689904,0.31652023366573906,0.10305316614350878,0.1082,0.1048,0.005146833856491229,0.0017468338564912284,-0.0034000000000000002,6.979173461966103,39.12335485975637,-0.03592064626437224,-0.012191456493687485,0.023729189770684757
17,37,0.32558160642689904,0.29742640159246664,0.09683656562424729,0.0848,0.0852,-0.012036565624247292,-0.011636565624247294,0.0003999999999999976,24.566520577069035,247.81462433585358,0.2956965370853129,0.2858699288544853,-0.009826608230827594
17,38,0.32558160642689904,0.3126547933069382,0.10179464986194302,0.0954,0.0918,-0.006394649861943019,-0.009994649861943011,-0.003599999999999992,5.971435146711994,30.074413562459178,0.038185236936523544,0.05968240346468668,0.021497166528163136
17,39,0.32558160642689904,0.4273457371252059,0.13913591159291186,0.1328,0.1392,-0.006335911592911858,6.40884070881309e-05,0.006399999999999989,4.639178947078747,143.98118547323347,0.029393427672388863,-0.00029731758891506923,-0.02969074526130393
17,40,0.32558160642689904,0.21905177326219738,0.07131922822936708,0.067,0.061,-0.004319228229367075,-0.01031922822936708,-0.006000000000000005,55.211576552484715,85.21368546438768,0.2384714000333533,0.5697408593482619,0.3312694593149086
17,41,0.32558160642689904,0.3502829106424205,0.1140456727508492,0.1114,0.11,-0.002645672750849204,-0.004045672750849202,-0.0013999999999999985,6.803885385413811,99.22349344868358,0.018000854164090453,0.02752629370366978,0.009525439539579326
17,42,0.32558160642689904,0.41157518975916685,0.13400131144724534,0.1414,0.1464,0.007398688552754662,0.012398688552754666,0.0050000000000000044,0.005167818939337778,58.86077559734941,-3.8235082829187156e-05,-6.407417752587606e-05,-2.5839094696688907e-05
17,43,0.32558160642689904,0.6032014180886877,0.19639128670029848,0.1952,0.1876,-0.0011912867002984717,-0.008791286700298495,-0.007600000000000023,8.652374629016784,132.80934185464898,0.010307458821547617,0.07606550600207537,0.06575804718052776
17,44,0.32558160642689904,0.33973613686845183,0.11061183720289938,0.1102,0.1086,-0.0004118372028993761,-0.0020118372028993803,-0.0016000000000000042,9.860664079566133,30.89743692970222,0.004060988313258867,0.01983805084056472,0.015777062527305853
17,45,0.32558160642689904,0.37870641253843484,0.12329984215843155,0.1134,0.1138,-0.009899842158431552,-0.009499842158431554,0.0003999999999999976,21.92556477445337,245.58622451148804,0.21705963050155525,0.20828940459177395,-0.008770225909781298
17,46,0.32558160642689904,0.8322142840240537,0.27095366348396305,0.2718,0.273,0.0008463365160369385,0.002046336516036973,0.0012000000000000344,10.671480148943349,103.18355499838322,-0.009031663330214063,-0.021837439508946448,-0.012805776178732384
17,47,0.32558160642689904,0.40849133535173493,0.13299726517528698,0.1348,0.1394,0.0018027348247130204,0.006402734824713013,0.004599999999999993,1.6084863533240978,59.37272505255417,-0.0028996743642130027,-0.010298711589503842,-0.007399037225290839
17,48,0.32558160642689904,0.9486986627935283,0.30887883464736793,0.313,0.3152,0.004121165352632072,0.006321165352632052,0.0021999999999999797,13.835727076809862,114.41627624371829,-0.057019319057422226,-0.08745791862640365,-0.03043859956898142
17,49,0.32558160642689904,0.96,0.3125583421698231,0.3192,0.3206,0.006641657830176895,0.008041657830176907,0.0014000000000000123,10.999017294279422,67.25730933332183,-0.07305170933680201,-0.08845033354879334,-0.015398624211991327
18,19,0.1961441939672069,0.5815475634811581,0.11406717809260483,0.0954,0.0906,-0.018667178092604833,-0.023467178092604832,-0.004799999999999999,38.61668381271912,270.8521274146848,0.720864514077838,0.9062245963788897,0.18536008230105172
18,20,0.1961441939672069,0.30358985466230565,0.05954738733935943,0.06,0.0628,0.0004526126606405681,0.003252612660640565,0.002799999999999997,57.65642040870194,427.8838048790521,-0.026096025844193738,-0.187534002988559,-0.16143797714436525
18,21,0.1961441939672069,0.3591545639587549,0.07044608245733364,0.0538,0.0578,-0.016646082457333636,-0.01264608245733364,0.003999999999999997,51.52797321223259,77.1739957474696,0.8577388909501024,0.6516269981011722,-0.20611189284893017
18,22,0.1961441939672069,0.22768425877375342,0.04465894541619882,0.066,0.06,0.021341054583801186,0.01534105458380118,-0.006000000000000005,0.667576690550901,690.7205667060973,-0.014246790591920131,-0.010241330448614722,0.00400546014330541
18,23,0.1961441939672069,0.20179848513594068,0.03958160121079247,0.0312,0.0238,-0.00838160121079247,-0.015781601210792466,-0.007399999999999997,3.6599997040773076,136.61758983035583,0.03067665795119444,0.057760655761366506,0.027083997810172067
18,24,0.1961441939672069,0.35457382493066114,0.06954759709289406,0.0724,0.0808,0.00285240290710595,0.01125240290710594,0.00839999999999999,55.548792905206504,253.08122601413208,-0.15844753836903738,-0.6250573987727716,-0.4666098604037342
18,25,0.1961441939672069,0.7210253586494617,0.14142493780221493,0.1466,0.1384,0.005175062197785074,-0.0030249378022149387,-0.008200000000000013,75.65070527598725,218.76529168565196,-0.3914971051095415,0.22883867815355494,0.6203357832630965
18,26,0.1961441939672069,0.3766803921978068,0.07388367191089018,0.075,0.0704,0.0011163280891098165,-0.0034836719108901765,-0.004599999999999993,41.3190469249845,186.44845698170442,-0.04612561269760678,0.1439420031573216,0.1900676158549284
18,27,0.1961441939672069,0.5734241788507295,0.11247382336198382,0.1088,0.102,-0.0036738233619838245,-0.010473823361983825,-0.0068000000000000005,94.72223136210468,163.64884018918505,0.3479927464773371,0.992103919739649,0.6441111732623119
18,28,0.1961441939672069,0.5368048429729841,0.10529115324262904,0.087,0.0826,-0.018291153242629046,-0.022691153242629034,-0.004399999999999987,25.712246369934533,103.30676884758117,0.47030663856470495,0.5834405225924166,0.11313388402771168
18,29,0.1961441939672069,0.20992975486519724,0.04117650255776744,0.039,0.0354,-0.00217650255776744,-0.005776502557767439,-0.003599999999999999,51.01267289258637,205.6930847674828,0.111029213029268,0.2946748354425789,0.1836456224133109
18,30,0.1961441939672069,0.518065685771502,0.10161557635771955,0.0912,0.089,-0.010415576357719544,-0.012615576357719552,-0.0022000000000000075,24.508581430609418,177.6686124986581,0.2552710013098997,0.3091898804572406,0.05391887914734089
18,31,0.1961441939672069,0.5744315312620573,0.11267140968874463,0.1142,0.1046,0.001528590311255365,-0.008071409688744632,-0.009599999999999997,60.669953696635005,194.28709011920577,-0.09273950340498789,0.489692052082708,0.5824315554876959
18,32,0.1961441939672069,0.41408676958317514,0.08122071565237642,0.0936,0.091,0.012379284347623587,0.009779284347623582,-0.002600000000000005,52.38835195187718,308.16574089641614,-0.6485303053156688,-0.5123205902407879,0.1362097150748809
18,33,0.1961441939672069,0.5082093407162553,0.09968231150139552,0.0942,0.095,-0.005482311501395512,-0.004682311501395517,0.0007999999999999952,89.6422766570679,266.516778826424,0.49144688432832173,0.4197330630026679,-0.07171382132565385
18,34,0.1961441939672069,0.430076829107486,0.08435707298926003,0.087,0.0798,0.0026429270107399677,-0.00455707298926003,-0.007199999999999998,19.71160995053403,221.33756681686907,-0.05209634636343711,0.08982724528040786,0.14192359164384497
18,35,0.1961441939672069,0.36780900467919186,0.07214360075668072,0.0876,0.0828,0.015456399243319277,0.010656399243319278,-0.004799999999999999,298.21044519797874,816.244854971602,-4.609259699507944,-3.177849562557646,1.4314101369502978
18,36,0.1961441939672069,0.31652023366573906,0.062083606106678374,0.045,0.0444,-0.017083606106678376,-0.017683606106678372,-0.0005999999999999964,64.9736721950316,125.170524530662,1.1099846230843609,1.1489688264013795,0.038984203317018684
18,37,0.1961441939672069,0.29742640159246664,0.05833846180492115,0.046,0.0392,-0.012338461804921153,-0.019138461804921153,-0.0068000000000000005,107.646326650227,515.5046495898113,1.3281900898138916,2.0601851110354352,0.7319950212215436
18,38,0.1961441939672069,0.3126547933069382,0.061325422423173064,0.0418,0.0386,-0.019525422423173067,-0.02272542242317306,-0.0031999999999999945,61.81834453012565,113.30239027562136,1.2070292904519535,1.4048479929483553,0.19781870249640177
18,39,0.1961441939672069,0.4273457371252059,0.08382138515374539,0.0736,0.0716,-0.010221385153745391,-0.012221385153745393,-0.0020000000000000018,57.345597496449265,168.60463683468177,0.5861514388828654,0.7008426338757641,0.1146911949928987
18,40,0.1961441939672069,0.21905177326219738,0.04296573350360107,0.0236,0.0244,-0.01936573350360107,-0.018565733503601068,0.0008000000000000021,165.10352242314954,186.08271553424566,3.1973508157525377,3.0652679978140176,-0.13208281793852006
18,41,0.1961441939672069,0.3502829106424205,0.06870595916844473,0.058,0.0572,-0.010705959168444724,-0.011505959168444727,-0.0008000000000000021,64.4365517172205,278.32424811786774,0.6898550916399394,0.741404333013716,0.05154924137377659
18,42,0.1961441939672069,0.41157518975916685,0.080728083852212,0.0736,0.0666,-0.007128083852212003,-0.014128083852211995,-0.006999999999999992,30.14778442565768,239.3525098981317,0.21489593534449902,0.42593042632410255,0.21103449097960353
18,43,0.1961441939672069,0.6032014180886877,0.11831445595088182,0.1182,0.1036,-0.00011445595088181715,-0.014714455950881819,-0.014600000000000002,69.89468587554754,428.23800155707534,0.007999862733471707,1.028462276516466,1.0204624137829943
18,44,0.1961441939672069,0.33973613686845183,0.06663727072759516,0.0678,0.056,0.001162729272404836,-0.010637270727595162,-0.011799999999999998,73.256167795093,239.73602591549928,-0.08517709067955508,0.7792456893025422,0.8644227799820973
18,45,0.1961441939672069,0.37870641253843484,0.07428106403756383,0.0668,0.0584,-0.0074810640375638365,-0.015881064037563834,-0.008399999999999998,102.0359886186549,250.91404259750163,0.7633377649922921,1.620440069388993,0.857102304396701
18,46,0.1961441939672069,0.8322142840240537,0.1632339999478942,0.1524,0.1496,-0.01083399994789419,-0.013633999947894188,-0.002799999999999997,75.43852552989672,348.6520177382825,0.8173009816601157,1.0285288531438264,0.2112278714837107
18,47,0.1961441939672069,0.40849133535173493,0.08012320371515405,0.0704,0.0702,-0.009723203715154047,-0.009923203715154053,-0.00020000000000000573,17.227074557183162,180.24642390718577,0.16750235533563906,0.1709477702470758,0.0034454149114367394
18,48,0.1961441939672069,0.9486986627935283,0.18608173453140361,0.187,0.1758,0.0009182654685963854,-0.010281734531403602,-0.011199999999999988,83.51132299733304,397.93276508682936,-0.07668556414525012,0.8586412534248788,0.9353268175701289
18,49,0.1961441939672069,0.96,0.1882984262085186,0.192,0.1794,0.003701573791481394,-0.008898426208518606,-0.0126,76.30527228698796,318.3772118245578,-0.28244959604936615,0.6789968347666822,0.9614464308160483
19,20,0.5815475634811581,0.30358985466230565,0.17655194027646276,0.1676,0.1744,-0.008951940276462761,-0.0021519402764627604,0.0068000000000000005,1.901503478484663,92.07098626555305,0.017022145574880895,0.004091921921185186,-0.01293022365369571
19,21,0.5815475634811581,0.3591545639587549,0.20886546158335167,0.2046,0.2,-0.004265461583351671,-0.008865461583351664,-0.004599999999999993,0.929424042079405,210.95298124591267,0.003964422546133129,0.008239773139698385,0.004275350593565257
19,22,0.5815475634811581,0.22768425877375342,0.13240922593288978,0.1382,0.135,0.005790774067110205,0.002590774067110224,-0.0031999999999999806,49.43898314443468,966.7909023598592,-0.2862899814970909,-0.12808523543490086,0.15820474606219004
19,23,0.5815475634811581,0.20179848513594068,0.117355417344995,0.0978,0.1008,-0.019555417344994996,-0.016555417344994994,0.0030000000000000027,18.499631443252998,361.90088247129495,0.3617680136014045,0.30626911927164546,-0.05549889432975902
19,24,0.5815475634811581,0.35457382493066114,0.2062015439626207,0.197,0.2024,-0.009201543962620684,-0.003801543962620696,0.005399999999999988,1.5348085394314208,137.16641456963325,0.01412260824978386,0.005834642136854206,-0.008287966112929654
19,25,0.5815475634811581,0.7210253586494617,0.41931054053072264,0.4196,0.4306,0.00028945946927733113,0.011289459469277341,0.01100000000000001,6.1678171033927285,92.15161690573413,-0.001785333065347705,-0.06963132120266778,-0.06784598813732008
19,26,0.5815475634811581,0.3766803921978068,0.21905756429376158,0.2084,0.2064,-0.010657564293761579,-0.01265756429376158,-0.0020000000000000018,0.04569204588596111,178.44684385309668,0.00048696591674313476,0.0005783500085150571,9.138409177192233e-05
19,27,0.5815475634811581,0.5734241788507295,0.33347343405182556,0.3354,0.324,0.001926565948174419,-0.009473434051825547,-0.011399999999999966,12.378451244734268,81.02948188677134,-0.023847902659242293,0.11726644153072795,0.14111434418997024
19,28,0.5815475634811581,0.5368048429729841,0.3121775484958246,0.286,0.2928,-0.0261775484958246,-0.01937754849582457,0.006800000000000028,1.3076103557094738,130.8571899999756,0.03423003350022721,0.025338283081402745,-0.008891750418824462
19,29,0.5815475634811581,0.20992975486519724,0.12208413744405225,0.1166,0.1112,-0.005484137444052253,-0.010884137444052255,-0.005400000000000002,0.8613386011554933,34.77832189644726,0.004723699274604431,0.009374927720844096,0.004651228446239665
19,30,0.5815475634811581,0.518065685771502,0.3012798372836123,0.2856,0.2828,-0.015679837283612275,-0.0184798372836123,-0.0028000000000000247,1.5967307311488044,61.06390439994958,0.02503647805015651,0.0295073240973732,0.004470846047216693
19,31,0.5815475634811581,0.5744315312620573,0.3340592573922001,0.3318,0.3324,-0.0022592573922001202,-0.0016592573922001308,0.0005999999999999894,2.4801827899447697,77.72869910765446,0.005603371302190239,0.004115261628223403,-0.001488109673966836
19,32,0.5815475634811581,0.41408676958317514,0.24081115192087924,0.2426,0.2522,0.001788848079120775,0.011388848079120745,0.00959999999999997,1.048058874638786,269.5426354086688,-0.0018748181047030736,-0.011936183301235387,-0.010061365196532314
19,33,0.5815475634811581,0.5082093407162553,0.295547903831904,0.2888,0.2998,-0.00674790383190399,0.00425209616809602,0.01100000000000001,10.586747030618936,25.105331457957508,0.0714383508553117,-0.0450158664814967,-0.11645421733680839
19,34,0.5815475634811581,0.430076829107486,0.25011013207716093,0.2328,0.2324,-0.017310132077160922,-0.017710132077160934,-0.00040000000000001146,3.14869576183887,124.15055726173375,0.05450433950822767,0.05576381781296325,0.0012594783047355854
19,35,0.5815475634811581,0.36780900467919186,0.2138984304976139,0.2138,0.2072,-9.843049761390499e-05,-0.0066984304976139,-0.006599999999999995,122.20282030489868,863.3799027775135,0.01202848441243379,0.8185670984247644,0.8065386140123306
19,36,0.5815475634811581,0.31652023366573906,0.18407157068079738,0.1566,0.172,-0.02747157068079739,-0.012071570680797394,0.015399999999999997,3.409165052426274,60.15948254397298,0.09365511870023274,0.04115397689286812,-0.05250114180736462
19,37,0.5815475634811581,0.29742640159246664,0.1729675991610674,0.1562,0.1676,-0.016767599161067404,-0.00536759916106741,0.011399999999999993,17.314273984413767,359.13065903573806,0.29031880593554743,0.09293608251323061,-0.19738272342231683
19,38,0.5815475634811581,0.3126547933069382,0.181823633258355,0.1824,0.181,0.000576366741645018,-0.0008236332583549943,-0.0014000000000000123,2.716668460055155,98.56655233321716,-0.0015657973484517786,0.0022375384956254724,0.003803335844077251
19,39,0.5815475634811581,0.4273457371252059,0.24852187218922298,0.2596,0.254,0.011078127810777022,0.005478127810777028,-0.005599999999999994,1.8454006432253958,374.6835295846554,-0.020443584187741063,-0.010109340585678857,0.010334243602062206
19,40,0.5815475634811581,0.21905177326219738,0.12738902501685798,0.139,0.132,0.011610974983142036,0.00461097498314203,-0.007000000000000006,44.02361238639488,162.11916919569202,-0.5111570620859728,-0.20299177538120838,0.3081652867047644
19,41,0.5815475634811581,0.3502829106424205,0.20370617321318787,0.1846,0.1848,-0.019106173213187888,-0.018906173213187882,0.00020000000000000573,3.286989862462942,32.551226295469576,0.0628017976622096,0.062144399689716995,-0.0006573979724926043
19,42,0.5815475634811581,0.41157518975916685,0.23935054879373877,0.2396,0.2346,0.00024945120626124195,-0.0047505487937387625,-0.0050000000000000044,0.523499346672439,32.41140633274899,-0.00013058754350441198,0.0024869091898577856,0.0026174967333621978
19,43,0.5815475634811581,0.6032014180886877,0.3507903149778557,0.3606,0.3402,0.009809685022144299,-0.010590314977855675,-0.020399999999999974,4.6056242331602,58.544551281409056,-0.04517972305765644,0.048775011298811524,0.09395473435646796
19,44,0.5815475634811581,0.33973613686845183,0.1975727226223494,0.2012,0.208,0.0036272773776505896,0.01042727737765059,0.0068000000000000005,5.497849486550509,40.572460988738364,-0.01994222506829257,-0.05732760157683603,-0.037385376508543455
19,45,0.5815475634811581,0.37870641253843484,0.2202357914864171,0.2304,0.2282,0.010164208513582906,0.007964208513582899,-0.0022000000000000075,15.109189764932061,565.766993758405,-0.15357295524206216,-0.12033273775921152,0.03324021748285064
19,46,0.5815475634811581,0.8322142840240537,0.48397218916840495,0.4894,0.4988,0.005427810831595048,0.014827810831595067,0.00940000000000002,6.107338818260235,60.0393490524457,-0.033149479789973804,-0.09055846468162013,-0.05740898489164632
19,47,0.5815475634811581,0.40849133535173493,0.2375571407769661,0.2304,0.2338,-0.007157140776966109,-0.0037571407769660947,0.003400000000000014,4.258780277714222,105.82875335009615,0.030480689985767508,0.016000837041539092,-0.014479852944228416
19,48,0.5815475634811581,0.9486986627935283,0.5517133958254092,0.5522,0.5534,0.00048660417459078786,0.0016866041745907667,0.0011999999999999789,8.5510662812658,49.75032120913903,-0.004160984549666463,-0.014422264087185242,-0.01026127953751878
19,49,0.5815475634811581,0.96,0.5582856609419118,0.559,0.5602,0.0007143390580882647,0.0019143390580882436,0.0011999999999999789,6.3557261172663635,44.412122731487855,-0.004540143408075038,-0.01216701474879454,-0.0076268713407195024
20,21,0.30358985466230565,0.3591545639587549,0.10903568187354215,0.1118,0.1244,0.002764318126457846,0.015364318126457846,0.0126,0.17212850672246927,316.79617866346695,-0.00047581795121304297,-0.0026446371359161555,-0.0021688191847031124
20,22,0.30358985466230565,0.22768425877375342,0.06912263103001859,0.0656,0.071,-0.003522631030018583,0.001877368969981405,0.005399999999999988,70.73207226431413,1111.570820993599,0.24916299257578972,-0.1327901976515057,-0.38195319022729546
20,23,0.30358985466230565,0.20179848513594068,0.06126397277349368,0.0596,0.0618,-0.0016639727734936785,0.0005360272265063221,0.0022000000000000006,32.26319436182306,512.8429179620754,0.053685077004008326,-0.01729395059200242,-0.07097902759601074
20,24,0.30358985466230565,0.35457382493066114,0.10764501597775722,0.102,0.1148,-0.005645015977757226,0.00715498402224278,0.012800000000000006,0.01962135206012323,253.28175973809059,0.0001107628458845953,-0.00014039046048498218,-0.0002511533063695775
20,25,0.30358985466230565,0.7210253586494617,0.21889598384022688,0.2182,0.23,-0.0006959838402268714,0.011104016159773133,0.011800000000000005,1.2200503501640971,173.12179951221987,0.0008491353279773475,-0.013547458803959005,-0.014396594131936353
20,26,0.30358985466230565,0.3766803921978068,0.11435634552147246,0.1104,0.1194,-0.0039563455214724624,0.0050436544785275456,0.009000000000000008,1.3576750948985459,319.1310358477464,0.005371431781316562,-0.006847644072770362,-0.012219075854086924
20,27,0.30358985466230565,0.5734241788507295,0.17408576311714494,0.1752,0.1852,0.0011142368828550575,0.011114236882855066,0.010000000000000009,4.576827783903953,196.4789886714989,-0.0050996703233015615,-0.05086794816234113,-0.04576827783903957
20,28,0.30358985466230565,0.5368048429729841,0.16296850426019005,0.1538,0.1672,-0.009168504260190058,0.004231495739809937,0.013399999999999995,6.362794629635635,279.6189841111777,0.05833730966852874,-0.02692413836858874,-0.08526144803711748
20,29,0.30358985466230565,0.20992975486519724,0.06373254376881868,0.067,0.0656,0.003267456231181326,0.0018674562311813275,-0.0013999999999999985,0.2032809092437273,135.03478399751435,-0.0006642114735886224,-0.0003796182006474045,0.0002845932729412179
20,30,0.30358985466230565,0.518065685771502,0.157279486248898,0.149,0.1644,-0.008279486248898016,0.007120513751101981,0.015399999999999997,6.983166943264238,169.81620358197614,0.05781703468051545,-0.0497237362457538,-0.10754077092626925
20,31,0.30358985466230565,0.5744315312620573,0.17439158508929364,0.1756,0.186,0.0012084149107063624,0.011608414910706355,0.010399999999999993,0.03838052171632537,162.292172907087,-4.637959472269692e-05,-0.0004455370205724805,-0.0003991574258497836
20,32,0.30358985466230565,0.41408676958317514,0.12571254219533978,0.1286,0.1372,0.0028874578046602095,0.011487457804660206,0.008599999999999997,0.1261689368370307,355.7947875470906,-0.00036430748137576533,-0.0014493603381742289,-0.0010850528567984635
20,33,0.30358985466230565,0.5082093407162553,0.15428719988607414,0.1456,0.1654,-0.008687199886074137,0.011112800113925847,0.019799999999999984,3.5147926907240903,90.4054876076883,0.030533706662432526,-0.03905918861390441,-0.06959289527633694
20,34,0.30358985466230565,0.430076829107486,0.13056696204236695,0.1244,0.1238,-0.006166962042366955,-0.0067669620423669585,-0.0006000000000000033,9.943973221138963,197.24812309474038,0.06132410540507745,0.06729048933776086,0.005966383932683408
20,35,0.30358985466230565,0.36780900467919186,0.11166308227404316,0.0828,0.0828,-0.02886308227404316,-0.02886308227404316,0.0,93.61700918269077,520.7254768319992,2.7020754382898575,2.7020754382898575,0.0
20,36,0.30358985466230565,0.31652023366573906,0.09609233173626075,0.0876,0.0976,-0.008492331736260753,0.0015076682637392563,0.010000000000000009,0.2185023097760031,176.94582434409978,0.0018555940997570291,-0.00032942899800300374,-0.002185023097760033
20,37,0.30358985466230565,0.29742640159246664,0.0902956380321895,0.0678,0.0758,-0.0224956380321895,-0.014495638032189492,0.008000000000000007,7.740037450367774,131.72190653065195,0.17411708083906435,0.1121967812361221,-0.06192029960294225
20,38,0.30358985466230565,0.3126547933069382,0.09491882325952658,0.0954,0.1,0.0004811767404734185,0.005081176740473425,0.004600000000000007,0.072512678681266,174.05640139097036,-3.489141437084792e-05,-0.000368449736304672,-0.0003335583219338241
20,39,0.30358985466230565,0.4273457371252059,0.12973783022439714,0.1218,0.128,-0.007937830224397133,-0.0017378302243971355,0.006199999999999997,0.0004200407130904245,397.6769731030528,3.3342118678464957e-06,7.299594466858652e-07,-2.6042524211606304e-06
20,40,0.30358985466230565,0.21905177326219738,0.06650189600819083,0.0744,0.071,0.007898103991809166,0.004498103991809166,-0.0034000000000000002,27.626367045554186,187.59723017981304,-0.21819591984167672,-0.12426627188679248,0.09392964795488423
20,41,0.30358985466230565,0.3502829106424205,0.10634233793262184,0.0952,0.108,-0.01114233793262183,0.0016576620673781628,0.012799999999999992,0.1884042788539676,103.20087136306891,0.002099264142942824,-0.00031231062638795984,-0.0024115747693307836
20,42,0.30358985466230565,0.41157518975916685,0.12495005204159633,0.1194,0.126,-0.005550052041596323,0.0010499479584036714,0.006599999999999995,4.420433434005318,98.4748090539984,0.024533635605141862,-0.004641225059293214,-0.029174860664435077
20,43,0.30358985466230565,0.6032014180886877,0.18312583084964135,0.179,0.1872,-0.004125830849641354,0.0040741691503586586,0.008200000000000013,0.5884756691786468,88.73720866125468,0.0024279510701606007,-0.0023975494171043104,-0.004825500487264911
20,44,0.30358985466230565,0.33973613686845183,0.10314044441542647,0.1026,0.103,-0.000540444415426472,-0.00014044441542647446,0.0003999999999999976,0.9327681096850434,75.33011002891553,0.0005041093157671886,0.00013100207189317353,-0.0003731072438740151
20,45,0.30358985466230565,0.37870641253843484,0.1149714247422266,0.1156,0.115,0.0006285752577733922,2.857525777340275e-05,-0.0005999999999999894,6.2905856142735965,497.5536816789687,-0.003954106474037619,-0.0001797551054735271,0.0037743513685640916
20,46,0.30358985466230565,0.8322142840240537,0.25265181353475724,0.248,0.264,-0.004651813534757243,0.011348186465242771,0.016000000000000014,1.1932349115718794,107.27242842275996,0.005550706311794931,-0.013541052273355158,-0.01909175858515009
20,47,0.30358985466230565,0.40849133535173493,0.12401382513024437,0.1184,0.117,-0.00561382513024436,-0.007013825130244358,-0.0013999999999999985,11.851710822295917,171.6161314250626,0.06653343205059387,0.08312582720180814,0.016592395151214273
20,48,0.30358985466230565,0.9486986627935283,0.288015289155811,0.2812,0.2984,-0.006815289155810977,0.010384710844189016,0.017199999999999993,2.3878608924497153,88.39415721402028,0.01627396244589767,-0.02479724490423742,-0.041071207350135086
20,49,0.30358985466230565,0.96,0.2914462604758134,0.2854,0.3,-0.006046260475813414,0.008553739524186588,0.014600000000000002,1.304407055148451,104.11090421487317,0.007886784821916248,-0.01115755818325114,-0.019044343005167386
21,22,0.3591545639587549,0.22768425877375342,0.08177384068015972,0.089,0.0882,0.007226159319840275,0.00642615931984028,-0.0007999999999999952,63.92566052934072,407.7867002265312,-0.46193700761104106,-0.4107964791875688,0.051140528423472276
21,23,0.3591545639587549,0.20179848513594068,0.07247684693653605,0.0552,0.0598,-0.017276846936536056,-0.012676846936536056,0.0046,27.722185710516964,44.35861830591694,0.4789519592668286,0.3514299049984506,-0.12752205426837798
21,24,0.3591545639587549,0.35457382493066114,0.1273468074841595,0.1088,0.1182,-0.018546807484159503,-0.009146807484159497,0.009400000000000006,0.07551915664266981,72.60261136866433,0.0014006392596176824,0.0006907591871765856,-0.0007098800724410967
21,25,0.3591545639587549,0.7210253586494617,0.2589595482889523,0.2428,0.2608,-0.016159548288952302,0.001840451711047686,0.017999999999999988,2.308705877546562,69.0026872411018,0.037307644113201664,-0.004249061682636419,-0.04155670579583808
21,26,0.3591545639587549,0.3766803921978068,0.13528648201161608,0.1278,0.1356,-0.007486482011616086,0.00031351798838391565,0.007800000000000001,0.5629642422666837,49.054801029669406,0.004214621672912608,-0.00017649941676752603,-0.0043911210896801335
21,27,0.3591545639587549,0.5734241788507295,0.20594791091854084,0.1884,0.1974,-0.017547910918540827,-0.008547910918540846,0.00899999999999998,6.524121107728537,54.048681937749706,0.11448469602019228,0.05576760605063556,-0.05871708996955671
21,28,0.3591545639587549,0.5368048429729841,0.19279590930891,0.1774,0.192,-0.015395909308909994,-0.0007959093089099922,0.014600000000000002,4.441869541075911,32.10032900075217,0.06838662061641437,0.0035353253167060726,-0.0648512952997083
21,29,0.3591545639587549,0.20992975486519724,0.07539722957057822,0.0652,0.0624,-0.010197229570578226,-0.012997229570578223,-0.002799999999999997,0.0012947845853398265,96.52725589881145,1.3203215661156145e-05,1.6828612500107655e-05,3.625396838951511e-06
21,30,0.3591545639587549,0.518065685771502,0.18606565547525714,0.1858,0.1982,-0.0002656554752571427,0.012134344524742852,0.012399999999999994,4.96257832446615,89.10269453938119,0.00131833610328685,-0.06021763512009338,-0.061535971223380226
21,31,0.3591545639587549,0.5744315312620573,0.20630970613458405,0.1926,0.2044,-0.013709706134584054,-0.0019097061345840494,0.011800000000000005,0.37306833318952726,68.96666474370953,0.0051146572161475095,0.0007124508845110863,-0.004402206331636423
21,32,0.3591545639587549,0.41408676958317514,0.14872115317073467,0.1356,0.1552,-0.013121153170734673,0.006478846829265333,0.019600000000000006,0.00356182852446801,89.23620224961721,4.6735297637436635e-05,-2.307654144213639e-05,-6.981183907957302e-05
21,33,0.3591545639587549,0.5082093407162553,0.18252570416471298,0.165,0.1742,-0.01752570416471297,-0.008325704164712983,0.009199999999999986,5.242550995686988,164.2444445407669,0.09187939781883156,0.043647928658511345,-0.048231469160320214
21,34,0.3591545639587549,0.430076829107486,0.15446405602686308,0.1526,0.1556,-0.0018640560268630701,0.0011359439731369048,0.002999999999999975,7.499507558760787,66.9205192842009,0.013979502263413195,-0.008519020412868977,-0.022498522676282173
21,35,0.3591545639587549,0.36780900467919186,0.1321002826956588,0.1268,0.1316,-0.005300282695658798,-0.0005002826956587991,0.004799999999999999,101.8176259641609,626.9261644386805,0.5396622010109019,0.05093759638292975,-0.4887246046279721
21,36,0.3591545639587549,0.31652023366573906,0.11367968650634172,0.0986,0.1144,-0.015079686506341727,0.0007203134936582811,0.01580000000000001,0.7784992287062922,54.23962826075768,0.011739524314319717,-0.0005607634992397066,-0.012300287813559425
21,37,0.3591545639587549,0.29742640159246664,0.10682204957376387,0.1062,0.11,-0.0006220495737638693,0.0031779504262361286,0.003799999999999998,10.22065558306459,497.76453709017295,0.0063577544490326385,-0.032480736766612776,-0.038838491215645414
21,38,0.3591545639587549,0.3126547933069382,0.11229139595976802,0.0992,0.1034,-0.01309139595976802,-0.008891395959768011,0.004200000000000009,0.46808244479736255,81.67688059695448,0.006127852626658529,0.004161906358509603,-0.0019659462681489263
21,39,0.3591545639587549,0.4273457371252059,0.15348317187683602,0.1388,0.1432,-0.014683171876836015,-0.010283171876836028,0.004399999999999987,0.15554255076298612,49.039641001844004,0.002283858007014416,0.0015994707836572792,-0.0006843872233571369
21,40,0.3591545639587549,0.21905177326219738,0.07867344411037655,0.066,0.068,-0.012673444110376547,-0.010673444110376545,0.0020000000000000018,32.159818886182585,177.46036790026938,0.4075756672538671,0.3432560294815019,-0.06431963777236521
21,41,0.3591545639587549,0.3502829106424205,0.12580570603398203,0.1168,0.131,-0.009005706033982028,0.0051942939660179765,0.014200000000000004,0.7206980097680967,258.81822656234385,0.006490394415247387,-0.0037435173234595894,-0.010233911738706976
21,42,0.3591545639587549,0.41157518975916685,0.14781910781419538,0.1438,0.1546,-0.004019107814195372,0.0067808921858046045,0.010799999999999976,2.847990238490918,153.4983447620534,0.011446379822270989,-0.01931191475343086,-0.030758294575701846
21,43,0.3591545639587549,0.6032014180886877,0.21664254229294522,0.2042,0.2122,-0.012442542292945225,-0.004442542292945217,0.008000000000000007,1.3971367773544157,338.7682410424097,0.017383933441261514,0.006206839222426178,-0.011177094218835337
21,44,0.3591545639587549,0.33973613686845183,0.12201778409802069,0.1194,0.1124,-0.002617784098020687,-0.009617784098020693,-0.007000000000000006,1.906285365613357,145.13748371657064,0.0049902435163921965,0.018334241075685705,0.013343997559293509
21,45,0.3591545639587549,0.37870641253843484,0.13601413646362592,0.1154,0.1262,-0.02061413646362592,-0.009814136463625917,0.010800000000000004,8.543857180177497,151.83426326869068,0.17612423783790906,0.08385058029199208,-0.09227365754591699
21,46,0.3591545639587549,0.8322142840240537,0.2988935582989064,0.285,0.3046,-0.013893558298906428,0.005706441701093579,0.019600000000000006,2.2717623227464343,273.89834783777764,0.031562862272336664,-0.012963679253493461,-0.044526541525830125
21,47,0.3591545639587549,0.40849133535173493,0.14671152742918186,0.1476,0.1468,0.000888472570818144,8.847257081814885e-05,-0.0007999999999999952,9.167255855042297,77.08546677574171,-0.008144855376877112,-0.0008110506928433194,0.0073338046840337925
21,48,0.3591545639587549,0.9486986627935283,0.3407294545638635,0.3306,0.3482,-0.010129454563863494,0.007470545436136511,0.017600000000000005,3.8422045600221137,304.62348207551963,0.03891943651581313,-0.028703363740576093,-0.06762280025638923
21,49,0.3591545639587549,0.96,0.3447883814004047,0.335,0.351,-0.009788381400404667,0.006211618599595292,0.01599999999999996,2.4242182905537986,186.4084963436297,0.023729173225777597,-0.01505831942308308,-0.03878749264886068
22,23,0.22768425877375342,0.20179848513594068,0.04594633850984295,0.0484,0.0502,0.0024536614901570497,0.004253661490157053,0.001800000000000003,7.453807665577436,270.67892957608314,-0.01828912082406477,-0.03170597462210418,-0.013416853798039408
22,24,0.22768425877375342,0.35457382493066114,0.08073087850991219,0.0624,0.0716,-0.01833087850991219,-0.00913087850991219,0.0092,68.39554515599218,428.3690988192591,1.2537504288737058,0.6245114134385779,-0.629239015435128
22,25,0.22768425877375342,0.7210253586494617,0.1641661243411824,0.1616,0.16,-0.0025661243411824186,-0.004166124341182409,-0.0015999999999999903,90.53132491532082,538.4382936911052,0.23231463650469913,0.37716475636921154,0.1448501198645124
22,26,0.22768425877375342,0.3766803921978068,0.08576419589216437,0.077,0.0674,-0.008764195892164373,-0.01836419589216437,-0.009599999999999997,52.49064810196888,335.3225734758785,0.4600383224723213,0.9639485442512223,0.5039102217789011
22,27,0.22768425877375342,0.5734241788507295,0.13055965912457657,0.1316,0.1254,0.001040340875423429,-0.005159659124576554,-0.006199999999999983,111.29381430696907,571.4014137291265,-0.11578350420532474,0.5742381444978816,0.6900216487032063
22,28,0.22768425877375342,0.5368048429729841,0.12222201277846499,0.1116,0.1148,-0.010622012778464987,-0.0074220127784649925,0.0031999999999999945,34.66593103426186,438.4153966687548,0.36822196242331545,0.25729098311367765,-0.1109309793096378
22,29,0.22768425877375342,0.20992975486519724,0.04779770063103819,0.0508,0.0492,0.0030022993689618055,0.0014022993689618082,-0.0015999999999999973,63.351559937298624,688.3538080019619,-0.19020034842249767,-0.08883785252282003,0.10136249589967763
22,30,0.22768425877375342,0.518065685771502,0.1179554016610007,0.1026,0.0978,-0.015355401661000703,-0.020155401661000702,-0.004799999999999999,33.265993145817745,579.7134753823676,0.5108126864061279,0.6704894535060529,0.15967676709992507
22,31,0.22768425877375342,0.5744315312620573,0.13078901741167367,0.1314,0.1256,0.0006109825883263142,-0.005189017411673685,-0.0058,74.06574265830645,583.259068646254,-0.04525287915568278,0.3843284282624946,0.42958130741817735
22,32,0.22768425877375342,0.41408676958317514,0.09428103920056326,0.059,0.0594,-0.03528103920056326,-0.034881039200563256,0.0004000000000000045,64.88356452107263,255.76802266709106,2.289159583340239,2.2632061575318096,-0.025953425808429298
22,33,0.22768425877375342,0.5082093407162553,0.1157112670428785,0.1168,0.1218,0.001088732957121502,0.0060887329571215065,0.0050000000000000044,105.78151704408967,884.78247076195,-0.11516782386021032,-0.6440754090806591,-0.5289075852204488
22,34,0.22768425877375342,0.430076829107486,0.09792172405110418,0.0814,0.0796,-0.016521724051104178,-0.018321724051104174,-0.001799999999999996,27.634256960856536,411.40426147421874,0.45656556786457647,0.5063072303941182,0.04974166252954171
22,35,0.22768425877375342,0.36780900467919186,0.0837443206006938,0.091,0.0862,0.0072556793993062,0.0024556793993062015,-0.004799999999999999,327.09704682512006,1131.282976642991,-2.373311304222919,-0.8032454794623433,1.5700658247605759
22,36,0.22768425877375342,0.31652023366573906,0.07206667478907904,0.0644,0.066,-0.0076666747890790365,-0.006066674789079032,0.0016000000000000042,78.81317494928302,578.3337092499494,0.6042349814309437,0.47813390151209045,-0.12610107991885322
22,37,0.22768425877375342,0.29742640159246664,0.06771930978632548,0.0814,0.0812,0.013680690213674518,0.013480690213674512,-0.00020000000000000573,125.26821588893152,1466.7493297304793,-1.7137556551961721,-1.688702012018385,0.02505364317778702
22,38,0.22768425877375342,0.3126547933069382,0.0711865748661513,0.0746,0.071,0.0034134251338486937,-0.00018657486615131225,-0.003600000000000006,75.33403172094181,721.90599923533,-0.2571470773104175,0.014055436884973429,0.27120251419539093
22,39,0.22768425877375342,0.4273457371252059,0.09729989739747578,0.0886,0.0844,-0.008699897397475786,-0.012899897397475782,-0.004199999999999995,70.38775849425569,294.32608605264835,0.6123662769383292,0.9079948626142028,0.2956285856758736
22,40,0.22768425877375342,0.21905177326219738,0.04987464062827971,0.0536,0.0496,0.003725359371720291,-0.0002746406282797126,-0.0040000000000000036,186.76817158559925,865.107640270501,-0.6957785583554755,0.05129412798692214,0.7470726863423977
22,41,0.22768425877375342,0.3502829106424205,0.07975390487073242,0.0938,0.0844,0.014046095129267577,0.004646095129267586,-0.009399999999999992,78.22149703808655,1166.4422128090641,-1.0987065885506857,-0.3634245163926728,0.7352820721580129
22,42,0.22768425877375342,0.41157518975916685,0.09370919200998282,0.0812,0.0868,-0.012509192009982822,-0.006909192009982815,0.005600000000000008,39.78775391954093,760.1581291538267,0.49771265342548415,0.2749012314760546,-0.22281142194942954
22,43,0.22768425877375342,0.6032014180886877,0.1373394677687998,0.1492,0.1382,0.011860532231200205,0.0008605322312001951,-0.01100000000000001,84.2238968876418,1210.12832037407,-0.9989402436731581,-0.07247737790909756,0.9264628657640606
22,44,0.22768425877375342,0.33973613686845183,0.07735257050155189,0.0834,0.0734,0.006047429498448109,-0.003952570501551886,-0.009999999999999995,87.91003921428305,831.1717015604836,-0.5316297643541853,0.3474706277886447,0.87910039214283
22,45,0.22768425877375342,0.37870641253843484,0.08622548883168081,0.0812,0.0808,-0.005025488831680816,-0.005425488831680814,-0.0003999999999999976,119.21015158246425,407.54409453308807,0.5990892854006512,0.6467733460336367,0.04768406063298547
22,46,0.22768425877375342,0.8322142840240537,0.1894820923989466,0.1948,0.1902,0.005317907601053412,0.0007179076010534191,-0.004599999999999993,90.29919930505719,1089.4618905265843,-0.4802027983534006,-0.06482648155013818,0.41537631680326237
22,47,0.22768425877375342,0.40849133535173493,0.09300704690506051,0.0796,0.0792,-0.013407046905060505,-0.013807046905060502,-0.0003999999999999976,24.67709724331942,505.54705962739087,0.33084700022192276,0.34071783911925047,0.009870838897327705
22,48,0.22768425877375342,0.9486986627935283,0.21600375183779555,0.2192,0.2132,0.003196248162204457,-0.0028037518377955484,-0.006000000000000005,99.11211268845243,1152.444855761257,-0.3167869080326671,0.277885768098048,0.5946726761307151
22,49,0.22768425877375342,0.96,0.2185768884228033,0.2228,0.2152,0.004223111577196709,-0.003376888422803287,-0.007599999999999996,91.24724859993039,869.3689811568522,-0.38534731194971217,0.30813177740975833,0.6934790893594704
23,24,0.20179848513594068,0.35457382493066114,0.07155246073986365,0.0642,0.0598,-0.0073524607398636616,-0.011752460739863656,-0.004399999999999994,30.69153007622097,133.2289670882123,0.22565826993175947,0.36070100226713153,0.13504273233537206
23,25,0.20179848513594068,0.7210253586494617,0.14550182512005969,0.145,0.139,-0.0005018251200596957,-0.006501825120059673,-0.005999999999999978,46.03118822135228,175.93018852467563,0.02309960655567056,0.2992867358837832,0.2761871293281126
23,26,0.20179848513594068,0.3766803921978068,0.07601353252592942,0.0604,0.0558,-0.015613532525929417,-0.020213532525929417,-0.0046,20.384112230434138,56.464437358708324,0.31826799932207905,0.41203491558207606,0.093766916259997
23,27,0.20179848513594068,0.5734241788507295,0.11571613063239793,0.1064,0.1026,-0.009316130632397931,-0.01311613063239793,-0.003799999999999998,61.14336219212271,158.68211678378532,0.5696195494858359,0.801964325815902,0.23234477633006612
23,28,0.20179848513594068,0.5368048429729841,0.10832640412558471,0.0936,0.0946,-0.014726404125584708,-0.013726404125584707,0.0010000000000000009,9.970512738546864,70.3923199312875,0.1468297999271314,0.13685928718858456,-0.00997051273854685
23,29,0.20179848513594068,0.20992975486519724,0.042363506516756175,0.031,0.0282,-0.011363506516756175,-0.014163506516756175,-0.0028000000000000004,27.34456489114857,211.74736424587525,0.31073014133842886,0.3872949230336449,0.07656478169521602
23,30,0.20179848513594068,0.518065685771502,0.10454487058960137,0.0934,0.0962,-0.011144870589601369,-0.008344870589601372,0.002799999999999997,9.226416444938609,190.68032600109123,0.10282721728461072,0.07699325123878265,-0.025833966045828077
23,31,0.20179848513594068,0.5744315312620573,0.1159194128230019,0.112,0.1154,-0.0039194128230019,-0.0005194128230018996,0.0034000000000000002,34.52713389811706,188.6989045656304,0.13532609134178356,0.017933836088185565,-0.11739225525359799
23,32,0.20179848513594068,0.41408676958317514,0.08356208281672006,0.087,0.0796,0.0034379171832799316,-0.003962082816720058,-0.00739999999999999,28.35421129081816,130.87647647882577,-0.0974794302150536,0.1123417333370005,0.2098211635520541
23,33,0.20179848513594068,0.5082093407162553,0.10255587508847547,0.0938,0.0964,-0.008755875088475473,-0.006155875088475468,0.002600000000000005,57.075727751724266,331.4859336777374,0.4997479427779307,0.35135105062344735,-0.14839689215448337
23,34,0.20179848513594068,0.430076829107486,0.08678885260595952,0.0776,0.0738,-0.009188852605959516,-0.012988852605959514,-0.003799999999999998,6.384027532856416,116.77948981140464,0.058661888031804985,0.08292119265665936,0.024259304624854372
23,35,0.20179848513594068,0.36780900467919186,0.07422329996361904,0.0742,0.0648,-2.329996361903619e-05,-0.009423299963619042,-0.009400000000000006,235.7962399147128,702.5499339743745,0.0054940438115183374,2.22197869900982,2.2164846551983013
23,36,0.20179848513594068,0.31652023366573906,0.06387330366862011,0.0526,0.0568,-0.011273303668620109,-0.007073303668620107,0.004200000000000002,37.7919066444007,137.77483466645631,0.42603963981847104,0.26731363191198804,-0.158726007906483
23,37,0.20179848513594068,0.29742640159246664,0.0600201972807937,0.063,0.063,0.0029798027192063023,0.0029798027192063023,0.0,71.60818918466674,717.9407319139681,-0.2133782768499093,-0.2133782768499093,0.0
23,38,0.20179848513594068,0.3126547933069382,0.06309326365983077,0.0658,0.0646,0.0027067363401692274,0.0015067363401692346,-0.0011999999999999927,35.394785755405344,234.03674112976188,-0.09580435285665977,-0.05333060995017361,0.04247374290648616
23,39,0.20179848513594068,0.4273457371252059,0.08623772238116847,0.0794,0.0844,-0.006837722381168476,-0.0018377223811684718,0.0050000000000000044,32.03078953130187,85.41906788226828,0.21901764646467972,0.05886369880817023,-0.16015394765650948
23,40,0.20179848513594068,0.21905177326219738,0.044204316010652986,0.0526,0.0496,0.008395683989347015,0.005395683989347012,-0.0030000000000000027,119.59935455730461,375.5332048108053,-1.0041183861929992,-0.6453203225210851,0.35879806367191414
23,41,0.20179848513594068,0.3502829106424205,0.07068656073664853,0.059,0.056,-0.011686560736648532,-0.014686560736648528,-0.0029999999999999957,37.38253115583667,411.2642129631733,0.43687322084234137,0.5490208143098512,0.1121475934675098
23,42,0.20179848513594068,0.41157518975916685,0.08305524981293719,0.0844,0.0852,0.0013447501870628153,0.0021447501870628105,0.0007999999999999952,12.799130476871504,302.3862729743338,-0.017211633103014337,-0.027450937484511478,-0.01023930438149714
23,43,0.20179848513594068,0.6032014180886877,0.12172513240214837,0.1288,0.1206,0.007074867597851628,-0.001125132402148371,-0.008199999999999999,41.56627957863253,582.4193953318253,-0.29407592455410914,0.0467675679906776,0.34084349254478674
23,44,0.20179848513594068,0.33973613686845183,0.06855823776599018,0.0716,0.0658,0.003041762234009815,-0.0027582377659901847,-0.0058,44.16757654005405,319.9710194842903,-0.1343472662872743,0.12182467764503917,0.25617194393231346
23,45,0.20179848513594068,0.37870641253843484,0.07642238036152277,0.0812,0.0714,0.004777619638477226,-0.005022380361522763,-0.00979999999999999,67.04619204127619,180.91395313865246,-0.32032120378151663,0.33673147822298927,0.657052682004506
23,46,0.20179848513594068,0.8322142840240537,0.16793958182454552,0.1706,0.1692,0.002660418175454482,0.0012604181754544697,-0.0014000000000000123,45.865711262512,506.875888977759,-0.12202197187293426,-0.057809976105416896,0.06421199576751736
23,47,0.20179848513594068,0.40849133535173493,0.08243293266513764,0.0818,0.068,-0.0006329326651376421,-0.014432932665137635,-0.013799999999999993,5.006131243743143,176.70176578696956,0.0031685439901311665,0.0722531551537865,0.06908461116365533
23,48,0.20179848513594068,0.9486986627935283,0.1914459530022266,0.1966,0.1884,0.005154046997773387,-0.003045953002226598,-0.008199999999999985,52.20554414823964,536.3038649627426,-0.26906982808436053,0.15901563393120374,0.4280854620155643
23,49,0.20179848513594068,0.96,0.19372654573050305,0.1978,0.1906,0.004073454269496957,-0.0031265457305030553,-0.007200000000000012,46.54208997678576,364.9395731297225,-0.18958707512724948,0.14551597270560857,0.33510304783285805
24,25,0.35457382493066114,0.7210253586494617,0.2556567192883414,0.2268,0.2336,-0.02885671928834138,-0.02205671928834138,0.0068000000000000005,1.549116608155124,15.519796919777342,0.044702423106439945,0.0341684301709851,-0.010533992935454844
24,26,0.35457382493066114,0.3766803921978068,0.13356100743795793,0.1144,0.1064,-0.019161007437957928,-0.027161007437957935,-0.008000000000000007,1.0508647020546806,28.76084145689819,0.020135626372357177,0.02854254398879463,0.008406917616437453
24,27,0.35457382493066114,0.5734241788507295,0.2033212044028267,0.1832,0.1782,-0.020121204402826692,-0.025121204402826697,-0.0050000000000000044,5.19579394245374,24.606201526689524,0.10454563195108045,0.13052460166334917,0.02597896971226872
24,28,0.35457382493066114,0.5368048429729841,0.19033694641423393,0.181,0.1866,-0.009336946414233938,-0.0037369464142339437,0.005599999999999994,5.675743119575407,50.51655096250776,0.05299410936843254,0.021209947898810297,-0.03178416146962224
24,29,0.35457382493066114,0.20992975486519724,0.07443559614930906,0.054,0.054,-0.02043559614930906,-0.02043559614930906,0.0,0.0965908004244334,38.62491103904031,0.001973890589212231,0.001973890589212231,0.0
24,30,0.35457382493066114,0.518065685771502,0.18369253176932746,0.1838,0.183,0.00010746823067253608,-0.0006925317693274591,-0.0007999999999999952,6.262466265155321,53.92976452234938,-0.0006730161691626875,0.0043369568429615386,0.005009973012124226
24,31,0.35457382493066114,0.5744315312620573,0.2036783852003643,0.1758,0.1832,-0.027878385200364286,-0.020478385200364296,0.00739999999999999,0.1128863972360624,28.249227510897263,0.0031470904660282862,0.002311731126481425,-0.000835359339546861
24,32,0.35457382493066114,0.41408676958317514,0.14682432974428777,0.1174,0.1194,-0.02942432974428777,-0.027424329744287768,0.0020000000000000018,0.04627938238473531,35.98917042706429,0.0013617398076504344,0.0012691810428809638,-9.255876476947059e-05
24,33,0.35457382493066114,0.5082093407162553,0.18019772980325224,0.1546,0.1624,-0.025597729803252256,-0.017797729803252255,0.007800000000000001,4.059637746754419,92.95399384185232,0.10391751014050342,0.07225233571581895,-0.03166517442468447
24,34,0.35457382493066114,0.430076829107486,0.1524939863106916,0.1334,0.1362,-0.01909398631069162,-0.01629398631069162,0.002799999999999997,9.08015991359283,24.416894986572018,0.1733764490890323,0.1479520013309724,-0.02542444775805991
24,35,0.35457382493066114,0.36780900467919186,0.1304154456330405,0.1182,0.1156,-0.0122154456330405,-0.014815445633040505,-0.002600000000000005,96.34727053002091,764.4905258572649,1.1769248450513157,1.4274277484293705,0.2505029033780548
24,36,0.35457382493066114,0.31652023366573906,0.11222978991880772,0.1008,0.109,-0.01142978991880772,-0.003229789918807721,0.008199999999999999,0.36907878004179345,46.995555505791565,0.004218492919367543,0.001192046923024837,-0.0030264459963427063
24,37,0.35457382493066114,0.29742640159246664,0.10545961684800378,0.1172,0.1182,0.011740383151996214,0.012740383151996215,0.0010000000000000009,8.539068835137778,588.4092151353252,-0.10025193988578751,-0.10879100872092529,-0.008539068835137775
24,38,0.35457382493066114,0.3126547933069382,0.11085920594574634,0.11,0.1104,-0.0008592059457463441,-0.00045920594574634654,0.0003999999999999976,0.16757398825006528,121.7621063349355,0.0001439805670568841,7.695097175685839e-05,-6.702959530002572e-05
24,39,0.35457382493066114,0.4273457371252059,0.1515256125802971,0.142,0.1432,-0.009525612580297105,-0.008325612580297098,0.0012000000000000066,0.014299697305450693,154.25139012450694,0.00013621337654724173,0.00011905373978070081,-1.715963676654092e-05
24,40,0.35457382493066114,0.21905177326219738,0.07767002510342125,0.0942,0.0874,0.01652997489657876,0.009729974896578758,-0.0068000000000000005,29.11849194456148,235.810139962137,-0.48132794086983205,-0.283322195646814,0.19800574522301806
24,41,0.35457382493066114,0.3502829106424205,0.12420115143432803,0.1092,0.1164,-0.015001151434328022,-0.007801151434328024,0.007199999999999998,0.32962738558938043,223.44051544441623,0.00494479032812793,0.0025714731518843917,-0.0023733171762435386
24,42,0.35457382493066114,0.41157518975916685,0.14593378927947045,0.1526,0.1594,0.006666210720529558,0.013466210720529531,0.006799999999999973,3.8510390624486335,97.43967494334086,-0.02567183788327318,-0.051858903507923784,-0.026187065624650605
24,43,0.35457382493066114,0.6032014180886877,0.21387943401530488,0.2,0.196,-0.013879434015304865,-0.017879434015304868,-0.0040000000000000036,0.8230080566350088,231.69793840399845,0.011422886016129893,0.014714918242669931,0.0032920322265400388
24,44,0.35457382493066114,0.33973613686845183,0.12046154151661358,0.113,0.1122,-0.0074615415166135735,-0.008261541516613582,-0.000800000000000009,1.222960498410852,100.79501237065563,0.009125170532071,0.010103538930799693,0.0009783683987286927
24,45,0.35457382493066114,0.37870641253843484,0.13427938121952174,0.1334,0.139,-0.0008793812195217465,0.004720618780478275,0.005600000000000022,7.012858501597135,337.6732133486051,0.006166976061467937,-0.03310503154747617,-0.03927200760894411
24,46,0.35457382493066114,0.8322142840240537,0.2950814018483403,0.2844,0.2914,-0.010681401848340322,-0.0036814018483403155,0.007000000000000006,1.5188816370269675,197.968051019475,0.016223785125150023,0.005591613665961242,-0.01063217145918878
24,47,0.35457382493066114,0.40849133535173493,0.14484033522669806,0.146,0.1462,0.0011596647733019272,0.001359664773301933,0.00020000000000000573,10.906870478778574,64.26012436143068,-0.012648313481206238,-0.014829687576962014,-0.0021813740957557764
24,48,0.35457382493066114,0.9486986627935283,0.3363837135733048,0.3194,0.3268,-0.016983713573304804,-0.009583713573304842,0.007399999999999962,2.8403935945174634,202.20754006826718,0.04824043124473427,0.027221518645305143,-0.021018912599429125
24,49,0.35457382493066114,0.96,0.3403908719334347,0.3254,0.329,-0.01499087193343468,-0.011390871933434688,0.003599999999999992,1.6439923430437018,90.4001938447233,0.024644878674115345,0.018726506239158034,-0.005918372434957311
25,26,0.7210253586494617,0.3766803921978068,0.27159611488064356,0.2668,0.2712,-0.004796114880643576,-0.00039611488064356104,0.004400000000000015,5.151774376174905,60.19359967161391,0.024708501747290737,0.0020406944921210787,-0.022667807255169658
25,27,0.7210253586494617,0.5734241788507295,0.4134533742141203,0.4038,0.3996,-0.009653374214120325,-0.013853374214120306,-0.0041999999999999815,1.0707971612565232,6.948485215095383,0.010336805705026965,0.014834153782304342,0.004497348077277377
25,28,0.7210253586494617,0.5368048429729841,0.3870499044293639,0.386,0.3948,-0.0010499044293638682,0.007750095570636106,0.008799999999999975,13.155251934037443,56.17521304860276,0.013811757274943505,-0.10195445974458565,-0.11576621701952916
25,29,0.7210253586494617,0.20992975486519724,0.1513646767928724,0.1466,0.1354,-0.004764676792872402,-0.015964676792872418,-0.011200000000000015,2.419349220098264,17.026325137872085,0.011527417082856144,0.03862412834795674,0.027096711265100597
25,30,0.7210253586494617,0.518065685771502,0.37353849688737656,0.3782,0.38,0.004661503112623422,0.006461503112623446,0.0018000000000000238,14.04096181486258,31.50726150930058,-0.06545198720420853,-0.0907257184709615,-0.025273731266752975
25,31,0.7210253586494617,0.5744315312620573,0.4141797008477843,0.4014,0.4146,-0.012779700847784348,0.00042029915221569736,0.013200000000000045,0.8256437696720345,2.677234177050028,0.010551480383245564,-0.0003470173764253286,-0.010898497759670892
25,32,0.7210253586494617,0.41408676958317514,0.2985670615507059,0.2898,0.2872,-0.00876706155070589,-0.011367061550705881,-0.002599999999999991,2.130903823787348,58.164772120230865,0.018681764981778218,0.024222114923625304,0.005540349941847086
25,33,0.7210253586494617,0.5082093407162553,0.3664318221589445,0.341,0.3646,-0.02543182215894446,-0.0018318221589445072,0.023599999999999954,0.5932375294604583,44.33894706320247,0.01508711134724995,0.0010867056519831624,-0.014000405695266787
25,34,0.7210253586494617,0.430076829107486,0.31009629995404836,0.3024,0.3122,-0.007696299954048358,0.0021037000459516175,0.009799999999999975,18.130270196415612,32.20747884247511,0.1395359976795578,-0.03814065024531477,-0.17767664792487256
25,35,0.7210253586494617,0.36780900467919186,0.26519961951331583,0.268,0.2532,0.002800380486684184,-0.011999619513315851,-0.014800000000000035,73.46254528483908,709.7488928189726,-0.20572307831781658,0.8815225918978045,1.087245670215621
25,36,0.7210253586494617,0.31652023366573906,0.22821911499865094,0.224,0.231,-0.004219114998650936,0.0027808850013490705,0.007000000000000006,0.4059175461581283,30.848963615591458,0.0017126128072113428,-0.001128810015895558,-0.002841422823106901
25,37,0.7210253586494617,0.29742640159246664,0.2144519778800271,0.2136,0.2238,-0.0008519778800270827,0.009348022119972904,0.010199999999999987,2.814118258920253,458.1781298372607,0.0023975665083803823,-0.02630643973260616,-0.028704006240986544
25,38,0.7210253586494617,0.3126547933069382,0.22543203447760843,0.22,0.2214,-0.005432034477608427,-0.004032034477608415,0.0014000000000000123,0.6976878519673387,59.99135993019558,0.0037898644664951485,0.0028131014737408657,-0.0009767629927542828
25,39,0.7210253586494617,0.4273457371252059,0.3081271133780202,0.3,0.304,-0.00812711337802019,-0.004127113378020186,0.0040000000000000036,1.265746027552519,145.9743202668718,0.010286861473697988,0.005223877363487908,-0.00506298411021008
25,40,0.7210253586494617,0.21905177326219738,0.15794188337917645,0.1584,0.1568,0.00045811662082356763,-0.0011418833791764504,-0.001600000000000018,17.235119658136963,140.74152858147147,-0.007895694777275548,0.019680496675743904,0.02757619145301945
25,41,0.7210253586494617,0.3502829106424205,0.2525628612747286,0.2558,0.2542,0.0032371387252714268,0.001637138725271381,-0.0016000000000000458,0.449574644060203,169.7231407233549,-0.001455335490187401,-0.0007360160596910555,0.0007193194304963454
25,42,0.7210253586494617,0.41157518975916685,0.29675614880732354,0.3082,0.3148,0.011443851192676435,0.018043851192676486,0.00660000000000005,10.285115678748477,49.9794758095761,-0.11770133332706087,-0.18558309680680132,-0.06788176347974045
25,43,0.7210253586494617,0.6032014180886877,0.4349235188152599,0.4298,0.4168,-0.005123518815259909,-0.01812351881525992,-0.013000000000000012,0.11386387455463381,144.280335893007,0.0005833837036590603,0.0020636140728693014,0.001480230369210241
25,44,0.7210253586494617,0.33973613686845183,0.2449583699317581,0.2492,0.239,0.004241630068241908,-0.005958369931758106,-0.010200000000000015,0.019254250510091712,40.548108126243406,-8.166940790506711e-05,0.00011472394729786864,0.00019639335520293575
25,45,0.7210253586494617,0.37870641253843484,0.27305692692337596,0.2684,0.267,-0.004656926923375937,-0.006056926923375949,-0.0014000000000000123,1.9699388308878962,313.667759992922,0.009173861178965561,0.01193177554220864,0.002757914363243078
25,46,0.7210253586494617,0.8322142840240537,0.6000476026116484,0.5894,0.6072,-0.010647602611648321,0.007152397388351606,0.017799999999999927,0.00014898569079889695,111.99678872535854,1.5863404304485644e-06,-1.0656048657717904e-06,-2.6519452962203547e-06
25,47,0.7210253586494617,0.40849133535173493,0.2945326115771822,0.3002,0.297,0.005667388422817832,0.0024673884228177956,-0.003200000000000036,20.676939392274658,37.28977531477845,-0.11718424693108337,-0.051018040875803715,0.06616620605527965
25,48,0.7210253586494617,0.9486986627935283,0.6840357935909684,0.6796,0.6888,-0.004435793590968462,0.004764206409031524,0.009199999999999986,0.19422671238760617,121.71170919809234,0.0008615496060038182,-0.0009253361479621558,-0.001786885753965974
25,49,0.7210253586494617,0.96,0.6921843443034832,0.6896,0.6948,-0.002584344303483199,0.002615655696516783,0.005199999999999982,0.0014098160741791274,41.55891693082725,3.6434501402638752e-06,-3.6875934454675625e-06,-7.331043585731437e-06
26,27,0.3766803921978068,0.5734241788507295,0.2159976445851981,0.219,0.2126,0.0030023554148018994,-0.0033976445851980897,-0.006399999999999989,10.92001994159392,58.556193011247565,-0.03278578100138922,0.03710234662481174,0.06988812762620096
26,28,0.3766803921978068,0.5368048429729841,0.20220385878474575,0.1824,0.1816,-0.019803858784745748,-0.020603858784745743,-0.0007999999999999952,1.842167996105972,17.97903578060965,0.03648203485266072,0.037955769249545496,0.0014737343968847724
26,29,0.3766803921978068,0.20992975486519724,0.07907642239661195,0.074,0.0664,-0.005076422396611949,-0.012676422396611944,-0.007599999999999996,0.5102620853466228,78.4783037739118,0.0025903058781955135,0.006468297726829844,0.0038779918486343307
26,30,0.3766803921978068,0.518065685771502,0.19514518570063513,0.1882,0.1828,-0.006945185700635126,-0.012345185700635142,-0.005400000000000016,2.18263715609247,63.09026082625286,0.015158820366168342,0.026945061009067715,0.011786240642899373
26,31,0.3766803921978068,0.5744315312620573,0.21637709448657844,0.2192,0.2178,0.0028229055134215697,0.0014229055134215574,-0.0014000000000000123,1.8526003722017366,72.30934124937073,-0.005229715804855134,-0.00263607528377268,0.002593640521082454
26,32,0.3766803921978068,0.41408676958317514,0.15597836677051327,0.1572,0.1542,0.001221633229486735,-0.0017783667705132677,-0.0030000000000000027,0.6560845901259641,52.5196738545855,-0.0008014947366520623,0.0011667590337258317,0.001968253770377894
26,33,0.3766803921978068,0.5082093407162553,0.19143249377958788,0.1812,0.1904,-0.010232493779587876,-0.001032493779587862,0.009200000000000014,9.241424869379603,165.32749921533346,0.09456282249045549,0.00954171369216301,-0.08502110879829247
26,34,0.3766803921978068,0.430076829107486,0.16200150866339696,0.137,0.1346,-0.025001508663396954,-0.027401508663396967,-0.0024000000000000132,3.9529927147241803,19.836450360998434,0.09883078160352164,0.10831796411885973,0.009487182515338088
26,35,0.3766803921978068,0.36780900467919186,0.13854644013644296,0.152,0.1406,0.013453559863557035,0.002053559863557042,-0.011399999999999993,117.52254287446965,750.7087649487825,-1.5810965658791258,-0.24133957711017248,1.3397569887689533
26,36,0.3766803921978068,0.31652023366573906,0.11922696575575203,0.104,0.1048,-0.01522696575575204,-0.01442696575575203,0.000800000000000009,2.665498558716251,44.31643955315596,0.04058745527557877,0.03845505642860574,-0.002132398846973027
26,37,0.3766803921978068,0.29742640159246664,0.11203469360183273,0.1206,0.12,0.008565306398167272,0.007965306398167268,-0.0006000000000000033,15.581062321407156,619.3229287070402,-0.1334565727917917,-0.12410793539894738,0.009348637392844333
26,38,0.3766803921978068,0.3126547933069382,0.11777093016538169,0.1284,0.126,0.010629069834618296,0.00822906983461831,-0.0023999999999999855,2.057718355814448,147.68112769384453,-0.02187163210392771,-0.016933108049973063,0.004938524053954646
26,39,0.3766803921978068,0.4273457371252059,0.16097275986438342,0.172,0.1692,0.011027240135616567,0.00822724013561657,-0.002799999999999997,1.3103341132186306,120.48057035099595,-0.014449368924352026,-0.010780433407339864,0.003668935517012162
26,40,0.3766803921978068,0.21905177326219738,0.08251250786402956,0.1048,0.095,0.02228749213597045,0.012487492135970446,-0.009800000000000003,41.232736846465265,269.8650346555357,-0.9189742982101335,-0.5148934771147738,0.4040808210953597
26,41,0.3766803921978068,0.3502829106424205,0.13194470416097628,0.1182,0.1168,-0.013744704160976284,-0.015144704160976283,-0.0013999999999999985,2.557596644336367,258.1930457278816,0.03515340923950905,0.03873404454157996,0.0035806353020709086
26,42,0.3766803921978068,0.41157518975916685,0.15503230389736972,0.1494,0.1558,-0.0056323038973697115,0.0007676961026302775,0.006399999999999989,0.8785116548719301,133.79372883279183,0.004948044617619886,-0.0006744299735604561,-0.005622474591180342
26,43,0.3766803921978068,0.6032014180886877,0.2272141467399201,0.2422,0.2284,0.014985853260079895,0.0011858532600798888,-0.013800000000000007,3.733840625320025,345.4300985405112,-0.05595478770757085,-0.004427787078154482,0.05152700062941637
26,44,0.3766803921978068,0.33973613686845183,0.1279719412793762,0.1386,0.131,0.010628058720623806,0.0030280587206238108,-0.007599999999999996,4.541128461864116,165.07126944992962,-0.048263379950587895,-0.01375080364042063,0.03451257631016726
26,45,0.3766803921978068,0.37870641253843484,0.14265128000280206,0.154,0.1544,0.011348719997197942,0.011748719997197954,0.00040000000000001146,13.493111920563695,278.0840089370329,-0.15312954907733115,-0.1585267938455568,-0.005397244768225645
26,46,0.3766803921978068,0.8322142840240537,0.31347880289879754,0.3322,0.3328,0.018721197101202458,0.019321197101202447,0.0005999999999999894,5.096514313352867,297.8128148804602,-0.09541284898937853,-0.0984707575773902,-0.003057908588011665
26,47,0.3766803921978068,0.40849133535173493,0.15387067640969734,0.1538,0.1482,-7.067640969735112e-05,-0.005670676409697345,-0.005599999999999994,5.18672485857539,68.08278141896986,0.00036657909109210984,0.029412238299114265,0.029045659208022157
26,48,0.3766803921978068,0.9486986627935283,0.3573561843786011,0.3702,0.367,0.012843815621398857,0.009643815621398877,-0.0031999999999999806,7.346613194941118,311.47297556901265,-0.0943585453175597,-0.07084938309374826,0.02350916222381144
26,49,0.3766803921978068,0.96,0.3616131765098945,0.3724,0.3662,0.010786823490105513,0.004586823490105529,-0.006199999999999983,5.3236313022401385,180.39731901964964,-0.057425071183664925,-0.024418557109776157,0.03300651407388877
27,28,0.5734241788507295,0.5368048429729841,0.3078168762848782,0.292,0.2926,-0.015816876284878212,-0.015216876284878167,0.0006000000000000449,21.732474723136196,39.52879588762813,0.3437398640600881,0.3307003792262054,-0.01303948483388273
27,29,0.5734241788507295,0.20992975486519724,0.12037879729991066,0.105,0.1028,-0.015378797299910665,-0.01757879729991066,-0.0021999999999999936,6.709234623058891,12.638982308337614,0.10317995930556523,0.11794027547629474,0.01476031617072951
27,30,0.5734241788507295,0.518065685771502,0.2970713904542636,0.2986,0.296,0.001528609545736359,-0.001071390454263632,-0.002599999999999991,22.866763051596067,26.867101162390846,-0.03495435228076122,0.024499231653388347,0.05945358393414957
27,31,0.5734241788507295,0.5744315312620573,0.32939292911991236,0.3074,0.3076,-0.021992929119912352,-0.021792929119912374,0.00019999999999997797,3.7769695850829677,4.1674285057301,0.08306662437279447,0.08231123045577797,-0.0007553939170164975
27,32,0.5734241788507295,0.41408676958317514,0.23744736582118345,0.2276,0.2264,-0.009847365821183451,-0.011047365821183458,-0.0012000000000000066,6.2228039395438755,81.93020681709028,0.061278226826190094,0.06874559155364278,0.0074673647274526855
27,33,0.5734241788507295,0.5082093407162553,0.29141952388448933,0.2708,0.2692,-0.020619523884489344,-0.022219523884489334,-0.0015999999999999903,0.06999948094639202,42.23764411666243,0.001443355969275987,0.0015553551387902135,0.00011199916951422644
27,34,0.5734241788507295,0.430076829107486,0.2466164525736857,0.2492,0.2472,0.0025835474263143088,0.000583547426314307,-0.0020000000000000018,28.013295647755314,44.6673282358163,-0.07237367787334006,-0.016347086577829392,0.05602659129551067
27,35,0.5734241788507295,0.36780900467919186,0.2109105764820697,0.2114,0.1904,0.0004894235179302986,-0.020510576482069692,-0.02099999999999999,56.79485491759594,771.0338705637208,-0.027796737694110726,1.1648952155754035,1.1926919532695142
27,36,0.5734241788507295,0.31652023366573906,0.18150035507941745,0.1782,0.1738,-0.0033003550794174497,-0.007700355079417437,-0.004399999999999987,2.7952826520126344,18.157184129692027,0.009225425298977376,0.021524668967832932,0.012299243668855556
27,37,0.5734241788507295,0.29742640159246664,0.1705514901016875,0.1778,0.1862,0.007248509898312522,0.015648509898312513,0.00839999999999999,0.4131148250434921,474.5978437904885,-0.0029944668984673985,-0.006464631428832728,-0.0034701645303653298
27,38,0.5734241788507295,0.3126547933069382,0.1792838181157756,0.1752,0.1576,-0.0040838181157756,-0.021683818115775605,-0.017600000000000005,3.4971633191324982,42.922847097926194,0.014281778916499224,0.07583185333323121,0.061550074416731985
27,39,0.5734241788507295,0.4273457371252059,0.2450503783963809,0.2326,0.2314,-0.012450378396380912,-0.013650378396380919,-0.0012000000000000066,4.664939420703397,152.95537065832988,0.05808026098395126,0.06367818828879537,0.005597927304844111
27,40,0.5734241788507295,0.21905177326219738,0.12560958320867172,0.1328,0.118,0.007190416791328286,-0.007609583208671722,-0.014800000000000008,9.713986371851547,128.32257252021344,-0.0698476107188955,0.07391938758450747,0.14376699830340298
27,41,0.5734241788507295,0.3502829106424205,0.20086069040057344,0.2016,0.1966,0.0007393095994265575,-0.004260690400573447,-0.0050000000000000044,2.908036393944075,147.80757300625282,-0.002149939221524645,0.012390242748195744,0.01454018196972039
27,42,0.5734241788507295,0.41157518975916685,0.23600716522298343,0.2508,0.2422,0.014792834777016595,0.00619283477701657,-0.008600000000000024,17.993163075456078,50.731740672147986,-0.26616988849113754,-0.11142868604221483,0.1547412024489227
27,43,0.5734241788507295,0.6032014180886877,0.3458902778491013,0.3352,0.3184,-0.010690277849101315,-0.027490277849101297,-0.01679999999999998,1.8830165717461727,146.4345549201489,0.020129970346428806,0.051764648751764473,0.03163467840533567
27,44,0.5734241788507295,0.33973613686845183,0.19481291530971104,0.1922,0.1864,-0.002612915309711028,-0.008412915309711028,-0.0058,1.3772265972428546,42.518151088215745,0.0035985764608770787,0.011586490724885634,0.007987914264008555
27,45,0.5734241788507295,0.37870641253843484,0.2171594136353576,0.2156,0.2024,-0.0015594136353575816,-0.014759413635357599,-0.013200000000000017,0.13597789002042096,325.9599515645979,0.00021204577580499808,0.002006953924074557,0.001794908148269559
27,46,0.5734241788507295,0.8322142840240537,0.47721179244434075,0.4678,0.465,-0.00941179244434076,-0.01221179244434073,-0.002799999999999969,1.0962074576635379,109.19089687453867,0.01031727706746768,0.013386657948925552,0.003069380881457872
27,47,0.5734241788507295,0.40849133535173493,0.23423880854170656,0.2372,0.2336,0.002961191458293433,-0.0006388085417065592,-0.003599999999999992,31.158540558444024,41.87469031313971,-0.09226640415455394,0.019904341855844304,0.11217074601039824
27,48,0.5734241788507295,0.9486986627935283,0.5440067516891641,0.5432,0.5334,-0.0008067516891641091,-0.01060675168916414,-0.009800000000000031,0.3529330617951427,122.8500993376348,0.0002847293437650923,0.003743473349357502,0.0034587440055924095
27,49,0.5734241788507295,0.96,0.5504872116967003,0.5512,0.5416,0.0007127883032996829,-0.00888721169670037,-0.009600000000000053,0.9944991385980538,47.270925570043694,-0.000708867353634303,0.008838324376907066,0.009547191730541369
28,29,0.5368048429729841,0.20992975486519724,0.11269130909576926,0.0982,0.0968,-0.014491309095769261,-0.01589130909576926,-0.0013999999999999985,4.291490145764005,58.965893071215554,0.062189310183714076,0.06819739638778367,0.006008086204069597
28,30,0.5368048429729841,0.518065685771502,0.2781001691002625,0.2502,0.2586,-0.027900169100262495,-0.019500169100262477,0.008400000000000019,0.014426458825307175,33.324518550191705,0.0004025006407440444,0.0002813183866114639,-0.00012118225413258049
28,31,0.5368048429729841,0.5744315312620573,0.3083576279378595,0.3038,0.3172,-0.004557627937859465,0.008842372062140502,0.013399999999999967,7.389522008400131,54.499976633601015,0.03367869195291182,-0.06534090295964969,-0.09901959491256151
28,32,0.5368048429729841,0.41408676958317514,0.2222837833232866,0.2324,0.2344,0.010116216676713391,0.012116216676713393,0.0020000000000000018,4.696995895186717,88.98144964714503,-0.04751582820534221,-0.05690981999571565,-0.009393991790373438
28,33,0.5368048429729841,0.5082093407162553,0.27280923534059326,0.2592,0.2726,-0.013609235340593273,-0.0002092353405932501,0.013400000000000023,19.33568523840262,129.7849052754243,0.2631438908810566,0.004045708686461051,-0.25909818219459557
28,34,0.5368048429729841,0.430076829107486,0.23086732471536298,0.207,0.2186,-0.023867324715362986,-0.012267324715362987,0.0116,0.3980960760847246,32.344250024611235,0.00950148831582597,0.004883573833243166,-0.004617914482582804
28,35,0.5368048429729841,0.36780900467919186,0.1974416550008632,0.2136,0.2038,0.01615834499913682,0.006358344999136817,-0.009800000000000003,148.79233512428252,777.6064725851742,-2.4042378841653402,-0.946072999947371,1.458164884217969
28,36,0.5368048429729841,0.31652023366573906,0.16990959433070932,0.1396,0.1464,-0.030309594330709316,-0.023509594330709316,0.0068000000000000005,8.939504159488564,15.266140606049891,0.2709527445917869,0.2101641163072647,-0.06078862828452222
28,37,0.5368048429729841,0.29742640159246664,0.15965993280286378,0.145,0.161,-0.01465993280286379,0.0013400671971362244,0.016000000000000014,28.1382542286071,536.5017882113217,0.41250491618127794,-0.03770715147643603,-0.450212067657714
28,38,0.5368048429729841,0.3126547933069382,0.16783460722588175,0.165,0.1602,-0.0028346072258817467,-0.0076346072258817455,-0.004799999999999999,7.793811312718292,80.74619542448302,0.022092393864190173,0.05950268816523797,0.037410294301047795
28,39,0.5368048429729841,0.4273457371252059,0.2294012613126703,0.2272,0.2344,-0.0022012613126702885,0.004998738687329696,0.007199999999999984,6.259819645449457,117.13836267043779,0.013779498809821331,-0.03129120263741466,-0.04507070144723599
28,40,0.5368048429729841,0.21905177326219738,0.1175880527489676,0.1198,0.12,0.002211947251032409,0.002411947251032401,0.00019999999999999185,60.505639561500054,177.0799590664788,-0.13383528310001783,-0.14593641101231733,-0.012101127912299503
28,41,0.5368048429729841,0.3502829106424205,0.18803356284352438,0.167,0.1682,-0.021033562843524367,-0.019833562843524388,0.0011999999999999789,8.74097308286686,199.64877170347918,0.18385380665203505,0.173364638952595,-0.010489167699440055
28,42,0.5368048429729841,0.41157518975916685,0.2209355551102457,0.2058,0.214,-0.015135555110245696,-0.006935555110245711,0.008199999999999985,0.17637931115073088,90.85054779943144,0.0026695987842290606,0.00122328843279307,-0.0014463103514359907
28,43,0.5368048429729841,0.6032014180886877,0.3238014425181793,0.326,0.3238,0.0021985574818206843,-1.4425181793509267e-06,-0.0022000000000000353,10.821334808623456,282.77299852104477,-0.023791326606785703,1.5609972186282316e-05,0.023806936578971986
28,44,0.5368048429729841,0.33973613686845183,0.18237200360391753,0.1864,0.189,0.004027996396082478,0.0066279963960824695,0.002599999999999991,12.167938717834398,121.02454168393918,-0.0490124133031894,-0.08064905396955874,-0.031636640666369335
28,45,0.5368048429729841,0.37870641253843484,0.20329143631555666,0.201,0.2034,-0.002291436315556644,0.0001085636844433413,0.0023999999999999855,25.30655444863166,268.3610489093991,0.05798835788520613,-0.002747372791509482,-0.06073573067671561
28,46,0.5368048429729841,0.8322142840240537,0.4467366580554066,0.4464,0.4632,-0.0003366580554065579,0.016463341944593424,0.01679999999999998,13.066858403454395,229.49322320033673,0.004399063140379796,-0.2151241580376538,-0.2195232211780336
28,47,0.5368048429729841,0.40849133535173493,0.21928012712931266,0.2064,0.209,-0.012880127129312663,-0.010280127129312672,0.002599999999999991,0.8467189525414821,42.35180365193433,0.010905847751532746,0.008704378474924898,-0.002201469276607847
28,48,0.5368048429729841,0.9486986627935283,0.50926603670956,0.5058,0.5188,-0.0034660367095600275,0.009533963290439984,0.013000000000000012,16.546415513977355,253.97540411906405,0.057350483583079065,-0.15775291809862674,-0.2151034016817058
28,49,0.5368048429729841,0.96,0.5153326492540647,0.5078,0.5202,-0.007532649254064716,0.0048673507459352505,0.012399999999999967,13.429032715058197,152.34858526965496,0.1011561932638938,-0.0653638124028274,-0.1665200056667212
29,30,0.20992975486519724,0.518065685771502,0.10875740241808173,0.1134,0.0984,0.004642597581918276,-0.010357402418081724,-0.015,4.803555051203221,28.035187469317734,-0.02230097306532739,0.049752352702720916,0.0720533257680483
29,31,0.20992975486519724,0.5744315312620573,0.12059027054468356,0.1162,0.109,-0.004390270544683564,-0.011590270544683562,-0.007199999999999998,0.4183196020333799,13.931033792375931,0.0018365362270708985,0.004848437361711233,0.0030119011346403345
29,32,0.20992975486519724,0.41408676958317514,0.08692913403151738,0.0854,0.0852,-0.0015291340315173735,-0.0017291340315173792,-0.00020000000000000573,0.009151633793858091,126.38615597739725,1.399407467817286e-05,1.582440143694453e-05,1.8303267587716715e-06
29,33,0.20992975486519724,0.5082093407162553,0.106688262316767,0.0998,0.0926,-0.006888262316766994,-0.014088262316766992,-0.007199999999999998,5.408624106724241,16.685561018772454,0.03725602161990613,0.07619811518832065,0.03894209356841452
29,34,0.20992975486519724,0.430076829107486,0.09028592330773587,0.0912,0.0778,0.0009140766922641347,-0.012485923307735874,-0.013400000000000009,7.30372117443623,49.719072603531124,-0.006676161292348191,0.09119370244509736,0.09786986373744555
29,35,0.20992975486519724,0.36780900467919186,0.07721405418951494,0.073,0.069,-0.00421405418951494,-0.00821405418951493,-0.00399999999999999,102.54509398596802,759.5846684709778,0.43213058292577183,0.8423109588696429,0.4101803759438711
29,36,0.20992975486519724,0.31652023366573906,0.06644701506332355,0.063,0.0606,-0.0034470150633235525,-0.005847015063323552,-0.0023999999999999994,0.8432916920217352,19.254353752322693,0.002906839165174527,0.004930739226026691,0.0020239000608521644
29,37,0.20992975486519724,0.29742640159246664,0.062438651576744233,0.0632,0.0656,0.0007613484232557727,0.003161348423255772,0.0023999999999999994,10.452024680001562,416.15973724904364,-0.007957632509949611,-0.03304249174195335,-0.025084859232003744
29,38,0.20992975486519724,0.3126547933069382,0.06563554411635444,0.0722,0.0638,0.006564455883645556,-0.0018355441163544484,-0.008400000000000005,0.5186140422036722,61.032532296799786,-0.003404419000685101,0.0009519389538257481,0.004356357954510849
29,39,0.20992975486519724,0.4273457371252059,0.0897125858373815,0.093,0.0814,0.0032874141626185044,-0.008312585837381495,-0.0116,0.18522001295931623,220.67374647302407,-0.000608894893802839,0.001539657256525229,0.0021485521503280683
29,40,0.20992975486519724,0.21905177326219738,0.04598548506371986,0.0574,0.0488,0.011414514936280137,0.002814514936280141,-0.008599999999999997,32.56923148592011,147.93981390892347,-0.37176197925920046,-0.09166658848028761,0.2800953907789129
29,41,0.20992975486519724,0.3502829106424205,0.07353480556463113,0.0732,0.0658,-0.0003348055646311271,-0.007734805564631131,-0.007400000000000004,0.7830877589162489,84.7876194511221,0.00026218213927967863,0.006057031555259924,0.005794849415980245
29,42,0.20992975486519724,0.41157518975916685,0.08640187869473893,0.091,0.0884,0.004598121305261063,0.001998121305261072,-0.002599999999999991,2.727834887465031,33.273130053213656,-0.012542915713287374,-0.005450545005878316,0.007092370707409057
29,43,0.20992975486519724,0.6032014180886877,0.12662992583369756,0.1232,0.1172,-0.0034299258336975558,-0.009429925833697561,-0.006000000000000005,1.4834960354390927,101.04243415718511,0.005088281376140449,0.013989257588775013,0.008900976212634564
29,44,0.20992975486519724,0.33973613686845183,0.0713207239316432,0.0744,0.063,0.0030792760683567982,-0.008320723931643195,-0.011399999999999993,2.0069426965963224,27.824622539855753,-0.006179930616192514,0.016699216125005547,0.02287914674119806
29,45,0.20992975486519724,0.37870641253843484,0.07950174435007189,0.0762,0.0788,-0.0033017443500718835,-0.0007017443500718923,0.002599999999999991,8.755508372568624,400.3444128951926,0.028908450301135525,0.00614412853245718,-0.022764321768678344
29,46,0.20992975486519724,0.8322142840240537,0.17470654064048524,0.1788,0.165,0.004093459359514745,-0.009706540640485234,-0.013799999999999979,2.3815272476847373,83.23997189068818,-0.009748685001974478,0.023116391016074846,0.032865076018049326
29,47,0.20992975486519724,0.40849133535173493,0.08575448589494679,0.0914,0.0834,0.0056455141050532065,-0.0023544858949467867,-0.007999999999999993,8.950655053890111,54.85205774519019,-0.05053104935620239,0.02107419107491844,0.07160524043112082
29,48,0.20992975486519724,0.9486986627935283,0.19916007772118582,0.1984,0.1894,-0.0007600777211858312,-0.009760077721185811,-0.00899999999999998,3.9845642550287064,81.59294684479482,0.003028578518880738,0.038889656814139015,0.035861078295258274
29,49,0.20992975486519724,0.96,0.20153256467058936,0.2024,0.1912,0.0008674353294106374,-0.01033256467058935,-0.011199999999999988,2.537563786410561,26.392808574853728,-0.0022011724789655495,0.026219541928832704,0.028420714407798253
30,31,0.518065685771502,0.5744315312620573,0.2975932651720517,0.3014,0.313,0.0038067348279482993,0.015406734827948299,0.0116,8.056955771910111,23.74298048275082,-0.030670694144169293,-0.12413138109832658,-0.0934606869541573
30,32,0.518065685771502,0.41408676958317514,0.21452414625301358,0.2206,0.2276,0.006075853746986409,0.013075853746986416,0.007000000000000006,5.232041285225817,100.36384610419506,-0.03178911764722687,-0.06841340664380761,-0.036624288996580746
30,33,0.518065685771502,0.5082093407162553,0.26328582061364975,0.2694,0.2792,0.006114179386350227,0.015914179386350258,0.009800000000000031,20.406417461580116,61.71805814889028,-0.12476849699285046,-0.32475138811633625,-0.19998289112348577
30,34,0.518065685771502,0.430076829107486,0.22280804740600282,0.2018,0.2162,-0.021008047406002817,-0.0066080474060028205,0.014399999999999996,0.2609558281416569,33.81761232260884,0.005482172408472652,0.0017244084832327938,-0.003757763925239858
30,35,0.518065685771502,0.36780900467919186,0.19054922424205914,0.209,0.2028,0.01845077575794085,0.012250775757940868,-0.006199999999999983,151.73698102621566,811.5052756970864,-2.799665011101631,-1.8588957287390964,0.9407692823625344
30,36,0.518065685771502,0.31652023366573906,0.16397827191459716,0.152,0.149,-0.01197827191459716,-0.014978271914597163,-0.0030000000000000027,9.67216564579589,10.82804308052576,0.1158558301083684,0.14487232704575612,0.029016496937387712
30,37,0.518065685771502,0.29742640159246664,0.15408641270755138,0.149,0.1496,-0.005086412707551391,-0.004486412707551374,0.0006000000000000172,29.42694183185301,449.3902763135956,0.14967757087791275,0.13202140577880045,-0.017656165099112303
30,38,0.518065685771502,0.3126547933069382,0.16197571990430615,0.1566,0.1482,-0.005375719904306159,-0.01377571990430615,-0.00839999999999999,8.478870601026749,45.0678409530268,0.04558003345597582,0.11680254650460042,0.0712225130486246
30,39,0.518065685771502,0.4273457371252059,0.22139316236529782,0.2204,0.2174,-0.0009931623652978117,-0.003993162365297814,-0.0030000000000000027,6.875268667474934,175.1555207137376,0.006828258091847339,0.02745406409427216,0.02062580600242482
30,40,0.518065685771502,0.21905177326219738,0.11348320713454385,0.105,0.1022,-0.008483207134543855,-0.011283207134543852,-0.002799999999999997,62.388629230744385,102.11614826121514,0.529255664604662,0.7039438264507462,0.17468816184608416
30,41,0.518065685771502,0.3502829106424205,0.18146955631600334,0.1824,0.1834,0.0009304436839966679,0.0019304436839966688,0.0010000000000000009,9.465614405724446,150.6084310643525,-0.008807221138954184,-0.01827283554467864,-0.009465614405724456
30,42,0.518065685771502,0.41157518975916685,0.21322298292911884,0.198,0.2062,-0.015222982929118833,-0.007022982929118848,0.008199999999999985,0.2916924166633388,16.735517252636033,0.004440428679419424,0.0020485508627800506,-0.0023918778166393735
30,43,0.518065685771502,0.6032014180886877,0.31249795632045846,0.3204,0.3132,0.00790204367954156,0.0007020436795415197,-0.00720000000000004,11.625985390217664,145.83529648361952,-0.091869044371212,-0.00816194956164436,0.08370709480956764
30,44,0.518065685771502,0.33973613686845183,0.17600563472811537,0.1884,0.1794,0.012394365271884644,0.003394365271884636,-0.009000000000000008,13.02031569286385,46.58576613734235,-0.16137854865260634,-0.0441957074168316,0.11718284123577474
30,45,0.518065685771502,0.37870641253843484,0.1961947973177896,0.1922,0.186,-0.003994797317789595,-0.010194797317789606,-0.006200000000000011,26.529424477945184,349.207558902915,0.10597967374699704,0.27046210551025746,0.1644824317632604
30,46,0.518065685771502,0.8322142840240537,0.43114166376176094,0.4354,0.444,0.004258336238239069,0.012858336238239065,0.008599999999999997,13.949636161544127,107.4481974265822,-0.0594022411769535,-0.17936911216623294,-0.11996687098927944
30,47,0.518065685771502,0.40849133535173493,0.21162534378071315,0.1986,0.1924,-0.013025343780713156,-0.019225343780713167,-0.006200000000000011,0.6401010166814962,11.109344296609011,0.008337535796660495,0.012306162100085779,0.003968626303425284
30,48,0.518065685771502,0.9486986627935283,0.4914882233306362,0.4948,0.495,0.0033117766693638306,0.0035117766693638086,0.00019999999999997797,17.537993306258883,129.1312952129731,-0.0580819170591272,-0.061589515720378595,-0.0035075986612513946
30,49,0.518065685771502,0.96,0.4973430583406419,0.5002,0.5004,0.00285694165935807,0.003056941659358048,0.00019999999999997797,14.323762275155993,69.37601385961784,-0.040922153162634686,-0.043786905617665565,-0.0028647524550308792
31,32,0.5744315312620573,0.41408676958317514,0.23786449712702198,0.2208,0.2356,-0.017064497127021988,-0.0022644971270219805,0.014800000000000008,0.30372459455399864,76.16303249338414,0.005182907471172628,0.0006877834717734458,-0.0044951239993991825
31,33,0.5744315312620573,0.5082093407162553,0.29193146978931916,0.2668,0.2806,-0.025131469789319183,-0.011331469789319149,0.013800000000000034,2.818599656709698,34.729283773100654,0.0708355521207852,0.031938876858191266,-0.03889667526259393
31,34,0.5744315312620573,0.430076829107486,0.2470496915045433,0.248,0.2466,0.0009503084954566865,-0.0004496915045432981,-0.0013999999999999846,11.217918197119786,41.59168402159896,-0.010660482964061089,0.005044602511906439,0.015705085475967526
31,35,0.5744315312620573,0.36780900467919186,0.21128108976984136,0.2088,0.2024,-0.002481089769841349,-0.008881089769841366,-0.006400000000000017,89.86431088488688,730.4075709054749,0.22296142241033542,0.7980930120736129,0.5751315896632775
31,36,0.5744315312620573,0.31652023366573906,0.18181920250003467,0.1786,0.1858,-0.003219202500034657,0.003980797499965327,0.007199999999999984,0.07373007944721024,24.46983655316922,0.0002373520560842131,-0.0002935045159356995,-0.0005308565720199126
31,37,0.5744315312620573,0.29742640159246664,0.1708511033045242,0.1748,0.1828,0.003948896695475823,0.011948896695475802,0.00799999999999998,6.68834150605245,433.4773952499088,-0.02641156967146431,-0.07991830171988377,-0.053506732048419464
31,38,0.5744315312620573,0.3126547933069382,0.17959877167572652,0.1714,0.1672,-0.008198771675726524,-0.012398771675726533,-0.004200000000000009,0.0053834958423182875,38.84551952057929,4.413805322839068e-05,6.674873576612754e-05,2.2610682537736862e-05
31,39,0.5744315312620573,0.4273457371252059,0.2454808661551446,0.2304,0.233,-0.015080866155144618,-0.012480866155144599,0.002600000000000019,0.04683085052151008,151.15450633938497,0.000706249788646478,0.000584489577290551,-0.00012176021135592706
31,40,0.5744315312620573,0.21905177326219738,0.125830245540673,0.1238,0.1244,-0.00203024554067302,-0.001430245540673017,0.0006000000000000033,25.605316208535704,108.90863623233155,0.05198507904990222,0.036621889324780714,-0.015363189725121504
31,41,0.5744315312620573,0.3502829106424205,0.201213548735256,0.2058,0.2074,0.004586451264744024,0.006186451264744014,0.0015999999999999903,0.056713585886522054,152.75533730873323,-0.0002601140977174079,-0.0003508558351358426,-9.074173741843472e-05
31,42,0.5744315312620573,0.41157518975916685,0.23642176648283,0.2416,0.2496,0.005178233517170006,0.013178233517169985,0.00799999999999998,5.282606505844335,36.675176675179934,-0.027354570066583463,-0.06961542211333803,-0.04226085204675457
31,43,0.5744315312620573,0.6032014180886877,0.3464979142521293,0.3386,0.3282,-0.007897914252129268,-0.018297914252129288,-0.01040000000000002,0.326283383073372,122.86802566120012,0.0025769581814081384,0.005970305365371214,0.0033933471839630754
31,44,0.5744315312620573,0.33973613686845183,0.19515514932640066,0.1862,0.186,-0.008955149326400652,-0.009155149326400658,-0.00020000000000000573,0.5927302032556847,27.517921791770945,0.005307987480422467,0.005426533521073607,0.0001185460406511402
31,45,0.5744315312620573,0.37870641253843484,0.2175409044532135,0.2076,0.202,-0.009940904453213495,-0.015540904453213489,-0.005599999999999994,5.34624347363389,318.0418420435898,0.05314649555501072,0.08308545900736047,0.029938963452349754
31,46,0.5744315312620573,0.8322142840240537,0.4780501255100938,0.4618,0.4792,-0.016250125510093805,0.0011498744899062219,0.017400000000000027,0.8036108611805599,88.47205475854366,0.013058777355458668,-0.000924051629083096,-0.013982828984541765
31,47,0.5744315312620573,0.40849133535173493,0.23465030327337963,0.2406,0.2448,0.005949696726620379,0.01014969672662036,0.0041999999999999815,13.238979544851345,31.228148473902856,-0.0787679132617962,-0.1343716273501716,-0.0556037140883754
31,48,0.5744315312620573,0.9486986627935283,0.5449624255747526,0.5372,0.547,-0.007762425574752596,0.002037574425247435,0.009800000000000031,1.8207751580023128,102.52288265772209,0.014133631652351352,-0.00370996489607137,-0.017843596548422724
31,49,0.5744315312620573,0.96,0.551454270011575,0.5478,0.5562,-0.0036542700115750337,0.00474572998842504,0.008400000000000074,0.8952886458848104,34.19663129799298,0.003271626450360482,-0.0042487981750719914,-0.0075204246254324736
32,33,0.41408676958317514,0.5082093407162553,0.21044276416918936,0.2036,0.2142,-0.006842764169189358,0.00375723583081064,0.010599999999999998,4.972813957200147,201.43564461291655,0.03402779316637391,-0.018684034779947643,-0.05271182794632155
32,34,0.41408676958317514,0.430076829107486,0.17808912483769415,0.158,0.154,-0.02008912483769415,-0.024089124837694154,-0.0040000000000000036,7.829945265515863,46.42916718256546,0.15729674791126044,0.18861652897332393,0.031319781062063484
32,35,0.41408676958317514,0.36780900467919186,0.15230484257120952,0.147,0.1416,-0.005304842571209528,-0.010704842571209516,-0.005399999999999988,100.61676772567759,745.3312517892905,0.5337561128086754,1.077086658527333,0.5433305457186577
32,36,0.41408676958317514,0.31652023366573906,0.13106684106635763,0.1302,0.1408,-0.0008668410663576209,0.009733158933642377,0.010599999999999998,0.6767447572751994,110.09471189921351,0.0005866301470483633,-0.00658686428006875,-0.007173494427117113
32,37,0.41408676958317514,0.29742640159246664,0.12316033782417266,0.1514,0.1492,0.02823966217582735,0.026039662175827344,-0.0022000000000000075,9.84261959925506,682.1328221125268,-0.2779522524081401,-0.2562984892897789,0.021653763118361202
32,38,0.41408676958317514,0.3126547933069382,0.12946621335516537,0.1318,0.1304,0.0023337866448346345,0.0009337866448346221,-0.0014000000000000123,0.3899808322069236,169.58042673072495,-0.0009101320579460148,-0.00036415889285631694,0.0005459731650896978
32,39,0.41408676958317514,0.4273457371252059,0.17695821578131726,0.1568,0.1584,-0.020158215781317268,-0.01855821578131725,0.001600000000000018,0.11202929483395084,94.10420229793831,0.002258310699091593,0.0020790638273572694,-0.0001792468717343237
32,40,0.41408676958317514,0.21905177326219738,0.09070644116160945,0.0954,0.0926,0.004693558838390552,0.001893558838390555,-0.002799999999999997,31.486482612329645,262.2510466969995,-0.14778365875493024,-0.059621507440407326,0.08816215131452292
32,41,0.41408676958317514,0.3502829106424205,0.1450475189081119,0.1598,0.1722,0.014752481091888092,0.027152481091888087,0.012399999999999994,0.6229286441079637,401.3245256845726,-0.00918974304379822,-0.016914058230736967,-0.007724315186938746
32,42,0.41408676958317514,0.41157518975916685,0.1704278407679557,0.176,0.1826,0.005572159232044294,0.012172159232044316,0.0066000000000000225,3.052987444929628,163.73468610369517,-0.017011732176579947,-0.03716144931311556,-0.020149717136535614
32,43,0.41408676958317514,0.6032014180886877,0.2497777266243349,0.2468,0.2424,-0.002977726624334903,-0.0073777266243348905,-0.004399999999999987,1.259611942779011,360.47912448010203,0.0037507800183432735,0.009293072566570906,0.0055422925482276324
32,44,0.41408676958317514,0.33973613686845183,0.14068023942652466,0.1438,0.1344,0.0031197605734753497,-0.00628023942652467,-0.00940000000000002,1.7450459612417382,178.62089214937785,-0.005444125588784368,0.010959306446888004,0.01640343203567237
32,45,0.41408676958317514,0.37870641253843484,0.15681731498847373,0.1494,0.1464,-0.007417314988473728,-0.01041731498847373,-0.0030000000000000027,8.198525017848942,252.10130488746472,0.06081104249826779,0.08540661755181464,0.02459557505354685
32,46,0.41408676958317514,0.8322142840240537,0.3446089244724954,0.3382,0.349,-0.006408924472495414,0.004391075527504562,0.010799999999999976,2.095417199298835,302.0241753272655,0.013429370568674106,-0.009201135183753264,-0.02263050575242737
32,47,0.41408676958317514,0.40849133535173493,0.16915085745851738,0.1654,0.1674,-0.003750857458517387,-0.0017508574585173853,0.0020000000000000018,9.532216042144036,76.54824186653693,0.03575398363787505,0.016689551553586954,-0.019064432084288093
32,48,0.41408676958317514,0.9486986627935283,0.3928435645840501,0.3922,0.3988,-0.000643564584050127,0.005956435415949868,0.006599999999999995,3.6117982385882783,328.64318307279996,0.0023244254310900467,-0.021513442943592573,-0.02383786837468262
32,49,0.41408676958317514,0.96,0.3975232987998481,0.3978,0.4028,0.0002767012001518854,0.00527670120015189,0.0050000000000000044,2.241934485749619,185.39967887214874,-0.0006203459628688195,-0.011830018391616924,-0.011209672428748105
33,34,0.5082093407162553,0.430076829107486,0.21856906177805308,0.2166,0.2254,-0.0019690617780530884,0.006830938221946914,0.008800000000000002,25.282640808768104,109.11634703837034,0.04978308166479049,-0.1727041574523689,-0.2224872391171594
33,35,0.5082093407162553,0.36780900467919186,0.1869239717775142,0.1738,0.1746,-0.013123971777514176,-0.012323971777514181,0.0007999999999999952,60.8526409347839,773.6345825726067,0.7986283422153078,0.7499462294674809,-0.048682112747826856
33,36,0.5082093407162553,0.31652023366573906,0.16085853927462035,0.147,0.1548,-0.013858539274620357,-0.006058539274620356,0.007800000000000001,1.9805938607651683,59.44120807870198,0.02744813780648605,0.011999505692517733,-0.015448632113968316
33,37,0.5082093407162553,0.29742640159246664,0.15115487546491566,0.1522,0.1636,0.0010451245350843463,0.01244512453508434,0.011399999999999993,0.8232191329141959,350.4870563502567,-0.0008603665135594877,-0.010245064628781315,-0.009384698115221827
33,38,0.5082093407162553,0.3126547933069382,0.15889408637829613,0.1496,0.153,-0.009294086378296124,-0.005894086378296137,0.0033999999999999864,2.5776182237731304,67.03749029484877,0.0239566064220177,0.015192704461189093,-0.008763901960828607
33,39,0.5082093407162553,0.4273457371252059,0.21718109532230306,0.2062,0.2176,-0.01098109532230307,0.0004189046776969241,0.011399999999999993,3.592059488770897,299.4894411094543,0.03944474764957645,-0.0015047305224117505,-0.0409494781719882
33,40,0.5082093407162553,0.21905177326219738,0.11132415727230797,0.1244,0.1154,0.013075842727692022,0.004075842727692028,-0.008999999999999994,11.433196577902446,131.64179317017766,-0.14949868032743902,-0.04659991112631707,0.10289876920112195
33,41,0.5082093407162553,0.3502829106424205,0.1780170470817555,0.1596,0.168,-0.01841704708175551,-0.010017047081755492,0.008400000000000019,2.075681092891052,63.59378744847685,0.03822791641448424,0.020792195234199364,-0.017435721180284875
33,42,0.5082093407162553,0.41157518975916685,0.20916635584267387,0.2214,0.2264,0.01223364415732614,0.017233644157326117,0.004999999999999977,15.818602843794478,35.36780001845884,-0.193519158257049,-0.272612172476021,-0.079093014218972
33,43,0.5082093407162553,0.6032014180886877,0.30655259500596227,0.2838,0.2884,-0.022752595005962273,-0.01815259500596228,0.004599999999999993,1.226902610768545,39.28905225935285,0.02791521821457447,0.022271466205039173,-0.005643752009535298
33,44,0.5082093407162553,0.33973613686845183,0.1726570781354034,0.1624,0.1566,-0.010257078135403414,-0.016057078135403413,-0.0058,0.8262425133421066,11.10426435486557,0.008474834018142086,0.013267040595526303,0.004792206577384217
33,45,0.5082093407162553,0.37870641253843484,0.1924621362411762,0.1808,0.1844,-0.011662136241176208,-0.008062136241176188,0.00360000000000002,0.4011017592079045,479.7695995915647,0.004677703362458035,0.0032337370293095712,-0.0014439663331484638
33,46,0.5082093407162553,0.8322142840240537,0.4229390726185148,0.4062,0.4208,-0.016739072618514816,-0.0021390726185148146,0.014600000000000002,0.6121890578659537,33.88927620786084,0.010247477095878367,0.0013095168510354428,-0.008937960244842925
33,47,0.5082093407162553,0.40849133535173493,0.20759911222740798,0.2218,0.2218,0.014200887772592014,0.014200887772592014,0.0,28.274842921446062,92.17552221866237,-0.4015278711151232,-0.4015278711151232,0.0
33,48,0.5082093407162553,0.9486986627935283,0.48213752195669207,0.468,0.4868,-0.014137521956692045,0.004662478043307938,0.018799999999999983,0.10857522290004677,26.935464091385164,0.0015349845977021442,-0.0005062295928187333,-0.0020412141905208772
33,49,0.5082093407162553,0.96,0.4878809670876051,0.4754,0.4914,-0.0124809670876051,0.003519032912394915,0.016000000000000014,0.536807711896805,5.663277940258985,0.006699879384556623,-0.0018890440057922641,-0.008588923390348887
34,35,0.430076829107486,0.36780900467919186,0.15818613044960733,0.147,0.142,-0.01118613044960734,-0.016186130449607344,-0.0050000000000000044,164.58311059863453,638.386170294197,1.8410481449584783,2.663963697951652,0.8229155529931735
34,36,0.430076829107486,0.31652023366573906,0.1361280184433216,0.1128,0.119,-0.023328018443321594,-0.017128018443321597,0.006199999999999997,13.110546844278728,31.246884019127194,0.3058430785853659,0.22455768815083782,-0.0812853904345281
34,37,0.430076829107486,0.29742640159246664,0.12791620368973777,0.1334,0.1314,0.005483796310262218,0.003483796310262216,-0.0020000000000000018,35.23014701396913,470.4138882877113,-0.19319495020519942,-0.12273465617726108,0.07046029402793834
34,38,0.430076829107486,0.3126547933069382,0.13446558211070442,0.1498,0.1392,0.01533441788929557,0.004734417889295572,-0.010599999999999998,11.714795806756607,109.80695589835592,-0.17963957438857325,-0.05546273883695324,0.12417683555162001
34,39,0.430076829107486,0.4273457371252059,0.18379149955540983,0.1838,0.185,8.500444590164857e-06,0.0012085004445901715,0.0012000000000000066,9.815135788524447,118.97820665675093,-8.343301791529612e-05,-0.011861595964144697,-0.0117781629462294
34,40,0.430076829107486,0.21905177326219738,0.09420909205497784,0.1016,0.1026,0.00739090794502216,0.00839090794502216,0.0010000000000000009,70.71944909926039,198.5498178962777,-0.5226809382153138,-0.5934003873145742,-0.07071944909926042
34,41,0.430076829107486,0.3502829106424205,0.15064856349963307,0.1398,0.138,-0.010848563499633063,-0.012648563499633059,-0.001799999999999996,12.869885201294865,207.0065341245446,0.1396197668392352,0.1627855602015659,0.02316579336233071
34,42,0.430076829107486,0.41157518975916685,0.17700895255093432,0.1694,0.163,-0.007608952550934328,-0.014008952550934317,-0.006399999999999989,1.104441090547029,72.462759310308,0.008403639853274508,0.01547206283277548,0.007068422979500973
34,43,0.430076829107486,0.6032014180886877,0.25942295320472175,0.2696,0.2608,0.010177046795278255,0.001377046795278225,-0.00880000000000003,15.370542025264186,245.06511596309355,-0.15642672545990463,-0.021165955637579326,0.1352607698223253
34,44,0.430076829107486,0.33973613686845183,0.14611264047761063,0.1478,0.1488,0.0016873595223893534,0.0026873595223893543,0.0010000000000000009,16.967856533885097,97.6013283537124,-0.02863087429698743,-0.04559873083087254,-0.016967856533885113
34,45,0.430076829107486,0.37870641253843484,0.16287285306720153,0.1656,0.1634,0.002727146932798463,0.0005271469327984557,-0.0022000000000000075,32.05270220227058,263.19092074580436,-0.08741242849882476,-0.016896483653829245,0.07051594484499552
34,46,0.430076829107486,0.8322142840240537,0.3579160804110218,0.3638,0.3672,0.005883919588978215,0.009283919588978229,0.003400000000000014,18.02647398828614,209.8510690755802,-0.10606632341988305,-0.16735633498005617,-0.06129001156017312
34,47,0.430076829107486,0.40849133535173493,0.17568265822595686,0.1656,0.1546,-0.010082658225956859,-0.02108265822595687,-0.01100000000000001,0.08365097035824229,29.37470259373447,0.000843424144391805,0.001763584818332471,0.0009201606739406659
34,48,0.430076829107486,0.9486986627935283,0.40801331267275276,0.403,0.4092,-0.005013312672752734,0.001186687327247249,0.006199999999999983,22.077566465818546,219.71393514901615,0.11068174374662891,-0.0261991683414457,-0.13688091208807462
34,49,0.430076829107486,0.96,0.41287375594318654,0.4112,0.4114,-0.0016737559431865279,-0.00147375594318655,0.00019999999999997797,18.45143208114372,116.86412051436514,0.030883194106116868,0.02719290768988853,-0.0036902864162283375
35,36,0.36780900467919186,0.31652023366573906,0.11641899210542073,0.127,0.1232,0.010581007894579275,0.006781007894579277,-0.003799999999999998,84.7899528605769,745.7320624572062,-0.8971631605987688,-0.5749613397285768,0.322201820870192
35,37,0.36780900467919186,0.29742640159246664,0.10939610873503876,0.065,0.0682,-0.044396108735038756,-0.04119610873503876,0.0031999999999999945,47.52028755283715,311.0436847305921,2.1097158533160667,1.957650933146988,-0.1520649201690787
35,38,0.36780900467919186,0.3126547933069382,0.11499724833440339,0.1434,0.124,0.02840275166559661,0.009002751665596609,-0.0194,88.47860251601057,747.6883162294934,-2.5130357749812795,-0.7965508861706745,1.716484888810605
35,39,0.36780900467919186,0.4273457371252059,0.15718161022591756,0.1414,0.1454,-0.015781610225917564,-0.01178161022591756,0.0040000000000000036,94.01402955267497,502.0465436474892,1.4836927701682114,1.1076366519575112,-0.3760561182107003
35,40,0.36780900467919186,0.21905177326219738,0.08056921469678083,0.1054,0.0932,0.024830785303219166,0.012630785303219177,-0.012199999999999989,19.532062061372997,785.6804846567089,-0.48499643957510524,-0.24670528242635492,0.23829115714875032
35,41,0.36780900467919186,0.3502829106424205,0.12883720871951898,0.1258,0.1198,-0.0030372087195189856,-0.009037208719518977,-0.0059999999999999915,85.40592654780289,785.204740036073,0.25939562480958495,0.7718311840964016,0.5124355592868166
35,42,0.36780900467919186,0.41157518975916685,0.15138106089596867,0.1634,0.1592,0.012018939104031318,0.007818939104031336,-0.0041999999999999815,138.72295637197507,799.1093103610363,-1.6673027649659617,-1.084666348203669,0.5826364167622928
35,43,0.36780900467919186,0.6032014180886877,0.22186291320827728,0.2278,0.2076,0.005937086791722723,-0.014262913208277272,-0.020199999999999996,79.3607777647912,939.5286842018576,-0.4711718254481842,1.1319158854005975,1.6030877108487818
35,44,0.36780900467919186,0.33973613686845183,0.12495801035513897,0.1268,0.12,0.001841989644861028,-0.004958010355138973,-0.0068000000000000005,75.86042624000315,707.0267293282253,-0.13973411958882961,0.37611677884319183,0.5158508984320215
35,45,0.36780900467919186,0.37870641253843484,0.13929162866138914,0.1226,0.1122,-0.016691628661389138,-0.027091628661389144,-0.010400000000000006,51.37283153532049,336.32274691184404,0.8574962272716713,1.3917736752390049,0.5342774479673336
35,46,0.36780900467919186,0.8322142840240537,0.30609590748669346,0.3094,0.3004,0.0033040925133065446,-0.005695907486693463,-0.009000000000000008,73.67192971740356,930.834857069899,-0.24341887142011903,0.4196284960365136,0.6630473674566326
35,47,0.36780900467919186,0.40849133535173493,0.15024679147579562,0.152,0.1444,0.0017532085242043804,-0.005846791475795615,-0.007599999999999996,172.08768790096875,703.992826206595,-0.3017056013386014,1.0061608267087603,1.3078664280473618
35,48,0.36780900467919186,0.9486986627935283,0.34893991090256793,0.3556,0.3416,0.006660089097432098,-0.007339910902567914,-0.014000000000000012,66.10206785892983,913.5983106464358,-0.44024566146497524,0.48518328856004317,0.9254289500250183
35,49,0.36780900467919186,0.96,0.35309664449202416,0.3598,0.344,0.00670335550797585,-0.009096644492024186,-0.015800000000000036,72.82031334592007,813.9616136334688,-0.4881404485599006,0.6624205023056391,1.1505609508655397
36,37,0.31652023366573906,0.29742640159246664,0.09414147413040748,0.082,0.0916,-0.012141474130407476,-0.0025414741304074784,0.009599999999999997,5.357604497083102,425.66941494903983,0.06504921640228924,0.013616213230291472,-0.05143300317199777
36,38,0.31652023366573906,0.3126547933069382,0.09896156823422542,0.088,0.092,-0.010961568234225422,-0.006961568234225418,0.0040000000000000036,0.03926759299982442,44.84913370388005,0.0004304344000613679,0.0002733640280620701,-0.00015707037199929783
36,39,0.31652023366573906,0.4273457371252059,0.13526357257092766,0.1258,0.1278,-0.00946357257092767,-0.007463572570927668,0.0020000000000000018,0.2380827122821513,155.4263502809085,0.0022531130255654314,0.0017769476010011283,-0.00047616542456430317
36,40,0.31652023366573906,0.21905177326219738,0.06933431845784521,0.0762,0.0748,0.006865681542154792,0.005465681542154793,-0.0013999999999999985,22.931041922392293,123.7983763185587,-0.1574372312689465,-0.1253337725775973,0.032103458691349174
36,41,0.31652023366573906,0.3502829106424205,0.11087162872565413,0.0964,0.0928,-0.014471628725654134,-0.01807162872565414,-0.003600000000000006,0.0011146710107352187,118.2491414244665,1.613110501860972e-05,2.0143920657256513e-05,4.012815638646794e-06
36,42,0.31652023366573906,0.41157518975916685,0.13027187523359238,0.1204,0.1198,-0.009871875233592384,-0.010471875233592373,-0.0005999999999999894,6.604514453007926,37.06331654766018,0.0651989426585519,0.06916165133035658,0.003962708671804677
36,43,0.31652023366573906,0.6032014180886877,0.1909254538009366,0.1864,0.1954,-0.00452545380093658,0.0044745461990634006,0.00899999999999998,0.08980772591144567,168.9394969900346,0.0004064207145794224,-0.0004018488186235869,-0.0008082695332030092
36,44,0.31652023366573906,0.33973613686845183,0.10753336142629788,0.1022,0.1004,-0.005333361426297881,-0.007133361426297877,-0.001799999999999996,0.24835960115930927,54.26285275426619,0.0013245915166737864,0.0017716387987605422,0.00044704728208675576
36,45,0.31652023366573906,0.37870641253843484,0.11986824218737917,0.1142,0.1166,-0.005668242187379172,-0.0032682421873791723,0.0023999999999999994,4.164300098627027,312.85089341269384,0.023604261499944962,0.013609941263240099,-0.009994320236704863
36,46,0.31652023366573906,0.8322142840240537,0.2634126596392592,0.2582,0.2702,-0.0052126596392592095,0.006787340360740801,0.01200000000000001,0.39051328061045465,132.03379286221545,0.002035612816432823,-0.0026505465508926368,-0.00468615936732546
36,47,0.31652023366573906,0.40849133535173493,0.12929577291596092,0.1234,0.121,-0.005895772915960926,-0.008295772915960925,-0.0023999999999999994,15.288676237014348,26.590965746244535,0.0901385632790846,0.126831386247919,0.036692822968834415
36,48,0.31652023366573906,0.9486986627935283,0.3002823224257818,0.2886,0.302,-0.011682322425781766,0.0017176775742182016,0.013399999999999967,1.161713597063206,147.27992633224093,0.013571512807307094,-0.001995449393339829,-0.015566962200646923
36,49,0.31652023366573906,0.96,0.3038594243191095,0.2942,0.3032,-0.009659424319109489,-0.0006594243191094806,0.009000000000000008,0.45517165473894095,78.57532742034482,0.004396696151154634,0.00030015125850416173,-0.004096544892650472
37,38,0.29742640159246664,0.3126547933069382,0.09299179011391905,0.0748,0.079,-0.01819179011391904,-0.013991790113919045,0.004199999999999995,6.31421658992034,350.456516726134,0.11486690293765645,0.08834719325999103,-0.026519709677665412
37,39,0.29742640159246664,0.4273457371252059,0.12710390482903017,0.1258,0.1268,-0.0013039048290301725,-0.0003039048290301716,0.0010000000000000009,7.8544948682867455,517.8870850291702,0.010241513788351796,0.0023870189200650435,-0.007854494868286752
37,40,0.29742640159246664,0.21905177326219738,0.06515178068382427,0.0454,0.0466,-0.019751780683824265,-0.018551780683824265,0.0011999999999999997,6.120610572679218,315.4078310207542,0.12089295768265594,0.11354822499544089,-0.007344732687215055
37,41,0.29742640159246664,0.3502829106424205,0.10418338565171067,0.0956,0.0988,-0.00858338565171067,-0.005383385651710676,0.0031999999999999945,5.513276166251582,292.0516710840105,0.04732257553932224,0.02968009180731721,-0.01764248373200503
37,42,0.29742640159246664,0.41157518975916685,0.12241332767480562,0.1048,0.118,-0.017613327674805612,-0.004413327674805623,0.01319999999999999,23.859072565951788,358.5039315580753,0.42023766312107397,0.10529790525051062,-0.31493975787056333
37,43,0.29742640159246664,0.6032014180886877,0.1794080272175914,0.1788,0.186,-0.0006080272175914003,0.006591972782408612,0.007200000000000012,4.0601065231346105,350.1912582578548,0.0024686552723862318,-0.026764111694183013,-0.029232766966569245
37,44,0.29742640159246664,0.33973613686845183,0.10104649667970937,0.1106,0.1022,0.009553503320290632,0.0011535033202906275,-0.008400000000000005,3.298920521657972,297.3331060923079,-0.03151624815703434,-0.0038053157751073595,0.02771093238192698
37,45,0.29742640159246664,0.37870641253843484,0.11263728554129887,0.1068,0.1128,-0.0058372855412988645,0.000162714458701127,0.0059999999999999915,0.07506958379047231,474.57460580540413,0.0004382025960514476,-1.2214906691385599e-05,-0.0004504175027428332
37,46,0.29742640159246664,0.8322142840240537,0.2475224998511253,0.242,0.2572,-0.005522499851125295,0.009677500148874696,0.015199999999999991,2.855219087196949,360.1895438937108,0.015767946983975253,-0.027631383141418348,-0.0433993301253936
37,47,0.29742640159246664,0.40849133535173493,0.12149610795536808,0.112,0.1134,-0.00949610795536808,-0.008096107955368081,0.0013999999999999985,38.747184641016084,411.29038513545225,0.36794744831766873,0.31370138982024626,-0.05424605849742248
37,48,0.29742640159246664,0.9486986627935283,0.28216802947026404,0.2758,0.2814,-0.006368029470264047,-0.0007680294702640533,0.005599999999999994,1.5297281342604583,352.82436256981094,0.009741353840462635,0.0011748762886040784,-0.008566477551858557
37,49,0.29742640159246664,0.96,0.28552934552876796,0.2758,0.2866,-0.009729345528767974,0.0010706544712320576,0.010800000000000032,2.6895536465406105,393.7780175768077,0.02616759674535149,-0.0028795826372871895,-0.02904717938263868
38,39,0.3126547933069382,0.4273457371252059,0.13361169311148238,0.1092,0.1096,-0.024411693111482377,-0.02401169311148238,0.0003999999999999976,0.08397052302757545,155.39777923449876,0.002049862638559836,0.002016274429348806,-3.3588209211030205e-05
38,40,0.3126547933069382,0.21905177326219738,0.0684875868928106,0.0502,0.0408,-0.018287586892810605,-0.027687586892810603,-0.009399999999999999,24.868147044023495,27.18759961835824,0.45477839993077085,0.6885389821445916,0.2337605822138208
38,41,0.3126547933069382,0.3502829106424205,0.10951763102585868,0.1166,0.1138,0.007082368974141315,0.004282368974141318,-0.002799999999999997,0.027150416433104178,159.17168184805737,-0.00019228926698083352,-0.00011626810096814192,7.60211660126916e-05
38,42,0.3126547933069382,0.41157518975916685,0.12868095588441616,0.125,0.129,-0.003680955884416165,0.0003190441155838386,0.0040000000000000036,5.625266684312751,46.780069442367186,0.020706358503031232,-0.001794708234219794,-0.022501066737251028
38,43,0.3126547933069382,0.6032014180886877,0.18859381469497064,0.1778,0.1558,-0.010793814694970622,-0.03279381469497064,-0.02200000000000002,0.24784456121466167,130.3849595036832,0.002675188266907361,0.008127768613629922,0.005452580346722561
38,44,0.3126547933069382,0.33973613686845183,0.10622013165150347,0.0942,0.0894,-0.012020131651503466,-0.016820131651503478,-0.004800000000000013,0.48513652291018255,36.31475500687047,0.005831404874333022,0.008160060184301904,0.002328655309968882
38,45,0.3126547933069382,0.37870641253843484,0.1184043751362164,0.0952,0.0954,-0.0232043751362164,-0.023004375136216407,0.00019999999999999185,5.01232486507761,287.61261349188777,0.11630786647384611,0.11530540150083063,-0.0010024649730154822
38,46,0.3126547933069382,0.8322142840240537,0.26019578495862206,0.2516,0.2428,-0.008595784958622066,-0.017395784958622068,-0.008800000000000002,0.6774461038226571,79.80021909947821,0.0058231810295159185,0.011784706743155304,0.005961525713639385
38,47,0.3126547933069382,0.40849133535173493,0.12771677402207185,0.129,0.1236,0.001283225977928154,-0.004116774022071848,-0.005400000000000002,13.778299334033024,44.42604188766376,-0.01768067163710136,0.056722144766676995,0.07440281640377835
38,48,0.3126547933069382,0.9486986627935283,0.29661518432627926,0.296,0.2902,-0.0006151843262792722,-0.006415184326279244,-0.005799999999999972,1.6281471845515427,115.79497930947085,0.0010016106288118346,0.010444864299210736,0.009443253670398902
38,49,0.3126547933069382,0.96,0.30014860157466067,0.2986,0.2904,-0.0015486015746606907,-0.009748601574660676,-0.008199999999999985,0.7618228320018635,78.697936133274,0.0011797600372505527,0.007426707259665822,0.0062469472224152695
39,40,0.4273457371252059,0.21905177326219738,0.09361084151331721,0.0814,0.0766,-0.012210841513317208,-0.017010841513317207,-0.004799999999999999,27.84223266096225,216.060139559148,0.3399770903999141,0.4736198071725328,0.13364271677261874
39,41,0.4273457371252059,0.3502829106424205,0.14969190865084783,0.1714,0.1626,0.021708091349152164,0.012908091349152162,-0.008800000000000002,0.2066161679970675,454.70666297372355,-0.004485242649092111,-0.002667020370717917,0.0018182222783741943
39,42,0.4273457371252059,0.41157518975916685,0.17588490285007766,0.1624,0.1696,-0.013484902850077668,-0.006284902850077656,0.007200000000000012,4.334673151864792,247.6479504886612,0.05845264633973669,0.02724299964631013,-0.031209646693426556
39,43,0.4273457371252059,0.6032014180886877,0.2577755546480797,0.248,0.2342,-0.00977555464807972,-0.023575554648079727,-0.013800000000000007,0.6203398660876451,486.7807869698102,0.0060641662613222305,0.014624856413331737,0.008560690152009507
39,44,0.4273457371252059,0.33973613686845183,0.1451847898381184,0.131,0.1246,-0.014184789838118383,-0.020584789838118386,-0.006400000000000003,0.9727760567302506,241.05425939109023,0.01379862392427213,0.020024390687345735,0.006225766763073605
39,45,0.4273457371252059,0.37870641253843484,0.16183857102027976,0.1296,0.128,-0.03223857102027977,-0.03383857102027976,-0.0015999999999999903,6.393812309774706,45.172870536589166,0.2061273722390109,0.21635747193465038,0.010230099695639483
39,46,0.4273457371252059,0.8322142840240537,0.35564322665238474,0.3462,0.346,-0.009443226652384729,-0.009643226652384762,-0.00020000000000003348,1.2384302688395648,401.8891332507499,0.011694777721825762,0.011942463775593716,0.00024768605376795406
39,47,0.4273457371252059,0.40849133535173493,0.17456703081514685,0.1668,0.1626,-0.007767030815146847,-0.011967030815146856,-0.004200000000000009,11.711018127012025,117.1237212551505,0.09095983866924572,0.14014611480269631,0.0491862761334506
39,48,0.4273457371252059,0.9486986627935283,0.40542232936119754,0.4056,0.4034,0.00017767063880247402,-0.0020223293611975612,-0.0022000000000000353,2.451621245508904,452.4614500906001,-0.000435581112791284,0.004957985627328391,0.005393566740119675
39,49,0.4273457371252059,0.96,0.41025190764019764,0.4094,0.4088,-0.0008519076401976577,-0.0014519076401976472,-0.0005999999999999894,1.3516417973816726,310.1719885384896,0.0011514739739999413,0.0019624590524289307,0.0008109850784289894
40,41,0.21905177326219738,0.3502829106424205,0.07673009271966605,0.0936,0.0902,0.016869907280333954,0.013469907280333954,-0.0034000000000000002,23.251910046406092,240.4829509261415,-0.39225756657353633,-0.3132010724157556,0.07905649415778071
40,42,0.21905177326219738,0.41157518975916685,0.09015627514747088,0.0844,0.0774,-0.005756275147470874,-0.01275627514747088,-0.007000000000000006,54.148430876276436,79.33703175756267,0.3116932669276546,0.69073228306159,0.37903901613393537
40,43,0.21905177326219738,0.6032014180886877,0.13213234026659915,0.124,0.1208,-0.008132340266599147,-0.011332340266599142,-0.0031999999999999945,20.150738341869737,149.11045758905237,0.16387266081929058,0.22835502351327364,0.06448236269398305
40,44,0.21905177326219738,0.33973613686845183,0.07441980322228296,0.0696,0.0724,-0.004819803222282967,-0.0020198032222829565,0.002800000000000011,18.406501178473054,72.82620243353105,0.08871571369095967,0.03717751039123491,-0.05153820329972476
40,45,0.21905177326219738,0.37870641253843484,0.08295631121230941,0.0758,0.0644,-0.007156311212309405,-0.018556311212309412,-0.011400000000000007,7.551366976107018,327.6760254659452,0.05403993215937762,0.1401255156869977,0.08608558352762007
40,46,0.21905177326219738,0.8322142840240537,0.18229801464959894,0.1846,0.1752,0.002301985350401048,-0.007098014649598944,-0.009399999999999992,17.336615300571225,92.06931910968335,-0.03990863444745362,0.12305554937791575,0.16296418382536937
40,47,0.21905177326219738,0.40849133535173493,0.08948075137104047,0.0954,0.081,0.005919248628959525,-0.00848075137104047,-0.014399999999999996,75.66756326316977,84.22872788182087,-0.4478951201022258,0.6417177908874185,1.0896129109896444
40,48,0.21905177326219738,0.9486986627935283,0.20781412437639782,0.2126,0.2022,0.004785875623602193,-0.005614124376397828,-0.01040000000000002,13.770100202906463,144.166950700065,-0.06590198689564965,0.07730705521457784,0.1432090421102275
40,49,0.21905177326219738,0.96,0.2102897023317095,0.2152,0.2036,0.004910297668290514,-0.006689702331709485,-0.0116,16.924770921902198,137.41082006521128,-0.08310566319416746,0.11322167949989802,0.1963273426940655
41,42,0.3502829106424205,0.41157518975916685,0.14416775541704752,0.1438,0.1448,-0.00036775541704750503,0.0006322445829524959,0.0010000000000000009,6.4340265506026455,112.71311293678242,0.0023661481174115963,-0.004067878433191055,-0.006434026550602651
41,43,0.3502829106424205,0.6032014180886877,0.2112911484317411,0.2156,0.2084,0.004308851568258915,-0.0028911484317410974,-0.007200000000000012,0.11093300097238813,106.4073469748211,-0.0004779938352115423,0.0003207237717896536,0.0007987176070011958
41,44,0.3502829106424205,0.33973613686845183,0.11900376287269306,0.1168,0.1132,-0.0022037628726930547,-0.005803762872693061,-0.003600000000000006,0.28275124604989377,94.14834986743574,0.0006231166982524546,0.001641021184032074,0.0010179044857796193
41,45,0.3502829106424205,0.37870641253843484,0.13265438446291222,0.1312,0.136,-0.0014543844629122116,0.003345615537087787,0.004799999999999999,4.301676643981856,610.9554306263096,0.006256291675479557,-0.014391756215633347,-0.0206480478911129
41,46,0.3502829106424205,0.8322142840240537,0.2915104416861436,0.2968,0.2928,0.005289558313856413,0.0012895583138564093,-0.0040000000000000036,0.43335534469593545,122.68939178630185,-0.002292258366390497,-0.0005588369876067536,0.0017334213787837435
41,47,0.3502829106424205,0.40849133535173493,0.1430875339192148,0.1464,0.137,0.003312466080785198,-0.006087533919214794,-0.009399999999999992,15.028702078743427,205.18356402044125,-0.0497820658740636,0.09148773366612449,0.1412697995401881
41,48,0.3502829106424205,0.9486986627935283,0.3323129289258893,0.339,0.335,0.0066870710741107064,0.002687071074110703,-0.0040000000000000036,1.2347984971807957,95.66208464870121,-0.00825718531285307,-0.0033179913241298824,0.004939193988723188
41,49,0.3502829106424205,0.96,0.3362715942167237,0.339,0.338,0.002728405783276322,0.001728405783276321,-0.0010000000000000009,0.5013359272327471,103.4429294785004,-0.0013678478432260245,-0.000866511915993277,0.0005013359272327475
42,43,0.41157518975916685,0.6032014180886877,0.24826273811285016,0.2708,0.2678,0.02253726188714983,0.019537261887149826,-0.0030000000000000027,8.234629192178634,72.80305090194541,-0.1855859946476989,-0.160882107071163,0.02470388757653591
42,44,0.41157518975916685,0.33973613686845183,0.13982696499967934,0.1514,0.1492,0.01157303500032067,0.009373035000320662,-0.0022000000000000075,9.414353763553935,19.013135433183727,-0.10895264561101031,-0.08824106733119158,0.020711578279818732
42,45,0.41157518975916685,0.37870641253843484,0.15586616360351965,0.1546,0.152,-0.0012661636035196655,-0.0038661636035196567,-0.002599999999999991,21.257509453870313,420.82278689343366,0.026915484771965793,0.08218500935202842,0.05526952458006263
42,46,0.41157518975916685,0.8322142840240537,0.3425187518674891,0.3496,0.358,0.007081248132510931,0.015481248132510894,0.008399999999999963,10.206974561250052,49.909077545977965,-0.0722781195504385,-0.15801670586493857,-0.08573858631450007
42,47,0.41157518975916685,0.40849133535173493,0.16812489886236576,0.1482,0.1534,-0.01992489886236576,-0.014724898862365748,0.00520000000000001,1.7959985304473358,30.643645993668542,0.03578508907612069,0.026445896717794532,-0.00933919235832616
42,48,0.41157518975916685,0.9486986627935283,0.39046083216351424,0.3962,0.3998,0.005739167836485759,0.009339167836485751,0.003599999999999992,13.306103226303811,64.31284106270955,-0.07636595966536222,-0.12426793128005584,-0.04790197161469362
42,49,0.41157518975916685,0.96,0.3951121821688002,0.4004,0.401,0.005287817831199804,0.005887817831199849,0.0006000000000000449,10.527358394640697,39.8561677603505,-0.05566675343461201,-0.061983168471396906,-0.006316415036784893
43,44,0.6032014180886877,0.33973613686845183,0.20492931953502264,0.1814,0.1734,-0.02352931953502263,-0.03152931953502264,-0.008000000000000007,0.03947276074326909,43.74400456247775,0.0009287672004578757,0.0012445492864040287,0.000315782085946153
43,45,0.6032014180886877,0.37870641253843484,0.22843624508246346,0.2134,0.211,-0.015036245082463456,-0.01743624508246347,-0.0024000000000000132,3.0310194027626762,686.6468334760735,0.045575150589641615,0.05284959715627208,0.007274446566630462
43,46,0.6032014180886877,0.8322142840240537,0.5019928362769711,0.4908,0.4772,-0.011192836276971097,-0.024792836276971097,-0.013600000000000001,0.10577536353646559,8.930484679912292,0.0011839263262007579,0.00262247127029669,0.001438544944095932
43,47,0.6032014180886877,0.40849133535173493,0.24640255276110817,0.2556,0.2452,0.00919744723889182,-0.001202552761108172,-0.010399999999999993,17.722020815670053,182.43790497703782,-0.1629973514186679,0.021311665064300524,0.1843090164829684
43,48,0.6032014180886877,0.9486986627935283,0.572256378735898,0.5694,0.5526,-0.0028563787358979464,-0.019656378735897984,-0.016800000000000037,0.6055155759022218,1.3348411677348628,0.0017295818152621054,0.011902243490419455,0.01017266167515735
43,49,0.6032014180886877,0.96,0.5790733613651401,0.5806,0.5584,0.0015266386348599115,-0.020673361365140086,-0.022199999999999998,0.1406135501876533,34.800731568770246,-0.0002146660783012847,0.0029069547358646186,0.0031216208141659034
44,45,0.33973613686845183,0.37870641253843484,0.12866025360311809,0.1186,0.1154,-0.010060253603118088,-0.013260253603118083,-0.0031999999999999945,2.37870403497682,396.38838344669415,0.02393036583862709,0.0315422187505529,0.0076118529119258115
44,46,0.33973613686845183,0.8322142840240537,0.28273326590107656,0.2822,0.274,-0.0005332659010765517,-0.008733265901076537,-0.008199999999999985,0.01601584321331977,26.369171917177916,8.540703062651742e-06,0.0001398706174118736,0.00013132991434922187
44,47,0.33973613686845183,0.40849133535173493,0.13877926821663367,0.147,0.1314,0.008220731783366325,-0.007379268216633678,-0.015600000000000003,19.434260251767867,58.15693948339061,-0.15976384093792095,0.14341061898965785,0.3031744599275788
44,48,0.33973613686845183,0.9486986627935283,0.3223072187497394,0.329,0.3188,0.0066927812502606265,-0.003507218749739416,-0.010200000000000042,0.3357869689000607,33.895350674448025,-0.0022473487295361742,0.001177678353244459,0.0034250270827806332
44,49,0.33973613686845183,0.96,0.3261466913937138,0.3362,0.3246,0.010053308606286226,-0.0015466913937137727,-0.0116,0.031084230088822766,13.98795619088301,-0.0003124993578717432,4.8077711158600874e-05,0.00036057706903034405
45,46,0.37870641253843484,0.8322142840240537,0.31516488596599146,0.3136,0.31,-0.0015648859659914693,-0.0051648859659914614,-0.003599999999999992,2.004351073724005,594.7635716113621,0.0031365808661906283,0.01035224473159703,0.007215663865406402
45,47,0.37870641253843484,0.40849133535173493,0.15469828816409026,0.1432,0.1466,-0.011498288164090265,-0.00809828816409025,0.003400000000000014,35.41125142559712,258.69357376162395,0.4071687731425679,0.2867705182955372,-0.1203982548470307
45,48,0.37870641253843484,0.9486986627935283,0.3592782671665474,0.3596,0.3556,0.0003217328334525482,-0.0036782671665474,-0.003999999999999948,0.9270483415067443,651.1590416139277,-0.0002982618896604504,0.0034099314763664785,0.003708193366026929
45,49,0.37870641253843484,0.96,0.36355815603689745,0.3652,0.3592,0.0016418439631025739,-0.0043581560368974315,-0.006000000000000005,1.8659493788633756,503.81411979222366,-0.0030635977231418306,0.008132098550038432,0.011195696273180263
46,47,0.8322142840240537,0.40849133535173493,0.3399523241797737,0.337,0.3304,-0.002952324179773702,-0.009552324179773697,-0.006599999999999995,20.566082646600538,134.69139983596006,0.0607177430807831,0.19645388854834656,0.13573614546756346
46,48,0.8322142840240537,0.9486986627935283,0.7895205784112933,0.7872,0.795,-0.002320578411293295,0.005479421588706734,0.007800000000000029,0.2051343226962019,7.926632547009964,0.0004760302806640783,-0.0011240174363663026,-0.0016000477170303809
46,49,0.8322142840240537,0.96,0.7989257126630915,0.7994,0.8062,0.00047428733690846325,0.0072742873369084915,0.006800000000000028,0.0024754094710572744,28.541472252916666,-1.1740553657857424e-06,-1.800683976897528e-05,-1.6832784403189535e-05
47,48,0.40849133535173493,0.9486986627935283,0.3875351836109337,0.3832,0.3742,-0.004335183610933713,-0.01333518361093372,-0.009000000000000008,24.879165086897316,165.6130762110642,0.10785574873843147,0.3317682345205075,0.22391248578207607
47,49,0.40849133535173493,0.96,0.39215168193766553,0.3914,0.3784,-0.0007516819376655048,-0.013751681937665516,-0.013000000000000012,21.019820621618273,96.06551104669313,0.01580021949423936,0.2890578875752772,0.2732576680810378
48,49,0.9486986627935283,0.96,0.9107507162817872,0.914,0.914,0.0032492837182128698,0.0032492837182128698,0.0,0.1625412755599558,23.52638138424416,-0.0005281427202145158,-0.0005281427202145158,0.0
