i,j,pi_i,pi_j,pi_i_pi_j,pi_ij_cube,pi_ij_sphere,cov_cube,cov_sphere,delta,contrast_sq,aux_dist_sq,syg_contrib_cube,syg_contrib_sphere,syg_contrib_delta
0,1,0.40144579354837306,0.2302522375803923,0.0924337922317491,0.1102,0.104,0.0177662077682509,0.011566207768250888,-0.006200000000000011,0.7951873063833125,12.265705554569406,-0.014127462899881715,-0.009197301600305168,0.0049301612995765465
0,2,0.40144579354837306,0.7432447021158329,0.29837245924151473,0.259,0.2588,-0.03937245924151472,-0.03957245924151476,-0.00020000000000003348,0.15796250367705883,0.410336864137977,0.006219372237712619,0.006250964738448036,3.15925007354171e-05
0,3,0.40144579354837306,0.5881609198522387,0.23611472720422302,0.279,0.271,0.042885272795777,0.034885272795776995,-0.008000000000000007,11.310788023802237,30.955973210558952,-0.4850662299359664,-0.3945799257455484,0.09048630419041798
0,4,0.40144579354837306,0.35347646367044305,0.14190163945885367,0.1656,0.163,0.023698360541146324,0.021098360541146333,-0.002599999999999991,16.672621359245436,23.3052805499588,-0.39511379213741543,-0.35176497660337747,0.043348815534037966
0,5,0.40144579354837306,0.2462007942881967,0.09883627323526488,0.0824,0.0818,-0.01643627323526488,-0.01703627323526488,-0.0006000000000000033,0.692025608493882,15.422008219981361,0.011374321987005883,0.011789537352102215,0.00041521536509633167
0,6,0.40144579354837306,0.2523668605643421,0.10131161460456393,0.073,0.0778,-0.02831161460456394,-0.02351161460456394,0.004799999999999999,41.54172885881373,64.97444845460294,1.176113417458026,0.9767131189357201,-0.19940029852230579
0,7,0.40144579354837306,0.2498529618398943,0.10030242053622775,0.1142,0.1158,0.01389757946377225,0.015497579463772254,0.0016000000000000042,6.186357267280433,12.20767914062051,-0.08597539171331475,-0.09587356334096347,-0.009898171627648722
0,8,0.40144579354837306,0.23864506254115914,0.09580305650823676,0.078,0.0784,-0.017803056508236756,-0.01740305650823676,0.0003999999999999976,0.10485175971760112,5.555286918019759,0.0018666818032405151,0.001824741099353475,-4.1940703887040093e-05
0,9,0.40144579354837306,0.22570946894001767,0.09061011687000725,0.0788,0.0774,-0.011810116870007256,-0.013210116870007255,-0.0013999999999999985,3.5074590359132665,2.727533674114773,0.041423501130898654,0.04633394378117722,0.004910442650278568
0,10,0.40144579354837306,0.37881171658931956,0.15207237017162079,0.1872,0.1868,0.03512762982837922,0.03472762982837921,-0.00040000000000001146,11.86575658269092,24.35080435091701,-0.41681590487042064,-0.4120696022373442,0.00474630263307646
0,11,0.40144579354837306,0.3151854739406006,0.12652988270100446,0.15,0.1474,0.023470117298995535,0.020870117298995544,-0.002599999999999991,38.139900310514726,25.66126704224547,-0.8951479340597769,-0.7959841932524389,0.09916374080733803
0,12,0.40144579354837306,0.17558587433166223,0.07048821065695905,0.0578,0.0584,-0.012688210656959055,-0.012088210656959052,0.0006000000000000033,10.085588745016508,335.62657987824645,0.12796807459622475,0.12191672134921483,-0.006051353247009922
0,13,0.40144579354837306,0.18220018902510304,0.07314349946784607,0.0676,0.0666,-0.005543499467846075,-0.006543499467846062,-0.000999999999999987,44.80179328855609,3.570535451230053,0.24835871725366054,0.29316051054221604,0.04480179328855549
0,14,0.40144579354837306,0.20557322827031327,0.08252650775527674,0.0924,0.0878,0.009873492244723253,0.00527349224472326,-0.004599999999999993,32.14402469622944,175.37280842231982,-0.31737377855241405,-0.16951126494975888,0.14786251360265518
0,15,0.40144579354837306,0.34595507175101126,0.13888220831116904,0.1114,0.1058,-0.027482208311169043,-0.03308220831116904,-0.005599999999999994,0.2843088448420368,0.3166598232733546,0.007813434898656694,0.009405564429772098,0.0015921295311154045
0,16,0.40144579354837306,0.2808089832005398,0.11272958509645246,0.0902,0.086,-0.022529585096452462,-0.02672958509645247,-0.004200000000000009,0.5879493507708428,2.0772413122868927,0.01324625493059568,0.015715642203833226,0.002469387273237547
0,17,0.40144579354837306,0.32558160642689904,0.13070336635680058,0.1556,0.1444,0.024896633643199412,0.013696633643199424,-0.011199999999999988,45.40917031025346,18.77234495908966,-1.130535477256028,-0.62195276978119,0.5085827074748381
0,18,0.40144579354837306,0.1961441939672069,0.07874126159707139,0.0698,0.0762,-0.008941261597071384,-0.0025412615970713814,0.006400000000000003,5.133309798525255,1.8705100491654498,0.04589826576742411,0.013045083056862462,-0.032853182710561646
0,19,0.40144579354837306,0.5815475634811581,0.23345982310781638,0.1934,0.198,-0.04005982310781639,-0.03545982310781637,0.004600000000000021,3.0051667091407768,6.367705343493932,0.12038644677767822,0.10656267991563059,-0.013823766862047629
0,20,0.40144579354837306,0.30358985466230565,0.12187487011814453,0.0958,0.0936,-0.026074870118144536,-0.02827487011814453,-0.0021999999999999936,19.89728359564173,26.624446339439572,0.518819085460246,0.5625931093706578,0.04377402391041174
0,21,0.40144579354837306,0.3591545639587549,0.14418108893494228,0.1602,0.1586,0.016018911065057734,0.014418911065057716,-0.001600000000000018,18.34058353508735,14.606752325727562,-0.2937961765298265,-0.2644512428736864,0.029344933656140104
0,22,0.40144579354837306,0.22768425877375342,0.09140288794190257,0.0846,0.0888,-0.006802887941902577,-0.002602887941902568,0.004200000000000009,7.969546356115355,11.317732771272565,0.054215930808450774,0.020743836112766208,-0.033472094695684566
0,23,0.40144579354837306,0.20179848513594068,0.08101115300225727,0.0714,0.0648,-0.009611153002257261,-0.01621115300225727,-0.006600000000000009,0.0837972525234174,1.8868825614052647,0.0008053882151713529,0.0013584500818259084,0.0005530618666545555
0,24,0.40144579354837306,0.35457382493066114,0.14234217052077117,0.1618,0.1598,0.019457829479228833,0.01745782947922883,-0.0020000000000000018,1.9873203455622037,25.56284146551028,-0.03866894040455148,-0.034694299713427065,0.003974640691124416
0,25,0.40144579354837306,0.7210253586494617,0.28945259727153344,0.3086,0.3084,0.019147402728466545,0.018947402728466567,-0.00019999999999997797,22.648459461532767,26.09759159651894,-0.4336591744893164,-0.4291294825970104,0.004529691892306009
0,26,0.40144579354837306,0.3766803921978068,0.15121675895996095,0.136,0.1318,-0.015216758959960941,-0.01941675895996095,-0.004200000000000009,3.3733670674265683,5.850268728945796,0.0513317135485004,0.06549985523169202,0.014168141683191623
0,27,0.40144579354837306,0.5734241788507295,0.2301987245185553,0.2554,0.2516,0.025201275481444713,0.021401275481444687,-0.0038000000000000256,23.037030521984747,28.749596190501983,-0.5805625524589877,-0.49302183647544506,0.08754071598354263
0,28,0.40144579354837306,0.5368048429729841,0.21549804616789942,0.19,0.1944,-0.025498046167899413,-0.021098046167899426,0.004399999999999987,1.2762222013612123,7.216634790600627,0.03254117261080641,0.026925794924817094,-0.005615377685989319
0,29,0.40144579354837306,0.20992975486519724,0.08427541703127454,0.0834,0.09,-0.0008754170312745418,0.005724582968725453,0.006599999999999995,29.75658286721104,13.963585101603547,0.026049419434488782,-0.17034402748910393,-0.19639344692359273
0,30,0.40144579354837306,0.518065685771502,0.20797529033472273,0.1956,0.187,-0.012375290334722733,-0.02097529033472273,-0.008599999999999997,0.07907068078928804,14.116893859437843,0.0009785226317316229,0.0016585304865194997,0.0006800078547878768
0,31,0.40144579354837306,0.5744315312620573,0.23060312190670365,0.2432,0.2376,0.012596878093296349,0.006996878093296355,-0.005599999999999994,6.536982975018802,25.64087764544739,-0.08234557763426553,-0.04573847297416029,0.03660710466010524
0,32,0.40144579354837306,0.41408676958317514,0.16623339181320004,0.169,0.1676,0.002766608186799968,0.0013666081867999558,-0.0014000000000000123,0.017447900715606517,25.623963096110437,-4.8271504962270016e-05,-2.3844443960420673e-05,2.4427061001849343e-05
0,33,0.40144579354837306,0.5082093407162553,0.20401850207253264,0.2046,0.2074,0.0005814979274673671,0.003381497927467364,0.002799999999999997,5.734810175533211,21.323719858462248,-0.0033347802314913294,-0.0193922487229843,-0.016057468491492973
0,34,0.40144579354837306,0.430076829107486,0.17265253394782276,0.167,0.1704,-0.005652533947822752,-0.0022525339478227657,0.0033999999999999864,5.5279997465194235,0.7881192984568617,0.03124720623075661,0.012452007092590645,-0.018795199138165967
0,35,0.40144579354837306,0.36780900467919186,0.14765537775767543,0.1478,0.1422,0.00014462224232456022,-0.005455377757675434,-0.005599999999999994,63.64693268576702,584.7736660308931,-0.00920476212209597,0.34721806091819896,0.35642282304029493
0,36,0.40144579354837306,0.31652023366573906,0.12706571637805908,0.1348,0.1216,0.007734283621940924,-0.0054657163780590795,-0.013200000000000003,0.014750209885978563,5.066357858221899,-0.00011408230674131511,8.062046375360198e-05,0.0001947027704949171
0,37,0.40144579354837306,0.29742640159246664,0.11940057780952486,0.1334,0.1302,0.013999422190475133,0.010799422190475153,-0.0031999999999999806,87.77816156884295,218.28426997975416,-1.2288435429059714,-0.9479534258856758,0.28089011702029565
0,38,0.40144579354837306,0.3126547933069382,0.12551395160580636,0.1156,0.112,-0.009913951605806368,-0.01351395160580636,-0.003599999999999992,17.42885781598689,15.59588059925344,0.1727888529321741,0.23553274106972677,0.06274388813755266
0,39,0.40144579354837306,0.4273457371252059,0.17155614855974272,0.1606,0.1664,-0.010956148559742723,-0.005156148559742724,0.0058,50.18798517701003,26.564941614229646,0.5498670215134875,0.2587767074868294,-0.29109031402665814
0,40,0.40144579354837306,0.21905177326219738,0.08793741294542112,0.074,0.0826,-0.013937412945421127,-0.005337412945421116,0.00860000000000001,0.7383978343964305,9.534831841677716,0.010291355535987735,0.003941134160178426,-0.0063502213758093095
0,41,0.40144579354837306,0.3502829106424205,0.14061960102928037,0.1602,0.1532,0.019580398970719642,0.012580398970719636,-0.007000000000000006,4.962200534145239,1.3833848527669874,-0.09716186623128191,-0.062426462492265196,0.034735403739016714
0,42,0.40144579354837306,0.41157518975916685,0.16522512865769096,0.1778,0.1752,0.012574871342309057,0.009974871342309038,-0.002600000000000019,7.5888916998198805,8.450873439876757,-0.09542933675595208,-0.07569821833642025,0.019731118419531832
0,43,0.40144579354837306,0.6032014180886877,0.24215267195411716,0.217,0.2104,-0.02515267195411716,-0.031752671954117156,-0.006599999999999995,5.176177711920797,27.348270860097756,0.13019469996415658,0.1643574728628338,0.034162772898677224
0,44,0.40144579354837306,0.33973613686845183,0.13638564306221432,0.1094,0.1086,-0.02698564306221432,-0.027785643062214316,-0.0007999999999999952,10.124921492811891,14.966238899775325,0.27322751743796386,0.28132745463221337,0.008099937194249507
0,45,0.40144579354837306,0.37870641253843484,0.15203009630334952,0.126,0.121,-0.026030096303349515,-0.03103009630334952,-0.0050000000000000044,42.55067251287223,102.37534448492325,1.1075981032823512,1.3203514658467126,0.2127533625643614
0,46,0.40144579354837306,0.8322142840240537,0.3340889236523274,0.2854,0.283,-0.04868892365232741,-0.05108892365232742,-0.0024000000000000132,9.865592748799784,33.8422166089417,0.4803450921312676,0.5040225147283872,0.023677422597119635
0,47,0.40144579354837306,0.40849133535173493,0.16398712827791181,0.1882,0.1934,0.02421287172208819,0.029412871722088174,0.005199999999999982,9.403167523594323,4.046986852245616,-0.22767768903009503,-0.27657416015278535,-0.04889647112269033
0,48,0.40144579354837306,0.9486986627935283,0.3808510875234284,0.3524,0.3412,-0.028451087523428398,-0.039651087523428385,-0.011199999999999988,25.254505337585925,29.862470453373504,0.7185181417205468,1.0013686015015089,0.282850459780962
0,49,0.40144579354837306,0.96,0.38538796180643814,0.3572,0.3556,-0.028187961806438122,-0.029787961806438112,-0.0015999999999999903,22.509213819503398,36.108566288576924,0.634488859437111,0.6705036015483161,0.036014742111205145
1,2,0.2302522375803923,0.7432447021158329,0.17113375573194267,0.1684,0.1618,-0.0027337557319426775,-0.009333755731942672,-0.006599999999999995,1.6619792050730908,17.1496645030527,0.004543445178238097,0.015512507931720487,0.01096906275348239
1,3,0.2302522375803923,0.5881609198522387,0.13542536785331974,0.1372,0.13,0.0017746321466802495,-0.005425367853319735,-0.007199999999999984,18.104040038646087,4.6468323097468405,-0.03212801143736769,0.09822107684088385,0.13034908827825153
1,4,0.2302522375803923,0.35347646367044305,0.08138874669212376,0.0784,0.072,-0.0029887466921237615,-0.009388746692123764,-0.006400000000000003,24.75007668294513,2.087840714865146,0.0739717098159617,0.23237220058681063,0.15840049077084895
1,5,0.2302522375803923,0.2462007942881967,0.05668828377892715,0.0592,0.0578,0.0025117162210728516,0.0011117162210728462,-0.0014000000000000054,0.0035822606151267415,9.27996834030418,-8.997622095124248e-06,-3.98245723394679e-06,5.015164861177458e-06
1,6,0.2302522375803923,0.2523668605643421,0.05810803433607863,0.0134,0.0158,-0.04470803433607863,-0.04230803433607863,0.002400000000000001,53.83186383341126,101.22989593011631,2.40671681663926,2.277520343439073,-0.1291964732001869
1,7,0.2302522375803923,0.2498529618398943,0.05752920352972403,0.0538,0.0458,-0.003729203529724029,-0.011729203529724029,-0.008,11.417449338959573,0.15266897339567648,0.04257799237529332,0.1339175870869699,0.09133959471167659
1,8,0.2302522375803923,0.23864506254115914,0.05494855963761455,0.0508,0.0508,-0.0041485596376145545,-0.0041485596376145545,0.0,1.477539848366668,4.8731447111074075,0.006129662177901088,0.006129662177901088,0.0
1,9,0.2302522375803923,0.22570946894001767,0.051970110266521125,0.0458,0.048,-0.006170110266521124,-0.0039701102665211235,0.0022000000000000006,7.642758258396207,4.378059591093618,0.04715666119466955,0.030342593026197885,-0.01681406816847166
1,10,0.2302522375803923,0.37881171658931956,0.08722224536636024,0.0806,0.0818,-0.006622245366360233,-0.00542224536636024,0.0011999999999999927,18.80439536692935,2.3730974916327097,0.12452732008585371,0.10196204564553862,-0.022565274440315086
1,11,0.2302522375803923,0.3151854739406006,0.07257216062765971,0.05,0.043,-0.02257216062765971,-0.029572160627659716,-0.007000000000000006,49.94932650910412,28.73108469033288,1.1274642212069195,1.4771095067706486,0.3496452855637291
1,12,0.2302522375803923,0.17558587433166223,0.0404290404523748,0.0018,0.0016,-0.038629040452374794,-0.0388290404523748,-0.00019999999999999987,16.544672995179617,402.86365257166904,0.6391048424021063,0.6424137770011423,0.0033089345990360286
1,13,0.2302522375803923,0.18220018902510304,0.04195200121060041,0.041,0.0378,-0.0009520012106004061,-0.0041520012106004076,-0.0032000000000000015,33.65950727329066,2.6916118417915937,0.03204389167238588,0.13975431494691604,0.10771042327453015
1,14,0.2302522375803923,0.20557322827031327,0.04733369579586439,0.0176,0.014,-0.02973369579586439,-0.03333369579586439,-0.0036000000000000008,43.050694666300274,216.89574748057214,1.280056259008414,1.435038759807095,0.15498250079868114
1,15,0.2302522375803923,0.34595507175101126,0.0796569293729555,0.0818,0.0768,0.0021430706270444966,-0.002856929372955508,-0.0050000000000000044,2.030451007169395,13.232953336327746,-0.0043513999131176455,0.0058008551227293394,0.010152255035846984
1,16,0.2302522375803923,0.2808089832005398,0.06465689671459908,0.0636,0.0622,-0.001056896714599076,-0.0024568967145990814,-0.0014000000000000054,2.750659761937813,6.353130782653713,0.002907163265371951,0.006758086932084904,0.003850923666712953
1,17,0.2302522375803923,0.32558160642689904,0.07496589339481213,0.067,0.0638,-0.007965893394812129,-0.011165893394812137,-0.0032000000000000084,58.222476574961576,17.153627165316067,0.46379404157809034,0.6501059666179678,0.18631192503987748
1,18,0.2302522375803923,0.1961441939672069,0.04516263954935187,0.0478,0.0468,0.002637360450648135,0.0016373604506481343,-0.0010000000000000009,1.8877334189104062,7.60808636443941,-0.004978633460401094,-0.003090900041490686,0.0018877334189104076
1,19,0.2302522375803923,0.5815475634811581,0.13390262775096187,0.1414,0.1394,0.007497372249038126,0.005497372249038124,-0.0020000000000000018,6.892065787778715,12.13542991831091,-0.051672382775837224,-0.037888251200279784,0.01378413157555744
1,20,0.2302522375803923,0.30358985466230565,0.06990224334270197,0.0672,0.0616,-0.002702243342701971,-0.008302243342701965,-0.005599999999999994,28.647863374244924,54.689967902750354,0.07741349808568897,0.23784153298146038,0.1604280348957714
1,21,0.2302522375803923,0.3591545639587549,0.08269614198871343,0.0754,0.0726,-0.0072961419887134366,-0.010096141988713433,-0.002799999999999997,26.7736237383951,5.2056448003514095,0.1953441603477193,0.2703103068152255,0.07496614646750621
1,22,0.2302522375803923,0.22768425877375342,0.05242481004448979,0.0584,0.06,0.005975189955510211,0.007575189955510209,0.0015999999999999973,13.799525455618344,6.375396522088074,-0.0824547858932182,-0.10453402662220751,-0.022079240728989313
1,23,0.2302522375803923,0.20179848513594068,0.04646455274288387,0.0458,0.0446,-0.0006645527428838713,-0.001864552742883871,-0.0011999999999999997,0.36271133079425644,8.77555954106857,0.0002410408097543823,0.0006762944067074899,0.0004352535969531076
1,24,0.2302522375803923,0.35457382493066114,0.08164141657772302,0.0802,0.0762,-0.0014414165777230231,-0.005441416577723013,-0.00399999999999999,5.296700892337641,3.077385294465542,0.007634752473455805,0.028821556042806312,0.02118680356935051
1,25,0.2302522375803923,0.7210253586494617,0.16601770218124343,0.1652,0.16,-0.0008177021812434127,-0.006017702181243423,-0.00520000000000001,31.931230045374484,2.6092462114108472,0.02611023645788791,0.19215263269383556,0.16604239623594766
1,26,0.2302522375803923,0.3766803921978068,0.08673150315620476,0.0992,0.0982,0.012468496843795238,0.011468496843795237,-0.0010000000000000009,7.444197011088317,9.04840922277323,-0.09281794693734462,-0.08537374992625629,0.007444197011088324
1,27,0.2302522375803923,0.5734241788507295,0.13203220026307952,0.127,0.118,-0.005032200263079517,-0.014032200263079525,-0.009000000000000008,32.392300596156524,3.649918311034832,0.16300454358172967,0.45453524894713865,0.291530705365409
1,28,0.2302522375803923,0.5368048429729841,0.12360051623852072,0.1408,0.1344,0.017199483761479284,0.010799483761479267,-0.006400000000000017,4.086190582349906,11.931243774942436,-0.07028036856743679,-0.044128748840397324,0.026151619727039464
1,29,0.2302522375803923,0.20992975486519724,0.048336795792414906,0.047,0.0492,-0.0013367957924149063,0.0008632042075850943,0.0022000000000000006,40.280502254878,0.5228125245883163,0.05384680593068006,-0.03477029903005157,-0.08861710496073164
1,30,0.2302522375803923,0.518065685771502,0.11928578336250874,0.1378,0.1284,0.018514216637491268,0.009114216637491249,-0.00940000000000002,1.375759738598171,14.80184153836023,-0.025471113841544896,-0.012538972298722062,0.012932141542822835
1,31,0.2302522375803923,0.5744315312620573,0.13226414540981976,0.1284,0.121,-0.0038641454098197747,-0.011264145409819765,-0.00739999999999999,11.892050053404343,2.442051280070374,0.0459526106272094,0.1339537810224014,0.08800117039519201
1,32,0.2302522375803923,0.41408676958317514,0.0953444052489624,0.0902,0.084,-0.005144405248962397,-0.011344405248962394,-0.006199999999999997,1.0482140616006472,2.742737379640349,0.0053924379205345626,0.011891365102458572,0.0064989271819240095
1,33,0.2302522375803923,0.5082093407162553,0.11701633785917376,0.1094,0.1054,-0.007616337859173761,-0.011616337859173764,-0.0040000000000000036,10.8009450377181,1.4385110512227586,0.08226364660562732,0.12546742675649974,0.04320378015087242
1,34,0.2302522375803923,0.430076829107486,0.09902615223347865,0.1104,0.1108,0.011373847766521353,0.01177384776652135,0.0003999999999999976,10.516417420112443,10.423785585315327,-0.11961213078555216,-0.1238186977535971,-0.004206566968044945
1,35,0.2302522375803923,0.36780900467919186,0.0846888463296009,0.0914,0.0924,0.006711153670399095,0.007711153670399096,0.0010000000000000009,78.67043443370734,658.5094318417692,-0.5279693748016664,-0.6066398092353738,-0.07867043443370736
1,36,0.2302522375803923,0.31652023366573906,0.07287949204100504,0.0876,0.081,0.01472050795899496,0.008120507958994966,-0.006599999999999995,0.5933348416060285,7.412064705867728,-0.008734190258210556,-0.004818180303610771,0.003916009954599785
1,37,0.2302522375803923,0.29742640159246664,0.0684830944821498,0.1316,0.1208,0.0631169055178502,0.052316905517850204,-0.01079999999999999,105.28263729301445,280.2626579420653,-6.645114270693284,-5.508061787928729,1.1370524827645552
1,38,0.2302522375803923,0.3126547933069382,0.07198946574915757,0.079,0.077,0.007010534250842429,0.005010534250842427,-0.0020000000000000018,25.669636166748713,0.3505193529035888,-0.17995786355365542,-0.12861859122015795,0.05133927233349747
1,39,0.2302522375803923,0.4273457371252059,0.09839731219352078,0.1234,0.119,0.025002687806479212,0.02060268780647921,-0.004400000000000001,63.617862625333856,25.906453239956335,-1.5906175581367044,-1.3106989625852354,0.2799185955514689
1,40,0.2302522375803923,0.21905177326219738,0.05043716093957369,0.0584,0.0582,0.007962839060426309,0.00776283906042631,-0.0001999999999999988,0.0010518328572445973,0.555148639942621,-8.37557576070709e-06,-8.165209189258171e-06,2.1036657144891867e-07
1,41,0.2302522375803923,0.3502829106424205,0.08065342396158993,0.1026,0.0964,0.021946576038410062,0.015746576038410065,-0.006199999999999997,1.7845405610672398,16.66366114932226,-0.039164555117089134,-0.02810040363847225,0.011064151478616883
1,42,0.2302522375803923,0.41157518975916685,0.09476610837462272,0.1048,0.0986,0.01003389162537728,0.00383389162537727,-0.006200000000000011,13.297159648413109,10.59679313266998,-0.133422258837517,-0.05097986901735558,0.08244238982016142
1,43,0.2302522375803923,0.6032014180886877,0.13888847622658604,0.152,0.15,0.013111523773413958,0.011111523773413956,-0.0020000000000000018,10.028965694616966,3.0307918014786743,-0.13149502212772338,-0.11143709073848942,0.02005793138923395
1,44,0.2302522375803923,0.33973613686845183,0.07822500570087944,0.0898,0.0856,0.011574994299120567,0.0073749942991205575,-0.004200000000000009,16.595039300694438,1.0197539066475967,-0.19208748529921987,-0.12238832023630308,0.06969916506291679
1,45,0.2302522375803923,0.37870641253843484,0.08719799887301775,0.1376,0.1282,0.050402001126982246,0.041002001126982254,-0.009399999999999992,54.97956166523893,124.36086557038291,-2.7710799290123624,-2.254272049359117,0.5168078796532454
1,46,0.2302522375803923,0.8322142840240537,0.19161920104290248,0.208,0.195,0.016380798957097514,0.0033807989570975305,-0.012999999999999984,16.262563386870546,5.694630416584625,-0.2663937813673813,-0.05498045733806443,0.21141332402931687
1,47,0.2302522375803923,0.40849133535173493,0.09405604399693937,0.0888,0.0854,-0.005256043996939366,-0.008656043996939367,-0.0034000000000000002,15.667277742053837,9.311301929416462,0.08234790112450383,0.13561664544748686,0.053268744322983036
1,48,0.2302522375803923,0.9486986627935283,0.21843998989773594,0.2336,0.224,0.01516001010226406,0.0055600101022640624,-0.009599999999999997,35.01229540732719,3.8548632599726265,-0.5307867520785337,-0.19466871616819278,0.33611803591034084
1,49,0.2302522375803923,0.96,0.2210421480771766,0.2346,0.2266,0.01355785192282341,0.005557851922823404,-0.008000000000000007,31.765852799432317,6.297550667334989,-0.43067672845690885,-0.1765499060614501,0.25412682239545875
2,3,0.7432447021158329,0.5881609198522387,0.4371474876717515,0.4528,0.4482,0.01565251232824849,0.011052512328248498,-0.004599999999999993,8.795415236274474,38.32293674848587,-0.1376703454178508,-0.0972114353309883,0.040458910086862504
2,4,0.7432447021158329,0.35347646367044305,0.2627195089456965,0.2738,0.269,0.011080491054303476,0.006280491054303505,-0.004799999999999971,13.584879617144075,29.75529942745112,-0.15052713707155457,-0.08531971490926339,0.06520742216229118
2,5,0.7432447021158329,0.2462007942881967,0.1829874360114122,0.1872,0.1812,0.0042125639885877975,-0.0017874360114122079,-0.006000000000000005,1.5112417631289787,18.90181626304857,-0.006366202629407066,0.0027012479493668143,0.00906745057877388
2,6,0.7432447021158329,0.2523668605643421,0.18757033210405238,0.1828,0.1918,-0.004770332104052394,0.004229667895947614,0.009000000000000008,36.57639730588549,61.72864122865683,0.17448156231884104,-0.15470601343412868,-0.32918757575296975
2,7,0.7432447021158329,0.2498529618398943,0.1857018901954508,0.1958,0.1892,0.010098109804549199,0.0034981098045492043,-0.006599999999999995,4.367238606634301,17.091585210339776,-0.04410085499245962,-0.015277080188673256,0.028823774803786367
2,8,0.7432447021158329,0.23864506254115914,0.17737167841981813,0.1726,0.1706,-0.004771678419818126,-0.006771678419818128,-0.0020000000000000018,0.005422371681360979,8.182805327630454,2.5873813936183113e-05,3.671855729890508e-05,1.0844743362721967e-05
2,9,0.7432447021158329,0.22570946894001767,0.16775736700704627,0.17,0.174,0.0022426329929537414,0.006242632992953717,0.003999999999999976,2.1767348554857313,5.009036554468308,-0.0048816174038246955,-0.013588556825767569,-0.008706939421942873
2,10,0.7432447021158329,0.37881171658931956,0.28154980145441616,0.2838,0.2972,0.002250198545583837,0.01565019854558386,0.013400000000000023,9.285584964142116,30.939757151220956,-0.020894409781207733,-0.1453212483007123,-0.12442683851950456
2,11,0.7432447021158329,0.3151854739406006,0.2342599336902193,0.2374,0.238,0.003140066309780698,0.0037400663097806874,0.0005999999999999894,33.388820486795396,28.2304861152939,-0.10484311033390178,-0.12487640262597867,-0.020033292292076885
2,12,0.7432447021158329,0.17558587433166223,0.13050327086338437,0.12,0.1262,-0.010503270863384373,-0.004303270863384362,0.006200000000000011,7.71915441046074,327.6426401478271,0.08107636960935727,0.033217612264500596,-0.04785875734485667
2,13,0.7432447021158329,0.18220018902510304,0.13541932521741115,0.1348,0.1366,-0.0006193252174111485,0.0011806747825888475,0.001799999999999996,50.28028337399885,6.356185788505401,0.031139847432095993,-0.05936466264110173,-0.09050451007319772
2,14,0.7432447021158329,0.20557322827031327,0.1527912128087591,0.1594,0.1526,0.006608787191240889,-0.00019121280875908364,-0.006799999999999973,27.795303000065722,171.6854667329376,-0.1836932424434938,0.005314817956952351,0.18900806040044615
2,15,0.7432447021158329,0.34595507175101126,0.257129274249042,0.262,0.2522,0.004870725750958038,-0.004929274249041993,-0.009800000000000031,0.01843110999150803,0.6630182827261067,-8.977288205437815e-05,9.085199586240112e-05,0.00018062487791677926
2,16,0.7432447021158329,0.2808089832005398,0.20870978907033516,0.2064,0.2114,-0.002309789070335161,0.0026902109296648435,0.0050000000000000044,0.13640729668622711,3.8578548857617534,0.000315072082999813,-0.0003669644004313232,-0.0006820364834311362
2,17,0.7432447021158329,0.32558160642689904,0.24198680408315493,0.2464,0.242,0.004413195916845081,1.3195916845065714e-05,-0.004400000000000015,40.21066150079699,22.094152510255846,-0.17745752714895696,-0.0005306165454496024,0.17692691060350735
2,18,0.7432447021158329,0.1961441939672069,0.14578313301690685,0.1458,0.1434,1.68669830931667e-05,-0.0023831330169068465,-0.0024000000000000132,7.092239229078016,3.5699235969629446,-0.00011962467916955253,0.01690174947061778,0.017021374149787334
2,19,0.7432447021158329,0.5815475634811581,0.4322321455857418,0.426,0.4358,-0.006232145585741811,0.0035678544142582203,0.009800000000000031,1.7851543838128572,7.731896043376912,0.01112534201294694,-0.006369170948419115,-0.017494512961366056
2,20,0.7432447021158329,0.30358985466230565,0.22564155109387438,0.2118,0.2242,-0.013841551093874388,-0.0014415510938743659,0.012400000000000022,16.509530525198354,24.610564657058664,0.22851751030041187,0.023799331787951922,-0.20471817851245994
2,21,0.7432447021158329,0.3591545639587549,0.26693972690306667,0.2624,0.2676,-0.004539726903066643,0.0006602730969333392,0.005199999999999982,15.094357739565531,19.18939737893449,0.06852426191481785,-0.009966398330922652,-0.0784906602457405
2,22,0.7432447021158329,0.22768425877375342,0.1692251190887626,0.177,0.1748,0.007774880911237403,0.005574880911237423,-0.0021999999999999797,5.883503961774263,14.639809694353227,-0.045743542643588354,-0.032799833927685096,0.012943708715903258
2,23,0.7432447021158329,0.20179848513594068,0.14998565497228858,0.1456,0.141,-0.004385654972288572,-0.008985654972288593,-0.004600000000000021,0.4718625489680369,3.389986611590366,0.002069426334118431,0.00423999405937141,0.002170567725252979
2,24,0.7432447021158329,0.35457382493066114,0.2635351168886607,0.2708,0.2688,0.007264883111339271,0.005264883111339269,-0.0020000000000000018,1.0247078229364925,32.21457484715634,-0.007444382556908557,-0.00539496691103557,0.0020494156458729868
2,25,0.7432447021158329,0.7210253586494617,0.5358982779073808,0.5502,0.5546,0.014301722092619262,0.018701722092619222,0.0043999999999999595,19.023509139900693,33.04837277270237,-0.2720689409452622,-0.3557723811608245,-0.08370344021556231
2,26,0.7432447021158329,0.3766803921978068,0.27996570589193404,0.2764,0.287,-0.0035657058919340567,0.007034294108065942,0.010599999999999998,2.0713768214676147,7.712956855329302,0.007385920536722712,-0.014570673770834,-0.021956594307556712
2,27,0.7432447021158329,0.5734241788507295,0.42619448299592655,0.4442,0.4394,0.018005517004073435,0.013205517004073464,-0.004799999999999971,19.379767203492158,35.92070315015522,-0.3489427279174627,-0.25591984534070095,0.09302288257676178
2,28,0.7432447021158329,0.5368048429729841,0.3989773556097921,0.3992,0.402,0.0002226443902079156,0.0030226443902079403,0.0028000000000000247,0.5361975020665036,8.761660081066482,-0.00011938136587860427,-0.0016207343716648276,-0.0015013530057862233
2,29,0.7432447021158329,0.20992975486519724,0.15602917812003336,0.1584,0.1626,0.0023708218799666503,0.006570821879966632,0.0041999999999999815,25.5784529684693,18.9925594014532,-0.060641955953344935,-0.16807145842091553,-0.1074295024675706
2,30,0.7432447021158329,0.518065685771502,0.3850495762976747,0.3834,0.3778,-0.0016495762976747042,-0.007249576297674698,-0.005599999999999994,0.013514033564904356,16.30682167481924,2.229242945464661e-05,9.797101741811093e-05,7.567858796346432e-05
2,31,0.7432447021158329,0.5744315312620573,0.4269431923388095,0.438,0.4444,0.011056807661190493,0.01745680766119051,0.006400000000000017,4.662608698309029,32.51118221461066,-0.0515535675765967,-0.08139426324577456,-0.02984069566917786
2,32,0.7432447021158329,0.41408676958317514,0.30776779770895457,0.3118,0.3184,0.00403220229104545,0.010632202291045445,0.006599999999999995,0.070412993358946,32.378030224431,-0.00028391943314131014,-0.0007486451893103535,-0.0004647257561690433
2,33,0.7432447021158329,0.5082093407162553,0.37772390005313705,0.3878,0.3868,0.010076099946862926,0.009076099946862926,-0.0010000000000000009,3.9892128840476384,27.646950346427715,-0.04019570772897731,-0.03620649484492967,0.0039892128840476465
2,34,0.7432447021158329,0.430076829107486,0.3196523247369154,0.3084,0.3124,-0.011252324736915398,-0.007252324736915394,0.0040000000000000036,3.817040978139947,1.5988449990363736,0.04295058462014387,0.02768242070758407,-0.015268163912559796
2,35,0.7432447021158329,0.36780900467919186,0.273372094118307,0.273,0.2738,-0.0003720941183069648,0.0004279058816930026,0.0007999999999999674,57.46334054143891,576.1935486884975,0.021381771033739578,-0.02458890139940968,-0.04597067243314926
2,36,0.7432447021158329,0.31652023366573906,0.23525198678452605,0.2382,0.2318,0.0029480132154739436,-0.0034519867845260455,-0.006399999999999989,0.26925244804270704,7.1134238321471095,-0.0007937597751286117,0.0009294558923447104,0.001723215667473322
2,37,0.7432447021158329,0.29742640159246664,0.22106059725297697,0.2166,0.2088,-0.004460597252976983,-0.012260597252976957,-0.007799999999999974,80.4888002123448,210.90514816402313,0.35902812112259846,0.9868407627788858,0.6278126416562873
2,38,0.7432447021158329,0.3126547933069382,0.2323790187165026,0.2378,0.2318,0.005420981283497411,-0.000579018716502594,-0.006000000000000005,14.268323059249374,21.063776074918824,-0.07734831225108538,0.008261626104410938,0.08560993835549631
2,39,0.7432447021158329,0.4273457371252059,0.31762245509009474,0.331,0.3292,0.013377544909905281,0.011577544909905257,-0.0018000000000000238,44.71467081195914,29.806177892647995,-0.5981725169186142,-0.5176861094570867,0.08048640746152746
2,40,0.7432447021158329,0.21905177326219738,0.16280906996620687,0.1666,0.1752,0.003790930033793133,0.01239093003379313,0.008599999999999997,1.5794098842441269,13.87655477825529,-0.005987432365850796,-0.01957035737035028,-0.013582925004499487
2,41,0.7432447021158329,0.3502829106424205,0.26034591757669273,0.2692,0.2542,0.008854082423307263,-0.00614591757669275,-0.015000000000000013,6.8908596466417995,1.351787370912176,-0.06101223927880846,0.042350655420818624,0.10336289469962709
2,42,0.7432447021158329,0.41157518975916685,0.3059010793108194,0.303,0.298,-0.002901079310819399,-0.007901079310819403,-0.0050000000000000044,5.557095921825102,10.458223665608132,0.016121576007045658,0.04390705561617119,0.027785479609125533
2,43,0.7432447021158329,0.6032014180886877,0.4483262583031747,0.4604,0.4592,0.01207374169682529,0.010873741696825312,-0.0011999999999999789,3.525669048172288,34.40389444477729,-0.04256801739612409,-0.03833721453831742,0.004230802857806672
2,44,0.7432447021158329,0.33973613686845183,0.2525070838447763,0.2618,0.2534,0.009292916155223652,0.0008929161552236886,-0.008399999999999963,7.753569505534351,20.25332293777851,-0.07205327131862962,-0.006923287472141369,0.06512998384648826
2,45,0.7432447021158329,0.37870641253843484,0.28147153477648473,0.2902,0.2714,0.00872846522351528,-0.010071534776484758,-0.01880000000000004,37.523498272633695,102.00029732635832,-0.3275225497373189,0.37791921778819604,0.7054417675255149
2,46,0.7432447021158329,0.8322142840240537,0.618538857625999,0.6248,0.6342,0.006261142374000994,0.015661142374000958,0.009399999999999964,7.526842428895684,41.549160440662845,-0.04712663207398733,-0.11787895090560649,-0.07075231883161916
2,47,0.7432447021158329,0.40849133535173493,0.30360902086039904,0.294,0.3024,-0.009609020860399053,-0.0012090208603990349,0.008400000000000019,7.123633045101543,5.562166351504367,0.06845113853220876,0.008612620953355665,-0.05983851757885309
2,48,0.7432447021158329,0.9486986627935283,0.705115255025665,0.7238,0.7178,0.018684744974335032,0.012684744974335027,-0.006000000000000005,21.417839001307645,37.24486368066687,-0.40018685964079986,-0.2716798256329539,0.12850703400784597
2,49,0.7432447021158329,0.96,0.7135149140311996,0.7292,0.7338,0.01568508596880036,0.02028508596880041,0.0046000000000000485,18.895910344371213,44.2071393580579,-0.2963839782102065,-0.383305165794315,-0.0869211875841085
3,4,0.5881609198522387,0.35347646367044305,0.20790104201852422,0.1984,0.1966,-0.009501042018524225,-0.011301042018524221,-0.001799999999999996,0.5184873190371765,0.5422673820707591,0.004926169804244189,0.0058594469785111045,0.0009332771742669157
3,5,0.5881609198522387,0.2462007942881967,0.14480568563689758,0.1564,0.1454,0.011594314363102431,0.0005943143631024217,-0.01100000000000001,17.598295725813017,12.81053900686801,-0.204040172899918,-0.010458919915974633,0.19358125298394335
3,6,0.5881609198522387,0.2523668605643421,0.1484323248497451,0.1482,0.154,-0.00023232484974511358,0.005567675150254886,0.0058,9.499561307969836,145.21050576649418,0.0022069841535185867,-0.05289047143270646,-0.05509745558622505
3,7,0.5881609198522387,0.2498529618398943,0.14695374786355853,0.147,0.1408,4.625213644146586e-05,-0.0061537478635585174,-0.006199999999999983,0.7672229135320258,5.537127874182239,-3.548569887770222e-05,0.004721296365020845,0.004756782063898547
3,8,0.5881609198522387,0.23864506254115914,0.1403616995024032,0.141,0.141,0.0006383004975967776,0.0006383004975967776,0.0,9.237607618386887,13.835168477470738,-0.005896369539420134,-0.005896369539420134,0.0
3,9,0.5881609198522387,0.22570946894001767,0.1327534888711211,0.141,0.1376,0.008246511128878892,0.004846511128878905,-0.0033999999999999864,2.221084576460045,15.95187728958177,-0.01831619867795902,-0.010764511117994898,0.007551687559964123
3,10,0.5881609198522387,0.37881171658931956,0.22280224767997975,0.2158,0.214,-0.007002247679979756,-0.008802247679979752,-0.001799999999999996,0.006645387993908922,0.3969486676797541,4.653265266291408e-05,5.849435105195011e-05,1.1961698389036031e-05
3,11,0.5881609198522387,0.3151854739406006,0.18537977827696747,0.1834,0.18,-0.0019797782769674643,-0.0053797782769674785,-0.003400000000000014,7.9107158903597465,49.906061338713975,0.01566146347499556,0.04255789750221881,0.026896434027223252
3,12,0.5881609198522387,0.17558587433166223,0.10327274935997005,0.1,0.1024,-0.0032727493599700452,-0.0008727493599700459,0.0023999999999999994,0.035107481613234806,479.2419270869402,0.00011489798797987434,3.064003210811083e-05,-8.425795587176351e-05
3,13,0.5881609198522387,0.18220018902510304,0.10716303077425637,0.11,0.1116,0.002836969225743627,0.004436969225743631,0.0016000000000000042,101.13451316664747,13.506762282111614,-0.2869155015143425,-0.44873072258097885,-0.16181522106663637
3,14,0.5881609198522387,0.20557322827031327,0.1209101390364617,0.125,0.1116,0.004089860963538305,-0.00931013903646169,-0.013399999999999995,5.319566578389149,272.2385728676699,-0.02175628769189681,0.04952590445851776,0.07128219215041456
3,15,0.5881609198522387,0.34595507175101126,0.20347725322862203,0.2188,0.2062,0.01532274677137796,0.0027227467713779596,-0.0126,8.008590447459246,33.17469676195913,-0.12271360342209454,-0.021805363784108033,0.10090823963798651
3,16,0.5881609198522387,0.2808089832005398,0.16516086986200135,0.1662,0.1598,0.0010391301379986395,-0.0053608698620013495,-0.006399999999999989,6.741152484219398,19.074182242268215,-0.007004934711196775,0.0361384411878073,0.04314337589900407
3,17,0.5881609198522387,0.32558160642689904,0.1914943771230145,0.1862,0.1792,-0.005294377123014504,-0.01229437712301451,-0.007000000000000006,11.393873141707086,33.99749570416184,0.060323461303983396,0.14008057329593307,0.07975711199194968
3,18,0.5881609198522387,0.1961441939672069,0.11536434954742834,0.1186,0.1196,0.0032356504525716534,0.004235650452571654,0.0010000000000000009,31.683753854092274,24.146543290222336,-0.10251755249716253,-0.13420130635125482,-0.03168375385409229
3,19,0.5881609198522387,0.5815475634811581,0.34204354987490615,0.3516,0.347,0.009556450125093874,0.004956450125093825,-0.0046000000000000485,2.6556282155115793,23.389013982170756,-0.025378378592328454,-0.013162488800975059,0.012215889791353395
3,20,0.5881609198522387,0.30358985466230565,0.17855968817598916,0.1786,0.1848,4.0311824010846875e-05,0.00624031182401083,0.006199999999999983,1.2044747017555009,89.77523469823376,-4.855457220268503e-05,-0.00751629772308677,-0.007467743150884085
3,21,0.5881609198522387,0.3591545639587549,0.211240678707111,0.198,0.1944,-0.013240678707110987,-0.016840678707111006,-0.00360000000000002,0.8453685318668691,15.047482331461788,0.01119325311955133,0.014236579834272074,0.003043326714720745
3,22,0.5881609198522387,0.22768425877375342,0.13391498307624597,0.141,0.1378,0.007085016923754017,0.0038850169237540366,-0.0031999999999999806,0.29172205780344435,11.574478470267733,-0.002066855716569751,-0.0011333451315987345,0.0009335105849710163
3,23,0.5881609198522387,0.20179848513594068,0.11868998264234319,0.1164,0.1124,-0.0022899826423431885,-0.006289982642343192,-0.0040000000000000036,13.341698996958737,26.191818305203096,0.030552259122403037,0.08391905511023803,0.053366795987834996
3,24,0.5881609198522387,0.35457382493066114,0.20854646702674431,0.2074,0.2002,-0.0011464670267443133,-0.008346467026744325,-0.007200000000000012,3.8158809593001797,0.33114152671604763,0.004374781697819115,0.031849124604780454,0.027474342906961338
3,25,0.5881609198522387,0.7210253586494617,0.4240789381800577,0.4248,0.415,0.0007210618199423036,-0.009078938180057727,-0.009800000000000031,1.948504036606713,1.156754527663918,-0.0014049918668005614,0.017690347691945288,0.01909533955874585
3,26,0.5881609198522387,0.3766803921978068,0.2215486859653641,0.2324,0.2264,0.010851314034635906,0.004851314034635901,-0.006000000000000005,2.3301371495003247,19.311801254861084,-0.025285049952999378,-0.011304227055997417,0.013980822897001961
3,27,0.5881609198522387,0.5734241788507295,0.3372656924983597,0.3348,0.3322,-0.002465692498359706,-0.005065692498359697,-0.002599999999999991,2.0636447801765865,0.09272816865488075,0.005088313453760574,0.01045378988221968,0.005365476428459107
3,28,0.5881609198522387,0.5368048429729841,0.3157276302241269,0.3256,0.3168,0.00987236977587308,0.0010723697758731054,-0.008799999999999975,4.988305390557245,22.401615054253607,-0.0492463953705621,-0.005349307933658476,0.043897087436903626
3,29,0.5881609198522387,0.20992975486519724,0.1234724777258694,0.1204,0.1262,-0.0030724777258694103,0.0027275222741306032,0.0058000000000000135,4.375660594341118,3.383008106287025,0.013444119712077592,-0.011934711735100955,-0.02537883144717855
3,30,0.5881609198522387,0.518065685771502,0.3047059902872475,0.3168,0.3038,0.01209400971275254,-0.0009059902872474712,-0.013000000000000012,9.498455300443835,21.518785189578157,-0.11487441065971359,0.008605508246056376,0.12347991890576997
3,31,0.5881609198522387,0.5744315312620573,0.3378581778192216,0.3316,0.3288,-0.006258177819221611,-0.009058177819221636,-0.0028000000000000247,0.6502794671305197,0.710207751874703,0.004069564537491467,0.0058903470454569375,0.0018207825079654709
3,32,0.5881609198522387,0.41408676958317514,0.24354965529668232,0.2368,0.2368,-0.006749655296682311,-0.006749655296682311,0.0,10.439755184254842,0.2549157046611429,0.07046474887547231,0.07046474887547231,0.0
3,33,0.5881609198522387,0.5082093407162553,0.29890887331317256,0.2922,0.2914,-0.0067088733131725475,-0.0075088733131725705,-0.0008000000000000229,0.9378084996652613,2.523524625094131,0.006291638416270657,0.007041885216002888,0.0007502467997322305
3,34,0.5881609198522387,0.430076829107486,0.25295438341499304,0.2508,0.2568,-0.002154383414993022,0.003845616585006928,0.00599999999999995,1.0241068277906102,26.334336511855575,0.0022063187649732055,-0.003938322201770404,-0.00614464096674361
3,35,0.5881609198522387,0.36780900467919186,0.21633088252204988,0.224,0.2054,0.007669117477950127,-0.010930882522049878,-0.018600000000000005,21.295929312936927,748.078487817862,-0.16332098370303502,0.23278330151759194,0.39610428522062696
3,36,0.5881609198522387,0.31652023366573906,0.18616483178468662,0.1964,0.1854,0.010235168215313367,-0.0007648317846866148,-0.010999999999999982,12.142450707156202,17.65260147542974,-0.12428002553389449,0.009286932244823527,0.13356695777871802
3,37,0.5881609198522387,0.29742640159246664,0.17493458594896655,0.181,0.1776,0.0060654140510334464,0.00266541405103346,-0.0033999999999999864,36.0702165484385,347.9352591594813,-0.21878079827671804,-0.09614206201202762,0.12263873626469042
3,38,0.5881609198522387,0.3126547933069382,0.18389133082762033,0.178,0.1718,-0.0058913308276203336,-0.012091330827620317,-0.006199999999999983,0.6587543828843779,3.943779840671468,0.003880940003716744,0.007965217177599876,0.004084277173883132
3,39,0.5881609198522387,0.4273457371252059,0.2513480618424941,0.2544,0.2458,0.003051938157505929,-0.005548061842494095,-0.008600000000000024,13.84730263887098,44.820254426179126,-0.04226111130210289,0.07682569139218788,0.11908680269429077
3,40,0.5881609198522387,0.21905177326219738,0.12883769245715804,0.123,0.1318,-0.005837692457158039,0.002962307542841963,0.008800000000000002,17.82910329085899,7.999916651838378,0.10408082179893909,-0.05281528716062005,-0.15689610895955913
3,41,0.5881609198522387,0.3502829106424205,0.20602271893196558,0.217,0.2088,0.010977281068034417,0.0027772810680344318,-0.008199999999999985,31.25649927784421,38.813337994926584,-0.34311137777571066,-0.08680808369738861,0.25630329407832203
3,42,0.5881609198522387,0.41157518975916685,0.24207244219711127,0.2474,0.2384,0.005327557802888738,-0.0036724421971112697,-0.009000000000000008,0.37009847068983187,19.498437905180012,-0.0019717209953608026,0.001359165240847687,0.0033308862362084893
3,43,0.5881609198522387,0.6032014180886877,0.35477950091921734,0.347,0.3382,-0.007779500919217364,-0.016579500919217338,-0.008799999999999975,1.183809345871192,0.35814284817731445,0.009209445894383043,0.019626968138049504,0.01041752224366646
3,44,0.5881609198522387,0.33973613686845183,0.1998195187675947,0.1906,0.1848,-0.00921951876759472,-0.01501951876759472,-0.0058,0.032827396410353614,6.257978450333056,0.0003026527972965267,0.0004930516964765777,0.000190398899180051
3,45,0.5881609198522387,0.37870641253843484,0.22274031195254723,0.2124,0.205,-0.010340311952547226,-0.017740311952547244,-0.007400000000000018,9.98519647222494,164.4892612984691,0.10325004643027995,0.17714050032474468,0.07389045389446473
3,46,0.5881609198522387,0.8322142840240537,0.4894759188057597,0.481,0.4686,-0.008475918805759708,-0.020875918805759675,-0.012399999999999967,0.0493716789480129,0.0711813215075377,0.00041847034206739323,0.0010306791610227516,0.0006122088189553583
3,47,0.5881609198522387,0.40849133535173493,0.24025863955214574,0.2336,0.2406,-0.00665863955214574,0.00034136044785426645,0.007000000000000006,0.08802675748003855,21.228431505600263,0.0005861384490037255,-3.004885335654486e-05,-0.0006161873023602704
3,48,0.5881609198522387,0.9486986627935283,0.5579874781712305,0.558,0.5402,1.2521828769540555e-05,-0.017787478171230497,-0.017800000000000038,2.7630238210501,0.5130083335884417,-3.459811117335102e-05,0.049147225903518534,0.049181824014691886
3,49,0.5881609198522387,0.96,0.5646344830581491,0.5586,0.5462,-0.0060344830581491316,-0.018434483058149098,-0.012399999999999967,1.9078131941488459,1.141446029769823,0.01151266639820459,0.03516955000565022,0.023656883607445625
4,5,0.35347646367044305,0.2462007942881967,0.08702618611784597,0.0914,0.0872,0.004373813882154021,0.00017381388215402527,-0.004199999999999995,24.158138247286217,9.667497643589934,-0.10566320043297646,-0.004199019794374457,0.101464180638602
4,6,0.35347646367044305,0.2523668605643421,0.08920574541989544,0.0864,0.0918,-0.0028057454198954362,0.0025942545801045658,0.005400000000000002,5.579399249280235,130.86277035845612,0.015654373889436055,-0.014474382056677226,-0.03012875594611328
4,7,0.35347646367044305,0.2498529618398943,0.08831714138875199,0.085,0.0842,-0.0033171413887519846,-0.004117141388751994,-0.000800000000000009,2.54713062489067,2.8426955722771097,0.008449192418382547,0.010486896918295106,0.002037704499912559
4,8,0.35347646367044305,0.23864506254115914,0.08435541277946065,0.082,0.0834,-0.00235541277946065,-0.0009554127794606515,0.0013999999999999985,14.133117856429545,9.216151789057372,0.03328932641265766,0.013502961413656317,-0.01978636499900134
4,9,0.35347646367044305,0.22570946894001767,0.07978298489785116,0.0804,0.086,0.0006170151021488435,0.006217015102148837,0.005599999999999994,4.885828345601533,10.658975866243757,-0.003014629875743045,-0.030375268611111603,-0.027360638735368557
4,10,0.35347646367044305,0.37881171658931956,0.13390102597692277,0.1274,0.1328,-0.0065010259769227585,-0.0011010259769227704,0.005399999999999988,0.4077351022016226,0.011789565124766501,0.0026506964911160043,0.0004489269392272472,-0.002201769551888757
4,11,0.35347646367044305,0.3151854739406006,0.11141064672881608,0.1088,0.1092,-0.002610646728816085,-0.0022106467288160736,0.00040000000000001146,4.378718856306584,43.01227461940739,0.011431288058622093,0.009679800516099409,-0.0017514875425226843
4,12,0.35347646367044305,0.17558587433166223,0.062065473929238786,0.0582,0.0588,-0.0038654739292387844,-0.003265473929238788,0.0005999999999999964,0.8234301876536217,456.2844592008068,0.003182947922923275,0.0026888898103311046,-0.0004940581125921703
4,13,0.35347646367044305,0.18220018902510304,0.0644034784966797,0.0656,0.0666,0.001196521503320308,0.002196521503320309,0.0010000000000000009,116.13567463017952,8.63640659529652,-0.13895883199762057,-0.2550945066278002,-0.11613567463017962
4,14,0.35347646367044305,0.20557322827031327,0.07266529775430708,0.0706,0.0664,-0.0020652977543070827,-0.006265297754307078,-0.004199999999999995,2.51653146717314,255.55690939475787,0.005197386787795794,0.01576681894992297,0.010569432162127175
4,15,0.35347646367044305,0.34595507175101126,0.12228697535140184,0.129,0.1208,0.006713024648598159,-0.0014869753514018397,-0.008199999999999999,12.602542201561407,25.25831399776676,-0.08460117643408024,0.01873966961872329,0.10334084605280353
4,16,0.35347646367044305,0.2808089832005398,0.09925936634861966,0.1002,0.1012,0.0009406336513803348,0.0019406336513803357,0.0010000000000000009,10.998731713741645,13.289234058660746,-0.010345777172449491,-0.021344508886191146,-0.010998731713741655
4,17,0.35347646367044305,0.32558160642689904,0.11508543487592227,0.1114,0.1044,-0.0036854348759222666,-0.010685434875922259,-0.006999999999999992,7.051258224134381,28.321666257604264,0.025986952978358555,0.07534576054729916,0.04935880756894061
4,18,0.35347646367044305,0.1961441939672069,0.06933235605301774,0.0708,0.0706,0.001467643946982261,0.0012676439469822554,-0.00020000000000000573,40.308442402519724,17.615183760295864,-0.05915844150434118,-0.051096753023837004,0.008061688480504176
4,19,0.35347646367044305,0.5815475634811581,0.20556337619548226,0.2066,0.2088,0.0010366238045177445,0.003236623804517752,0.0022000000000000075,5.5209513224300295,17.639477335159746,-0.00572314956441469,-0.017869242473760795,-0.012146092909346106
4,20,0.35347646367044305,0.30358985466230565,0.10731186823225557,0.1048,0.112,-0.0025118682322555624,0.004688131767744436,0.007199999999999998,0.14244962418034773,77.75267499344193,0.0003578146856753593,-0.0006678226084231441,-0.0010256372940985034
4,21,0.35347646367044305,0.3591545639587549,0.12695268517924063,0.1198,0.11,-0.007152685179240628,-0.01695268517924063,-0.009800000000000003,0.039751831295243296,11.365505921382475,0.0002843323345531605,0.0006739002812465449,0.0003895679466933844
4,22,0.35347646367044305,0.22768425877375342,0.08048102662477241,0.0886,0.084,0.008118973375227587,0.0035189733752275937,-0.004599999999999993,1.5880376037764041,8.036510925090871,-0.01289323502392084,-0.005588262046549393,0.0073049729773714475
4,23,0.35347646367044305,0.20179848513594068,0.07133101489990477,0.0742,0.0714,0.0028689851000952282,6.898510009523129e-05,-0.002799999999999997,19.120415111146983,19.389011803136643,-0.05485618606151634,-0.0013190237503048474,0.05353716231121149
4,24,0.35347646367044305,0.35457382493066114,0.12533350174659288,0.118,0.1246,-0.007333501746592891,-0.0007335017465928823,0.006600000000000009,7.147541496148561,0.1226292262815198,0.052416508045850636,0.0052427341712700725,-0.04717377387458056
4,25,0.35347646367044305,0.7210253586494617,0.2548654939921246,0.2502,0.2482,-0.004665493992124625,-0.006665493992124599,-0.001999999999999974,0.4567429788771468,0.8787696331492267,0.002130931623896433,0.003044417581650715,0.0009134859577542816
4,26,0.35347646367044305,0.3766803921978068,0.1331476529680763,0.1326,0.1382,-0.0005476529680762954,0.0050523470319236985,0.005599999999999994,5.046938880657255,14.024138220221337,0.0027639710576916015,-0.025498886673988995,-0.028262857731680597
4,27,0.35347646367044305,0.5734241788507295,0.20269195092328351,0.1944,0.1954,-0.008291950923283525,-0.0072919509232835245,0.0010000000000000009,0.5133414867845381,0.3249141352477021,0.004256602415302788,0.0037432609285182493,-0.0005133414867845385
4,28,0.35347646367044305,0.5368048429729841,0.1897478775752579,0.1896,0.1918,-0.00014787757525791534,0.002052122424742092,0.0022000000000000075,8.723233654793773,16.89746594491986,0.0012899706412791462,-0.01790114339926722,-0.019191114040546367
4,29,0.35347646367044305,0.20992975486519724,0.07420522736895291,0.071,0.0696,-0.003205227368952915,-0.004605227368952913,-0.0013999999999999985,1.8816907564537053,1.233482982010821,0.00603124671249113,0.008665613771526314,0.002634367059035184
4,30,0.35347646367044305,0.518065685771502,0.1831240265555135,0.187,0.1842,0.003875973444486508,0.001075973444486511,-0.002799999999999997,14.455333599879916,17.06603775712764,-0.05602848916432811,-0.01555355508466439,0.04047493407966372
4,31,0.35347646367044305,0.5744315312620573,0.20304802629130955,0.193,0.1938,-0.010048026291309547,-0.009248026291309552,0.0007999999999999952,2.3300792463392503,0.4382868420803851,0.023412697528051522,0.021548634130980134,-0.0018640633970713888
4,32,0.35347646367044305,0.41408676958317514,0.14636992696497833,0.1386,0.1402,-0.00776992696497833,-0.0061699269649783395,0.0015999999999999903,15.611362178043041,0.05646279993533004,0.12129914394721945,0.09632096446235074,-0.024978179484868718
4,33,0.35347646367044305,0.5082093407162553,0.17964004056066923,0.1726,0.1688,-0.007040040560669231,-0.010840040560669228,-0.003799999999999998,2.850916648550778,1.4271026825896245,0.020070568840884664,0.030904052105377614,0.01083348326449295
4,34,0.35347646367044305,0.430076829107486,0.15202203665951164,0.1518,0.1518,-0.00022203665951164853,-0.00022203665951164853,0.0,2.99997042431939,19.418906752768684,0.0006661034116496201,0.0006661034116496201,0.0
4,35,0.35347646367044305,0.36780900467919186,0.13001182628014618,0.1236,0.1288,-0.0064118262801461795,-0.0012118262801461832,0.005199999999999996,15.168615161611067,722.3645184778617,0.09725852532664163,0.018381726486264134,-0.07887679884037749
4,36,0.35347646367044305,0.31652023366573906,0.11188245287630776,0.1154,0.11,0.0035175471236922468,-0.0018824528763077553,-0.005400000000000002,17.679187407678715,12.472733013531887,-0.06218737481509645,0.03328023718636865,0.0954676120014651
4,37,0.35347646367044305,0.29742640159246664,0.10513323263713013,0.1074,0.1032,0.002266767362869862,-0.0019332326371301334,-0.004199999999999995,27.939553649034508,326.9157865809766,-0.06333246834478298,0.054013656981161826,0.11734612532594481
4,38,0.35347646367044305,0.3126547933069382,0.11051611068774982,0.1034,0.1052,-0.00711611068774981,-0.005316110687749814,0.001799999999999996,0.008386203776962075,1.9063037315848301,5.9677154326887645e-05,4.458198752835594e-05,-1.5095166798531703e-05
4,39,0.35347646367044305,0.4273457371252059,0.15105665992365655,0.1494,0.1448,-0.001656659923656545,-0.006256659923656538,-0.004599999999999993,9.006815869101743,38.71916207026925,0.014921230890094651,0.056352583887962604,0.04143135299786795
4,40,0.35347646367044305,0.21905177326219738,0.07742964617346124,0.071,0.0756,-0.0064296461734612426,-0.0018296461734612357,0.004600000000000007,24.42843396131194,4.622615982447256,0.15706618694299998,0.044695390720964887,-0.1123707962220351
4,41,0.35347646367044305,0.3502829106424205,0.1238167645380726,0.1336,0.1232,0.0097832354619274,-0.0006167645380725922,-0.010399999999999993,39.82634636105958,30.279263050628913,-0.38963052403852133,0.024563478116497974,0.4141940021550193
4,42,0.35347646367044305,0.41157518975916685,0.14548214261056186,0.1486,0.1428,0.00311785738943815,-0.0026821426105618495,-0.0058,1.7646939196920943,14.542043082777237,-0.005502063977608569,0.004733160756605577,0.010235224734214145
4,43,0.35347646367044305,0.6032014180886877,0.21321750414698573,0.2064,0.2016,-0.006817504146985731,-0.01161750414698573,-0.004799999999999999,3.2691918547559955,0.3630595247534245,0.022287729027090974,0.03797984992991975,0.015692120902828774
4,44,0.35347646367044305,0.33973613686845183,0.12008872824131799,0.1178,0.1094,-0.0022887282413179832,-0.010688728241317988,-0.008400000000000005,0.8122406724221084,3.8169304284091994,0.0018589981657195884,0.008681819814065303,0.006822821648345715
4,45,0.35347646367044305,0.37870641253843484,0.13386380347340587,0.13,0.1194,-0.003863803473405869,-0.014463803473405867,-0.010599999999999998,5.952992525556046,152.46173521012818,0.023001193197402625,0.0861029139682967,0.06310172077089407
4,46,0.35347646367044305,0.8322142840240537,0.2941681621328522,0.2856,0.2864,-0.008568162132852164,-0.007768162132852197,0.0007999999999999674,0.8878501819519945,0.9837620476357822,0.007607244308646983,0.006896964163085416,-0.0007102801455615669
4,47,0.35347646367044305,0.40849133535173493,0.1443920726601483,0.1414,0.1476,-0.0029920726601483094,0.0032079273398517016,0.006200000000000011,1.0337880283998961,15.441921540962335,0.0030931688961639532,-0.003316316879915414,-0.006409485776079367
4,48,0.35347646367044305,0.9486986627935283,0.3353426484131345,0.3272,0.3234,-0.008142648413134501,-0.011942648413134471,-0.00379999999999997,0.8876917539078413,0.8243820691280292,0.007228161851310266,0.010601390516160035,0.0033732286648497697
4,49,0.35347646367044305,0.96,0.3393374051236253,0.3314,0.329,-0.00793740512362534,-0.010337405123625298,-0.0023999999999999577,0.43715300909489807,2.188283270102194,0.003469860534198079,0.004519027756025816,0.0010491672218277369
5,6,0.2462007942881967,0.2523668605643421,0.06213292152295961,0.0614,0.062,-0.0007329215229596037,-0.0001329215229596073,0.0005999999999999964,52.95717559890705,140.98466123727422,0.03881345379159012,0.007039148432246079,-0.031774305359344036
5,7,0.2462007942881967,0.2498529618398943,0.061513997660240474,0.0612,0.062,-0.00031399766024047676,0.00048600233975952534,0.0008000000000000021,11.016555251232006,11.653692765996809,0.0034591725727967874,-0.0053540716281888405,-0.008813244200985629
5,8,0.2462007942881967,0.23864506254115914,0.058754603950589755,0.0566,0.056,-0.0021546039505897577,-0.002754603950589754,-0.0005999999999999964,1.3356170189528302,2.727141969534525,0.002877725705510683,0.0036790959168823767,0.0008013702113716936
5,9,0.2462007942881967,0.22570946894001767,0.05556985053139941,0.0566,0.059,0.00103014946860059,0.0034301494686005893,0.0023999999999999994,7.3154124186633105,6.353293433963257,-0.007535968215680165,-0.025092958020472105,-0.01755698980479194
5,10,0.2462007942881967,0.37881171658931956,0.09326374550996573,0.0994,0.094,0.006136254490034271,0.0007362544900342688,-0.005400000000000002,18.28889287564273,10.15968127401602,-0.11222530102591849,-0.01346527949744771,0.09876002152847078
5,11,0.2462007942881967,0.3151854739406006,0.07759891403227759,0.0824,0.0758,0.004801085967722413,-0.001798914032277582,-0.006599999999999995,49.10690284750435,62.73777587764014,-0.23576646217946093,0.08833909661406752,0.3241055587935284
5,12,0.2462007942881967,0.17558587433166223,0.04322938172624273,0.0446,0.0416,0.0013706182737572709,-0.0016293817262427318,-0.0030000000000000027,16.06135760551993,488.9121707804253,-0.02201399023547594,0.026170082581083894,0.048184072816559835
5,13,0.2462007942881967,0.18220018902510304,0.044857831257439945,0.042,0.0462,-0.0028578312574399425,0.0013421687425600529,0.004199999999999995,34.35757388140308,7.838517207564071,0.09818814856807588,-0.04611366173381688,-0.14430181030189276
5,14,0.2462007942881967,0.20557322827031327,0.0506122920845399,0.054,0.0502,0.0033877079154601003,-0.0004122920845398975,-0.003799999999999998,42.26886287571201,286.0929364039289,-0.14319456134154715,0.01742711758615839,0.16062167892770554
5,15,0.2462007942881967,0.34595507175101126,0.08517441345312905,0.0832,0.0796,-0.0019744134531290564,-0.0055744134531290485,-0.003599999999999992,1.86346240656928,19.466051235535808,0.0036792452449306338,0.010387709908580027,0.006708464663649393
5,16,0.2462007942881967,0.2808089832005398,0.06913539470723379,0.0698,0.0678,0.0006646052927662127,-0.001335394707233789,-0.0020000000000000018,2.5557116205405155,6.362265672440399,-0.0016985394697953413,0.0034128837712856944,0.005111423241081036
5,17,0.2462007942881967,0.32558160642689904,0.08015845010792959,0.0828,0.0826,0.0026415498920704106,0.0024415498920704187,-0.00019999999999999185,57.312673736618706,46.26131590922524,-0.1513942871232318,-0.13993175237590852,0.011462534747323283
5,18,0.2462007942881967,0.1961441939672069,0.048290856349744456,0.0482,0.0476,-9.085634974445589e-05,-0.0006908563497444523,-0.0005999999999999964,2.055782734930818,18.235837415453002,0.00018678091516348847,0.001420250556121972,0.0012334696409584834
5,19,0.2462007942881967,0.5815475634811581,0.1431774720454266,0.1368,0.1378,-0.006377472045426602,-0.005377472045426601,0.0010000000000000009,6.581392255585356,3.217580473154885,0.041972645129982736,0.03539125287439737,-0.006581392255585364
5,20,0.2462007942881967,0.30358985466230565,0.07474406335569785,0.0722,0.0714,-0.0025440633556978454,-0.0033440633556978405,-0.0007999999999999952,28.010745665535598,80.9870296627549,0.07126111161346137,0.09366970814588971,0.02240859653242834
5,21,0.2462007942881967,0.3591545639587549,0.08842413891887639,0.0858,0.0872,-0.0026241389188763897,-0.0012241389188763913,0.0013999999999999985,26.157818889547084,26.870950524109677,0.06864175058098049,0.03202080413561461,-0.03662094644536588
5,22,0.2462007942881967,0.22768425877375342,0.05605604535701741,0.058,0.055,0.0019439546429825955,-0.0010560453570174072,-0.0030000000000000027,13.358434818264183,0.41353760866038364,-0.02596819138794502,0.014107113066847561,0.040075304454792585
5,23,0.2462007942881967,0.20179848513594068,0.04968294732662345,0.0478,0.0458,-0.0018829473266234464,-0.003882947326623448,-0.0020000000000000018,0.2942012474340491,19.92235869694195,0.0005539654523452257,0.0011423679472133245,0.0005884024948680988
5,24,0.2462007942881967,0.35457382493066114,0.08729635733173277,0.088,0.0898,0.0007036426682672237,0.0025036426682672336,0.00180000000000001,5.024789682999465,9.22406062914478,-0.0035356564200273604,-0.012580277849426448,-0.009044621429399088
5,25,0.2462007942881967,0.7210253586494617,0.17751701600142936,0.1864,0.1756,0.008882983998570654,-0.0019170160014293502,-0.010800000000000004,31.25839235423154,15.889283387364078,-0.27766779910368206,0.059922838322018716,0.3375906374257008
5,26,0.2462007942881967,0.3766803921978068,0.09273901175188948,0.0912,0.087,-0.0015390117518894741,-0.005739011751889483,-0.004200000000000009,7.121178268863184,2.5437577198706243,0.010959577043080381,0.04086852577230582,0.029908948729225438
5,27,0.2462007942881967,0.5734241788507295,0.14117748829710655,0.1466,0.1446,0.005422511702893457,0.003422511702893455,-0.0020000000000000018,31.714596829734663,12.975608658862487,-0.17197277246178394,-0.10854357880231455,0.06342919365946939
5,28,0.2462007942881967,0.5368048429729841,0.1321617787176994,0.1334,0.1252,0.0012382212823005834,-0.006961778717699402,-0.008199999999999985,3.847799294087856,2.611741579152978,-0.004764426975960745,0.02678752723555962,0.031551954211520364
5,29,0.2462007942881967,0.20992975486519724,0.05168487239253799,0.0542,0.053,0.00251512760746201,0.0013151276074620105,-0.0011999999999999997,39.52436020553543,5.991264268925679,-0.09940880952021501,-0.05197957727357251,0.0474292322466425
5,30,0.2462007942881967,0.518065685771502,0.12754818333040313,0.1262,0.12,-0.0013481833304031243,-0.007548183330403135,-0.006200000000000011,1.2389378692532815,1.1576839456796333,0.0016703153827324396,0.009351730172102798,0.007681414789370358
5,31,0.2462007942881967,0.5744315312620573,0.1414254992609036,0.146,0.1436,0.004574500739096404,0.002174500739096419,-0.0023999999999999855,11.48283491800333,14.009676418612113,-0.052528236819328236,-0.02496943301612041,0.027558803803207826
5,32,0.2462007942881967,0.41408676958317514,0.1019484915756112,0.1068,0.1018,0.004851508424388806,-0.0001484915756111982,-0.0050000000000000044,0.9292406051056524,10.775359365011926,-0.004508218623954225,0.00013798440157404156,0.004646203025528266
5,33,0.2462007942881967,0.5082093407162553,0.12512154334902284,0.1288,0.1266,0.0036784566509771577,0.0014784566509771502,-0.0022000000000000075,10.41112267195084,15.56882472803927,-0.03829686343677664,-0.01539239355848472,0.022904469878291922
5,34,0.2462007942881967,0.430076829107486,0.10588525693121209,0.113,0.1064,0.007114743068787913,0.000514743068787904,-0.006600000000000009,10.13181133501739,9.541604580988277,-0.07208523447008179,-0.0052152796589669224,0.06686995481111487
5,35,0.2462007942881967,0.36780900467919186,0.09055486909836809,0.1008,0.0914,0.010245130901631913,0.0008451309016319075,-0.009400000000000006,77.6122860338501,777.8339680237214,-0.7951480299916925,-0.06559254127350124,0.7295554887181913
5,36,0.2462007942881967,0.31652023366573906,0.07792753293679057,0.0842,0.072,0.006272467063209428,-0.005927532936790575,-0.012200000000000003,0.5047112448222298,2.834201274200839,-0.0031657846595788664,0.002991692527252339,0.006157477186831205
5,37,0.2462007942881967,0.29742640159246664,0.07322661631434546,0.0674,0.0698,-0.005826616314345459,-0.0034266163143454598,0.0023999999999999994,104.0579690172463,346.6371934615571,0.6063058599135416,0.3565667342721505,-0.24973912564139106
5,38,0.2462007942881967,0.3126547933069382,0.07697585845018014,0.0774,0.0732,0.0004241415498198592,-0.003775858450180136,-0.004199999999999995,25.06673569341413,12.777549935011454,-0.010631844125929452,0.09464844578640978,0.10528028991233923
5,39,0.2462007942881967,0.4273457371252059,0.1052128599159006,0.1178,0.1112,0.012587140084099405,0.005987140084099396,-0.006600000000000009,62.66667629890544,60.376420565168715,-0.7887942331792348,-0.37519416960645835,0.41360006357277646
5,40,0.2462007942881967,0.21905177326219738,0.05393072056739096,0.0568,0.0534,0.0028692794326090412,-0.000530720567390959,-0.0034000000000000002,0.0007518573032525413,12.393182056032739,-2.1572886964794157e-06,3.9902613457922506e-07,2.5563148310586406e-06
5,41,0.2462007942881967,0.3502829106424205,0.08623993082574535,0.0866,0.0816,0.000360069174254643,-0.0046399308257453475,-0.0049999999999999906,1.9480314126711855,25.455915435609356,-0.0007014260621826195,0.00903873100117329,0.00974015706335591
5,42,0.2462007942881967,0.41157518975916685,0.10133013862802215,0.0994,0.0954,-0.001930138628022146,-0.00593013862802215,-0.0040000000000000036,12.864238111557638,1.556509047728089,0.024829762899192063,0.07628671534542267,0.05145695244623061
5,43,0.2462007942881967,0.6032014180886877,0.1485086682492015,0.1488,0.1478,0.0002913317507984847,-0.0007086682492015162,-0.0010000000000000009,9.653462905047922,13.77065471701399,-0.0028123602493958376,0.006841102655652093,0.00965346290504793
5,44,0.2462007942881967,0.33973613686845183,0.08364330674541634,0.0894,0.0778,0.005756693254583653,-0.005843306745416346,-0.0116,16.11098335241548,16.44416174531908,-0.09274598918955973,0.09414141769845984,0.18688740688801958
5,45,0.2462007942881967,0.37870641253843484,0.09323781956899616,0.092,0.0834,-0.0012378195689961569,-0.009837819568996153,-0.008599999999999997,54.0955604235506,183.58514977478106,0.06696054328808497,0.5321823629306199,0.46522181964253495
5,46,0.2462007942881967,0.8322142840240537,0.20489181774470494,0.2052,0.2056,0.00030818225529505305,0.0007081822552950645,0.00040000000000001146,15.783416985308723,14.596701907880057,-0.0048641690427946895,-0.01117753583691836,-0.00631336679412367
5,47,0.2462007942881967,0.40849133535173493,0.10057089122344326,0.0996,0.0972,-0.0009708912234432654,-0.0033708912234432648,-0.0023999999999999994,15.197048765986624,4.026194968051188,0.01475468126913572,0.051227598307503605,0.036472917038367886
5,48,0.2462007942881967,0.9486986627935283,0.23357036431991673,0.242,0.2292,0.008429635680083258,-0.0043703643199167475,-0.012800000000000006,34.30757500132909,16.115982909038216,-0.2892003583283361,0.14993660168867642,0.4391369600170125
5,49,0.2462007942881967,0.96,0.2363527625166688,0.2426,0.2346,0.006247237483331197,-0.0017527625166688099,-0.008000000000000007,31.094769028919988,20.84602110576484,-0.19425640661299495,0.05450174561836516,0.2487581522313601
6,7,0.2523668605643421,0.2498529618398943,0.0630546075822365,0.0638,0.0658,0.0007453924177635018,0.0027453924177635036,0.0020000000000000018,15.666147555813312,95.28054836047065,-0.01167742760366746,-0.04300972271529411,-0.03133229511162665
6,8,0.2523668605643421,0.23864506254115914,0.06022610522269341,0.0556,0.058,-0.004626105222693411,-0.0022261052226934044,0.0024000000000000063,37.47250665054365,104.53205668283597,0.17335175872349354,0.08341774276218855,-0.08993401596130499
6,9,0.2523668605643421,0.22570946894001767,0.05696159007603714,0.0554,0.0556,-0.0015615900760371434,-0.0013615900760371447,0.0001999999999999988,20.907447091437337,87.66193374546384,0.03264886189326018,0.028467372474972743,-0.0041814894182874394
6,10,0.2523668605643421,0.37881171658931956,0.09559952366063589,0.0928,0.1006,-0.0027995236606358914,0.00500047633936411,0.007800000000000001,9.0036998973495,132.60890326496647,0.025206070895894873,-0.045022788303431246,-0.07022885919932612
6,11,0.2523668605643421,0.3151854739406006,0.07954236855387363,0.0722,0.083,-0.007342368553873629,0.0034576314461263746,0.010800000000000004,0.07264984157703305,28.226932296948206,0.0005334219122391084,-0.0002511963767928488,-0.0007846182890319572
6,12,0.2523668605643421,0.17558587433166223,0.044312055864526696,0.0248,0.0248,-0.019512055864526697,-0.019512055864526697,0.0,10.689667792099259,105.25833290684386,0.2085773951326725,0.2085773951326725,0.0
6,13,0.2523668605643421,0.18220018902510304,0.04598128969849495,0.0418,0.0462,-0.004181289698494954,0.00021871030150504706,0.004400000000000001,172.62547736818797,84.62660495293811,0.7217971302173782,-0.03775497020264907,-0.7595521004200273
6,14,0.2523668605643421,0.20557322827031327,0.05187987023465582,0.0372,0.0398,-0.01467987023465582,-0.012079870234655815,0.002600000000000005,0.6017372898767955,28.33828346365422,0.008833425330744831,0.0072689083770651605,-0.001564516953679671
6,15,0.2523668605643421,0.34595507175101126,0.08730759535411442,0.0816,0.0824,-0.005707595354114414,-0.004907595354114419,0.0007999999999999952,34.9527034488445,56.55524795204983,0.19949588781836375,0.17153372505928832,-0.027962162759075426
6,16,0.2523668605643421,0.2808089832005398,0.07086688150858532,0.0624,0.0676,-0.008466881508585322,-0.003266881508585326,0.005199999999999996,32.24546200141956,87.72176487426835,0.27301850595560995,0.10534210354822834,-0.1676764024073816
6,17,0.2523668605643421,0.32558160642689904,0.08216600787145174,0.0776,0.0822,-0.004566007871451741,3.3992128548251954e-05,0.004599999999999993,0.08605148642300377,41.09954627858486,0.00039291176435755784,-2.925073188258902e-06,-0.00039583683754581677
6,18,0.2523668605643421,0.1961441939672069,0.04950029444942737,0.0478,0.048,-0.0017002944494273683,-0.0015002944494273696,0.0001999999999999988,75.88096708282326,58.621330168924274,0.12901998714810523,0.11384379373154067,-0.015176193416564551
6,19,0.2523668605643421,0.5815475634811581,0.14676333286458232,0.1312,0.1492,-0.015563332864582308,0.0024366671354176805,0.017999999999999988,22.20054726612588,111.94412977895449,0.3455145068786098,-0.05409534391165577,-0.39960985079026556
6,20,0.2523668605643421,0.30358985466230565,0.07661601852031097,0.0658,0.0676,-0.010816018520310972,-0.009016018520310976,0.001799999999999996,3.9388364492614887,8.422234715501093,0.04260252798368817,0.035512622375017504,-0.007089905608670663
6,21,0.2523668605643421,0.3591545639587549,0.09063870976362619,0.0858,0.0966,-0.004838709763626187,0.005961290236373817,0.010800000000000004,4.677256526633916,68.01192353033505,0.022631886822407833,-0.027882483665238475,-0.05051437048764631
6,22,0.2523668605643421,0.22768425877375342,0.05745996158665141,0.0562,0.0576,-0.0012599615866514119,0.00014003841334858658,0.0013999999999999985,13.12068665945276,126.66137421992588,0.016531561181400114,-0.0018374001418337313,-0.018368961323233846
6,23,0.2523668605643421,0.20179848513594068,0.050927250160397404,0.0442,0.0444,-0.006727250160397401,-0.006527250160397402,0.0001999999999999988,45.35705809884112,55.495629999440645,0.30512827637058315,0.296056864750815,-0.009071411619768155
6,24,0.2523668605643421,0.35457382493066114,0.08948268303604161,0.0926,0.096,0.003117316963958394,0.0065173169639583944,0.0034000000000000002,25.356903161494905,138.7350124938343,-0.0790455043787783,-0.165258975127861,-0.0862134707490827
6,25,0.2523668605643421,0.7210253586494617,0.18196290614964344,0.1778,0.1956,-0.0041629061496434305,0.013637093850356552,0.017799999999999983,2.8434308829454977,123.0394819261319,0.011836935908699862,-0.03877613380772995,-0.050613069716429815
6,26,0.2523668605643421,0.3766803921978068,0.09506164801510561,0.0842,0.0946,-0.010861648015105613,-0.00046164801510560627,0.010400000000000006,21.239327718531708,109.50923082500081,0.23069410175616756,0.009805093483437648,-0.22088900827272992
6,27,0.2523668605643421,0.5734241788507295,0.14471325978824442,0.145,0.151,0.0002867402117555651,0.00628674021175557,0.006000000000000005,2.707988392988518,138.1608885283907,-0.00077648916523714,-0.01702441952316826,-0.01624793035793112
6,28,0.2523668605643421,0.5368048429729841,0.13547175295682665,0.1254,0.1336,-0.010071752956826635,-0.00187175295682665,0.008199999999999985,28.255468215200196,115.48460121051463,0.2845820955429636,0.05288725617832239,-0.2316948393646412
6,29,0.2523668605643421,0.20992975486519724,0.05297931317437175,0.054,0.0576,0.0010206868256282461,0.004620686825628245,0.003599999999999999,0.9807492758230945,114.34108443530823,-0.0010010378650770755,-0.0045317352580402145,-0.0035306973929631388
6,30,0.2523668605643421,0.518065685771502,0.13074261068426693,0.1226,0.1312,-0.00814261068426693,0.00045738931573308106,0.00860000000000001,37.99603318463312,139.65464912918057,0.30938690576895445,-0.017378979618890785,-0.32676588538784523
6,31,0.2523668605643421,0.5744315312620573,0.14496748215377311,0.1478,0.1574,0.002832517846226873,0.012432517846226898,0.009600000000000025,15.120703744573696,126.4008245614108,-0.0428296632040145,-0.18798841915192235,-0.14515875594790786
6,32,0.2523668605643421,0.41408676958317514,0.10450177804093602,0.1022,0.1092,-0.002301778040936023,0.004698221959063983,0.007000000000000006,39.85645427987126,134.71437805992664,0.09174071125097823,-0.18725446870812082,-0.27899517995909906
6,33,0.2523668605643421,0.5082093407162553,0.12825519582603545,0.1318,0.1344,0.0035448041739645497,0.006144804173964541,0.002599999999999991,16.40688212865609,110.36686842683714,-0.05815918425140448,-0.10081707778591018,-0.04265789353450569
6,34,0.2523668605643421,0.430076829107486,0.1085371391633233,0.0968,0.1064,-0.011737139163323307,-0.0021371391633233094,0.009599999999999997,16.76179785435637,80.07443438981183,0.19673555404407472,0.035822294642253616,-0.1609132594018211
6,35,0.2523668605643421,0.36780900467919186,0.09282280379818307,0.0684,0.079,-0.024422803798183068,-0.01382280379818307,0.010599999999999998,2.3489100799393636,260.78689436726376,0.05736697002193358,0.03246852317457633,-0.02489844684735725
6,36,0.2523668605643421,0.31652023366573906,0.07987921767531454,0.0776,0.0758,-0.0022792176753145404,-0.0040792176753145365,-0.001799999999999996,43.122045061807505,105.27306557934132,0.09828452730058176,0.1759042084118351,0.07761968111125334
6,37,0.2523668605643421,0.29742640159246664,0.07506056721884005,0.0508,0.0558,-0.024260567218840054,-0.01926056721884005,0.0050000000000000044,8.548095912248122,45.53593791700235,0.20738165547218745,0.16464117591094682,-0.042740479561240635
6,38,0.2523668605643421,0.3126547933069382,0.07890370862726527,0.0794,0.0844,0.0004962913727347279,0.005496291372734732,0.0050000000000000044,5.155165624304549,101.46455569293174,-0.002558464224360985,-0.028334292345883753,-0.025775828121522768
6,39,0.2523668605643421,0.4273457371252059,0.10784790205384283,0.109,0.1094,0.0011520979461571712,0.0015520979461571688,0.0003999999999999976,0.4083984037433554,33.94533661452346,-0.0004705149621665869,-0.0006338743236639281,-0.0001633593614973412
6,40,0.2523668605643421,0.21905177326219738,0.055281408319232846,0.0536,0.0566,-0.0016814083192328438,0.0013185916807671519,0.0029999999999999957,53.35700759469714,86.83799541167292,0.0897149164590938,-0.07035610632499739,-0.1600710227840912
6,41,0.2523668605643421,0.3502829106424205,0.08839979846816765,0.0838,0.082,-0.004599798468167646,-0.006399798468167642,-0.001799999999999996,75.21896999070299,47.435425781840365,0.34599210294038374,0.4813862489236488,0.13539414598326505
6,42,0.2523668605643421,0.41157518975916685,0.1038679385256943,0.0892,0.1036,-0.014667938525694299,-0.0002679385256943029,0.014399999999999996,13.619738771056461,120.13597485050342,0.19977349102987138,0.003649252726658405,-0.196124238303213
6,43,0.2523668605643421,0.6032014180886877,0.15222804817100127,0.152,0.1662,-0.00022804817100127717,0.013971951828998713,0.01419999999999999,17.3902833439097,131.9702469749567,0.003965822309772582,-0.242976201173745,-0.24694202348351757
6,44,0.2523668605643421,0.33973613686845183,0.08573814228174882,0.0834,0.0796,-0.00233814228174882,-0.006138142281748818,-0.003799999999999998,10.649251927485299,91.25900995779443,0.024899466200648496,0.06536662352509261,0.040467157324444114
6,45,0.2523668605643421,0.37870641253843484,0.0955729484079094,0.0828,0.0876,-0.012772948407909407,-0.007972948407909408,0.004799999999999999,0.006052888952653859,11.579219375691086,7.731323831105254e-05,4.825937133831403e-05,-2.9053866972738515e-05
6,46,0.2523668605643421,0.8322142840240537,0.21002330617595216,0.205,0.2206,-0.005023306175952175,0.010576693824047828,0.015600000000000003,10.918618047132863,149.19585387849628,0.054847561469025384,-0.11548288006624731,-0.1703304415352727
6,47,0.2523668605643421,0.40849133535173493,0.1030896758704532,0.0986,0.1022,-0.004489675870453208,-0.0008896758704532021,0.003600000000000006,11.416484540839797,101.34623152671318,0.051256315168410505,0.010156970821387171,-0.04109934434702334
6,48,0.2523668605643421,0.9486986627935283,0.23942010315079218,0.2378,0.2534,-0.0016201031507921682,0.013979896849207835,0.015600000000000003,2.016119556258468,133.3883043973789,0.003266321645468052,-0.028185143432164054,-0.03145146507763211
6,49,0.2523668605643421,0.96,0.2422721861417684,0.239,0.2548,-0.003272186141768413,0.012527813858231623,0.015800000000000036,2.8930598727499217,140.00834136238282,0.009466630422918582,-0.036243715566530284,-0.04571034598944887
7,8,0.2498529618398943,0.23864506254115914,0.05962617570437542,0.0574,0.0596,-0.002226175704375423,-2.6175704375422382e-05,0.0022000000000000006,4.680432263177393,6.0656546020282445,0.010419464590260389,0.00012251361127012058,-0.010296950978990268
7,9,0.2498529618398943,0.22570946894001767,0.056394179329973045,0.0558,0.0586,-0.0005941793299730422,0.0022058206700269548,0.002799999999999997,0.3775091600150338,4.922621681070831,0.00022430813975641875,-0.0008327175082856748,-0.0010570256480420936
7,10,0.2498529618398943,0.37881171658931956,0.09464722936949611,0.0936,0.0938,-0.001047229369496111,-0.0008472293694961192,0.00019999999999999185,0.9166757794567144,3.1321933272268536,0.0009599697985528112,0.0007766346426614757,-0.0001833351558913355
7,11,0.2498529618398943,0.3151854739406006,0.07875002419296988,0.073,0.0762,-0.0057500241929698825,-0.002550024192969874,0.0032000000000000084,13.605121566292977,24.940016302964967,0.07822977815448093,0.03469338914234328,-0.04353638901213765
7,12,0.2498529618398943,0.17558587433166223,0.04387065075901328,0.0374,0.0386,-0.006470650759013277,-0.0052706507590132776,0.0011999999999999997,0.4740910658132742,389.4356263047429,0.0030676777148460764,0.0024987684358701474,-0.000568909278975929
7,13,0.2498529618398943,0.18220018902510304,0.0455232568757106,0.0466,0.0386,0.0010767431242894032,-0.006923256875710597,-0.008,84.28439055364137,2.9187791053423693,-0.09075263801355607,0.5835224864155749,0.674275124429131
7,14,0.2498529618398943,0.20557322827031327,0.05136307995832646,0.0482,0.043,-0.003163079958326459,-0.008363079958326462,-0.005200000000000003,10.127231729597298,206.79510987654822,0.03203324371721702,0.084694848711123,0.05266160499390598
7,15,0.2498529618398943,0.34595507175101126,0.08643789934052332,0.093,0.0868,0.006562100659476683,0.0003621006594766857,-0.006199999999999997,3.8182437562819525,12.736911842989505,-0.02505569987114053,-0.0013825885821924324,0.023673111288948095
7,16,0.2498529618398943,0.2808089832005398,0.070160956163904,0.0676,0.0646,-0.0025609561639040046,-0.005560956163903993,-0.002999999999999989,2.9599837481651847,7.05012580300655,0.0075803886249193085,0.01646033986941483,0.008879951244495522
7,17,0.2498529618398943,0.32558160642689904,0.08134752868635149,0.0774,0.0772,-0.003947528686351495,-0.004147528686351487,-0.00019999999999999185,18.074349152543437,14.21307927820713,0.07134901176679806,0.07496388159730659,0.0036148698305085297
7,18,0.2498529618398943,0.1961441939672069,0.04900720781040537,0.0524,0.0488,0.0033927921895946303,-0.00020720781040536873,-0.003599999999999999,22.59024617733471,6.826250600557558,-0.07664401079148116,0.004680875446923776,0.08132488623840493
7,19,0.2498529618398943,0.5815475634811581,0.14530138118654132,0.1448,0.1534,-0.0005013811865413054,0.008098618813458691,0.008599999999999997,0.5680594961830572,13.961633808715685,0.00028481434422231736,-0.004600497322951973,-0.0048853116671742905
7,20,0.2498529618398943,0.30358985466230565,0.0758528243719201,0.075,0.0724,-0.0008528243719201078,-0.003452824371920099,-0.002599999999999991,3.8943006319880333,50.88046742428693,0.0033211544905432737,0.013446336133712126,0.010125181643168852
7,21,0.2498529618398943,0.3591545639587549,0.08973583156341067,0.0844,0.0828,-0.0053358315634106646,-0.006935831563410669,-0.0016000000000000042,3.223288323184644,3.5848280874874643,0.01719892357282166,0.022356184889917103,0.0051572613170954434
7,22,0.2498529618398943,0.22768425877375342,0.05688758641894323,0.0634,0.06,0.006512413581056767,0.0031124135810567666,-0.0034000000000000002,0.1127613799970521,8.25587556291099,-0.000734348742511505,-0.00035096005052152776,0.0003833886919899772
7,23,0.2498529618398943,0.20179848513594068,0.050419949206018666,0.0476,0.0448,-0.0028199492060186626,-0.0056199492060186665,-0.002800000000000004,7.710154161645995,7.876185266770467,0.02174224310641511,0.04333067475902393,0.021588431652608816
7,24,0.2498529618398943,0.35457382493066114,0.08859132034982584,0.0882,0.0882,-0.0003913203498258355,-0.0003913203498258355,0.0,1.16103940395634,4.076687503902715,0.00045433834571777454,0.00045433834571777454,0.0
7,25,0.2498529618398943,0.7210253586494617,0.18015032142024007,0.1778,0.1804,-0.0023503214202400535,0.0002496785797599377,0.002599999999999991,5.161079230685913,2.698291629847529,0.012130195067437158,-0.0012886109323461705,-0.013418805999783328
7,26,0.2498529618398943,0.3766803921978068,0.09411471165763505,0.097,0.096,0.0028852883423649556,0.0018852883423649547,-0.0010000000000000009,0.4232361969641773,10.66015534920223,-0.001221158465167619,-0.0007979222682034413,0.0004232361969641777
7,27,0.2498529618398943,0.5734241788507295,0.14327172947646405,0.1454,0.1388,0.0021282705235359523,-0.0044717294764640425,-0.006599999999999995,5.347433258713615,4.334398438394629,-0.011380784581095987,0.023912274926413842,0.03529305950750983
7,28,0.2498529618398943,0.5368048429729841,0.13412227994679946,0.1382,0.137,0.004077720053200534,0.0028777200532005554,-0.0011999999999999789,1.842911688405675,13.855207218440503,-0.0075148779480894755,-0.005303383922002704,0.0022114940260867712
7,29,0.2498529618398943,0.20992975486519724,0.052451571031392495,0.05,0.0546,-0.0024515710313924924,0.0021484289686075075,0.0046,8.807365501180065,1.2335632684780062,0.02159188212557867,-0.01892199917984963,-0.040513881305428295
7,30,0.2498529618398943,0.518065685771502,0.12944024601762577,0.1424,0.1318,0.012959753982374228,0.0023597539823742297,-0.010599999999999998,4.866629205248405,17.47203553024671,-0.06307031722345674,-0.011484047647823655,0.05158626957563309
7,31,0.2498529618398943,0.5744315312620573,0.14352341946005084,0.1446,0.1452,0.0010765805399491624,0.0016765805399491518,0.0005999999999999894,0.004832132682599497,2.7475659757085706,-5.202180012538961e-06,-8.101459622098608e-06,-2.899279609559647e-06
7,32,0.2498529618398943,0.41408676958317514,0.10346080583907016,0.0988,0.101,-0.0046608058390701645,-0.002460805839070157,0.0022000000000000075,5.546723902426003,3.5068570634185416,0.025852203152137165,0.013649410566799917,-0.012202792585337248
7,33,0.2498529618398943,0.5082093407162553,0.1269776090126564,0.1212,0.1212,-0.005777609012656393,-0.005777609012656393,0.0,0.008554865232913251,1.2630264759933454,4.942666647174043e-05,4.942666647174043e-05,0.0
7,34,0.2498529618398943,0.430076829107486,0.10745596957121545,0.1066,0.1058,-0.000855969571215448,-0.0016559695712154432,-0.0007999999999999952,0.01851477727754137,11.015123429005033,1.584808596740661e-05,3.065990778943961e-05,1.4811821822033004e-05
7,35,0.2498529618398943,0.36780900467919186,0.09189816921047964,0.0876,0.0848,-0.004298169210479638,-0.007098169210479635,-0.002799999999999997,30.1473899601934,640.3667336414462,0.12957858330322625,0.21399127519176767,0.08441269188854142
7,36,0.2498529618398943,0.31652023366573906,0.07908351786364033,0.0854,0.0794,0.006316482136359672,0.0003164821363596665,-0.006000000000000005,6.805260001358887,8.802316377830548,-0.042985303231866404,-0.0021537432237130473,0.040831560008153356
7,37,0.2498529618398943,0.29742640159246664,0.07431286736725964,0.0748,0.075,0.00048713263274036134,0.0006871326327403532,0.00019999999999999185,47.35863647220166,269.68148291179523,-0.023069937267697294,-0.03254166456213724,-0.009471727294439944
7,38,0.2498529618398943,0.3126547933069382,0.07811772614117847,0.0796,0.0776,0.001482273858821534,-0.0005177261411784678,-0.0020000000000000018,2.847823219065611,0.20794845075193308,-0.0042212539121659455,0.0014743925259652812,0.005695646438131227
7,39,0.2498529618398943,0.4273457371252059,0.10677359815038558,0.1068,0.1012,2.6401849614429707e-05,-0.005573598150385578,-0.005600000000000008,21.13341130846724,22.20980415317544,-0.0005579611472060403,0.11778914218021068,0.11834710332741671
7,40,0.2498529618398943,0.21905177326219738,0.054730734345840984,0.0532,0.054,-0.0015307343458409867,-0.0007307343458409846,0.0008000000000000021,11.19932773947938,0.22859217447791924,0.017143195621150784,0.008183733429567257,-0.008959462191583526
7,41,0.2498529618398943,0.3502829106424205,0.0875192227059078,0.0982,0.0902,0.010680777294092197,0.0026807772940922042,-0.007999999999999993,22.229703109761314,15.72689430964498,-0.23743050822914935,-0.059592883351058994,0.17783762487809035
7,42,0.2498529618398943,0.41157518975916685,0.10283328018114438,0.1056,0.109,0.002766719818855623,0.006166719818855623,0.0034000000000000002,0.07158590676715663,12.591143860604607,-0.00019805814700344312,-0.0004414502300117757,-0.0002433920830083326
7,43,0.2498529618398943,0.6032014180886877,0.15071166089548302,0.1506,0.1504,-0.00011166089548300673,-0.00031166089548301246,-0.00020000000000000573,0.04499379661634369,3.4936977953752706,5.024047621361214e-06,1.402280694463021e-05,8.998759323268997e-06
7,44,0.2498529618398943,0.33973613686845183,0.0848840800406264,0.0848,0.079,-8.408004062640528e-05,-0.005884080040626405,-0.0058,0.4826487931367896,0.4225981416322908,4.058113013522675e-05,0.002839944130328606,0.002799363000193379
7,45,0.2498529618398943,0.37870641253843484,0.09462091884048883,0.097,0.0882,0.0023790811595111733,-0.006420918840488829,-0.008800000000000002,16.28807527448781,116.4104721188302,-0.03875065301023373,0.10458440940525902,0.14333506241549276
7,46,0.2498529618398943,0.8322142840240537,0.20793120374887686,0.2094,0.204,0.0014687962511231445,-0.003931203748876871,-0.005400000000000016,0.4273436021488013,6.563411008223436,-0.0006276806807776199,0.0016799747708259138,0.0023076554516035337
7,47,0.2498529618398943,0.40849133535173493,0.1020627700235645,0.0998,0.1,-0.002262770023564495,-0.002062770023564489,0.00020000000000000573,0.3354953238725248,10.673640677073914,0.0007591487619048108,0.0006920496971303038,-6.709906477450698e-05
7,48,0.2498529618398943,0.9486986627935283,0.23703517079251019,0.2374,0.2322,0.00036482920748981407,-0.004835170792510196,-0.00520000000000001,6.4421912300314785,4.18552311385626,-0.002350299520950215,0.03114909487521354,0.033499394396163756
7,49,0.2498529618398943,0.96,0.23985884336629854,0.2412,0.2362,0.0013411566337014624,-0.003658843366298542,-0.0050000000000000044,5.094720382366079,6.482266860403605,-0.006832818037664318,0.018640783874166098,0.025473601911830415
8,9,0.23864506254115914,0.22570946894001767,0.05386445033132233,0.052,0.0536,-0.0018644503313223343,-0.0002644503313223301,0.0016000000000000042,2.3994410548047447,0.760391435134408,0.004473638669619117,0.000634532981931516,-0.0038391056876876015
8,10,0.23864506254115914,0.37881171658931956,0.09040154579678202,0.0924,0.0966,0.001998454203217981,0.00619845420321799,0.004200000000000009,9.739782972214027,9.868992714506021,-0.01946451021925204,-0.060371598702551044,-0.040907088483299006
8,11,0.23864506254115914,0.3151854739406006,0.07521745714061952,0.0812,0.068,0.005982542859380477,-0.007217457140619513,-0.01319999999999999,34.24523426779096,40.671786961654036,-0.20487358173658443,0.24716351059825592,0.45203709233484035
8,12,0.23864506254115914,0.17558587433166223,0.04190270196122364,0.0368,0.0382,-0.0051027019612236435,-0.003702701961223645,0.0013999999999999985,8.133752168886392,418.609797784797,0.04150411314428366,0.03011686010784272,-0.011387253036440937
8,13,0.23864506254115914,0.18220018902510304,0.04348117550490673,0.0434,0.0408,-8.117550490673031e-05,-0.0026811755049067285,-0.002599999999999998,49.24141003143452,1.5412588657362774,0.003997196321621032,0.13202486240335068,0.12802766608172964
8,14,0.23864506254115914,0.20557322827031327,0.04905903591735689,0.047,0.0476,-0.0020590359173568926,-0.0014590359173568893,0.0006000000000000033,28.57716973900698,233.12317887545979,0.058841418909019866,0.041695117065615586,-0.01714630184340428
8,15,0.23864506254115914,0.34595507175101126,0.08256046973445128,0.0782,0.0778,-0.004360469734451269,-0.004760469734451281,-0.00040000000000001146,0.04384751366984276,7.83849910544437,0.00019119575628828768,0.0002087347617562253,1.753900546793761e-05
8,16,0.23864506254115914,0.2808089832005398,0.06701367735801213,0.0646,0.063,-0.002413677358012123,-0.004013677358012127,-0.0016000000000000042,0.19622272169914518,0.8389695043354252,0.0004736183404927408,0.0007875746952113739,0.0003139563547186331
8,17,0.23864506254115914,0.32558160642689904,0.07769844282799838,0.0792,0.0764,0.0015015571720016219,-0.001298442827998389,-0.002800000000000011,41.1499728427756,28.266847389661006,-0.061789036849741664,0.05343088711003045,0.11521992395977212
8,18,0.23864506254115914,0.1961441939672069,0.04680884343638934,0.0474,0.0442,0.0005911565636106605,-0.002608843436389334,-0.0031999999999999945,6.705453711225319,6.907571167689915,-0.00396397297337831,0.017493478902542672,0.021457451875920984
8,19,0.23864506254115914,0.5815475634811581,0.13878345465761968,0.135,0.1368,-0.0037834546576196726,-0.0019834546576196765,0.001799999999999996,1.9873484056640967,1.6301186029246078,0.007519042581722857,0.003941815451527491,-0.0035772271301953654
8,20,0.23864506254115914,0.30358985466230565,0.07245021985274734,0.0674,0.069,-0.00505021985274734,-0.0034502198527473354,0.0016000000000000042,17.113353467709658,54.09121933743691,0.08642619742970985,0.05904483188137432,-0.027381365548335528
8,21,0.23864506254115914,0.3591545639587549,0.0857104633778798,0.0846,0.0858,-0.0011104633778798029,8.953662212020375e-05,0.0012000000000000066,15.671959166981553,15.290784389792705,0.017403136714560678,-0.0014032142858172905,-0.018806351000377967
8,22,0.23864506254115914,0.22768425877375342,0.05433572417469985,0.0572,0.0512,0.002864275825300154,-0.0031357241746998443,-0.005999999999999998,6.246152005934521,1.0688564797666773,-0.017890702191748313,0.019586209843858803,0.037476912035607116
8,23,0.23864506254115914,0.20179848513594068,0.04815821210597773,0.0448,0.0484,-0.003358212105977733,0.0002417878940222662,0.003599999999999999,0.37611943003092485,7.935586943388246,0.0012630888232232967,-9.094112488803242e-05,-0.0013540299481113291
8,24,0.23864506254115914,0.35457382493066114,0.08461729262603564,0.0822,0.086,-0.0024172926260356414,0.0013827073739643564,0.003799999999999998,1.1792120067984129,9.927762302991926,0.0028505004885664943,-0.0016305051372674723,-0.004481005625833967
8,25,0.23864506254115914,0.7210253586494617,0.17206914180866248,0.1728,0.1734,0.00073085819133753,0.0013308581913375195,0.0005999999999999894,19.67127888564163,13.382270424347158,-0.014376915307656186,-0.026179682639040955,-0.011802767331384769
8,26,0.23864506254115914,0.3766803921978068,0.08989291575407396,0.0832,0.0828,-0.006692915754073964,-0.007092915754073961,-0.0003999999999999976,2.288759331082064,0.6442716894433037,0.015318473384282934,0.016233977116715755,0.0009155037324328208
8,27,0.23864506254115914,0.5734241788507295,0.13684484902444516,0.1404,0.1368,0.0035551509755548383,-4.484902444515382e-05,-0.003599999999999992,20.033523750967404,13.00071521442872,-0.07122220150705279,0.0008984839964297067,0.0721206855034825
8,28,0.23864506254115914,0.5368048429729841,0.12810582532368492,0.1184,0.1216,-0.009705825323684913,-0.006505825323684919,0.0031999999999999945,0.6494616495274187,1.5902057130361027,0.006303561324745396,0.00422528404625766,-0.0020782772784877362
8,29,0.23864506254115914,0.20992975486519724,0.0500986994790552,0.0478,0.0512,-0.0022986994790551996,0.0011013005209448007,0.0034000000000000002,26.328713252798106,3.8938722908988,0.060521799438400734,-0.028995825621112834,-0.08951762505951356
8,30,0.23864506254115914,0.518065685771502,0.1236338179813686,0.1166,0.117,-0.007033817981368609,-0.006633817981368598,0.00040000000000001146,0.001815878046053405,3.692428891453366,1.2772555652302935e-05,1.2046204433881552e-05,-7.263512184213822e-07
8,31,0.23864506254115914,0.5744315312620573,0.13708524870364747,0.1368,0.1388,-0.0002852487036474616,0.0017147512963525402,0.0020000000000000018,4.986039858340512,12.256489488566665,0.001422261405926204,-0.008549818310754829,-0.009972079716681032
8,32,0.23864506254115914,0.41408676958317514,0.09881976302464339,0.1002,0.0988,0.001380236975356608,-1.9763024643390525e-05,-0.0013999999999999985,0.03675568125502503,10.675538992263617,-5.0731550322607315e-05,7.264034344276668e-07,5.1457953757034984e-05
8,33,0.23864506254115914,0.5082093407162553,0.12128164989923201,0.117,0.1222,-0.004281649899232007,0.0009183501007679895,0.005199999999999996,4.288784843343059,11.38694208541536,0.018363075192327567,-0.003938605993056324,-0.022301681185383893
8,34,0.23864506254115914,0.430076829107486,0.1026357117798594,0.0924,0.1,-0.010235711779859408,-0.002635711779859398,0.0076000000000000095,4.110195273016913,2.6025771342255513,0.04207077417354167,0.010833290098613094,-0.03123748407492858
8,35,0.23864506254115914,0.36780900467919186,0.08777580292486724,0.0888,0.083,0.0010241970751327656,-0.004775802924867234,-0.0058,58.58516354097445,688.6745112519003,-0.06000275314484077,0.279791195392811,0.33979394853765177
8,36,0.23864506254115914,0.31652023366573906,0.0755359909587026,0.0766,0.0712,0.0010640090412974007,-0.004335990958702601,-0.005400000000000002,0.19825527119350175,0.2693280429706688,-0.000210945401034754,0.0008596330634101559,0.0010705784644449098
8,37,0.23864506254115914,0.29742640159246664,0.07097934220942612,0.064,0.0702,-0.006979342209426115,-0.0007793422094261176,0.006199999999999997,81.81549498733763,287.9754568924942,0.5710183375502162,0.06376226862872317,-0.5072560689214931
8,38,0.23864506254115914,0.3126547933069382,0.07461352270252744,0.0754,0.0768,0.0007864772974725542,0.0021864772974725527,0.0013999999999999985,14.830048049644628,7.834916475450497,-0.01166349611147263,-0.03242556338097509,-0.020762067269502457
8,39,0.23864506254115914,0.4273457371252059,0.10198395016294251,0.1002,0.1016,-0.001783950162942513,-0.0003839501629425146,0.0013999999999999985,45.704896848849245,39.373418993900685,0.08153525818077537,0.017548402592386488,-0.06398685558838887
8,40,0.23864506254115914,0.21905177326219738,0.0522756241299089,0.0504,0.0536,-0.0018756241299089024,0.001324375870091099,0.0032000000000000015,1.3997468980001566,5.569547796521419,0.002625399057654229,-0.0018537910159462743,-0.004479190073600503
8,41,0.23864506254115914,0.3502829106424205,0.0835932871173597,0.0854,0.0798,0.00180671288264031,-0.0037932871173596977,-0.005600000000000008,6.509682472497335,11.731053115447901,-0.011761127184958762,0.024693094661026368,0.03645422184598513
8,42,0.23864506254115914,0.41157518975916685,0.0982203869004658,0.0954,0.0948,-0.002820386900465807,-0.0034203869004658105,-0.0006000000000000033,5.9096934052706045,1.28727757901404,0.01666762186599438,0.020213437909156765,0.0035458160431623836
8,43,0.23864506254115914,0.6032014180886877,0.14395104014469073,0.1442,0.1422,0.0002489598553092609,-0.0017510401446907409,-0.0020000000000000018,3.807623428884505,12.818727409990734,-0.0009479453779272382,0.006667301479841778,0.007615246857769016
8,44,0.23864506254115914,0.33973613686845183,0.08107635163046349,0.0824,0.0768,0.0013236483695365092,-0.0042763516304634985,-0.005600000000000008,8.169078383778771,9.555294606229431,-0.010812987283304713,0.03493385166585647,0.04574683894916118
8,45,0.23864506254115914,0.37870641253843484,0.0903764155049728,0.0904,0.0908,2.3584495027192953e-05,0.0004235844950272044,0.00040000000000001146,38.43106554269697,142.37240140937183,-0.0009063772741814631,-0.016278803491260693,-0.01537242621707923
8,46,0.23864506254115914,0.8322142840240537,0.19860382985856628,0.1946,0.1988,-0.004003829858566288,0.00019617014143372136,0.004200000000000009,7.9363110218760955,15.891096605814866,0.03177563903625624,-0.0015568672556234354,-0.03333250629187968
8,47,0.23864506254115914,0.40849133535173493,0.09748444027253639,0.0922,0.096,-0.005284440272536384,-0.0014844402725363859,0.003799999999999998,7.522130402464597,0.801099794701788,0.03975024883405424,0.011166153304688781,-0.028584095529365458
8,48,0.23864506254115914,0.9486986627935283,0.2264022517150756,0.2254,0.2236,-0.0010022517150756194,-0.0028022517150756154,-0.001799999999999996,22.104834505313452,14.991755603141955,0.02215460829441314,0.06194331040397726,0.039788702109564124
8,49,0.23864506254115914,0.96,0.22909926003951275,0.2284,0.2244,-0.0006992600395127613,-0.004699260039512765,-0.0040000000000000036,19.541522216575206,19.90082165101647,0.013664605597301881,0.09183069446360277,0.07816608886630089
9,10,0.22570946894001767,0.37881171658931956,0.0855013913796318,0.0876,0.0848,0.002098608620368203,-0.0007013913796317939,-0.002799999999999997,2.470711188237717,11.379374969574855,-0.005185055798075839,0.0017329355289897612,0.0069179913270656
9,11,0.22570946894001767,0.3151854739406006,0.07114034594074074,0.0734,0.0738,0.002259654059259264,0.0026596540592592616,0.0003999999999999976,18.515205276999342,30.832479152217985,-0.04183795876219011,-0.0492440408729898,-0.00740608211079969
9,12,0.22570946894001767,0.17558587433166223,0.03963139444876816,0.0376,0.037,-0.0020313944487681604,-0.0026313944487681637,-0.0006000000000000033,1.6977059403245554,383.87289675180966,0.0034487104228160315,0.00446733398701077,0.0010186235641947389
9,13,0.22570946894001767,0.18220018902510304,0.04112430790562684,0.0426,0.0432,0.0014756920943731558,0.002075692094373159,0.0006000000000000033,73.38038749582245,0.31984888956980395,-0.10828685770962396,-0.15231509020711767,-0.04402823249749371
9,14,0.22570946894001767,0.20557322827031327,0.04639982418117743,0.0438,0.044,-0.0025998241811774347,-0.002399824181177436,0.0001999999999999988,14.415302354935628,207.2579393289159,0.03747725164134567,0.03459419117035856,-0.00288306047098711
9,15,0.22570946894001767,0.34595507175101126,0.07808533552202646,0.0794,0.0772,0.0013146644779735428,-0.0008853355220264508,-0.0021999999999999936,1.7945682143911563,4.054314105584648,-0.0023592550847604623,0.00158879498690007,0.003948050071660532
9,16,0.22570946894001767,0.2808089832005398,0.06338124647178019,0.0638,0.0662,0.00041875352821980905,0.0028187535282198084,0.0023999999999999994,1.223330210157202,0.19092160449555262,-0.0005122738416812088,-0.0034482663460584924,-0.0029359925043772835
9,17,0.22570946894001767,0.32558160642689904,0.07348685148325322,0.0766,0.0746,0.0031131485167467804,0.0011131485167467786,-0.0020000000000000018,23.676121845878782,20.54954586937988,-0.07370728360681357,-0.02635503991505597,0.0473522436917576
9,18,0.22570946894001767,0.1961441939672069,0.044271601856006086,0.0438,0.0432,-0.0004716018560060875,-0.0010716018560060839,-0.0005999999999999964,17.12719890531745,3.087227384155793,0.00807721879193314,0.018353538135123547,0.010276319343190407
9,19,0.22570946894001767,0.5815475634811581,0.13126079171669341,0.1268,0.1364,-0.0044607917166934186,0.005139208283306579,0.009599999999999997,0.019398772769291032,3.2027291373446793,8.653388488327128e-05,-9.969433370192258e-05,-0.00018622821858519387
9,20,0.22570946894001767,0.30358985466230565,0.06852310487140616,0.0614,0.0688,-0.007123104871406154,0.00027689512859384313,0.007399999999999997,6.696791573730772,42.28108126667818,0.04770194868163335,-0.0018543089639743474,-0.0495562576456077
9,21,0.22570946894001767,0.3591545639587549,0.08106458589851417,0.0844,0.0822,0.0033354141014858285,0.001135414101485821,-0.0022000000000000075,5.806989557677058,10.905372099456443,-0.019368714857857013,-0.006593337830967442,0.012775377026889571
9,22,0.22570946894001767,0.22768425877375342,0.051390493133825446,0.0542,0.0524,0.002809506866174552,0.001009506866174556,-0.001799999999999996,0.9029130188957953,3.5818622189974594,-0.00253674032614613,-0.000911496892133702,0.0016252434340124282
9,23,0.22570946894001767,0.20179848513594068,0.04554782891293322,0.042,0.0408,-0.003547828912933218,-0.004747828912933218,-0.0011999999999999997,4.675535644595357,3.7830851561083785,0.016588000543345256,0.022198643316859685,0.005610642773514429
9,24,0.22570946894001767,0.35457382493066114,0.08003066972513033,0.0842,0.0848,0.0041693302748696676,0.004769330274869671,0.0006000000000000033,0.21445942779977392,11.97432241678392,-0.000894152185056823,-0.0010228278417366882,-0.00012867565667986519
9,25,0.22570946894001767,0.7210253586494617,0.1627422507930558,0.1718,0.1772,0.009057749206944216,0.014457749206944204,0.005399999999999988,8.330257916377132,13.62331518940863,-0.07545338703570574,-0.12043677978414216,-0.04498339274843642
9,26,0.22570946894001767,0.3766803921978068,0.08502033128308455,0.0864,0.088,0.0013796687169154581,0.0029796687169154484,0.0015999999999999903,0.0013067009113325037,1.971914172165208,-1.8028143697303752e-06,-3.893535827862368e-06,-2.090721458131993e-06
9,27,0.22570946894001767,0.5734241788507295,0.12942726688576386,0.1468,0.1392,0.01737273311423615,0.009772733114236126,-0.007600000000000023,8.566565221095939,14.598133749473597,-0.14882465129179714,-0.0837187556114678,0.06510589568032935
9,28,0.22570946894001767,0.5368048429729841,0.12116193603186183,0.1212,0.1198,3.80639681381717e-05,-0.0013619360318618268,-0.0013999999999999985,0.5522289608107563,3.4464809356589883,-2.10200255692763e-05,0.0007521005195657817,0.0007731205451350579
9,29,0.22570946894001767,0.20992975486519724,0.04738313348533176,0.0514,0.052,0.0040168665146682395,0.004616866514668236,0.0005999999999999964,12.831715020901498,4.644155833163936,-0.051543286393224697,-0.05924231540576555,-0.007699029012540853
9,30,0.22570946894001767,0.518065685771502,0.11693233081153179,0.123,0.1206,0.006067669188468211,0.0036676691884682117,-0.0023999999999999994,2.5332734823318255,7.404019444144126,-0.015371065454708387,-0.009291209097112008,0.006079856357596379
9,31,0.22570946894001767,0.5744315312620573,0.1296546358635601,0.1356,0.134,0.005945364136439896,0.004345364136439905,-0.0015999999999999903,0.46776200096183174,12.92296107359314,-0.0027810154249078385,-0.002032596223368912,0.0007484192015389263
9,32,0.22570946894001767,0.41408676958317514,0.09346330485770592,0.0994,0.0992,0.005936695142294085,0.005736695142294079,-0.00020000000000000573,3.030143166642947,12.266175372097461,-0.0179890362178648,-0.017383007584536193,0.0006060286333286063
9,33,0.22570946894001767,0.5082093407162553,0.11470766040342249,0.122,0.118,0.0072923395965775045,0.003292339596577501,-0.0040000000000000036,0.27240594171458987,10.802151131688444,-0.0019864766351082876,-0.0008968528682499271,0.0010896237668583605
9,34,0.22570946894001767,0.430076829107486,0.0970724127012574,0.0956,0.0908,-0.0014724127012573918,-0.0062724127012573905,-0.004799999999999999,0.22881750179549173,1.3215301172204361,0.0003369137959136681,0.001435237804532028,0.0010983240086183598
9,35,0.22570946894001767,0.36780900467919186,0.08301797511749687,0.0816,0.0832,-0.0014179751174968613,0.00018202488250312898,0.0015999999999999903,37.27202172485058,643.6818201111765,0.05285079938464057,-0.006784435375119998,-0.05963523475976057
9,36,0.22570946894001767,0.31652023366573906,0.07144161384946426,0.0712,0.0672,-0.00024161384946426445,-0.004241613849464268,-0.0040000000000000036,3.9771191575232816,1.2046733298874517,0.0009609270694272724,0.016869403699520412,0.01590847663009314
9,37,0.22570946894001767,0.29742640159246664,0.06713195515217607,0.0656,0.0646,-0.001531955152176065,-0.002531955152176066,-0.0010000000000000009,56.19269790227999,259.5344820720416,0.08608469306607099,0.14227739096835101,0.05619269790228003
9,38,0.22570946894001767,0.3126547933069382,0.07056914735886001,0.069,0.0696,-0.0015691473588600041,-0.0009691473588600147,0.0005999999999999894,5.299053046191593,6.959455560489946,0.008314995091890596,0.005135563264175697,-0.003179431827714899
9,39,0.22570946894001767,0.4273457371252059,0.09645597938031061,0.1014,0.1074,0.0049440206196893904,0.010944020619689382,0.0059999999999999915,27.16001113913421,30.01771496905276,-0.13427965510287307,-0.29723972193767806,-0.162960066834805
9,40,0.22570946894001767,0.21905177326219738,0.04944205941337973,0.05,0.0528,0.000557940586620273,0.00335794058662027,0.002799999999999997,7.464490217774145,3.829003383310122,-0.004164742050926196,-0.02506531466069378,-0.020900572609767583
9,41,0.22570946894001767,0.3502829106424205,0.0790621697398644,0.0868,0.0792,0.007737830260135609,0.00013783026013561295,-0.007599999999999996,16.813451298403926,6.852347732469823,-0.13009963223410623,-0.0023174023662364722,0.12778222986786975
9,42,0.22570946894001767,0.41157518975916685,0.09289641750942855,0.087,0.09,-0.005896417509428556,-0.0028964175094285532,0.0030000000000000027,0.7778766692637394,3.487778205466067,0.004586685612822679,0.0022530556050314584,-0.0023336300077912205
9,43,0.22570946894001767,0.6032014180886877,0.13614827174066327,0.1358,0.142,-0.00034827174066326405,0.005851728259336719,0.006199999999999983,0.1618455541543085,13.897292058942103,5.636623286393159e-05,-0.0009470762028927785,-0.00100344243575671
9,44,0.22570946894001767,0.33973613686845183,0.07668166303231141,0.0856,0.0764,0.008918336967688581,-0.00028166303231141887,-0.0092,1.713865960562646,7.638997335710267,-0.015284834153748946,0.0004827326834273975,0.015767566837176342
9,45,0.22570946894001767,0.37870641253843484,0.08547762325822938,0.0878,0.0878,0.002322376741770618,0.002322376741770618,0.0,21.62497859715357,122.46605775518876,-0.050221347335316864,-0.050221347335316864,0.0
9,46,0.22570946894001767,0.8322142840240537,0.1878386440913662,0.1942,0.195,0.00636135590863382,0.007161355908633815,0.0007999999999999952,1.6081612316448752,18.105448038599583,-0.010230085952959968,-0.011516614938275861,-0.0012865289853158934
9,47,0.22570946894001767,0.40849133535173493,0.09220036236883876,0.0982,0.0934,0.0059996376311612365,0.0011996376311612378,-0.004799999999999999,1.4247700573851494,1.4530307603795989,-0.008548104052039696,-0.0017092077765909815,0.006838896275448715
9,48,0.22570946894001767,0.9486986627935283,0.21413027136323218,0.2234,0.2214,0.00926972863676781,0.007269728636767836,-0.001999999999999974,9.938665731248882,15.927423801806752,-0.09212873434022065,-0.07225140287772315,0.019877331462497497
9,49,0.22570946894001767,0.96,0.21668109018241696,0.2244,0.226,0.007718909817583025,0.009318909817583043,0.001600000000000018,8.245893986439542,20.828658675469807,-0.06364931204667701,-0.07684274242498043,-0.013193430378303422
10,11,0.37881171658931956,0.3151854739406006,0.11939595042745715,0.1144,0.1124,-0.004995950427457152,-0.006995950427457154,-0.0020000000000000018,7.458799280795979,43.74405821980248,0.03726379145520977,0.05218139001680174,0.014917598561591972
10,12,0.37881171658931956,0.17558587433166223,0.0665139864644135,0.0652,0.0684,-0.0013139864644135107,0.0018860135355864976,0.0032000000000000084,0.07230137770878227,458.9363737863641,9.500303166778863e-05,-0.00013636137700031523,-0.00023136440866810388
10,13,0.37881171658931956,0.18220018902510304,0.06901956636749779,0.07,0.0718,0.00098043363250222,0.002780433632502216,0.001799999999999996,102.78076592174787,9.275856892156142,-0.10076971968401965,-0.2857750983431654,-0.18500537865914574
10,14,0.37881171658931956,0.20557322827031327,0.0778735474858854,0.0794,0.0836,0.0015264525141145957,0.005726452514114591,0.004199999999999995,4.950176947413671,257.43532784361446,-0.007556210046691713,-0.028346953225829107,-0.020790743179137393
10,15,0.37881171658931956,0.34595507175101126,0.1310518345927818,0.1332,0.1364,0.002148165407218211,0.005348165407218192,0.0031999999999999806,8.476625869188952,26.32073975657713,-0.018209194462122706,-0.04533439724352719,-0.027125202781404484
10,16,0.37881171658931956,0.2808089832005398,0.10637373295989788,0.1032,0.113,-0.003173732959897882,0.006626267040102121,0.009800000000000003,7.171106619034068,14.092316785681078,0.022759177435770286,-0.047517667430763605,-0.07027684486653389
10,17,0.37881171658931956,0.32558160642689904,0.12333412722048186,0.1166,0.1202,-0.006734127220481861,-0.0031341272204818554,0.003600000000000006,10.850185147904025,28.914254598821135,0.0730665271517685,0.03400586061931395,-0.039060666532454554
10,18,0.37881171658931956,0.1961441939672069,0.0743017188157461,0.0752,0.08,0.0008982811842539046,0.005698281184253903,0.004799999999999999,32.60811561976275,18.45250977127393,-0.029291256715208727,-0.1858102116900699,-0.15651895497486118
10,19,0.37881171658931956,0.5815475634811581,0.2202970308006338,0.2186,0.2276,-0.0016970308006337975,0.0073029691993662105,0.009000000000000008,2.9279627441164386,18.497405976166505,0.004968842959873851,-0.02138282173717412,-0.026351664697047972
10,20,0.37881171658931956,0.30358985466230565,0.11500339398373004,0.1092,0.1196,-0.005803393983730032,0.004596606016269961,0.010399999999999993,1.0321876810358057,79.26059464434564,0.005990191778203448,-0.004744560104568924,-0.010734751882772372
10,21,0.37881171658931956,0.3591545639587549,0.13605195689410451,0.1234,0.1276,-0.012651956894104519,-0.008451956894104523,0.004199999999999995,0.7021099253563419,11.726353374774733,0.008883064510531379,0.005934202824034745,-0.0029488616864966335
10,22,0.37881171658931956,0.22768425877375342,0.08624946490645238,0.0962,0.0902,0.00995053509354761,0.003950535093547619,-0.0059999999999999915,0.3864266590685474,8.562233562674418,-0.0038451520321439387,-0.0015265920777326578,0.002318559954411281
10,23,0.37881171658931956,0.20179848513594068,0.07644363055946997,0.0724,0.0764,-0.004043630559469963,-4.3630559469973185e-05,0.00399999999999999,13.943863541093696,20.261200468212305,0.05638383273184552,0.0006083785674708794,-0.05577545416437464
10,24,0.37881171658931956,0.35457382493066114,0.13431671927962463,0.124,0.129,-0.010316719279624631,-0.0053167192796246265,0.0050000000000000044,4.141010315575816,0.09688214083335756,0.042721640959825495,0.022016589381946398,-0.020705051577879097
10,25,0.37881171658931956,0.7210253586494617,0.27313285381443236,0.2648,0.2652,-0.008332853814432384,-0.007932853814432372,0.00040000000000001146,1.7275658985628237,0.8150125455501314,0.014395554087522534,0.013704527728097386,-0.0006910263594251485
10,26,0.37881171658931956,0.3766803921978068,0.14269094597398932,0.1368,0.1504,-0.005890945973989314,0.007709054026010687,0.013600000000000001,2.5856573288046487,14.800647835645236,0.01523196763123771,-0.019932972040505516,-0.03516493967174322
10,27,0.37881171658931956,0.5734241788507295,0.21721979752426582,0.2082,0.2146,-0.009019797524265821,-0.0026197975242658045,0.006400000000000017,1.836078979318397,0.2156049299381478,0.016561060632012594,0.004810155164374822,-0.011750905467637771
10,28,0.37881171658931956,0.5368048429729841,0.20334796404005626,0.2044,0.2128,0.0010520359599437423,0.009452035959943733,0.00839999999999999,5.359089349715266,17.723425843091878,-0.005637954708451985,-0.05065430524606017,-0.045016350537608184
10,29,0.37881171658931956,0.20992975486519724,0.07952385080366042,0.0772,0.0816,-0.0023238508036604183,0.002076149196339583,0.004400000000000001,4.041260751440034,1.4864547834784303,0.009391287045035229,-0.008390260261300925,-0.017781547306336153
10,30,0.37881171658931956,0.518065685771502,0.19624935173312572,0.2044,0.1942,0.008150648266874283,-0.002049351733125704,-0.010199999999999987,10.00757823346538,17.77247819942361,-0.0815682501842034,0.020509047797143343,0.10207729798134674
10,31,0.37881171658931956,0.5744315312620573,0.2176013944204113,0.214,0.2186,-0.003601394420411297,0.0009986055795886961,0.004599999999999993,0.7883989493567852,0.3851534759655155,0.002839335577271655,-0.0007872995897695515,-0.003626635167041207
10,32,0.37881171658931956,0.41408676958317514,0.1568609200027286,0.151,0.1584,-0.005860920002728615,0.001539079997271403,0.007400000000000018,10.973187906040275,0.016651130506899984,0.06431297649221117,-0.01688861401248706,-0.08120159050469823
10,33,0.37881171658931956,0.5082093407162553,0.19251565274345106,0.19,0.1862,-0.002515652743451058,-0.006315652743451056,-0.003799999999999998,1.1023412062666034,1.4732510937843295,0.002773107679763729,0.006962004263576819,0.00418889658381309
10,34,0.37881171658931956,0.430076829107486,0.16291814189949821,0.1644,0.1694,0.0014818581005017761,0.006481858100501781,0.0050000000000000044,1.1957441818662635,20.387647797972207,-0.0017719232020263916,-0.007750644111357715,-0.005978720909331324
10,35,0.37881171658931956,0.36780900467919186,0.13933036043953373,0.1342,0.1292,-0.0051303604395337155,-0.01013036043953372,-0.0050000000000000044,20.550192582654958,725.1827069470196,0.1054298950508522,0.20818085796412708,0.10275096291327489
10,36,0.37881171658931956,0.31652023366573906,0.11990157305017114,0.1254,0.1192,0.005498426949828869,-0.000701573050171142,-0.006200000000000011,12.717220363760307,13.221098947169718,-0.06992470717501216,0.00892205908030188,0.07884676625531403
10,37,0.37881171658931956,0.29742640159246664,0.11266860574622661,0.1182,0.1144,0.005531394253773386,0.0017313942537733884,-0.003799999999999998,35.097677410433995,329.4258528057002,-0.19413909114886657,-0.06076791698921748,0.1333711741596491
10,38,0.37881171658931956,0.3126547933069382,0.11843729895248015,0.1156,0.1122,-0.0028372989524801523,-0.0062372989524801525,-0.0034000000000000002,0.5330717169070336,2.0967970097477,0.0015124838239771227,0.003324927661461037,0.0018124438374839144
10,39,0.37881171658931956,0.4273457371252059,0.16188357225752736,0.1638,0.1612,0.0019164277424726373,-0.000683572257527354,-0.002599999999999991,13.247249753571229,39.335870120654405,-0.02538739693920771,0.009055452420077367,0.03444284935928508
10,40,0.37881171658931956,0.21905177326219738,0.0829793782513874,0.0816,0.0838,-0.0013793782513873976,0.0008206217486125961,0.0021999999999999936,18.52417095900146,5.006310906349662,0.025551838545828643,-0.015201337563974448,-0.04075317610980309
10,41,0.37881171658931956,0.3502829106424205,0.13269127067235856,0.1446,0.1326,0.011908729327641449,-9.127067235856212e-05,-0.01200000000000001,32.174652351011666,31.41178209968038,-0.38315922605916053,0.0029366021529798263,0.38609582821214034
10,42,0.37881171658931956,0.41157518975916685,0.15590950413824492,0.1606,0.1616,0.004690495861755073,0.005690495861755074,0.0010000000000000009,0.4759295014691009,15.288759663386136,-0.0022323453571279728,-0.002708274858597074,-0.0004759295014691014
10,43,0.37881171658931956,0.6032014180886877,0.2284997646352876,0.2166,0.2298,-0.011899764635287607,0.0013002353647124099,0.013200000000000017,1.36784551619755,0.27637173596442816,0.016277039700184327,-0.0017785211136233559,-0.018055560813807683
10,44,0.37881171658931956,0.33973613686845183,0.12869602919456224,0.1208,0.1246,-0.00789602919456224,-0.004096029194562242,0.003799999999999998,0.06901264127437298,4.044334178046445,0.0005449258302963001,0.0002826777934536829,-0.00026224803684261715
10,45,0.37881171658931956,0.37870641253843484,0.1434584262170675,0.1324,0.1352,-0.011058426217067513,-0.008258426217067516,0.002799999999999997,9.476650615132732,153.7496072500619,0.10479684161237278,0.07826221989000115,-0.02653462172237163
10,46,0.37881171658931956,0.8322142840240537,0.31525252150130334,0.301,0.3108,-0.01425252150130335,-0.004452521501303319,0.009800000000000031,0.09224379533520906,0.7811857169923382,0.0013147066763768928,0.00041071748209184117,-0.0009039891942850516
10,47,0.37881171658931956,0.40849133535173493,0.1547413039564541,0.1522,0.162,-0.002541303956454105,0.007258696043545898,0.009800000000000003,0.1430445325269173,16.28071827776135,0.00036351963645978285,-0.001038316782304007,-0.0014018364187637898
10,48,0.37881171658931956,0.9486986627935283,0.3593781689788085,0.351,0.3584,-0.008378168978808498,-0.0009781689788084802,0.007400000000000018,2.498660977971292,0.6842078660264735,0.020934203894198384,0.002444112657210777,-0.018490091236987607
10,49,0.37881171658931956,0.96,0.3636592479257468,0.3528,0.3638,-0.010859247925746773,0.00014075207425323644,0.01100000000000001,1.6892639206161746,1.9288886163435923,0.018344135725990057,-0.0002377674007878811,-0.01858190312677794
11,12,0.3151854739406006,0.17558587433166223,0.0553421170184997,0.0404,0.0424,-0.0149421170184997,-0.012942117018499698,0.0020000000000000018,8.999816375115467,219.9097812875666,0.1344763094219851,0.11647667667175414,-0.017999632750230962
11,13,0.3151854739406006,0.18220018902510304,0.057426852929944115,0.0552,0.056,-0.002226852929944116,-0.001426852929944114,0.0008000000000000021,165.61541202900037,26.468269228869918,0.3688011655206815,0.23630883589748083,-0.13249232962320065
11,14,0.3151854739406006,0.20557322827031327,0.06479369538187796,0.0524,0.0532,-0.012393695381877956,-0.011593695381877961,0.0007999999999999952,0.25621913277127795,89.03185524966003,0.003175501882576162,0.002970526576359141,-0.00020497530621702096
11,15,0.3151854739406006,0.34595507175101126,0.10904001325199697,0.105,0.1084,-0.004040013251996974,-0.0006400132519969737,0.0034000000000000002,31.838311798223753,20.790936637050493,0.12862720158603558,0.0203769414720748,-0.10825026011396077
11,16,0.3151854739406006,0.2808089832005398,0.0885069124568403,0.0904,0.094,0.0018930875431596994,0.005493087543159705,0.003600000000000006,29.25698283167978,33.363936325312366,-0.05538602974909018,-0.16071116794313758,-0.1053251381940474
11,17,0.3151854739406006,0.32558160642689904,0.10261859292800427,0.097,0.09,-0.005618592928004262,-0.012618592928004269,-0.007000000000000006,0.31683578795231204,1.5295055465894172,0.0017801713175275185,0.003998021833193705,0.0022178505156661863
11,18,0.3151854739406006,0.1961441939672069,0.061821800736251195,0.0596,0.0586,-0.002221800736251195,-0.003221800736251196,-0.0010000000000000009,71.25777185145371,15.290112224868516,0.15832056996317953,0.2295783418146333,0.07125777185145377
11,19,0.3151854739406006,0.5815475634811581,0.18329534441481032,0.1832,0.1902,-9.534441481032219e-05,0.006904655585189684,0.007000000000000006,19.733223689095954,52.556328648461765,0.001881452664958041,-0.13625111315871377,-0.1381325658236718
11,20,0.3151854739406006,0.30358985466230565,0.09568711222529686,0.0898,0.0932,-0.0058871122252968505,-0.0024871122252968503,0.0034000000000000002,2.9416155621302527,12.797836660960153,0.017317620937940478,0.007316128026697618,-0.01000149291124286
11,21,0.3151854739406006,0.3591545639587549,0.1132003014592699,0.1018,0.1036,-0.011400301459269901,-0.009600301459269905,0.001799999999999996,3.5840556990854413,10.181682336354953,0.04085931541638836,0.034408015158034586,-0.006451300258353776
11,22,0.3151854739406006,0.22768425877375342,0.07176277101041982,0.0746,0.0754,0.002837228989580179,0.003637228989580174,0.0007999999999999952,11.240681070913013,53.01794468648169,-0.03189238619701957,-0.04088493105374993,-0.008992544856730358
11,23,0.3151854739406006,0.20179848513594068,0.0636039511780667,0.0596,0.0542,-0.004003951178066706,-0.009403951178066708,-0.005400000000000002,41.79918010811547,14.385983649501672,0.16736187643611136,0.393077449019935,0.22571557258382366
11,24,0.3151854739406006,0.35457382493066114,0.11175651905770197,0.105,0.1092,-0.006756519057701971,-0.0025565190577019614,0.004200000000000009,22.715018053901616,47.72775095305713,0.1534744523772306,0.0580713765508436,-0.09540307582638699
11,25,0.3151854739406006,0.7210253586494617,0.22725671938912212,0.2226,0.2218,-0.004656719389122127,-0.005456719389122122,-0.0007999999999999952,2.00707070657722,36.34642842650566,0.009346365074657187,0.010952021639918954,0.0016056565652617667
11,26,0.3151854739406006,0.3766803921978068,0.11872418793899704,0.1194,0.1272,0.0006758120610029644,0.008475812061002966,0.007800000000000001,18.827599332902576,48.105096649787775,-0.012723918708906929,-0.15957919350554706,-0.14685527479664012
11,27,0.3151854739406006,0.5734241788507295,0.1807349715800669,0.1778,0.175,-0.002934971580066892,-0.0057349715800669165,-0.0028000000000000247,1.8935420103755027,45.69868319473055,0.005557491986114828,0.010859409615166283,0.005301917629051455
11,28,0.3151854739406006,0.5368048429729841,0.1691930888460497,0.1726,0.173,0.0034069111539503094,0.003806911153950293,0.0003999999999999837,25.462630112625874,54.12465473661331,-0.08674891853961611,-0.09693397058466605,-0.010185052045049936
11,29,0.3151854739406006,0.20992975486519724,0.0661668092814213,0.0592,0.0652,-0.006966809281421293,-0.000966809281421302,0.0059999999999999915,0.5195404113164384,36.87069537591008,0.0036195389596327993,0.0005022964917341734,-0.0031172424678986258
11,30,0.3151854739406006,0.518065685771502,0.16328677870225314,0.1648,0.1724,0.001513221297746864,0.00911322129774686,0.007599999999999996,34.7457892322894,68.45161755895295,-0.05257806827332397,-0.31664606643872323,-0.2640679981653993
11,31,0.3151854739406006,0.5744315312620573,0.18105247442725644,0.1756,0.1794,-0.005452474427256437,-0.0016524744272564396,0.003799999999999998,13.097150607833477,38.74811941020816,0.07141187875913814,0.021642706449370955,-0.049769172309767185
11,32,0.3151854739406006,0.41408676958317514,0.13051413472360532,0.125,0.1264,-0.005514134723605318,-0.004114134723605306,0.0014000000000000123,36.525832113950266,44.644157069629536,0.20140835916811142,0.1502721942085806,-0.05113616495953083
11,33,0.3151854739406006,0.5082093407162553,0.1601802019146931,0.1504,0.1612,-0.009780201914693087,0.0010197980853069166,0.010800000000000004,14.295995950452436,29.98965246359062,0.13981772696705955,-0.014579029297826828,-0.1543967562648864
11,34,0.3151854739406006,0.430076829107486,0.13555396921311366,0.1352,0.1368,-0.00035396921311367513,0.001246030786886343,0.001600000000000018,14.62742077388171,33.33518061719913,0.005177656621213534,-0.018226216616997467,-0.023403873238211
11,35,0.3151854739406006,0.36780900467919186,0.11592805545943166,0.0984,0.0948,-0.01752805545943166,-0.021128055459431666,-0.003600000000000006,3.2477510499758853,412.98223252095875,0.056926760522404724,0.06861866430231793,0.011691903779913207
11,36,0.3151854739406006,0.31652023366573906,0.09976257985972561,0.1036,0.0998,0.0038374201402743835,3.742014027438567e-05,-0.003799999999999998,39.654745896849,44.1279343407531,-0.15217192056203133,-0.0014838861540052092,0.1506880344080261
11,37,0.3151854739406006,0.29742640159246664,0.093744481348369,0.0864,0.0828,-0.007344481348369,-0.010944481348369006,-0.003600000000000006,10.196839423389386,135.782664010256,0.07489049695739707,0.11159911888159892,0.03670862192420185
11,38,0.3151854739406006,0.3126547933069382,0.09854424920824782,0.0916,0.0934,-0.006944249208247821,-0.005144249208247825,0.001799999999999996,4.003851469827624,26.914965400895337,0.027803742399292352,0.020596809753602646,-0.007206932645689706
11,39,0.3151854739406006,0.4273457371252059,0.13469316869230333,0.1332,0.1372,-0.001493168692303315,0.002506831307696661,0.003999999999999976,0.8255483430403627,0.2897293330216443,0.001232682939810747,-0.002069510432350684,-0.003302193372161431
11,40,0.3151854739406006,0.21905177326219738,0.06904193697317466,0.0616,0.0734,-0.007441936973174662,0.004358063026825343,0.011800000000000005,49.4919534612251,21.56785843949492,0.36831599833773077,-0.21568905250472567,-0.5840050508424565
11,41,0.3151854739406006,0.3502829106424205,0.11040408520412436,0.1214,0.107,0.010995914795875639,-0.0034040852041243574,-0.014399999999999996,70.6163032639984,17.463738158085594,-0.7764908538906412,0.24038391311093554,1.0168747670015768
11,42,0.3151854739406006,0.41157518975916685,0.12972252124643563,0.1244,0.1348,-0.0053225212464356325,0.005077478753564374,0.010400000000000006,11.70294460584383,55.002909573550724,0.06228917131046307,-0.05942145259031285,-0.12171062390077592
11,43,0.3151854739406006,0.6032014180886877,0.1901203248419254,0.186,0.186,-0.004120324841925399,-0.004120324841925399,0.0,15.214910650088342,41.89218993841881,0.06269037431923431,0.06269037431923431,0.0
11,44,0.3151854739406006,0.33973613686845183,0.10707989531363174,0.1012,0.1056,-0.005879895313631742,-0.0014798953136317405,0.004400000000000001,8.96273552854301,21.203180386036077,0.05269994663160076,0.013263910306011503,-0.03943603632558926
11,45,0.3151854739406006,0.37870641253843484,0.1193627601202712,0.1166,0.1006,-0.0027627601202711988,-0.0187627601202712,-0.016,0.12064275549361256,33.60811340753126,0.00033330699367738187,0.002263591081575183,0.001930284087897801
11,46,0.3151854739406006,0.8322142840240537,0.262301853530259,0.255,0.2586,-0.007301853530258973,-0.0037018535302589806,0.003599999999999992,9.209992085961389,51.634626859521866,0.06725001322653437,0.03409404171707344,-0.03315597150946093
11,47,0.3151854739406006,0.40849133535173493,0.12875053513346538,0.1278,0.127,-0.00095053513346538,-0.0017505351334653751,-0.0007999999999999952,9.66770000999639,44.166900183215276,0.009189488519305173,0.01692364852730224,0.007734160007997067
11,48,0.3151854739406006,0.9486986627935283,0.2990160376593923,0.2974,0.2938,-0.0016160376593922776,-0.00521603765939227,-0.003599999999999992,1.3233394105406842,41.92963174415229,0.0021385663235917235,0.006902588201538176,0.004764021877946453
11,49,0.3151854739406006,0.96,0.3025780549829766,0.2986,0.2994,-0.003978054982976598,-0.0031780549829765747,0.0008000000000000229,2.048801122529161,44.50680081031352,0.008150243514605176,0.0065112026165818,-0.0016390408980233757
12,13,0.17558587433166223,0.18220018902510304,0.031991779493366845,0.029,0.0244,-0.002991779493366844,-0.007591779493366844,-0.0046,97.40102512129764,375.9737789283332,0.29140238959080705,0.7394471051487762,0.44804471555796915
12,14,0.17558587433166223,0.20557322827031327,0.036095755025025336,0.0122,0.0142,-0.023895755025025334,-0.021895755025025335,0.002,6.218980917180262,29.37423691890944,0.1486072445022469,0.1361692826678864,-0.012437961834360522
12,15,0.17558587433166223,0.34595507175101126,0.06074482375287425,0.049,0.0538,-0.01174482375287425,-0.006944823752874252,0.004799999999999999,6.983204757228169,316.11018547060206,0.08201650910387787,0.04849712626918266,-0.03351938283469521
12,16,0.17558587433166223,0.2808089832005398,0.049306090835451837,0.0442,0.0486,-0.005106090835451833,-0.0007060908354518391,0.004399999999999994,5.803295656329465,384.7750561164779,0.02963215476620131,0.004097653878351701,-0.02553450088784961
12,17,0.17558587433166223,0.32558160642689904,0.0571675310307742,0.0486,0.0406,-0.008567531030774206,-0.016567531030774206,-0.008,12.693907801976879,257.957301923829,0.1087554489952237,0.21030671141103874,0.10155126241581504
12,18,0.17558587433166223,0.1961441939672069,0.03444014979281117,0.0274,0.0284,-0.007040149792811166,-0.0060401497928111655,0.0010000000000000009,29.609513753280265,318.9862435851817,0.20845541211539545,0.17884589836211515,-0.029609513753280303
12,19,0.17558587433166223,0.5815475634811581,0.102111537399287,0.0958,0.0976,-0.006311537399286998,-0.004511537399286988,0.00180000000000001,2.0800560143199562,434.2505931652988,0.013128351326992256,0.009384250501216313,-0.0037441008257759426
12,20,0.17558587433166223,0.30358985466230565,0.0533060900691032,0.0334,0.034,-0.019906090069103204,-0.0193060900691032,0.0006000000000000033,1.6508537405933394,173.20049541843866,0.03286204325116695,0.03187153100681094,-0.0009905122443560066
12,21,0.17558587433166223,0.3591545639587549,0.06306246813290488,0.0536,0.0614,-0.009462468132904876,-0.0016624681329048749,0.007800000000000001,1.225026504345657,324.47010651888803,0.011591774259334636,0.00203656752543851,-0.009555206733896126
12,22,0.17558587433166223,0.22768425877375342,0.03997813964834593,0.0388,0.037,-0.0011781396483459272,-0.00297813964834593,-0.001800000000000003,0.12442769376788626,461.5978523800702,0.00014659319938019224,0.0003705630481623879,0.00022396984878219565
12,23,0.17558587433166223,0.20179848513594068,0.03543296345139909,0.0266,0.026,-0.008832963451399091,-0.00943296345139909,-0.0005999999999999998,12.008020955233796,311.8486996058528,0.10606641022121452,0.1132712227943548,0.007204812573140276
12,24,0.17558587433166223,0.35457382493066114,0.06225815506557187,0.066,0.0646,0.003741844934428133,0.0023418449344281347,-0.0013999999999999985,3.118961199297575,471.3080087589187,-0.011670669164269527,-0.0073041234852529256,0.004366545679016601
12,25,0.17558587433166223,0.7210253586494617,0.12660186801376608,0.1272,0.1288,0.0005981319862339296,0.00219813198623392,0.0015999999999999903,2.506706422184741,435.0444306478878,-0.0014993412912067063,-0.005510071566702268,-0.004010730275495561
12,26,0.17558587433166223,0.3766803921978068,0.06613975600764535,0.0584,0.0606,-0.00773975600764535,-0.0055397560076453495,0.0022000000000000006,1.7932122993965562,429.4404406704635,0.013879025667238028,0.009933958608565604,-0.003945067058672425
12,27,0.17558587433166223,0.5734241788507295,0.10068518580642079,0.102,0.1058,0.0013148141935792057,0.005114814193579217,0.0038000000000000117,2.637080678934216,466.0209912003509,-0.0034672711062761954,-0.013488177686226248,-0.010020906579950053
12,28,0.17558587433166223,0.5368048429729841,0.09425534769888207,0.0856,0.0902,-0.008655347698882071,-0.004055347698882064,0.004600000000000007,4.186449695489,441.22916037945555,0.03623517773833627,0.016977509139086834,-0.019257668599249433
12,29,0.17558587433166223,0.20992975486519724,0.03686069955623718,0.0312,0.037,-0.0056606995562371795,0.00013930044376282008,0.0058,5.194651801672872,430.480458965062,0.029405363148536295,-0.000723617301166364,-0.03012898044970266
12,30,0.17558587433166223,0.518065685771502,0.09096501639742137,0.0842,0.0854,-0.006765016397421372,-0.005565016397421366,0.0012000000000000066,8.378631018160233,487.39828165387894,0.0566815762257973,0.04662721900400497,-0.010054357221792334
12,31,0.17558587433166223,0.5744315312620573,0.1008620626603239,0.1034,0.1056,0.0025379373396761107,0.004737937339676104,0.0021999999999999936,0.3831971114841349,443.2430626768801,-0.0009725302576916153,-0.0018155639029567095,-0.0008430336452650942
12,32,0.17558587433166223,0.41408676958317514,0.07270778748643536,0.0746,0.076,0.0018922125135646395,0.003292212513564638,0.0013999999999999985,9.264055475308162,462.1179147901237,-0.017529561696735117,-0.03049923936216653,-0.012969677665431414
12,33,0.17558587433166223,0.5082093407162553,0.08923438143318133,0.0886,0.0912,-0.0006343814331813274,0.0019656185668186776,0.002600000000000005,0.6100160244929739,412.2707642217448,0.0003869828398814285,-0.0011990588238003066,-0.0015860416636817353
12,34,0.17558587433166223,0.430076829107486,0.07551541606862681,0.0624,0.0654,-0.013115416068626817,-0.010115416068626815,0.0030000000000000027,0.6799845024179118,368.9418726112594,0.008918279669429091,0.006878326162175354,-0.002039953507253738
12,35,0.17558587433166223,0.36780900467919186,0.06458206567365435,0.0308,0.027,-0.03378206567365435,-0.03758206567365435,-0.0038000000000000013,23.060367817565343,36.61518216593773,0.7790268600716176,0.866656257778366,0.08762939770674838
12,36,0.17558587433166223,0.31652023366573906,0.055576481971860825,0.0566,0.0512,0.0010235180281391726,-0.0043764819718608225,-0.005399999999999995,10.871739112570753,420.8436151815569,-0.011127420978941935,0.047579970228940074,0.05870739120788201
12,37,0.17558587433166223,0.29742640159246664,0.05222387477293335,0.028,0.033,-0.024223874772933352,-0.01922387477293335,0.005000000000000001,38.35595457659616,13.493967422604696,0.9291298404597853,0.7373500675768044,-0.19177977288298087
12,38,0.17558587433166223,0.3126547933069382,0.05489776524678388,0.0558,0.0542,0.0009022347532161232,-0.000697765246783881,-0.0016000000000000042,0.9980145063388509,399.23767863881284,-0.0009004433718327442,0.0006963798383094215,0.0015968232101421656
12,39,0.17558587433166223,0.4273457371252059,0.07503587489503796,0.0678,0.0682,-0.007235874895037964,-0.006835874895037966,0.0003999999999999976,15.276890558191479,231.81952289179708,0.11054166886426023,0.10443091264098367,-0.006110756223276559
12,40,0.17558587433166223,0.21905177326219738,0.03846239713214396,0.0364,0.0362,-0.002062397132143956,-0.002262397132143955,-0.0001999999999999988,16.2818897987576,373.60477943551103,0.03357972282684161,0.03683610078659311,0.0032563779597514983
12,41,0.17558587433166223,0.3502829106424205,0.06150473112858892,0.0576,0.056,-0.003904731128588919,-0.005504731128588916,-0.0015999999999999973,29.196529697685246,294.01454582794315,0.11400459835732239,0.1607190458736187,0.04671444751629632
12,42,0.17558587433166223,0.41157518975916685,0.0722667895470831,0.0698,0.0702,-0.002466789547083098,-0.0020667895470831005,0.0003999999999999976,0.17723029347230823,450.2729558568718,0.00043718983536395975,0.0003662977179750369,-7.089211738892283e-05
12,43,0.17558587433166223,0.6032014180886877,0.10591364839320076,0.102,0.103,-0.003913648393200769,-0.0029136483932007684,0.0010000000000000009,0.8111886590008236,453.7369723042699,0.00317470719188126,0.0023635185328804357,-0.0008111886590008244
12,44,0.17558587433166223,0.33973613686845183,0.05965286663410838,0.0552,0.0586,-0.004452866634108384,-0.0010528666341083834,0.0034000000000000002,3.8273811393543084e-05,376.85476262234346,1.704281777144653e-07,4.02972189764188e-08,-1.301309587380465e-07
12,45,0.17558587433166223,0.37870641253843484,0.06649549656056826,0.0494,0.0534,-0.01709549656056826,-0.013095496560568257,0.0040000000000000036,11.204457831597605,84.39740487529718,0.19154577032310896,0.1467279389967185,-0.04481783132639047
12,46,0.17558587433166223,0.8322142840240537,0.14612507269166175,0.1416,0.149,-0.004525072691661747,0.002874927308338243,0.00739999999999999,0.0012129534690090238,484.66265631845175,5.488702618869116e-06,-3.4871530517976474e-06,-8.975855670666764e-06
12,47,0.17558587433166223,0.40849133535173493,0.07172530827464262,0.0638,0.0734,-0.00792530827464262,0.0016746917253573912,0.009600000000000011,0.01195154674049512,413.1631449354679,9.471969227722402e-05,-2.0015156431529277e-05,-0.00011473484870875329
12,48,0.17558587433166223,0.9486986627935283,0.16657808418388045,0.1652,0.1692,-0.0013780841838804403,0.0026219158161195355,0.003999999999999976,3.42103677862079,453.8021194562689,0.004714476677090602,-0.008969670437392475,-0.013684147114483076
12,49,0.17558587433166223,0.96,0.16856243935839574,0.165,0.171,-0.0035624393583957303,0.002437560641604275,0.006000000000000005,2.460524835849951,460.9813971519301,0.008765470517542059,-0.00599767849755766,-0.01476314901509972
13,14,0.18220018902510304,0.20557322827031327,0.03745548104935174,0.0392,0.0416,0.001744518950648262,0.004144518950648261,0.0023999999999999994,152.84337920786342,200.17822509825754,-0.2666381715092363,-0.6334622816081084,-0.36682411009887206
13,15,0.18220018902510304,0.34595507175101126,0.06303307946722733,0.0628,0.0652,-0.0002330794672273373,0.002166920532772662,0.0023999999999999994,52.22404191928064,4.4812651085233135,0.01217235186700406,-0.11316534873926944,-0.1253377006062735
13,16,0.18220018902510304,0.2808089832005398,0.05116344981908534,0.0572,0.0548,0.00603655018091466,0.0036365501809146605,-0.0023999999999999994,55.65447551989935,0.9769732450872131,-0.33596103426835894,-0.20239029302060052,0.13357074124775842
13,17,0.18220018902510304,0.32558160642689904,0.059321030234077705,0.0626,0.0556,0.0032789697659222974,-0.0037210302340777088,-0.007000000000000006,180.41988248480027,16.60715897344712,-0.591591339838914,0.6713478375546891,1.2629391773936032
13,18,0.18220018902510304,0.1961441939672069,0.03573750921700157,0.0372,0.034,0.0014624907829984268,-0.0017375092170015677,-0.0031999999999999945,19.604822212704466,2.3857836690044754,-0.028671871788403105,0.03406355929225108,0.06273543108065419
13,19,0.18220018902510304,0.5815475634811581,0.10595807599335512,0.1072,0.1104,0.0012419240066448844,0.004441924006644879,0.0031999999999999945,71.01358471570147,5.4185391792865,-0.08819347565633989,-0.31543694674658423,-0.22724347109024434
13,20,0.18220018902510304,0.30358985466230565,0.055314128905575646,0.0528,0.057,-0.0025141289055756466,0.0016858710944243557,0.004200000000000002,124.412860440617,40.71345761630826,0.3127899686591041,-0.2097440451914876,-0.5225340138505916
13,21,0.18220018902510304,0.3591545639587549,0.0654380294425136,0.0628,0.0634,-0.002638029442513609,-0.002038029442513606,0.0006000000000000033,120.47268407314208,7.560340432212205,0.31781048760358915,0.2455268771597035,-0.07228361044388565
13,22,0.18220018902510304,0.22768425877375342,0.04148411498661835,0.0428,0.0424,0.0013158850133816458,0.0009158850133816482,-0.0003999999999999976,90.56287141835034,4.651217596993308,-0.1191703252682162,-0.08294517670087628,0.036225148567339924
13,23,0.18220018902510304,0.20179848513594068,0.03676772213674784,0.0388,0.039,0.002032277863252163,0.002232277863252162,0.0001999999999999988,41.01040425616206,3.080057070026865,-0.08334453673282045,-0.09154661758405282,-0.008202080851232363
13,24,0.18220018902510304,0.35457382493066114,0.06460341792572026,0.064,0.0646,-0.0006034179257202593,-3.41792572025601e-06,0.0006000000000000033,65.66084013913311,10.081950403221187,0.039620927957805245,0.00022442387432516128,-0.03939650408348008
13,25,0.18220018902510304,0.7210253586494617,0.13137095663782464,0.1338,0.1372,0.002429043362175365,0.005829043362175351,0.0033999999999999864,131.15870114117223,10.600918368820638,-0.31859017239850684,-0.7645297562784906,-0.4459395838799838
13,26,0.18220018902510304,0.3766803921978068,0.06863123866049035,0.0672,0.0688,-0.0014312386604903582,0.000168761339509646,0.0016000000000000042,72.76238419612109,3.65851036995768,0.10414033729094116,-0.012279477422852892,-0.11641981471379405
13,27,0.18220018902510304,0.5734241788507295,0.10447799377816741,0.1094,0.1122,0.004922006221832587,0.0077220062218325836,0.002799999999999997,132.09145891379924,12.059383997978642,-0.6501549826246633,-1.0200110675833007,-0.3698560849586374
13,28,0.18220018902510304,0.5368048429729841,0.09780594385926847,0.092,0.0988,-0.00580594385926847,0.0009940561407315307,0.0068000000000000005,61.201116131736896,5.65282069006779,0.3553302443854343,-0.06083734531037661,-0.4161675896958109
13,29,0.18220018902510304,0.20992975486519724,0.03824924101843248,0.0426,0.0386,0.004350758981567518,0.00035075898156752133,-0.003999999999999997,147.58298227153003,3.448792223919749,-0.642097985644379,-0.05176605655825943,0.5903319290861196
13,30,0.18220018902510304,0.518065685771502,0.0943916658749873,0.0932,0.0918,-0.0011916658749872994,-0.002591665874987298,-0.0013999999999999985,48.64517442195532,9.989922770146995,0.05796879434144918,0.12607203853218654,0.06810324419073736
13,31,0.18220018902510304,0.5744315312620573,0.10466153357792622,0.111,0.1114,0.00633846642207378,0.006738466422073777,0.0003999999999999976,85.5655821313507,10.175047198860684,-0.5423545692247626,-0.5765808020773027,-0.03422623285254012
13,32,0.18220018902510304,0.41408676958317514,0.0754466876908488,0.0766,0.08,0.0011533123091512082,0.0045533123091512084,0.0034000000000000002,46.58751406547588,10.066437736104278,-0.053729953424468374,-0.21212750124708638,-0.158397547822618
13,33,0.18220018902510304,0.5082093407162553,0.09259583794282472,0.0962,0.093,0.0036041620571752725,0.000404162057175278,-0.0031999999999999945,82.59466204743754,7.890302900411813,-0.29768454707658887,-0.033381628524789216,0.26430291855179966
13,34,0.18220018902510304,0.430076829107486,0.07836007955870089,0.0792,0.078,0.0008399204412991162,-0.00036007955870089037,-0.0012000000000000066,81.80450046454999,2.5936173070430177,-0.06870927213043859,0.02945612842702194,0.09816540055746054
13,35,0.18220018902510304,0.36780900467919186,0.06701487017768376,0.0626,0.064,-0.004414870177683758,-0.0030148701776837594,0.0013999999999999985,215.24754097970373,631.2476378205912,0.9502899494910566,0.6489433921194717,-0.3013465573715849
13,36,0.18220018902510304,0.31652023366573906,0.05767004640416744,0.058,0.053,0.00032995359583256473,-0.00467004640416744,-0.0050000000000000044,43.190707277570574,2.5477279885092354,-0.014250929172786133,0.20170260721506694,0.21595353638785308
13,37,0.18220018902510304,0.29742640159246664,0.05419114659120363,0.0532,0.0512,-0.000991146591203633,-0.002991146591203628,-0.001999999999999995,258.00115003360173,254.2233462526473,0.2557169603824214,0.7717192604496236,0.5160023000672022
13,38,0.18220018902510304,0.3126547933069382,0.05696576244012866,0.0556,0.0498,-0.0013657624401286622,-0.007165762440128662,-0.0058,118.11782620321763,4.607321664735826,0.16132089053799975,0.846404282516662,0.6850833919786623
13,39,0.18220018902510304,0.4273457371252059,0.0778624740832845,0.0834,0.0802,0.005537525916715497,0.0023375259167154883,-0.0032000000000000084,189.82672775158062,25.33879133174006,-1.0511704246096745,-0.4437248958046149,0.6074455288050595
13,40,0.18220018902510304,0.21905177326219738,0.039911274494656375,0.041,0.043,0.0010887255053436268,0.0030887255053436216,0.001999999999999995,34.0368790535794,1.9774929467482614,-0.037056818347928136,-0.10513057645508675,-0.06807375810715861
13,41,0.18220018902510304,0.3502829106424205,0.0638216125313123,0.0662,0.0626,0.0023783874686876955,-0.0012216125313122966,-0.003599999999999992,19.943498683476186,7.053330720128925,-0.047433367350569314,0.024363227909944798,0.07179659526051412
13,42,0.18220018902510304,0.41157518975916685,0.07498907737216286,0.0776,0.0714,0.002610922627837145,-0.003589077372162852,-0.006199999999999997,89.26864356661451,5.483250666441603,-0.2330735214444026,0.32039206866860714,0.5534655901130098
13,43,0.18220018902510304,0.6032014180886877,0.1099034123959691,0.109,0.1144,-0.0009034123959690971,0.004496587604030905,0.005400000000000002,80.43463161022247,11.199145541234227,0.07266564326188275,-0.36168136743331875,-0.4343470106952015
13,44,0.18220018902510304,0.33973613686845183,0.0618999883560902,0.0586,0.0586,-0.0032999883560902027,-0.0032999883560902027,0.0,97.52317659611579,4.925366266329418,0.32182534721611067,0.32182534721611067,0.0
13,45,0.18220018902510304,0.37870641253843484,0.06900037994952148,0.0706,0.065,0.0015996200504785202,-0.004000379949521474,-0.005599999999999994,174.67592047909778,115.58672813239461,-0.27941510473415637,0.6987700499487901,0.9781851546829465
13,46,0.18220018902510304,0.8322142840240537,0.15162959985857338,0.156,0.157,0.004370400141426617,0.005370400141426618,0.0010000000000000009,96.71479960826679,15.429090397047624,-0.4226823738860161,-0.5193971734942829,-0.09671479960826684
13,47,0.18220018902510304,0.40849133535173493,0.07442719851620286,0.0742,0.0794,-0.00022719851620285614,0.00497280148379714,0.005199999999999996,95.25511392512851,3.093845733013425,0.021641820544523217,-0.4736847718661447,-0.49532659241066795
13,48,0.18220018902510304,0.9486986627935283,0.17285307568884334,0.1776,0.177,0.0047469243111566695,0.004146924311156652,-0.0006000000000000172,137.33027956199155,12.891035569576925,-0.6518964427107595,-0.5694982749735623,0.08239816773719721
13,49,0.18220018902510304,0.96,0.17491218146409893,0.1788,0.178,0.003887818535901061,0.0030878185359010657,-0.0007999999999999952,130.82330968415263,17.20054450707752,-0.5086172883179734,-0.4039586405706519,0.10465864774732148
14,15,0.20557322827031327,0.34595507175101126,0.07111910093634324,0.0696,0.061,-0.0015191009363432484,-0.010119100936343245,-0.008599999999999997,26.3822337966217,160.96415186460953,0.04007727606327452,0.26696448671422107,0.22688721065094655
14,16,0.20557322827031327,0.2808089832005398,0.05772680920383914,0.057,0.0566,-0.0007268092038391349,-0.0011268092038391395,-0.0004000000000000045,24.03736457875847,209.1211451351811,0.017470577811878468,0.027085523643381963,0.009614945831503494
14,17,0.20557322827031327,0.32558160642689904,0.0669308618986122,0.0606,0.057,-0.006330861898612206,-0.009930861898612205,-0.003599999999999999,1.1428948660417326,113.87207525738523,0.007235509561543106,0.011349931079293342,0.004114421517750236
14,18,0.20557322827031327,0.1961441939672069,0.040321995160317224,0.0338,0.0354,-0.006521995160317227,-0.004921995160317223,0.0016000000000000042,62.96820734385753,159.87145915943404,0.4106783435504905,0.3099292118003182,-0.1007491317501723
14,19,0.20557322827031327,0.5815475634811581,0.11955061001755661,0.1236,0.1182,0.004049389982443391,-0.001350610017556611,-0.005400000000000002,15.492319536742928,248.47213878969254,-0.06273444353689885,0.020924081961512995,0.08365852549841184
14,20,0.20557322827031327,0.30358985466230565,0.06240994649304539,0.0478,0.0536,-0.014609946493045388,-0.008809946493045388,0.0058,1.4615188385257287,66.51480142841322,0.02135271202943874,0.012875902765989513,-0.008476809263449226
14,21,0.20557322827031327,0.3591545639587549,0.07383256316101795,0.0684,0.0694,-0.00543256316101795,-0.0044325631610179494,0.0010000000000000009,1.9237116129425835,159.40427324167624,0.010450684840894302,0.008526973227951717,-0.0019237116129425854
14,22,0.20557322827031327,0.22768425877375342,0.04680578810245389,0.0508,0.0466,0.003994211897546111,-0.00020578810245388407,-0.004199999999999995,8.102741954133837,264.9789443518234,-0.032364068315947396,0.001667447891414679,0.03403151620736208
14,23,0.20557322827031327,0.20179848513594068,0.04148436604945415,0.0382,0.0362,-0.003284366049454153,-0.005284366049454148,-0.001999999999999995,35.51024846253128,155.04230352702916,0.11662865445801927,0.18764915138308164,0.07102049692506236
14,24,0.20557322827031327,0.35457382493066114,0.07289088585114889,0.077,0.0664,0.004109114148851109,-0.006490885851148889,-0.010599999999999998,18.146292740711015,266.86091583578286,-0.0745651882500498,0.11778551480148693,0.19235070305153673
14,25,0.20557322827031327,0.7210253586494617,0.14822351064233028,0.154,0.1512,0.005776489357669723,0.002976489357669726,-0.002799999999999997,0.8290654275497704,238.9505012014,-0.004789087619053147,-0.0024677044219137928,0.0023213831971393545
14,26,0.20557322827031327,0.3766803921978068,0.07743540425023086,0.0822,0.079,0.004764595749769132,0.0015645957497691376,-0.0031999999999999945,14.691101232233306,243.38931372259177,-0.06999715849052687,-0.02298563454738037,0.047011523943146505
14,27,0.20557322827031327,0.5734241788507295,0.11788065961459795,0.1224,0.1144,0.00451934038540204,-0.003480659614597953,-0.007999999999999993,0.7566901589332791,262.285563048936,-0.0034197403945034565,0.0026337808769627707,0.006053521271466227
14,28,0.20557322827031327,0.5368048429729841,0.11035270452109494,0.1138,0.1136,0.0034472954789050575,0.0032472954789050656,-0.00019999999999999185,20.610419738970414,253.43884613628583,-0.07105020678448826,-0.06692812283669435,0.004122083947793911
14,29,0.20557322827031327,0.20992975486519724,0.0431559374176341,0.0426,0.043,-0.0005559374176341003,-0.00015593741763410274,0.0003999999999999976,0.04605770462962399,237.67230237462323,2.560520137394731e-05,7.1821195220978235e-06,-1.8423081851849486e-05
14,30,0.20557322827031327,0.518065685771502,0.10650043548012138,0.1134,0.1084,0.006899564519878623,0.0018995645198786187,-0.0050000000000000044,29.0345848055835,288.1007702402099,-0.20032599117401087,-0.055153067146093256,0.14517292402791762
14,31,0.20557322827031327,0.5744315312620573,0.1180877443018005,0.1136,0.1228,-0.004487744301800489,0.004712255698199511,0.0092,9.689633630831613,245.21165285934654,0.04348459811329896,-0.045660031290351885,-0.08914462940365084
14,32,0.20557322827031327,0.41408676958317514,0.08512515400723868,0.086,0.084,0.0008748459927613167,-0.0011251540072386712,-0.001999999999999988,30.663679885653096,259.69779429788775,-0.0268259974712794,0.03450136230002642,0.06132735977130582
14,33,0.20557322827031327,0.5082093407162553,0.10447423480816817,0.1034,0.1024,-0.0010742348081681646,-0.0020742348081681655,-0.0010000000000000009,10.724470219977666,222.34435418428225,0.011520599209462903,0.02224506942944058,0.010724470219977677
14,34,0.20557322827031327,0.430076829107486,0.08841228216388573,0.0902,0.0834,0.0017877178361142693,-0.005012282163885731,-0.0068000000000000005,11.011779854758267,199.51637458977544,-0.01968595525371515,0.055194147758641066,0.07488010301235622
14,35,0.20557322827031327,0.36780900467919186,0.07561168447879223,0.0456,0.0368,-0.030011684478792225,-0.03881168447879223,-0.008800000000000002,5.328399910066721,120.48363501727992,0.1599142568777473,0.20680417608633445,0.04688991920858715
14,36,0.20557322827031327,0.31652023366573906,0.06506808624753987,0.0684,0.059,0.0033319137524601278,-0.006068086247539878,-0.009400000000000006,33.53591848737259,236.24082837305497,-0.11173878800945858,0.20349884577184396,0.31523763378130254
14,37,0.20557322827031327,0.29742640159246664,0.06114290554818601,0.043,0.041,-0.01814290554818601,-0.020142905548186006,-0.001999999999999995,13.685782085365602,8.681447956223455,0.2482998517278443,0.2756714158985754,0.02737156417073111
14,38,0.20557322827031327,0.3126547933069382,0.06427345519429481,0.0666,0.0626,0.002326544805705197,-0.0016734551942948067,-0.0040000000000000036,2.2343723512848124,213.43009010155265,-0.0051983673878929874,0.0037391220172462696,0.008937489405139257
14,39,0.20557322827031327,0.4273457371252059,0.08785084276838524,0.0868,0.0852,-0.0010508427683852406,-0.002650842768385245,-0.0016000000000000042,2.0015963305766284,96.39491579195345,0.0021033630292128834,0.005305917158135497,0.0032025541289226137
14,40,0.20557322827031327,0.21905177326219738,0.0450311801878466,0.0468,0.044,0.001768819812153398,-0.001031180187846606,-0.002800000000000004,42.62615451061817,195.69721949840385,-0.07539798661429335,0.043955246015437696,0.11935323262973105
14,41,0.20557322827031327,0.3502829106424205,0.07200878874868405,0.0702,0.0664,-0.001808788748684051,-0.005608788748684049,-0.003799999999999998,62.36529065387817,145.64937639694082,0.11280563604314543,0.3497937405278823,0.2369881044847369
14,42,0.20557322827031327,0.41157518975916685,0.0846088404347587,0.089,0.0772,0.00439115956524129,-0.007408840434758701,-0.011799999999999991,8.495917678757616,259.29551179667686,-0.03730693018057908,0.0629448984287607,0.10025182860933979
14,43,0.20557322827031327,0.6032014180886877,0.12400206281372246,0.1258,0.1216,0.0017979371862775345,-0.002402062813722461,-0.004199999999999995,11.52228123577245,253.0204510660875,-0.020716337904543154,0.027677243285701085,0.04839358119024424
14,44,0.20557322827031327,0.33973613686845183,0.06984065441613264,0.0708,0.0602,0.0009593455838673576,-0.009640654416132648,-0.010600000000000005,6.18816313144516,196.9470561397811,-0.005936586972402713,0.05965794222091601,0.06559452919331872
14,45,0.20557322827031327,0.37870641253843484,0.07785189979219509,0.0694,0.0646,-0.008451899792195086,-0.013251899792195085,-0.004799999999999999,0.7284922748227689,14.254020255845585,0.006157143706190286,0.009653906625339576,0.0034967629191492893
14,46,0.20557322827031327,0.8322142840240537,0.17108097697949212,0.1734,0.174,0.0023190230205078766,0.002919023020507866,0.0005999999999999894,6.393898614133089,276.1140279198844,-0.014827598076968042,-0.018663937245447827,-0.003836339168479785
14,47,0.20557322827031327,0.40849133535173493,0.08397488252870729,0.0786,0.0834,-0.005374882528707284,-0.0005748825287072851,0.004799999999999999,6.7761899851340885,231.648803780001,0.03642122516229848,0.003895513233654865,-0.03252571192864362
14,48,0.20557322827031327,0.9486986627935283,0.19502704676619495,0.204,0.193,0.008972953233805037,-0.0020270467661949454,-0.010999999999999982,0.41497299277342264,252.8160595419369,-0.0037235332574480366,0.0008411696630596048,0.004564702920507642
14,49,0.20557322827031327,0.96,0.19735029913950072,0.204,0.1958,0.0066497008604992636,-0.0015502991395007215,-0.008199999999999985,0.8559625658549949,257.83658839315297,-0.0056918950107211165,0.0013269980292898282,0.007018893040010944
15,16,0.34595507175101126,0.2808089832005398,0.09714729193147127,0.0874,0.0886,-0.009747291931471266,-0.008547291931471274,0.0011999999999999927,0.05455604753380353,3.58368639035902,0.000531773721939206,0.0004663064648986422,-6.546725704056384e-05
15,17,0.34595507175101126,0.32558160642689904,0.11263660801222737,0.1124,0.1138,-0.00023660801222737116,0.0011633919877726273,0.0013999999999999985,38.50731779978389,15.18069748049718,0.009111139920814535,-0.04479910499888286,-0.05391024491969739
15,18,0.34595507175101126,0.1961441939672069,0.06785707869746933,0.0648,0.0666,-0.003057078697469337,-0.001257078697469327,0.00180000000000001,7.833768786909721,1.24923183919791,0.02394844767936192,0.009847663862924343,-0.014100783816437576
15,19,0.34595507175101126,0.5815475634811581,0.20118932905074982,0.1988,0.1964,-0.0023893290507498166,-0.00478932905074983,-0.0024000000000000132,1.4408052473747808,9.461588977288118,0.00344255783402534,0.0069004904277248326,0.0034579325936994927
15,20,0.34595507175101126,0.30358985466230565,0.10502844995257703,0.1012,0.0938,-0.003828449952577029,-0.011228449952577033,-0.007400000000000004,15.424713751859759,21.370807327645256,0.05905274463182174,0.173195626395584,0.11414288176376226
15,21,0.34595507175101126,0.3591545639587549,0.12425134294405421,0.1296,0.1264,0.0053486570559457824,0.002148657055945802,-0.0031999999999999806,14.057884554847604,13.006451435650407,-0.07519080341595687,-0.03020557284044481,0.044985230575512056
15,22,0.34595507175101126,0.22768425877375342,0.07876852408064967,0.0828,0.0754,0.004031475919350325,-0.003368524080649679,-0.007400000000000004,5.243331978378154,14.641927456535445,-0.021138366607991024,0.017662290032007335,0.03880065663999836
15,23,0.34595507175101126,0.20179848513594068,0.06981320940444974,0.0656,0.0664,-0.004213209404449733,-0.003413209404449738,0.0007999999999999952,0.6768085435227158,1.0817081147896308,0.0028515361205818327,0.002310089285763663,-0.0005414468348181696
15,24,0.34595507175101126,0.35457382493066114,0.12266661304491738,0.1306,0.1298,0.00793338695508261,0.007133386955082616,-0.0007999999999999952,0.7682825879497467,27.882244277684084,-0.006095083061057629,-0.005480456990697835,0.0006146260703597936
15,25,0.34595507175101126,0.7210253586494617,0.24944237968587316,0.2612,0.2542,0.011757620314126832,0.004757620314126826,-0.007000000000000006,17.857669352872488,27.13450572380195,-0.20996369594629372,-0.0849600104761862,0.1250036854701075
15,26,0.34595507175101126,0.3766803921978068,0.13031449210999133,0.1278,0.1294,-0.0025144921099913287,-0.0009144921099913383,0.0015999999999999903,1.6990252602449045,8.675326099290727,0.0042721856115617764,0.0015537451951699456,-0.0027184404163918307
15,27,0.34595507175101126,0.5734241788507295,0.19837900293806884,0.2048,0.2046,0.006420997061931166,0.0062209970619311605,-0.00020000000000000573,18.202889782706137,30.657824457820197,-0.11688070181341295,-0.11324012385687161,0.003640577956541338
15,28,0.34595507175101126,0.5368048429729841,0.18571035796700905,0.1768,0.1812,-0.008910357967009036,-0.004510357967009049,0.004399999999999987,0.35580491993094565,10.464836540035199,0.0031703492030077138,0.0016048075553115573,-0.0015655416476961564
15,29,0.34595507175101126,0.20992975486519724,0.07262626340706152,0.0734,0.0734,0.0007737365929384871,0.0007737365929384871,0.0,24.223655357417627,15.74269966411428,-0.018742728564764444,-0.018742728564764444,0.0
15,30,0.34595507175101126,0.518065685771502,0.17922745149281682,0.1712,0.1724,-0.008027451492816834,-0.006827451492816827,0.0012000000000000066,0.06350959438728752,18.48578827317074,0.0005098201882724228,0.0004336086750076774,-7.621151326474545e-05
15,31,0.34595507175101126,0.5744315312620573,0.19872750161380828,0.2098,0.2086,0.011072498386191704,0.009872498386191725,-0.0011999999999999789,4.094739360523476,26.982053169433648,-0.045338994961271833,-0.04042530772864375,0.004913687232628083
15,32,0.34595507175101126,0.41408676958317514,0.1432554180822918,0.1494,0.1408,0.006144581917708197,-0.0024554180822917993,-0.008599999999999997,0.1608937980182334,27.613962058509387,-0.0009886251219742319,0.0003950615409825747,0.0013836866629568065
15,33,0.34595507175101126,0.5082093407162553,0.17581759893202625,0.18,0.1886,0.00418240106797374,0.012782401067973737,0.008599999999999997,3.465331827679501,21.9322976858959,-0.014493407536970137,-0.04429526125501383,-0.029801853718043697
15,34,0.34595507175101126,0.430076829107486,0.14878726027232772,0.1416,0.1472,-0.007187260272327717,-0.001587260272327723,0.005599999999999994,3.3049919203204774,2.0674766317517,0.02375383712928346,0.005245882375488805,-0.018507954753794652
15,35,0.34595507175101126,0.36780900467919186,0.12724539060445786,0.1236,0.1166,-0.003645390604457857,-0.010645390604457863,-0.007000000000000006,55.42350718834629,558.4475960114495,0.2020403323705001,0.5900048826889245,0.38796455031842436
15,36,0.34595507175101126,0.31652023366573906,0.1095017801484776,0.1046,0.1042,-0.0049017801484776,-0.005301780148477597,-0.0003999999999999976,0.42857531060132503,7.588035524619478,0.002100781949633196,0.0022722120738737253,0.00017143012424052908
15,37,0.34595507175101126,0.29742640159246664,0.10289617210356689,0.0942,0.0886,-0.00869617210356688,-0.014296172103566887,-0.005600000000000008,78.07125272653684,202.8988126852862,0.6789210500510293,1.1161200653196361,0.4371990152686068
15,38,0.34595507175101126,0.3126547933069382,0.1081645114517994,0.115,0.1134,0.006835488548200611,0.005235488548200606,-0.0016000000000000042,13.261120644633976,16.18507200341353,-0.09064623830270224,-0.06942844527128783,0.02121779303141441
15,39,0.34595507175101126,0.4273457371252059,0.1478424251496394,0.1594,0.1528,0.011557574850360575,0.00495757485036058,-0.006599999999999995,42.9174576660797,21.8823840991178,-0.49602172936289735,-0.21276650876677158,0.28325522059612573
15,40,0.34595507175101126,0.21905177326219738,0.07578207193610974,0.0726,0.0804,-0.00318207193610974,0.0046179280638902614,0.007800000000000001,1.9390756776907518,9.772403231180881,0.006170278295972716,-0.00895451199001515,-0.015124790285987866
15,41,0.34595507175101126,0.3502829106424205,0.12118214948445165,0.1222,0.1122,0.0010178505155483547,-0.008982149484451654,-0.010000000000000009,7.622049319074473,0.40506930938535385,-0.007758106828954938,0.06846238636178986,0.0762204931907448
15,42,0.34595507175101126,0.41157518975916685,0.14238652430406865,0.1478,0.1348,0.005413475695931341,-0.0075865243040686425,-0.012999999999999984,4.93545376673356,11.836045972436487,-0.026717959014604917,0.037442939952931284,0.0641608989675362
15,43,0.34595507175101126,0.6032014180886877,0.20868058987518368,0.2126,0.2138,0.003919410124816336,0.005119410124816315,0.0011999999999999789,3.0342688369583652,28.92965614038589,-0.011892544000989306,-0.015533666605339278,-0.003641122604349973
15,44,0.34595507175101126,0.33973613686845183,0.11753343960673664,0.1258,0.1154,0.008266560393263359,-0.002133439606736634,-0.010399999999999993,7.0159400560908205,14.889243786917403,-0.057997692189190285,0.014968084394154198,0.07296577658334448
15,45,0.34595507175101126,0.37870641253843484,0.1310154041223023,0.134,0.1272,0.002984595877697699,-0.0038154041223023016,-0.0068000000000000005,35.87867988368757,91.30915406041947,-0.10708336007808927,0.13689166313098622,0.2439750232090755
15,46,0.34595507175101126,0.8322142840240537,0.28790875234175795,0.2942,0.2896,0.006291247658242072,0.0016912476582420788,-0.004599999999999993,6.800349218715738,36.05654956544245,-0.042782681097473685,-0.011501074691381341,0.031281606406092344
15,47,0.34595507175101126,0.40849133535173493,0.14131964923127585,0.1328,0.1388,-0.00851964923127585,-0.0025196492312758445,0.006000000000000005,6.417367075773952,6.487207240461658,0.0546737164739325,0.016169514019288754,-0.03850420245464375
15,48,0.34595507175101126,0.9486986627935283,0.3282071139568235,0.3372,0.3306,0.008992886043176496,0.002392886043176501,-0.006599999999999995,20.17968020776895,31.279591285762407,-0.18147356449621035,-0.04828767512493539,0.13318588937127496
15,49,0.34595507175101126,0.96,0.3321168688809708,0.3366,0.3332,0.0044831311190292045,0.0010831311190291903,-0.003400000000000014,17.734048944945194,37.37209521437325,-0.07950406669147082,-0.01920830027865692,0.0602957664128139
16,17,0.2808089832005398,0.32558160642689904,0.09142623984953586,0.0966,0.0944,0.005173760150464141,0.002973760150464133,-0.0022000000000000075,35.66304162707155,23.11566881398349,-0.18451202361448663,-0.10605333203492893,0.07845869157955769
16,18,0.2808089832005398,0.1961441939672069,0.05507905166862082,0.0522,0.0562,-0.002879051668620819,0.0011209483313791777,0.003999999999999997,9.195810149554134,3.5851721064953335,0.026475212555394093,-0.010308028042822413,-0.036783240598216506
16,19,0.2808089832005398,0.5815475634811581,0.1633037799838954,0.1572,0.1616,-0.0061037799838953855,-0.0017037799838953982,0.004399999999999987,0.9346309156255207,2.193784094443718,0.00570478147512487,0.0015924054463725909,-0.004112376028752279
16,20,0.2808089832005398,0.30358985466230565,0.08525075839772171,0.0776,0.082,-0.00765075839772171,-0.003250758397721709,0.004400000000000001,13.644591171794959,42.02434890367294,0.1043914704910898,0.04435526933519196,-0.060036201155897834
16,21,0.2808089832005398,0.3591545639587549,0.1008538279170912,0.0942,0.106,-0.006653827917091196,0.005146172082908795,0.011799999999999991,12.360935400563278,13.582089236605489,0.08224753704962878,-0.06361150067701779,-0.14585903772664657
16,22,0.2808089832005398,0.22768425877375342,0.06393578519702628,0.0644,0.059,0.00046421480297371975,-0.004935785197026282,-0.005400000000000002,4.228204953880037,3.7408534297951186,-0.0019627953295979273,0.02086951142135428,0.02283230675095221
16,23,0.2808089832005398,0.20179848513594068,0.05666682742243275,0.0528,0.0518,-0.0038668274224327517,-0.004866827422432753,-0.0010000000000000009,1.115676959172403,4.219899006127933,0.004314130260304233,0.005429807219476637,0.0011156769591724042
16,24,0.2808089832005398,0.35457382493066114,0.09956751524830518,0.105,0.1004,0.005432484751694819,0.0008324847516948258,-0.004599999999999993,0.4133782032677867,14.605640814361404,-0.0022456707859352526,-0.00034413105090343665,0.001901539735031816
16,25,0.2808089832005398,0.7210253586494617,0.2024703978241599,0.2062,0.2086,0.003729602175840091,0.006129602175840104,0.0024000000000000132,15.938149557832595,16.891684721046925,-0.059442957269757235,-0.09769451620855567,-0.03825155893879843
16,26,0.2808089832005398,0.3766803921978068,0.10577523792464669,0.0976,0.1058,-0.00817523792464668,2.4762075353318425e-05,0.008199999999999999,1.1446737520395667,1.3743234275747376,0.009357980269021475,-2.834449770296948e-05,-0.009386324766724444
16,27,0.2808089832005398,0.5734241788507295,0.16102266060567783,0.1658,0.1676,0.004777339394322178,0.006577339394322174,0.001799999999999996,16.264380131134256,17.70366383052229,-0.07770046392469859,-0.10697634816074018,-0.02927588423604159
16,28,0.2808089832005398,0.5368048429729841,0.15073962213236913,0.141,0.1482,-0.009739622132369147,-0.002539622132369135,0.007200000000000012,0.1317120117910282,2.4990976047396045,0.0012828252251387644,0.0003344987402433597,-0.0009483264848954047
16,29,0.2808089832005398,0.20992975486519724,0.05895016100723462,0.058,0.0592,-0.0009501610072346137,0.000249838992765386,0.0011999999999999997,21.979040342919067,6.429071787624144,0.020883627110278188,-0.005491221301224684,-0.026374848411502873
16,30,0.2808089832005398,0.518065685771502,0.14547749845258584,0.14,0.1444,-0.005477498452585827,-0.00107749845258584,0.004399999999999987,0.2357912967333781,6.477648844802681,0.001291546462990284,0.0002540647573634235,-0.0010374817056268606
16,31,0.2808089832005398,0.5744315312620573,0.1613055342120274,0.1658,0.1696,0.004494465787972607,0.008294465787972605,0.003799999999999998,3.20400646769829,16.034119814181896,-0.014400297453512925,-0.026575522030766418,-0.012175224577253493
16,32,0.2808089832005398,0.41408676958317514,0.11627928472344763,0.1172,0.12,0.0009207152765523668,0.0037207152765523638,0.002799999999999997,0.40282892328033537,15.077389667956096,-0.0003708907435013461,-0.001498811728686284,-0.0011279209851849377
16,33,0.2808089832005398,0.5082093407162553,0.14270974821954838,0.1472,0.1546,0.004490251780451621,0.01189025178045161,0.00739999999999999,2.650279209407161,13.819570180904858,-0.011900420938734418,-0.031512487088347384,-0.019612066149612965
16,34,0.2808089832005398,0.430076829107486,0.12076943707978548,0.1168,0.1156,-0.003969437079785476,-0.005169437079785483,-0.0012000000000000066,2.51029583496596,0.5913748445773566,0.009964461368544925,0.012976816370504093,0.0030123550019591685
16,35,0.2808089832005398,0.36780900467919186,0.10328407261596646,0.1006,0.1004,-0.002684072615966468,-0.00288407261596646,-0.00019999999999999185,52.00031253023282,646.5742793863072,0.1395726148840959,0.14997267739014206,0.010400062506046165
16,36,0.2808089832005398,0.31652023366573906,0.08888172497807345,0.0884,0.0896,-0.0004817249780734445,0.0007182750219265482,0.0011999999999999927,0.7889507493906898,0.8302209492786197,0.00038005728245125764,-0.0005666836168175644,-0.000946740899268822
16,37,0.2808089832005398,0.29742640159246664,0.08352000540817597,0.0756,0.0774,-0.007920005408175973,-0.006120005408175977,0.001799999999999996,73.99821432947097,259.3842791771239,0.5860662576847748,0.4528694718917274,-0.13319678579304745
16,38,0.2808089832005398,0.3126547933069382,0.08779627460129626,0.0884,0.0942,0.00060372539870375,0.00640372539870375,0.0058,11.614530809840039,9.438367773283455,-0.007011987243927665,-0.07437626594099989,-0.06736427869707222
16,39,0.2808089832005398,0.4273457371252059,0.12000252191721425,0.1266,0.1254,0.0065974780827857404,0.005397478082785762,-0.0011999999999999789,39.9116824501973,32.91220553469909,-0.26331645021228095,-0.21542243127204502,0.04789401894023593
16,40,0.2808089832005398,0.21905177326219738,0.06151170571803284,0.0646,0.0634,0.0030882942819671633,0.0018882942819671567,-0.0012000000000000066,2.6441340075994564,5.71240217002595,-0.00816586393642432,-0.0049929031273049556,0.003172960809119365
16,41,0.2808089832005398,0.3502829106424205,0.09836258797002365,0.1014,0.095,0.003037412029976358,-0.003362587970023645,-0.006400000000000003,8.96630127643574,6.371095103555981,-0.02723435136143829,0.03014997680775047,0.05738432816918876
16,42,0.2808089832005398,0.41157518975916685,0.11557401054684087,0.111,0.1114,-0.004574010546840868,-0.00417401054684087,0.0003999999999999976,3.952206653164439,2.7874380886440977,0.01807743491486879,0.016496552253603025,-0.0015808826612657666
16,43,0.2808089832005398,0.6032014180886877,0.16938437687860808,0.1672,0.1768,-0.002184376878608091,0.007415623121391934,0.009600000000000025,2.2750983581961672,17.04297359857548,0.004969672250202936,-0.016871271988480326,-0.02184094423868326
16,44,0.2808089832005398,0.33973613686845183,0.09540095915050939,0.1,0.098,0.004599040849490615,0.0025990408494906136,-0.0020000000000000018,5.833140925521898,10.234536495845663,-0.026826853397310703,-0.015160571546266897,0.011666281851043805
16,45,0.2808089832005398,0.37870641253843484,0.10634416263644206,0.1098,0.109,0.003455837363557937,0.002655837363557942,-0.0007999999999999952,33.135094430021276,125.27730605284918,-0.11450949737628802,-0.08800142183227115,0.026508075544016865
16,46,0.2808089832005398,0.8322142840240537,0.23369324690175977,0.2346,0.2368,0.0009067530982402316,0.003106753098240239,0.0022000000000000075,5.636709591946405,21.446010342081422,-0.005111103886377835,-0.01751186498865997,-0.012400761102282134
16,47,0.2808089832005398,0.40849133535173493,0.1147080365263514,0.1086,0.1112,-0.006108036526351404,-0.003508036526351413,0.002599999999999991,5.2885276978851445,0.7678679619027773,0.032302520349303566,0.018552348334802238,-0.013750172014501329
16,48,0.2808089832005398,0.9486986627935283,0.2664031068627625,0.2698,0.2728,0.003396893137237511,0.006396893137237514,0.0030000000000000027,18.135738132709363,19.338590976711593,-0.06160516440173707,-0.11601237879986522,-0.054407214398128144
16,49,0.2808089832005398,0.96,0.26957662387251824,0.272,0.2768,0.00242337612748178,0.007223376127481751,0.004799999999999971,15.821373824357442,24.749835924510762,-0.03834113962991294,-0.1142837339868282,-0.07594259435691526
17,18,0.32558160642689904,0.1961441939672069,0.0638609417631525,0.0566,0.0632,-0.007260941763152506,-0.0006609417631524978,0.006600000000000009,81.07766236770924,9.235349924597877,0.5887001847444783,0.05358761311759666,-0.5351125716268816
17,19,0.32558160642689904,0.5815475634811581,0.1893411899318445,0.1854,0.1966,-0.003941189931844502,0.007258810068155486,0.011199999999999988,25.050935990770213,39.54462363012707,0.09873049671010464,-0.18183998638652143,-0.2805704830966261
17,20,0.32558160642689904,0.30358985466230565,0.09884327257586228,0.0878,0.0998,-0.011043272575862281,0.0009567274241377155,0.011999999999999997,5.189263701897543,18.580734111763945,0.05730645352808272,-0.004964710894687783,-0.0622711644227705
17,21,0.32558160642689904,0.3591545639587549,0.11693411988924388,0.1056,0.1124,-0.011334119889243877,-0.004534119889243876,0.0068000000000000005,6.032141928900191,3.8202591983155068,0.06836901981108957,0.027350454694568274,-0.0410185651165213
17,22,0.32558160642689904,0.22768425877375342,0.07412980672967642,0.076,0.0782,0.0018701932703235752,0.004070193270323583,0.0022000000000000075,15.331877755347463,38.05996110716471,-0.028673574599474547,-0.06240370566123908,-0.033730131061764534
17,23,0.32558160642689904,0.20179848513594068,0.06570187496507428,0.061,0.0576,-0.004701874965074279,-0.00810187496507428,-0.0034000000000000002,49.394333329462775,8.83859475594892,0.2322459792983351,0.4001867126185085,0.16794073332017342
17,24,0.32558160642689904,0.35457382493066114,0.11544271551785472,0.1124,0.1078,-0.003042715517854719,-0.007642715517854712,-0.004599999999999993,28.397272984272885,32.17132844860105,0.08640482317400369,0.21703227890165877,0.13062745572765508
17,25,0.32558160642689904,0.7210253586494617,0.23475259454362277,0.2264,0.2258,-0.008352594543622777,-0.008952594543622766,-0.0005999999999999894,3.918788093638879,23.051202264489717,0.032732048048542,0.03508332090472529,0.0023512728561832855
17,26,0.32558160642689904,0.3766803921978068,0.1226402072012763,0.1286,0.1254,0.00595979279872369,0.002759792798723709,-0.0031999999999999806,24.029210354124313,35.2336795349709,-0.1432091148275268,-0.06631564169432946,0.07689347313319733
17,27,0.32558160642689904,0.5734241788507295,0.18669636531424597,0.1848,0.179,-0.0018963653142459735,-0.007696365314245973,-0.0058,3.7594960957836645,30.542957543485574,0.0071293779950873,0.028934455350632552,0.021805077355545252
17,28,0.32558160642689904,0.5368048429729841,0.17477378311288347,0.1806,0.1758,0.005826216887116542,0.0010262168871165434,-0.004799999999999999,31.460125184524763,40.67485585426747,-0.1832935126208786,-0.03228491173515977,0.15100860088571882
17,29,0.32558160642689904,0.20992975486519724,0.06834926682581605,0.0664,0.065,-0.0019492668258160456,-0.003349266825816044,-0.0013999999999999985,1.6478168824798205,23.605828207201085,0.0032120347840375314,0.005518978419509278,0.0023069436354717465
17,30,0.32558160642689904,0.518065685771502,0.16867265820813873,0.1762,0.1634,0.007527341791861264,-0.005272658208138742,-0.012800000000000006,41.69850009725674,52.33202396542261,-0.3138788624400116,0.21986193880487487,0.5337408012448865
17,31,0.32558160642689904,0.5744315312620573,0.18702434073056406,0.1856,0.18,-0.0014243407305640776,-0.0070243407305640715,-0.005599999999999994,17.488122393890425,24.92373689172371,0.024909045026707894,0.12284253043249417,0.09793348540578628
17,32,0.32558160642689904,0.41408676958317514,0.13481903564101536,0.1272,0.1244,-0.007619035641015348,-0.010419035641015359,-0.002800000000000011,43.64639946581288,29.6489739137765,0.33254347313202154,0.4547533916362981,0.12220991850427654
17,33,0.32558160642689904,0.5082093407162553,0.16546361355155367,0.1586,0.16,-0.006863613551553682,-0.00546361355155367,0.0014000000000000123,18.869348220940516,18.006608832395592,0.12951191415823268,0.10309482664891574,-0.02641708750931694
17,34,0.32558160642689904,0.430076829107486,0.14002510490780223,0.1378,0.1408,-0.002225104907802228,0.0007748950921977749,0.0030000000000000027,19.24982987399714,24.270454325691325,0.04283289092698898,-0.014916598695002494,-0.05774948962199147
17,35,0.32558160642689904,0.36780900467919186,0.11975184660173012,0.0996,0.0952,-0.020151846601730125,-0.024551846601730112,-0.004399999999999987,1.5357903838776108,464.7083588439856,0.030949012228313835,0.037706489917375303,0.006757477689061469
17,36,0.32558160642689904,0.31652023366573906,0.10305316614350878,0.1098,0.106,0.006746833856491219,0.002946833856491221,-0.003799999999999998,47.06074035484866,31.704407769550535,-0.3175109963376355,-0.13868018298921073,0.1788308133484248
17,37,0.32558160642689904,0.29742640159246664,0.09683656562424729,0.0956,0.0942,-0.0012365656242472878,-0.0026365656242472862,-0.0013999999999999985,6.918832431284258,165.34618509372004,0.008555590344453398,0.01824195574825135,0.009686365403797952
17,38,0.32558160642689904,0.3126547933069382,0.10179464986194302,0.0998,0.096,-0.001994649861943018,-0.005794649861943016,-0.003799999999999998,6.573297685960413,15.624466446222243,0.013111427321811298,0.03808995852846085,0.024978531206649553
17,39,0.32558160642689904,0.4273457371252059,0.13913591159291186,0.141,0.1394,0.001864088407088127,0.00026408840708813663,-0.0015999999999999903,0.11951901816514474,0.9401001151156096,-0.00022279401618820156,-3.156358712397114e-05,0.0001912304290642304
17,40,0.32558160642689904,0.21905177326219738,0.07131922822936708,0.063,0.074,-0.008319228229367079,0.002680771770632917,0.010999999999999996,57.72859280032347,11.822363242723293,0.4802573388660881,-0.15475718193746982,-0.6350145208035579
17,41,0.32558160642689904,0.3502829106424205,0.1140456727508492,0.1162,0.1162,0.0021543272491507948,0.0021543272491507948,0.0,80.39332342371186,13.427603746408424,-0.17319352730149534,-0.17319352730149534,0.0
17,42,0.32558160642689904,0.41157518975916685,0.13400131144724534,0.1394,0.1338,0.00539868855275466,-0.00020131144724533367,-0.005599999999999994,15.870968094002297,40.933171436413716,-0.08568241377022465,0.0031950075561881174,0.08887742132641277
17,43,0.32558160642689904,0.6032014180886877,0.19639128670029848,0.1914,0.1914,-0.004991286700298497,-0.004991286700298497,0.0,19.92293224802172,27.459506895669264,0.09944106676049885,0.09944106676049885,0.0
17,44,0.32558160642689904,0.33973613686845183,0.11061183720289938,0.1062,0.0996,-0.00441183720289938,-0.011011837202899388,-0.006600000000000009,12.649862326716313,11.344636237810482,0.05580913322456234,0.1392982245808901,0.08348909135632777
17,45,0.32558160642689904,0.37870641253843484,0.12329984215843155,0.113,0.1118,-0.01029984215843155,-0.011499842158431556,-0.0012000000000000066,0.04645965644655289,49.422254720636985,0.00047852712813445153,0.0005342787158703153,5.5751587735863764e-05
17,46,0.32558160642689904,0.8322142840240537,0.27095366348396305,0.2642,0.2616,-0.006753663483963057,-0.009353663483963048,-0.002599999999999991,12.943291015579442,35.47427426295638,0.08741463189422599,0.12106718853473243,0.03365255664050644
17,47,0.32558160642689904,0.40849133535173493,0.13299726517528698,0.1288,0.1304,-0.004197265175286985,-0.0025972651752869946,0.0015999999999999903,13.484863411389354,32.30878509844005,0.056599547590126184,0.03502376613190335,-0.021575781458222837
17,48,0.32558160642689904,0.9486986627935283,0.30887883464736793,0.3072,0.3008,-0.001678834647367955,-0.008078834647367916,-0.006399999999999961,2.935213861803101,27.565698711605922,0.0049277387286297426,0.023713107444169476,0.018785368715539735
17,49,0.32558160642689904,0.96,0.3125583421698231,0.3088,0.3086,-0.00375834216982307,-0.003958342169823104,-0.00020000000000003348,3.9770133631009204,29.892736312778812,0.014946977032492058,0.015742379705112376,0.0007954026726203177
18,19,0.1961441939672069,0.5815475634811581,0.11406717809260483,0.1108,0.1148,-0.003267178092604836,0.0007328219073951675,0.0040000000000000036,15.993780884769253,11.206915799473503,0.052254530524640096,-0.011720593014436974,-0.06397512353907707
18,20,0.1961441939672069,0.30358985466230565,0.05954738733935943,0.0522,0.0596,-0.007347387339359426,5.261266064057052e-05,0.007399999999999997,45.243353803922346,23.40921763263568,0.33242044492909817,-0.0023803732199270317,-0.3348008181490252
18,21,0.1961441939672069,0.3591545639587549,0.07044608245733364,0.0624,0.073,-0.00804608245733364,0.002553917542666359,0.010599999999999998,42.87986119624032,6.217905543152021,0.3450148989439707,-0.10951162973617665,-0.4545265286801473
18,22,0.1961441939672069,0.22768425877375342,0.04465894541619882,0.0416,0.0498,-0.003058945416198819,0.00514105458380118,0.008199999999999999,25.895064783278308,13.209961219639,0.07921158972098064,-0.13312794150190146,-0.2123395312228821
18,23,0.1961441939672069,0.20179848513594068,0.03958160121079247,0.0366,0.0358,-0.002981601210792467,-0.0037816012107924693,-0.0008000000000000021,3.9053795527199173,0.04609723496930031,0.01164428440299385,0.014768588045169792,0.0031243036421759428
18,24,0.1961441939672069,0.35457382493066114,0.06954759709289406,0.0672,0.0704,-0.0023475970928940604,0.000852402907105948,0.0032000000000000084,13.508597270703895,20.135403514315822,0.0317127436817811,-0.011514767584471475,-0.04322751126625257
18,25,0.1961441939672069,0.7210253586494617,0.14142493780221493,0.1434,0.1514,0.0019750621977850658,0.009975062197785073,0.008000000000000007,49.34669994627987,18.042348899534428,-0.09746280164933971,-0.492236401219579,-0.3947735995702393
18,26,0.1961441939672069,0.3766803921978068,0.07388367191089018,0.0748,0.076,0.0009163280891098247,0.0021163280891098174,0.0011999999999999927,16.829305830706456,9.39795161280078,-0.015421165652896078,-0.035616332649743704,-0.020195166996847626
18,27,0.1961441939672069,0.5734241788507295,0.11247382336198382,0.1198,0.119,0.007326176638016185,0.006526176638016176,-0.000800000000000009,49.91947497064538,21.75989336671219,-0.3657188913119759,-0.3257833113354591,0.039935579976516755
18,28,0.1961441939672069,0.5368048429729841,0.10529115324262904,0.1016,0.1072,-0.0036911532426290444,0.0019088467573709633,0.005600000000000008,11.528611577835216,12.003538391059596,0.0425538720085372,-0.022006352827340096,-0.0645602248358773
18,29,0.1961441939672069,0.20992975486519724,0.04117650255776744,0.0434,0.042,0.002223497442232561,0.0008234974422325625,-0.0013999999999999985,59.608287306398815,10.401255458943169,-0.13253887436164138,-0.049087272132683143,0.08345160222895824
18,30,0.1961441939672069,0.518065685771502,0.10161557635771955,0.1018,0.1056,0.00018442364228045405,0.003984423642280452,0.003799999999999998,6.486577168168686,19.659872186999593,-0.0011962781872869024,-0.025845271426327893,-0.02464899323904099
18,31,0.1961441939672069,0.5744315312620573,0.11267140968874463,0.1168,0.1206,0.00412859031125537,0.007928590311255368,0.003799999999999998,23.2558628947693,18.225259595001603,-0.0960139302272278,-0.1843862092273511,-0.0883722790001233
18,32,0.1961441939672069,0.41408676958317514,0.08122071565237642,0.0804,0.0846,-0.0008207156523764164,0.003379284347623579,0.004199999999999995,5.749307545810448,19.478199767539785,0.004718546693172476,-0.01942854499923138,-0.024147091692403855
18,33,0.1961441939672069,0.5082093407162553,0.09968231150139552,0.0966,0.1022,-0.0030823115013955127,0.002517688498604481,0.005599999999999994,21.719582044534857,13.627155592672839,0.06694651754137325,-0.05468314190802181,-0.12162965944939505
18,34,0.1961441939672069,0.430076829107486,0.08435707298926003,0.0834,0.0772,-0.0009570729892600244,-0.0071570729892600216,-0.006199999999999997,21.315310721138722,3.5691626047184286,0.020400308148886482,0.1525552346199465,0.13215492647106
18,35,0.1961441939672069,0.36780900467919186,0.07214360075668072,0.0686,0.0708,-0.003543600756680726,-0.0013436007566807184,0.0022000000000000075,104.93100586223078,557.8923680901321,0.37183359177267067,0.14098537887576218,-0.2308482128969085
18,36,0.1961441939672069,0.31652023366573906,0.062083606106678374,0.0618,0.06,-0.0002836061066783732,-0.002083606106678376,-0.001800000000000003,4.597724122109067,7.799283272227631,0.0013039426378525939,0.009579846057648929,0.008275903419796334
18,37,0.1961441939672069,0.29742640159246664,0.05833846180492115,0.0532,0.0544,-0.0051384618049211545,-0.003938461804921155,0.0011999999999999997,135.36579962152268,207.44310996202077,0.6955719910478048,0.5331330315019776,-0.1624389595458272
18,38,0.1961441939672069,0.3126547933069382,0.061325422423173064,0.0612,0.0594,-0.00012542242317306607,-0.0019254224231730621,-0.001799999999999996,41.4796438313767,9.320999468680974,0.005202477441686988,0.07986583633816488,0.07466335889647789
18,39,0.1961441939672069,0.4273457371252059,0.08382138515374539,0.087,0.084,0.0031786148462546043,0.00017861484625461554,-0.002999999999999989,87.42303798599411,15.361958727032736,-0.2778841664469611,-0.015615052488979753,0.26226911395798136
18,40,0.1961441939672069,0.21905177326219738,0.04296573350360107,0.0428,0.0452,-0.0001657335036010718,0.0022342664963989275,0.0023999999999999994,1.9779049473624777,4.592871664352327,0.00032780511671627697,-0.0044191667569536686,-0.004746971873669945
18,41,0.1961441939672069,0.3502829106424205,0.06870595916844473,0.0672,0.0634,-0.0015059591684447315,-0.005305959168444729,-0.003799999999999998,0.0014501735125331341,1.8648228478797222,2.1839020970349743e-06,7.69456144466088e-06,5.510659347625905e-06
18,42,0.1961441939672069,0.41157518975916685,0.080728083852212,0.0784,0.0794,-0.002328083852212004,-0.001328083852212003,0.0010000000000000009,25.205171036501092,12.678381126521302,0.05867975168231989,0.03347458064581878,-0.025205171036501113
18,43,0.1961441939672069,0.6032014180886877,0.11831445595088182,0.1196,0.1226,0.0012855440491181813,0.004285544049118184,0.0030000000000000027,20.618885895902125,20.01467573712146,-0.026506486062923777,-0.0883631437506302,-0.06185665768770643
18,44,0.1961441939672069,0.33973613686845183,0.06663727072759516,0.0696,0.0624,0.002962729272404832,-0.004237270727595166,-0.007199999999999998,29.676880147363875,7.897670065844914,-0.08792456152624478,0.12574897553477507,0.21367353706101985
18,45,0.1961441939672069,0.37870641253843484,0.07428106403756383,0.0738,0.072,-0.0004810640375638303,-0.0022810640375638402,-0.00180000000000001,77.24245210563184,86.76846799702264,0.03715856588126604,0.17619497967140413,0.1390364137901381
18,46,0.1961441939672069,0.8322142840240537,0.1632339999478942,0.1672,0.1658,0.003966000052105789,0.0025660000521058046,-0.0013999999999999846,29.231701839899024,26.447701787403716,-0.11593293102018043,-0.07500854844432224,0.04092438257585819
18,47,0.1961441939672069,0.40849133535173493,0.08012320371515405,0.0816,0.0804,0.0014767962848459548,0.0002767962848459482,-0.0012000000000000066,28.431709883835296,7.549280709819939,-0.041987843528265976,-0.007869791667663436,0.034118051860602544
18,48,0.1961441939672069,0.9486986627935283,0.18608173453140361,0.1886,0.191,0.0025182654685963757,0.004918265468596389,0.0024000000000000132,53.15965737220073,21.702022692067764,-0.13387012948282787,-0.2614533071761103,-0.12758317769328245
18,49,0.1961441939672069,0.96,0.1882984262085186,0.191,0.1918,0.002701573791481393,0.0035015737914813883,0.0007999999999999952,49.14106011303285,26.477064749975497,-0.13275820008698122,-0.17207104817740726,-0.03931284809042604
19,20,0.5815475634811581,0.30358985466230565,0.17655194027646276,0.158,0.1666,-0.01855194027646276,-0.009951940276462762,0.008599999999999997,7.4370496615459505,58.95827870907973,0.13797170115408805,0.07401307406479289,-0.06395862708929516
19,21,0.5815475634811581,0.3591545639587549,0.20886546158335167,0.2044,0.2084,-0.004465461583351676,-0.00046546158335167287,0.0040000000000000036,6.497651232454268,25.770332704499985,0.029015011960542205,0.003024407030725112,-0.025990604929817092
19,22,0.5815475634811581,0.22768425877375342,0.13240922593288978,0.1302,0.1346,-0.0022092259328897745,0.0021907740671102127,0.004399999999999987,1.1870033441105252,2.340271861901402,0.002622358570235857,-0.0026004561438504386,-0.005222814714086296
19,23,0.5815475634811581,0.20179848513594068,0.117355417344995,0.1114,0.108,-0.005955417344994995,-0.009355417344994996,-0.0034000000000000002,4.092606753898239,12.176679726379186,0.02437318124840924,0.03828804421166325,0.013914862963254011
19,24,0.5815475634811581,0.35457382493066114,0.2062015439626207,0.2108,0.2174,0.004598456037379295,0.011198456037379317,0.0066000000000000225,0.1048582050943365,18.154242145957713,-0.00048218584628480807,-0.0011742499999074314,-0.0006920641536226234
19,25,0.5815475634811581,0.7210253586494617,0.41931054053072264,0.422,0.4326,0.0026894594692773444,0.013289459469277343,0.010599999999999998,9.153638729814963,23.95851467507893,-0.024618340360244694,-0.1216469108962833,-0.0970285705360386
19,26,0.5815475634811581,0.3766803921978068,0.21905756429376158,0.2068,0.2172,-0.01225756429376157,-0.0018575642937615766,0.010399999999999993,0.010636035949277312,0.22673585646534708,0.000130371894479026,1.975712060654205e-05,-0.00011061477387248395
19,27,0.5815475634811581,0.5734241788507295,0.33347343405182556,0.3412,0.3516,0.007726565948174446,0.018126565948174467,0.01040000000000002,9.40126970864307,22.680238349869104,-0.07263953040040545,-0.17041273537029358,-0.09777320496988813
19,28,0.5815475634811581,0.5368048429729841,0.3121775484958246,0.2984,0.3114,-0.013777548495824576,-0.0007775484958245649,0.013000000000000012,0.36462469855505475,0.035569383975418895,0.005023634467117684,0.0002835133859019682,-0.0047401210812157155
19,29,0.5815475634811581,0.20992975486519724,0.12208413744405225,0.1184,0.1302,-0.0036841374440522434,0.008115862555947762,0.011800000000000005,13.848950501616066,10.221026742797136,0.05102143710382985,-0.1123961788152398,-0.16341761591906967
19,30,0.5815475634811581,0.518065685771502,0.3012798372836123,0.293,0.2922,-0.008279837283612312,-0.00907983728361228,-0.0007999999999999674,2.1093105668770407,1.5817129213433903,0.017464748274345944,0.019152196727847508,0.0016874484535015638
19,31,0.5815475634811581,0.5744315312620573,0.3340592573922001,0.3384,0.3562,0.0043407426077998745,0.022140742607799913,0.017800000000000038,0.677675957029121,22.25952404649739,-0.0029416169009578623,-0.015004248936076242,-0.01206263203511838
19,32,0.5815475634811581,0.41408676958317514,0.24081115192087924,0.25,0.2552,0.009188848079120765,0.014388848079120747,0.005199999999999982,2.564645831990755,19.547720064787264,-0.023566140926913327,-0.03690229925326521,-0.01333615832635188
19,33,0.5815475634811581,0.5082093407162553,0.295547903831904,0.3036,0.3024,0.00805209616809599,0.006852096168096011,-0.0011999999999999789,0.437191659762005,21.54613648961609,-0.0035203092882931664,-0.0029956792965787696,0.0005246299917143968
19,34,0.5815475634811581,0.430076829107486,0.25011013207716093,0.2354,0.2408,-0.014710132077160931,-0.009310132077160943,0.005399999999999988,0.38146459497397345,2.6835447752166166,0.005611394574827849,0.0035514857619683973,-0.0020599088128594517
19,35,0.5815475634811581,0.36780900467919186,0.2138984304976139,0.2212,0.2184,0.007301569502386113,0.004501569502386116,-0.002799999999999997,38.99204565336991,713.1835033155553,-0.2847031313782927,-0.17552540354885707,0.1091777278294356
19,36,0.5815475634811581,0.31652023366573906,0.18407157068079738,0.1794,0.1792,-0.004671570680797377,-0.004871570680797382,-0.00020000000000000573,3.440995722588188,0.5953896825912809,0.016074854730392163,0.016763053874909818,0.0006881991445176552
19,37,0.5815475634811581,0.29742640159246664,0.1729675991610674,0.169,0.1724,-0.003967599161067398,-0.0005675991610674114,0.0033999999999999864,58.30022442775001,298.63830374137206,0.23131192152958194,0.03309115847523271,-0.1982207630543492
19,38,0.5815475634811581,0.3126547933069382,0.181823633258355,0.1862,0.1914,0.004376366741645016,0.009576366741644998,0.005199999999999982,5.959685398666408,16.608994591045892,-0.026081768969391083,-0.0570721330424563,-0.030990364073065216
19,39,0.5815475634811581,0.4273457371252059,0.24852187218922298,0.2582,0.2584,0.00967812781077701,0.009878127810777043,0.00020000000000003348,28.631127356173533,52.096557935292196,-0.2770957099196815,-0.28282193539091716,-0.005726225471235635
19,40,0.5815475634811581,0.21905177326219738,0.12738902501685798,0.1264,0.138,-0.000989025016857964,0.010610974983142035,0.0116,6.722831963578448,12.991759259713493,0.006649048996111434,-0.07133580178139856,-0.07798485077751
19,41,0.5815475634811581,0.3502829106424205,0.20370617321318787,0.2018,0.197,-0.0019061732131878673,-0.006706173213187866,-0.004799999999999999,15.690641121452932,13.687067661357661,0.029909079803457618,0.10522415718643167,0.07531507738297405
19,42,0.5815475634811581,0.41157518975916685,0.23935054879373877,0.227,0.229,-0.012350548793738758,-0.010350548793738756,0.0020000000000000018,1.0429569655514281,0.29829674163436015,0.012881090892812625,0.010795176961709767,-0.002085913931102858
19,43,0.5815475634811581,0.6032014180886877,0.3507903149778557,0.3542,0.3616,0.0034096850221443376,0.0108096850221443,0.007399999999999962,0.2933086857315527,22.780373301930727,-0.001000090232603716,-0.003170574507017195,-0.0021704842744134792
19,44,0.5815475634811581,0.33973613686845183,0.1975727226223494,0.1956,0.2022,-0.0019727226223494043,0.0046272773776505904,0.006599999999999995,2.09793936269887,18.994571361798315,0.004138652441113353,-0.009707747352699178,-0.013846399793812532
19,45,0.5815475634811581,0.37870641253843484,0.2202357914864171,0.2184,0.217,-0.0018357914864170766,-0.003235791486417089,-0.0014000000000000123,22.93975074613061,158.35752098713317,0.04211259912027635,0.0742282501648595,0.032115651044583145
19,46,0.5815475634811581,0.8322142840240537,0.48397218916840495,0.4852,0.4958,0.0012278108315950664,0.011827810831595065,0.010599999999999998,1.980809798803701,26.013003626901114,-0.0024320597263008284,-0.023428643593620055,-0.020996583867319226
19,47,0.5815475634811581,0.40849133535173493,0.2375571407769661,0.2244,0.235,-0.013157140776966114,-0.002557140776966116,0.010599999999999998,1.7766671946117967,0.36625308016166097,0.02337586039332486,0.004543188130439819,-0.018832672262885042
19,48,0.5815475634811581,0.9486986627935283,0.5517133958254092,0.5548,0.5586,0.0030866041745907236,0.006886604174590749,0.0038000000000000256,10.83623969872692,25.730964449040233,-0.033447182690956236,-0.07462489354611881,-0.04117771085516258
19,49,0.5815475634811581,0.96,0.5582856609419118,0.5546,0.5696,-0.003685660941911806,0.011314339058088208,0.015000000000000013,9.065193312334292,32.04552661325839,0.033411228922150614,-0.1025666707628639,-0.1359778996850145
20,21,0.30358985466230565,0.3591545639587549,0.10903568187354215,0.103,0.1092,-0.006035681873542156,0.0001643181264578547,0.006200000000000011,0.03170051290727363,34.352518131990976,0.0001913342111364206,-5.208968888676244e-06,-0.00019654318002509686
20,22,0.30358985466230565,0.22768425877375342,0.06912263103001859,0.0692,0.0666,7.736896998140896e-05,-0.0025226310300185822,-0.002599999999999991,2.68172927884014,70.35704203703885,-0.00020748263207284832,0.006765013492911492,0.0069724961249843405
20,23,0.30358985466230565,0.20179848513594068,0.06126397277349368,0.0534,0.0534,-0.007863972773493676,-0.007863972773493676,0.0,22.563589471960267,21.40180618389593,0.17743945327978408,0.17743945327978408,0.0
20,24,0.30358985466230565,0.35457382493066114,0.10764501597775722,0.1102,0.111,0.002554984022242787,0.0033549840222427824,0.0007999999999999952,9.308073972879617,83.60915702282041,-0.023781980278561363,-0.03122843945686501,-0.007446459178303649
20,25,0.30358985466230565,0.7210253586494617,0.21889598384022688,0.2192,0.223,0.00030401615977312946,0.004104016159773127,0.003799999999999998,0.0890441317746255,73.84381497088337,-2.707085499245414e-05,-0.00036543855573603086,-0.0003383677007435767
20,26,0.30358985466230565,0.3766803921978068,0.11435634552147246,0.0992,0.1064,-0.015156345521472464,-0.007956345521472466,0.007199999999999998,6.885188666190124,57.27819444210559,0.10435429840530365,0.05478094000873477,-0.04957335839656888
20,27,0.30358985466230565,0.5734241788507295,0.17408576311714494,0.1742,0.1766,0.00011423688285505662,0.00251423688285507,0.0024000000000000132,0.11495730333581979,84.46185946748012,-1.3132363994507255e-05,-0.00028902989200047625,-0.000275897528005969
20,28,0.30358985466230565,0.5368048429729841,0.16296850426019005,0.1498,0.1536,-0.013168504260190061,-0.009368504260190064,0.003799999999999998,11.095141828275034,61.54229234893483,0.14610642243305275,0.10394488348560763,-0.04216153894744512
20,29,0.30358985466230565,0.20992975486519724,0.06373254376881868,0.0566,0.0602,-0.0071325437688186805,-0.0035325437688186814,0.003599999999999999,0.9886769267536863,63.67257433330699,0.007051781453291809,0.0034925445169785387,-0.00355923693631327
20,30,0.30358985466230565,0.518065685771502,0.157279486248898,0.1462,0.1514,-0.011079486248898013,-0.005879486248898003,0.00520000000000001,17.46773572450653,79.515074216602,0.19353353775905466,0.10270131199162053,-0.09083222576743413
20,31,0.30358985466230565,0.5744315312620573,0.17439158508929364,0.1696,0.1742,-0.004791585089293643,-0.00019158508929364992,0.004599999999999993,3.624776956569567,75.80893798373829,0.017368427217113926,0.0006944532168939451,-0.01667397400021998
20,32,0.30358985466230565,0.41408676958317514,0.12571254219533978,0.1252,0.1334,-0.0005125421953397769,0.007687457804660208,0.008199999999999985,18.736315901268703,81.08308196054811,0.00960315248461583,-0.14403463790578727,-0.1536377903904031
20,33,0.30358985466230565,0.5082093407162553,0.15428719988607414,0.1572,0.1596,0.002912800113925862,0.005312800113925847,0.0023999999999999855,4.267904628616196,63.96673480960142,-0.01243155308845797,-0.022674524197136777,-0.010242971108678807
20,34,0.30358985466230565,0.430076829107486,0.13056696204236695,0.1222,0.1258,-0.008366962042366949,-0.004766962042366957,0.003599999999999992,4.4498521262712085,36.572925039187766,0.03723174383465706,0.021212276180080744,-0.01601946765457632
20,35,0.30358985466230565,0.36780900467919186,0.11166308227404316,0.0944,0.0878,-0.017263082274043162,-0.023863082274043157,-0.006599999999999995,12.371157624598855,362.66351288106756,0.2135643118986064,0.29521395222095875,0.08164964032235236
20,36,0.30358985466230565,0.31652023366573906,0.09609233173626075,0.0926,0.0896,-0.003492331736260748,-0.006492331736260751,-0.0030000000000000027,20.995526508219424,54.31754381067902,0.07332334354415851,0.13630992306881684,0.06298657952465833
20,37,0.30358985466230565,0.29742640159246664,0.0902956380321895,0.074,0.0762,-0.016295638032189502,-0.014095638032189495,0.0022000000000000075,24.09202637249393,92.62011736621359,0.39259494122812455,0.3395924832086377,-0.05300245801948683
20,38,0.30358985466230565,0.3126547933069382,0.09491882325952658,0.1034,0.0968,0.008481176740473426,0.001881176740473417,-0.006600000000000009,0.08170952105962982,56.11733732486406,-0.000692992889486156,-0.00015371005049259846,0.0005392828389935575
20,39,0.30358985466230565,0.4273457371252059,0.12973783022439714,0.1354,0.1298,0.005662169775602854,6.216977560286052e-05,-0.005599999999999994,6.883858213683002,16.84609149021034,-0.038977573917051346,-0.0004279679204265805,0.03854960599662476
20,40,0.30358985466230565,0.21905177326219738,0.06650189600819083,0.0676,0.067,0.0010981039918091656,0.0004981039918091762,-0.0005999999999999894,28.301739378526023,44.47012925264744,-0.03107825298670208,-0.014097209359586766,0.016981043627115312
20,41,0.30358985466230565,0.3502829106424205,0.10634233793262184,0.1008,0.0964,-0.005542337932621835,-0.009942337932621836,-0.004400000000000001,44.732512211720795,15.906714416724279,0.24792269925248964,0.44474575298406116,0.19682305373157152
20,42,0.30358985466230565,0.41157518975916685,0.12495005204159633,0.1174,0.1126,-0.007550052041596325,-0.012350052041596324,-0.004799999999999999,2.9098997169344356,65.00660717678396,0.021969894298681403,0.03593741293996669,0.013967518641285287
20,43,0.30358985466230565,0.6032014180886877,0.18312583084964135,0.1804,0.186,-0.002725830849641342,0.002874169150358652,0.005599999999999994,4.776478686933614,79.99728165111652,0.013019872957498015,-0.013728407689330195,-0.02674828064682821
20,44,0.30358985466230565,0.33973613686845183,0.10314044441542647,0.1082,0.0992,0.005059555584573536,-0.003940444415426472,-0.009000000000000008,1.6349942831570619,49.3687989694215,-0.008272344456093117,0.006442604092320453,0.01471494854841357
20,45,0.30358985466230565,0.37870641253843484,0.1149714247422266,0.1072,0.1022,-0.007771424742226599,-0.012771424742226603,-0.0050000000000000044,4.253702159386096,29.716473218166538,0.033057326207515815,0.05432583700444631,0.021268510796930498
20,46,0.30358985466230565,0.8322142840240537,0.25265181353475724,0.2458,0.2562,-0.006851813534757251,0.003548186465242742,0.010399999999999993,1.7415632587222105,93.40116091685721,0.011932866707748785,-0.006179391182962191,-0.018112257890710977
20,47,0.30358985466230565,0.40849133535173493,0.12401382513024437,0.1038,0.121,-0.02021382513024436,-0.0030138251302443686,0.017199999999999993,1.9437341441102256,51.384502353036325,0.039290302088729294,0.005858074810033427,-0.03343222727869587
20,48,0.30358985466230565,0.9486986627935283,0.288015289155811,0.282,0.2898,-0.00601528915581101,0.0017847108441890192,0.007800000000000029,0.3189413872778243,81.85173121875044,0.001918524668231616,-0.0005692181525354227,-0.002487742820767039
20,49,0.30358985466230565,0.96,0.2914462604758134,0.2842,0.2898,-0.007246260475813393,-0.0016462604758133992,0.005599999999999994,0.08051433705953062,88.41977712391275,0.0005834278583707942,0.0001325475708374233,-0.00045088028753337094
21,22,0.3591545639587549,0.22768425877375342,0.08177384068015972,0.0792,0.0816,-0.002573840680159714,-0.00017384068015971477,0.0023999999999999994,2.1302927799991096,21.043654307305726,0.0054830342178122365,0.0003703315458143748,-0.005112702671997862
21,23,0.3591545639587549,0.20179848513594068,0.07247684693653605,0.0666,0.0646,-0.005876846936536048,-0.00787684693653605,-0.0020000000000000018,20.9038085521698,6.63068819807636,0.12284848325175513,0.16465610035609476,0.04180761710433964
21,24,0.3591545639587549,0.35457382493066114,0.1273468074841595,0.119,0.1144,-0.008346807484159502,-0.012946807484159495,-0.004599999999999993,8.253366240017137,13.848836414682294,0.0688892591016844,0.10685474380576318,0.037965484704078775
21,25,0.3591545639587549,0.7210253586494617,0.2589595482889523,0.239,0.2512,-0.0199595482889523,-0.0077595482889523115,0.012199999999999989,0.22700366121486898,8.203421367334169,0.004530890537787146,0.0017614458709657467,-0.0027694446668213987
21,26,0.3591545639587549,0.3766803921978068,0.13528648201161608,0.132,0.1402,-0.0032864820116160764,0.004913517988383909,0.008199999999999985,5.982514495832542,21.620535637433054,0.01966142627478607,-0.029395192591040686,-0.049056618865826754
21,27,0.3591545639587549,0.5734241788507295,0.20594791091854084,0.1946,0.2006,-0.011347910918540843,-0.005347910918540838,0.006000000000000005,0.2673923262753543,12.783313185202918,0.0030343442988741286,0.0014299903412220015,-0.001604353957652127
21,28,0.3591545639587549,0.5368048429729841,0.19279590930891,0.1866,0.1992,-0.006195909308910008,0.006404090691089992,0.0126,9.940719772920048,26.20028089815486,0.061591798178301106,-0.0636612709604915,-0.1252530691387926
21,29,0.3591545639587549,0.20992975486519724,0.07539722957057822,0.0716,0.076,-0.0037972295705782227,0.0006027704294217784,0.004400000000000001,1.374448425073088,9.023101043798864,0.005219096202922197,-0.0008284768673993922,-0.006047573070321589
21,30,0.3591545639587549,0.518065685771502,0.18606565547525714,0.195,0.1846,0.008934344524742871,-0.0014656554752571493,-0.01040000000000002,16.011167200182207,33.64167825946598,-0.14304928400969055,0.023466854872204734,0.1665161388818953
21,31,0.3591545639587549,0.5744315312620573,0.20630970613458405,0.1968,0.2014,-0.009509706134584045,-0.004909706134584052,0.004599999999999993,2.9785179170027374,9.264007798500108,0.028324830107289423,0.014623647689076853,-0.01370118241821257
21,32,0.3591545639587549,0.41408676958317514,0.14872115317073467,0.133,0.1376,-0.015721153170734664,-0.011121153170734671,0.004599999999999993,17.226652311748616,12.185733461934591,0.2708228396119904,0.19158023897794688,-0.07924260063404351
21,33,0.3591545639587549,0.5082093407162553,0.18252570416471298,0.1716,0.1742,-0.010925704164712974,-0.008325704164712983,0.002599999999999991,3.5639564053281023,5.2660679107209685,0.038938733340548724,0.02967244668669569,-0.009266286653853033
21,34,0.3591545639587549,0.430076829107486,0.15446405602686308,0.1516,0.1488,-0.002864056026863071,-0.005664056026863096,-0.0028000000000000247,3.73038662619781,16.68332964704981,0.010684036299291235,0.021129118852645196,0.010445082553353961
21,35,0.3591545639587549,0.36780900467919186,0.1321002826956588,0.1102,0.1104,-0.021900282695658788,-0.021700282695658796,0.00019999999999999185,13.655330958698688,552.5134246982726,0.2990556082982826,0.29632454210654297,-0.0027310661917396284
21,36,0.3591545639587549,0.31652023366573906,0.11367968650634172,0.1188,0.1122,0.005120313493658282,-0.0014796865063417264,-0.006600000000000009,19.395578824892215,18.765331387340346,-0.09931144397440846,0.02869937626988033,0.12801082024428878
21,37,0.3591545639587549,0.29742640159246664,0.10682204957376387,0.102,0.1014,-0.0048220495737638785,-0.005422049573763868,-0.0005999999999999894,25.871559363625156,218.62605104229655,0.12475394180197556,0.14027687742015038,0.015522935618174818
21,38,0.3591545639587549,0.3126547933069382,0.11229139595976802,0.1088,0.1054,-0.0034913959597680233,-0.0068913959597680235,-0.0034000000000000002,0.011621356266523795,4.0555258377170205,4.057475631596598e-05,8.008736762214688e-05,3.9512611306180904e-05
21,39,0.3591545639587549,0.4273457371252059,0.15348317187683602,0.145,0.1528,-0.008483171876836032,-0.0006831718768360306,0.007800000000000001,7.8498431290175,8.151940333812,0.06659156846965582,0.005362792063319305,-0.06122877640633651
21,40,0.3591545639587549,0.21905177326219738,0.07867344411037655,0.0732,0.0764,-0.005473444110376549,-0.0022734441103765546,0.0031999999999999945,26.439048533273887,2.7784710739123843,0.1447126544784077,0.0601076991719314,-0.0846049553064763
21,41,0.3591545639587549,0.3502829106424205,0.12580570603398203,0.1346,0.1226,0.008794293966017969,-0.003205706033982028,-0.011999999999999997,42.3825800235237,13.73870808107298,-0.3727248677651482,0.1358660925171361,0.5085909602822842
21,42,0.3591545639587549,0.41157518975916685,0.14781910781419538,0.1476,0.1496,-0.00021910781419537395,0.0017808921858046278,0.0020000000000000018,2.334161957963646,25.444225811627913,0.0005114331245874088,-0.004156890791339888,-0.004668323915927296
21,43,0.3591545639587549,0.6032014180886877,0.21664254229294522,0.2082,0.2074,-0.008442542292945221,-0.009242542292945216,-0.0007999999999999952,4.029932903951323,10.834881031218222,0.034022878979340594,0.03724682530250164,0.003223946323161045
21,44,0.3591545639587549,0.33973613686845183,0.12201778409802069,0.1136,0.113,-0.008417784098020686,-0.00901778409802069,-0.0006000000000000033,1.2113700443692885,2.018118943870377,0.01019705149631041,0.010923873522931987,0.0007268220266215767
21,45,0.3591545639587549,0.37870641253843484,0.13601413646362592,0.1232,0.1202,-0.01281413646362592,-0.015814136463625922,-0.0030000000000000027,5.019826365286225,80.57334012953972,0.06432474006848499,0.07938421916434367,0.015059479095858683
21,46,0.3591545639587549,0.8322142840240537,0.2988935582989064,0.2836,0.2888,-0.015293558298906385,-0.010093558298906402,0.005199999999999982,1.3033342085587747,16.095014996838405,0.01993261770155263,0.013155279817047028,-0.006777337884505604
21,47,0.3591545639587549,0.40849133535173493,0.14671152742918186,0.1464,0.1512,-0.0003115274291818626,0.004488472570818136,0.004799999999999999,1.478977733111005,20.30735918549323,0.0004607421310132903,-0.006638350987919532,-0.007099093118932823
21,48,0.3591545639587549,0.9486986627935283,0.3407294545638635,0.3266,0.3342,-0.014129454563863497,-0.0065294545638635015,0.007599999999999996,0.5517449142258072,11.010691998491948,0.007795854696396305,0.003602593348280173,-0.004193261348116132
21,49,0.3591545639587549,0.96,0.3447883814004047,0.33,0.3422,-0.014788381400404671,-0.0025883814004046823,0.012199999999999989,0.2132563420614132,12.86838876414804,0.003153716122459339,0.0005519887493101006,-0.0026017273731492384
22,23,0.22768425877375342,0.20179848513594068,0.04594633850984295,0.0452,0.0446,-0.0007463385098429517,-0.0013463385098429481,-0.0005999999999999964,9.687756149584882,14.66890406670905,0.007230345488403072,0.013042999178153967,0.0058126536897508945
22,24,0.22768425877375342,0.35457382493066114,0.08073087850991219,0.0874,0.087,0.006669121490087818,0.006269121490087806,-0.00040000000000001146,1.9974592819234547,8.026695954804485,-0.013321298622651093,-0.012522314909881687,0.0007989837127694056
22,25,0.22768425877375342,0.7210253586494617,0.1641661243411824,0.17,0.1724,0.0058338756588176,0.008233875658817585,0.0023999999999999855,3.7481008998197156,13.278957820054483,-0.02186595460625058,-0.030861396765817846,-0.008995442159567265
22,26,0.22768425877375342,0.3766803921978068,0.08576419589216437,0.0864,0.086,0.000635804107835633,0.00023580410783562156,-0.00040000000000001146,0.9729172383837146,1.4157773190744556,-0.0006185847767484655,-0.00022941788139496856,0.00038916689535349694
22,27,0.22768425877375342,0.5734241788507295,0.13055965912457657,0.1392,0.1416,0.008640340875423425,0.011040340875423438,0.0024000000000000132,3.9071538102780328,11.369456367021266,-0.033759140773511664,-0.043136309918178996,-0.009377169144667331
22,28,0.22768425877375342,0.5368048429729841,0.12222201277846499,0.1268,0.1238,0.004577987221535004,0.0015779872215350016,-0.0030000000000000027,2.8673950988425343,1.9270883511869807,-0.013126898121593223,-0.004524712825065612,0.00860218529652761
22,29,0.22768425877375342,0.20992975486519724,0.04779770063103819,0.0482,0.0486,0.00040229936896180735,0.0008022993689618049,0.0003999999999999976,6.9270080306802475,4.0160601215313845,-0.0027867309595360355,-0.0055575341718081175,-0.002770803212272082
22,30,0.22768425877375342,0.518065685771502,0.1179554016610007,0.1258,0.1166,0.007844598338999295,-0.0013554016610007047,-0.0092,6.46096788679643,1.8023540250557704,-0.050683697953091064,0.008757206605436094,0.05944090455852716
22,31,0.22768425877375342,0.5744315312620573,0.13078901741167367,0.1422,0.1382,0.011410982588326318,0.007410982588326315,-0.0040000000000000036,0.07090827091659432,11.733570873362046,-0.0008091330447975833,-0.0005254999611312058,0.00028363308366637747
22,32,0.22768425877375342,0.41408676958317514,0.09428103920056326,0.1046,0.1024,0.010318960799436741,0.008118960799436747,-0.0021999999999999936,7.241201112400349,9.217744362600987,-0.07472167041969692,-0.0587910279724162,0.01593064244728072
22,33,0.22768425877375342,0.5082093407162553,0.1157112670428785,0.1228,0.1206,0.007088732957121507,0.0048887329571215,-0.0022000000000000075,0.18343414633269423,12.4106359614138,-0.0013003156785700188,-0.0008967605566380901,0.00040355512193192863
22,34,0.22768425877375342,0.430076829107486,0.09792172405110418,0.099,0.0978,0.0010782759488958266,-0.00012172405110418005,-0.0012000000000000066,0.2226600034653427,6.563207699125584,-0.00024008892651774044,2.7103077640672284e-05,0.00026719200415841274
22,35,0.22768425877375342,0.36780900467919186,0.0837443206006938,0.0862,0.0906,0.0024556793993062015,0.006855679399306203,0.004400000000000001,26.572625722532624,742.7891657909825,-0.06525384957229743,-0.182173402751441,-0.11691955317914357
22,36,0.22768425877375342,0.31652023366573906,0.07206667478907904,0.075,0.0744,0.0029333252109209618,0.0023333252109209585,-0.0006000000000000033,8.670015113070718,1.3838420104264377,-0.02543197391023609,-0.02022996484239363,0.005202009067842461
22,37,0.22768425877375342,0.29742640159246664,0.06771930978632548,0.0702,0.0694,0.0024806902136745163,0.001680690213674521,-0.0007999999999999952,42.84961239487416,324.0377881357812,-0.10629661412771058,-0.07201692421181145,0.03427968991589912
22,38,0.22768425877375342,0.3126547933069382,0.0711865748661513,0.0812,0.0726,0.010013425133848688,0.001413425133848692,-0.008599999999999997,1.827227680577607,9.50822519477579,-0.018296807581959854,-0.002582649528992439,0.015714158052967414
22,39,0.22768425877375342,0.4273457371252059,0.09729989739747578,0.1094,0.1044,0.012100102602524213,0.007100102602524222,-0.0049999999999999906,18.158757832512425,50.938201753021474,-0.21972283290779052,-0.12892904374522857,0.09079378916256195
22,40,0.22768425877375342,0.21905177326219738,0.04987464062827971,0.0522,0.053,0.0023253593717202925,0.0031253593717202877,0.0007999999999999952,13.55962256834251,8.610321779356685,-0.031530995416285235,-0.04237869347095918,-0.010847698054673949
22,41,0.22768425877375342,0.3502829106424205,0.07975390487073242,0.0802,0.0794,0.00044609512926757633,-0.00035390487073241883,-0.0007999999999999952,25.50894644901943,19.84725233382148,-0.011379416763655005,0.009027740395560415,0.02040715715921542
22,42,0.22768425877375342,0.41157518975916685,0.09370919200998282,0.0936,0.0988,-0.0001091920099828142,0.005090807990017182,0.005199999999999996,0.004657268839952375,1.074367062309669,5.085365456647292e-07,-2.3709261422087604e-05,-2.4217797967752333e-05
22,43,0.22768425877375342,0.6032014180886877,0.1373394677687998,0.1398,0.144,0.002460532231200213,0.006660532231200195,0.0041999999999999815,0.3002130665004162,11.784393600720419,-0.000738683926351727,-0.0019995788056534694,-0.0012608948793017423
22,44,0.22768425877375342,0.33973613686845183,0.07735257050155189,0.0826,0.0752,0.005247429498448114,-0.0021525705015518898,-0.007400000000000004,0.12883051662054654,12.405779452986867,-0.0006760290532149659,0.00027731676977707894,0.0009533458229920449
22,45,0.22768425877375342,0.37870641253843484,0.08622548883168081,0.0936,0.0904,0.007374511168319192,0.004174511168319184,-0.0032000000000000084,13.690363747077663,166.5808766420409,-0.10095974035117641,-0.057150576360527776,0.04380916399064864
22,46,0.22768425877375342,0.8322142840240537,0.1894820923989466,0.197,0.1984,0.00751790760105342,0.008917907601053404,0.0013999999999999846,0.10107033972587295,13.391194470113088,-0.0007598374752661917,-0.0009013359508824123,-0.00014149847561622055
22,47,0.22768425877375342,0.40849133535173493,0.09300704690506051,0.091,0.0936,-0.002007046905060511,0.000592953094939494,0.002600000000000005,0.05925328125006405,2.428574186385279,0.00011892411474762106,-3.513441650254577e-05,-0.00015405853125016684
22,48,0.22768425877375342,0.9486986627935283,0.21600375183779555,0.2286,0.2246,0.012596248162204449,0.008596248162204445,-0.0040000000000000036,4.85033491294422,13.978864879597348,-0.061096022233249704,-0.04169468258147281,0.019401339651776893
22,49,0.22768425877375342,0.96,0.2185768884228033,0.2288,0.2254,0.010223111577196714,0.0068231115771967,-0.003400000000000014,3.691582423997013,18.61072251727086,-0.03773945901693977,-0.025188078775349877,0.012551380241589895
23,24,0.20179848513594068,0.35457382493066114,0.07155246073986365,0.0716,0.073,4.753926013634224e-05,0.0014475392601363407,0.0013999999999999985,2.887284210590693,22.051566547316828,-0.0001372593551748245,-0.00417945725000179,-0.004042197894826966
23,25,0.20179848513594068,0.7210253586494617,0.14550182512005969,0.1414,0.1368,-0.004101825120059688,-0.00870182512005968,-0.004599999999999993,25.487527065048585,19.679676654557248,0.10454537876361746,0.22178800326284076,0.1172426244992233
23,26,0.20179848513594068,0.3766803921978068,0.07601353252592942,0.0734,0.0748,-0.002613532525929413,-0.0012135325259294144,0.0013999999999999985,4.5205154228380655,10.404400700992491,0.011814514091552836,0.005485792499579553,-0.006328721591973284
23,27,0.20179848513594068,0.5734241788507295,0.11571613063239793,0.1154,0.1152,-0.0003161306323979235,-0.0005161306323979292,-0.00020000000000000573,25.899633175424487,23.679104080028182,0.008187667414621182,0.013367594049706229,0.005179926635085047
23,28,0.20179848513594068,0.5368048429729841,0.10832640412558471,0.0994,0.1018,-0.008926404125584708,-0.006526404125584709,0.0023999999999999994,2.014065061112313,13.05418248800964,0.017978358670708967,0.013144602524039418,-0.00483375614666955
23,29,0.20179848513594068,0.20992975486519724,0.042363506516756175,0.0392,0.0418,-0.003163506516756176,-0.0005635065167561779,0.002599999999999998,32.99855673845462,11.818221504362935,0.1043911492856496,0.01859490176566766,-0.08579624751998194
23,30,0.20179848513594068,0.518065685771502,0.10454487058960137,0.0984,0.099,-0.0061448705896013645,-0.005544870589601361,0.0006000000000000033,0.32566726752877034,21.15199166952752,0.0020011832142333803,0.001805782853716117,-0.00019540036051726327
23,31,0.20179848513594068,0.5744315312620573,0.1159194128230019,0.1082,0.1144,-0.007719412823001898,-0.0015194128230019005,0.006199999999999997,8.101025089852413,19.926658853037903,0.06253515695806681,0.01230880140098188,-0.050226355557084934
23,32,0.20179848513594068,0.41408676958317514,0.08356208281672006,0.0862,0.0794,0.0026379171832799364,-0.004162082816720064,-0.0068000000000000005,0.1777196232867253,21.328316290681546,-0.0004688096480740898,0.0007396837902756423,0.001208493438349732
23,33,0.20179848513594068,0.5082093407162553,0.10255587508847547,0.1004,0.1004,-0.0021558750884754646,-0.0021558750884754646,0.0,7.205058056752825,15.012566757001867,0.015533205175572856,0.015533205175572856,0.0
23,34,0.20179848513594068,0.430076829107486,0.08678885260595952,0.0766,0.078,-0.010188852605959517,-0.008788852605959518,0.0013999999999999985,6.973018789506798,3.9312433551051056,0.07104706066487101,0.06128483435956151,-0.009762226305309506
23,35,0.20179848513594068,0.36780900467919186,0.07422329996361904,0.0708,0.0678,-0.0034232999636190364,-0.006423299963619039,-0.0030000000000000027,68.34957745281618,548.7975329560354,0.23398110600760214,0.43902983836605086,0.20504873235844873
23,36,0.20179848513594068,0.31652023366573906,0.06387330366862011,0.0604,0.058,-0.0034733036686201077,-0.005873303668620107,-0.0023999999999999994,0.028233109320179434,8.764577795099601,9.806216217833178e-05,0.00016582162454676242,6.775946236843064e-05
23,37,0.20179848513594068,0.29742640159246664,0.0600201972807937,0.0504,0.0508,-0.009620197280793698,-0.0092201972807937,0.0003999999999999976,93.28618918927135,201.54599166947116,0.8974315435742347,0.8601170678985264,-0.037314475675708336
23,38,0.20179848513594068,0.3126547933069382,0.06309326365983077,0.0628,0.059,-0.0002932636598307753,-0.004093263659830773,-0.003799999999999998,19.929670086751603,10.514499797276914,0.0058446479888607,0.08157739431851675,0.07573274632965606
23,39,0.20179848513594068,0.4273457371252059,0.08623772238116847,0.0852,0.085,-0.0010377223811684766,-0.0012377223811684684,-0.00019999999999999185,54.37330179070654,14.654905942860847,0.056424392206244185,0.06729905256438505,0.010874660358140865
23,40,0.20179848513594068,0.21905177326219738,0.044204316010652986,0.0444,0.0426,0.00019568398934701609,-0.001604316010652987,-0.001800000000000003,0.3246985149048752,5.446196674474554,-6.353830073163755e-05,0.0005209190260971388,0.0005844573268287763
23,41,0.20179848513594068,0.3502829106424205,0.07068656073664853,0.0672,0.065,-0.0034865607366485335,-0.005686560736648527,-0.0021999999999999936,3.7563175608272195,1.4372623926317112,0.013096629321963572,0.021360527955783432,0.00826389863381986
23,42,0.20179848513594068,0.41157518975916685,0.08305524981293719,0.082,0.0776,-0.001055249812937184,-0.005455249812937185,-0.004400000000000001,9.267591173976552,13.866696690459253,0.009779623852717054,0.050557025018213894,0.04077740116549684
23,43,0.20179848513594068,0.6032014180886877,0.12172513240214837,0.1172,0.1148,-0.004525132402148371,-0.006925132402148371,-0.0023999999999999994,6.577168148198081,21.82098026224136,0.029762556701789337,0.04554776025746472,0.015785203555675385
23,44,0.20179848513594068,0.33973613686845183,0.06855823776599018,0.0668,0.0602,-0.0017582377659901838,-0.008358237765990185,-0.006600000000000002,12.050935456922666,8.872952196224375,0.021188409835871603,0.10072458385156122,0.07953617401568962
23,45,0.20179848513594068,0.37870641253843484,0.07642238036152277,0.0742,0.0696,-0.002222380361522766,-0.006822380361522773,-0.004600000000000007,46.4110446419749,83.5591866315629,0.10314299417008141,0.3166337995231662,0.21349080535308482
23,46,0.20179848513594068,0.8322142840240537,0.16793958182454552,0.1634,0.1614,-0.00453958182454553,-0.006539581824545532,-0.0020000000000000018,11.767861410902546,28.566012251876586,0.05342116977470391,0.07695689259650902,0.023535722821805112
23,47,0.20179848513594068,0.40849133535173493,0.08243293266513764,0.077,0.0728,-0.005432932665137641,-0.009632932665137636,-0.004199999999999995,11.262306549968208,8.37661456289566,0.06118735314011589,0.10848904064998231,0.04730168750986642
23,48,0.20179848513594068,0.9486986627935283,0.1914459530022266,0.1858,0.182,-0.005645953002226617,-0.009445953002226615,-0.003799999999999998,28.24777550534858,23.53558204361901,0.1594856129206463,0.2668271598409709,0.10734154692032458
23,49,0.20179848513594068,0.96,0.19372654573050305,0.1872,0.1858,-0.006526545730503042,-0.007926545730503054,-0.0014000000000000123,25.339798486106414,28.425746016755358,0.16538135362130527,0.20085707150185456,0.03547571788054929
24,25,0.35457382493066114,0.7210253586494617,0.2556567192883414,0.2538,0.2502,-0.0018567192883413575,-0.005456719288341405,-0.0036000000000000476,11.217919428697098,1.4113468119579613,0.020828527378321162,0.06121303732163125,0.04038450994331008
24,26,0.35457382493066114,0.3766803921978068,0.13356100743795793,0.1376,0.135,0.004038992562042071,0.0014389925620420796,-0.002599999999999991,0.18228572669740226,14.588083787052668,-0.0007362506942972415,-0.00026230780488399716,0.0004739428894132443
24,27,0.35457382493066114,0.5734241788507295,0.2033212044028267,0.2004,0.1982,-0.0029212044028266992,-0.005121204402826707,-0.0022000000000000075,11.49187741179205,0.3266809255393715,0.03357012289207163,0.05885225319801422,0.02528213030594259
24,28,0.35457382493066114,0.5368048429729841,0.19033694641423393,0.195,0.1972,0.004663053585766075,0.006863053585766055,0.0021999999999999797,0.07841313277188375,17.289532354983955,-0.0003656446399430838,-0.0005381535320412265,-0.00017250889209814268
24,29,0.35457382493066114,0.20992975486519724,0.07443559614930906,0.0704,0.0726,-0.004035596149309054,-0.00183559614930906,0.0021999999999999936,16.36393409103361,1.740626354706587,0.06603822940532238,0.030037574405048548,-0.03600065500027383
24,30,0.35457382493066114,0.518065685771502,0.18369253176932746,0.1946,0.1866,0.01090746823067254,0.002907468230672533,-0.008000000000000007,1.2735763628392518,16.702240722557363,-0.013891493717004624,-0.003702882814290599,0.010188610902714024
24,31,0.35457382493066114,0.5744315312620573,0.2036783852003643,0.2006,0.1936,-0.0030783852003642975,-0.010078385200364304,-0.007000000000000006,1.3156753610179355,0.817348634086239,0.004050155559841567,0.013259883086967123,0.009209727527125556
24,32,0.35457382493066114,0.41408676958317514,0.14682432974428777,0.1464,0.1434,-0.00042432974428777137,-0.003424329744287774,-0.0030000000000000027,1.632346076800889,0.09695844184397404,0.0006926529933580681,0.00558969122376074,0.004897038230402672
24,33,0.35457382493066114,0.5082093407162553,0.18019772980325224,0.1712,0.1834,-0.008997729803252252,0.003202270196747764,0.012200000000000016,0.9702700545945542,2.3256600995440935,0.00873022778742861,-0.003107066878624967,-0.011837294666053577
24,34,0.35457382493066114,0.430076829107486,0.1524939863106916,0.1626,0.1558,0.010106013689308385,0.0033060136893083847,-0.0068000000000000005,0.8863212637454042,21.05823602159589,-0.008957174824536163,-0.0029301902310674135,0.00602698459346875
24,35,0.35457382493066114,0.36780900467919186,0.1304154456330405,0.1256,0.1252,-0.00481544563304051,-0.005215445633040494,-0.0003999999999999837,43.14097899138095,741.308842430756,0.20774303888913778,0.22499943048568946,0.01725639159655168
24,36,0.35457382493066114,0.31652023366573906,0.11222978991880772,0.1234,0.107,0.011170210081192275,-0.005229789918807723,-0.016399999999999998,2.3444936399954597,13.168684141166295,-0.026188486492768455,0.012261209203157078,0.03844969569592553
24,37,0.35457382493066114,0.29742640159246664,0.10545961684800378,0.104,0.1072,-0.001459616848003789,0.0017403831519962193,0.0032000000000000084,63.35008289172841,339.51169826156365,0.09246684831120339,-0.11025341694232806,-0.20272026525353143
24,38,0.35457382493066114,0.3126547933069382,0.11085920594574634,0.1078,0.1046,-0.0030592059457463378,-0.006259205945746346,-0.0032000000000000084,7.645583658700636,2.988702360486083,0.02338941498739802,0.04785528269524012,0.0244658677078421
24,39,0.35457382493066114,0.4273457371252059,0.1515256125802971,0.1518,0.1394,0.00027438741970289837,-0.012125612580297096,-0.012399999999999994,32.20136209168746,43.1939108967824,-0.008835648655256849,0.3904612412816674,0.39929688993692425
24,40,0.35457382493066114,0.21905177326219738,0.07767002510342125,0.0746,0.0782,-0.003070025103421248,0.0005299748965787582,0.003600000000000006,5.14847119206292,6.129047262614735,0.01580593580387428,-0.0027285604875522617,-0.01853449629142654
24,41,0.35457382493066114,0.3502829106424205,0.12420115143432803,0.1346,0.1352,0.01039884856567197,0.01099884856567196,0.0005999999999999894,13.23012023972603,33.348889131631275,-0.13757801687854274,-0.1455160890223782,-0.007938072143835462
24,42,0.35457382493066114,0.41157518975916685,0.14593378927947045,0.1534,0.1516,0.007466210720529554,0.0056662107205295575,-0.001799999999999996,1.8092154893585952,14.764150236570954,-0.013507984082397267,-0.010251396201551802,0.0032565878808454643
24,43,0.35457382493066114,0.6032014180886877,0.21387943401530488,0.2056,0.2096,-0.00827943401530487,-0.004279434015304867,0.0040000000000000036,0.7489136503227629,0.5705834895157271,0.006200581151008421,0.0032049265497173665,-0.0029956546012910546
24,44,0.35457382493066114,0.33973613686845183,0.12046154151661358,0.1212,0.1108,0.0007384584833864255,-0.009661541516613581,-0.010400000000000006,3.1408512037210454,5.30767367084052,-0.002319388216442272,0.03034546430225662,0.03266485251869889
24,45,0.35457382493066114,0.37870641253843484,0.13427938121952174,0.1284,0.1256,-0.005879381219521751,-0.008679381219521748,-0.002799999999999997,26.146492951990115,161.23042891655467,0.1537251996182885,0.22693537988386075,0.07321018026557224
24,46,0.35457382493066114,0.8322142840240537,0.2950814018483403,0.2904,0.2886,-0.004681401848340316,-0.006481401848340285,-0.0017999999999999683,2.997159441347298,0.7063130474350902,0.014030907748493871,0.019425794742918914,0.005394886994425042
24,47,0.35457382493066114,0.40849133535173493,0.14484033522669806,0.1428,0.1476,-0.0020403352266980535,0.0027596647733019453,0.004799999999999999,2.744770748554265,16.29092365999463,0.005600252447485653,-0.007574647145574816,-0.013174899593060469
24,48,0.35457382493066114,0.9486986627935283,0.3363837135733048,0.3362,0.3308,-0.0001837135733048223,-0.005583713573304838,-0.005400000000000016,13.073015955511329,1.057473680050102,0.002401690475057942,0.07299597663481933,0.07059428615976139
24,49,0.35457382493066114,0.96,0.3403908719334347,0.3404,0.336,9.128066565278203e-06,-0.004390871933434681,-0.0043999999999999595,11.119984746608088,2.3622143282600825,-0.0001015039609719169,0.04882642892410322,0.04892793288507514
25,26,0.7210253586494617,0.3766803921978068,0.27159611488064356,0.2806,0.2848,0.009003885119356458,0.01320388511935644,0.0041999999999999815,8.540228515564756,19.571268267536013,-0.0768952364471972,-0.11276419621256903,-0.03586895976537183
25,27,0.7210253586494617,0.5734241788507295,0.4134533742141203,0.4138,0.4172,0.00034662578587968396,0.003746625785879698,0.003400000000000014,0.0016524962282229985,0.6101216003669087,-5.727978037710104e-07,-6.191284979729229e-06,-5.618487175958218e-06
25,28,0.7210253586494617,0.5368048429729841,0.3870499044293639,0.3932,0.3996,0.006150095570636116,0.012550095570636133,0.006400000000000017,13.172106754261621,23.31931688817989,-0.08100971540533046,-0.16531119863260507,-0.08430148322727461
25,29,0.7210253586494617,0.20992975486519724,0.1513646767928724,0.1414,0.15,-0.009964676792872412,-0.0013646767928724157,0.008599999999999997,0.484304245324011,2.883374926035575,0.00482593527406976,0.000660918764283267,-0.004165016509786493
25,30,0.7210253586494617,0.518065685771502,0.37353849688737656,0.3758,0.3844,0.002261503112623464,0.01086150311262346,0.008599999999999997,20.051092877260913,24.72157220864222,-0.04534560895342773,-0.2177850076978715,-0.17243939874444378
25,31,0.7210253586494617,0.5744315312620573,0.4141797008477843,0.405,0.4194,-0.0091797008477843,0.005220299152215668,0.014399999999999968,4.850069506559867,0.08068243658165736,0.04452218716118039,-0.02531881373328154,-0.06984100089446194
25,32,0.7210253586494617,0.41408676958317514,0.2985670615507059,0.2928,0.2908,-0.0057670615507058876,-0.007767061550705889,-0.0020000000000000018,21.408659459810252,0.7698677566706057,0.12346505682282759,0.1662823757424481,0.042817318919620526
25,33,0.7210253586494617,0.5082093407162553,0.3664318221589445,0.3536,0.3634,-0.012831822158944461,-0.003031822158944486,0.009799999999999975,5.589883247137032,0.35448988149205285,0.07172838771652539,0.01694753189458261,-0.054780855821942774
25,34,0.7210253586494617,0.430076829107486,0.31009629995404836,0.314,0.3192,0.0039037000459516413,0.009103700045951624,0.005199999999999982,5.797837430792663,23.382900554797562,-0.022633018245005465,-0.05278177288512721,-0.030148754640121747
25,35,0.7210253586494617,0.36780900467919186,0.26519961951331583,0.2576,0.2498,-0.007599619513315836,-0.015399619513315838,-0.007800000000000001,10.361079092278363,691.2072019623455,0.07874025884868738,0.1595566757684586,0.08081641691977123
25,36,0.7210253586494617,0.31652023366573906,0.22821911499865094,0.2428,0.2352,0.014580885001349048,0.006980885001349052,-0.007599999999999996,23.819184637673096,17.424326059040034,-0.3473047920278113,-0.16627898878149588,0.1810258032463154
25,37,0.7210253586494617,0.29742640159246664,0.2144519778800271,0.215,0.214,0.0005480221199729018,-0.00045197788002709904,-0.0010000000000000009,21.25173367076504,311.51466952111565,-0.011646420139352158,0.009605313531412902,0.02125173367076506
25,38,0.7210253586494617,0.3126547933069382,0.22543203447760843,0.2186,0.2178,-0.00683203447760844,-0.007632034477608435,-0.0007999999999999952,0.3413497062525594,1.427497088894437,0.002332112962038999,0.0026051927270410447,0.0002730797650020455
25,39,0.7210253586494617,0.4273457371252059,0.3081271133780202,0.308,0.3114,-0.00012711337802018274,0.0032728866219798314,0.003400000000000014,5.40705793697123,31.849064508264902,0.0006873093995192535,-0.017696687586183008,-0.018383996985702263
25,40,0.7210253586494617,0.21905177326219738,0.15794188337917645,0.1584,0.1578,0.00045811662082356763,-0.00014188337917644955,-0.0006000000000000172,31.565750477481615,4.4299284338799385,-0.014460794942503795,0.004478655343985717,0.018939450286489513
25,41,0.7210253586494617,0.3502829106424205,0.2525628612747286,0.268,0.2548,0.015437138725271415,0.002237138725271426,-0.01319999999999999,48.81313132687756,31.425053562819556,-0.7535350799079008,-0.10920174639311757,0.6443333335147833
25,42,0.7210253586494617,0.41157518975916685,0.29675614880732354,0.3008,0.304,0.004043851192676473,0.007243851192676454,0.0031999999999999806,4.016999827220372,20.835217141330716,-0.016244149542286288,-0.029098548989391404,-0.012854399447105116
25,43,0.7210253586494617,0.6032014180886877,0.4349235188152599,0.4204,0.4312,-0.014523518815259928,-0.0037235188152598964,0.010800000000000032,6.169850074603793,0.23556900455056998,0.08960793364584106,0.0229735528401199,-0.06663438080572116
25,44,0.7210253586494617,0.33973613686845183,0.2449583699317581,0.2438,0.2352,-0.0011583699317581075,-0.009758369931758104,-0.008599999999999997,2.4871547793223265,2.4571773221102786,0.0028810453119954543,0.024270576414167452,0.021389531102171996
25,45,0.7210253586494617,0.37870641253843484,0.27305692692337596,0.2656,0.2614,-0.007456926923375962,-0.011656926923375943,-0.0041999999999999815,3.111864955514779,138.52272700924888,0.023204949568688293,0.03627478238185031,0.013069832813162013
25,46,0.7210253586494617,0.8322142840240537,0.6000476026116484,0.5886,0.601,-0.011447602611648344,0.0009523973883516224,0.012399999999999967,2.618201164732023,1.3438336701901845,0.029972126491207046,-0.0024935679514699544,-0.032465694442677
25,47,0.7210253586494617,0.40849133535173493,0.2945326115771822,0.29,0.3044,-0.004532611577182211,0.009867388422817813,0.014400000000000024,2.864831445491193,20.657269230837425,0.012985168176509028,-0.02826840463856422,-0.04125357281507325
25,48,0.7210253586494617,0.9486986627935283,0.6840357935909684,0.6824,0.6842,-0.0016357935909684373,0.00016420640903158645,0.0018000000000000238,0.07094036529913766,0.20907053148361943,0.00011604379489728912,-1.1648862641160362e-05,-0.00012769265753844947
25,49,0.7210253586494617,0.96,0.6921843443034832,0.6894,0.6962,-0.002784344303483177,0.004015655696516851,0.006800000000000028,0.0002146854953460954,0.8176141833339543,5.977583360073649e-07,-8.6210303234609e-07,-1.4598613683534548e-06
26,27,0.3766803921978068,0.5734241788507295,0.2159976445851981,0.2256,0.2278,0.009602355414801894,0.011802355414801902,0.0022000000000000075,8.779474744118842,18.57742400531621,-0.08430363684830604,-0.10361848128536755,-0.01931484443706151
26,28,0.3766803921978068,0.5368048429729841,0.20220385878474575,0.1962,0.1976,-0.006003858784745741,-0.004603858784745757,0.0013999999999999846,0.4998105061111233,0.2211265507259997,0.0030007916978234826,0.0023010569892679177,-0.000699734708555565
26,29,0.3766803921978068,0.20992975486519724,0.07907642239661195,0.08,0.0826,0.0009235776033880566,0.0035235776033880617,0.002600000000000005,13.091998274510335,7.437947716182325,-0.012091476389932828,-0.04613067190365976,-0.03403919551372694
26,30,0.3766803921978068,0.518065685771502,0.19514518570063513,0.1876,0.187,-0.007545185700635143,-0.008145185700635132,-0.0005999999999999894,2.4195109733211733,1.8997136964688206,0.018255659598432734,0.019707366182425412,0.0014517065839926777
26,31,0.3766803921978068,0.5744315312620573,0.21637709448657844,0.221,0.2322,0.004622905513421566,0.015822905513421553,0.011199999999999988,0.518514633270744,18.073227316420876,-0.0023970441569370836,-0.00820440804956941,-0.005807363892632325
26,32,0.3766803921978068,0.41408676958317514,0.15597836677051327,0.1618,0.1676,0.005821633229486728,0.011621633229486728,0.0058,2.9056008971600753,15.754189031529421,-0.01691534273453354,-0.033767827938061976,-0.016852485203528434
26,33,0.3766803921978068,0.5082093407162553,0.19143249377958788,0.1954,0.205,0.003967506220412115,0.013567506220412112,0.009599999999999997,0.311446080968636,17.354284585492692,-0.0012356642635660386,-0.004225546640864944,-0.002989882377298905
26,34,0.3766803921978068,0.430076829107486,0.16200150866339696,0.1532,0.1572,-0.008801508663396962,-0.004801508663396958,0.0040000000000000036,0.26470720651649904,2.379041080258255,0.002329822771418575,0.001270993945352578,-0.001058828826065997
26,35,0.3766803921978068,0.36780900467919186,0.13854644013644296,0.1378,0.14,-0.0007464401364429551,0.0014535598635570524,0.0022000000000000075,37.714705293098966,705.423608469119,0.028151769764886633,-0.05482058187993137,-0.082972351644818
26,36,0.3766803921978068,0.31652023366573906,0.11922696575575203,0.1204,0.1158,0.0011730342442479585,-0.0034269657557520344,-0.004599999999999993,3.8342467305746686,0.10105725234008851,-0.004497702715859862,0.013139832244783586,0.01763753496064345
26,37,0.3766803921978068,0.29742640159246664,0.11203469360183273,0.105,0.1088,-0.007034693601832731,-0.0032346936018327332,0.003799999999999998,56.73595312310494,295.4605621380984,0.3991200464289881,0.18352342456118945,-0.21559662186779863
26,38,0.3766803921978068,0.3126547933069382,0.11777093016538169,0.125,0.1204,0.00722906983461831,0.002629069834618303,-0.004600000000000007,5.466784233818766,12.959853720191536,-0.039519764997066206,-0.014372557521499848,0.02514720747556636
26,39,0.3766803921978068,0.4273457371252059,0.16097275986438342,0.1692,0.1778,0.00822724013561657,0.016827240135616595,0.008600000000000024,27.53809369546787,47.30342218456845,-0.22656250970972291,-0.46339011549074727,-0.23682760578102435
26,40,0.3766803921978068,0.21905177326219738,0.08251250786402956,0.086,0.0848,0.003487492135970438,0.0022874921359704453,-0.0011999999999999927,7.268273693011147,9.897490467518326,-0.025348047346457188,-0.016626118914843866,0.008721928431613322
26,41,0.3766803921978068,0.3502829106424205,0.13194470416097628,0.1292,0.127,-0.0027447041609762746,-0.004944704160976282,-0.0022000000000000075,16.518311362402173,12.82080654315595,0.04533787792868692,0.08167816292597183,0.03634028499728491
26,42,0.3766803921978068,0.41157518975916685,0.15503230389736972,0.1502,0.1536,-0.004832303897369716,-0.00143230389736973,0.0033999999999999864,0.8429470636888959,0.2524501921132342,0.004073376381140211,0.0012073563645979756,-0.002866020016542235
26,43,0.3766803921978068,0.6032014180886877,0.2272141467399201,0.2348,0.2428,0.007585853260079906,0.015585853260079885,0.00799999999999998,0.1922372156541341,18.592063072884667,-0.001458283309078597,-0.0029961810343116656,-0.0015378977252330686
26,44,0.3766803921978068,0.33973613686845183,0.1279719412793762,0.1324,0.1242,0.004428058720623795,-0.0037719412793761897,-0.008199999999999985,1.809819588789533,15.13593704708024,-0.008013987412895263,0.006826533215178881,0.014840520628074144
26,45,0.3766803921978068,0.37870641253843484,0.14265128000280206,0.1474,0.147,0.004748719997197948,0.004348719997197936,-0.00040000000000001146,21.962483925310444,152.77305270010285,-0.10429368660426018,-0.09550869303413576,0.008784993570124425
26,46,0.3766803921978068,0.8322142840240537,0.31347880289879754,0.318,0.3264,0.004521197101202468,0.012921197101202486,0.008400000000000019,1.7011496809461673,21.714149548706587,-0.0076912330062053145,-0.02198089032615315,-0.014289657319947835
26,47,0.3766803921978068,0.40849133535173493,0.15387067640969734,0.145,0.1516,-0.008870676409697353,-0.002270676409697331,0.0066000000000000225,1.5123727218735679,0.1754177502039483,0.013415769026593635,0.003434109062228053,-0.00998165996436558
26,48,0.3766803921978068,0.9486986627935283,0.3573561843786011,0.3582,0.3702,0.0008438156213989023,0.012843815621398857,0.011999999999999955,10.167892273933166,21.251252931109402,-0.008579826337446013,-0.13059453362464354,-0.12201470728719753
26,49,0.3766803921978068,0.96,0.3616131765098945,0.361,0.3702,-0.0006131765098945086,0.008586823490105477,0.009199999999999986,8.454805284475619,27.028236780026038,0.005184287996172408,-0.07259992062100316,-0.07778420861717557
27,28,0.5734241788507295,0.5368048429729841,0.3078168762848782,0.319,0.321,0.011183123715121812,0.013183123715121814,0.0020000000000000018,13.468831151755744,21.801879912507726,-0.1506236050681711,-0.1775612673716826,-0.026937662303511495
27,29,0.5734241788507295,0.20992975486519724,0.12037879729991066,0.1198,0.1222,-0.0005787972999106578,0.0018212027000893416,0.0023999999999999994,0.4293772067817779,2.7968525484647033,0.0002485223679284732,-0.0007819829283477935,-0.0010305052962762667
27,30,0.5734241788507295,0.518065685771502,0.2970713904542636,0.3178,0.3108,0.02072860954573641,0.013728609545736403,-0.007000000000000006,20.41680226657824,21.575901938416013,-0.4232119223564065,-0.2802943064903587,0.1429176158660478
27,31,0.5734241788507295,0.5744315312620573,0.32939292911991236,0.3268,0.3348,-0.0025929291199123794,0.005407070880087628,0.008000000000000007,5.030771957451136,0.290276171903489,0.013044435104113652,-0.02720174055549547,-0.040246175659609126
27,32,0.5734241788507295,0.41408676958317514,0.23744736582118345,0.232,0.2284,-0.005447365821183436,-0.009047365821183456,-0.00360000000000002,21.786491322876408,0.11635604912356748,0.11867898819574646,0.19711035695810195,0.07843136876235549
27,33,0.5734241788507295,0.5082093407162553,0.29141952388448933,0.2882,0.282,-0.003219523884489317,-0.009419523884489356,-0.006200000000000039,5.783757084345915,1.6488542590779376,0.018620944075135967,0.05448023799808086,0.035859293922944895
27,34,0.5734241788507295,0.430076829107486,0.2466164525736857,0.2568,0.2478,0.010183547426314277,0.0011835474263142964,-0.00899999999999998,5.995254116659697,24.66117849749734,-0.06105295462980993,-0.007095667579872776,0.05395728704993716
27,35,0.5734241788507295,0.36780900467919186,0.2109105764820697,0.2054,0.202,-0.005510576482069707,-0.008910576482069693,-0.0033999999999999864,10.101032187511398,731.537531247145,0.055662510417129434,0.09000601985466805,0.03434350943753862
27,36,0.5734241788507295,0.31652023366573906,0.18150035507941745,0.1944,0.1864,0.012899644920582543,0.004899644920582563,-0.00799999999999998,24.217629839343857,16.81292769839538,-0.3123988257456402,-0.11865778703088985,0.19374103871475035
27,37,0.5734241788507295,0.29742640159246664,0.1705514901016875,0.1744,0.1772,0.0038485098983125077,0.006648509898312505,0.002799999999999997,20.878588036079364,336.7774636173721,-0.08035145271964053,-0.1388114992206627,-0.058460046501022156
27,38,0.5734241788507295,0.3126547933069382,0.1792838181157756,0.173,0.1734,-0.006283818115775608,-0.0058838181157755964,0.00040000000000001146,0.390502901510897,2.8872023687747213,0.0024538492067771125,0.0022976480461727494,-0.00015620116060436305
27,39,0.5734241788507295,0.4273457371252059,0.2450503783963809,0.2422,0.2462,-0.002850378396380915,0.0011496216036190887,0.0040000000000000036,5.219658664134702,40.83686645841983,0.014878002292732019,-0.006000632363806806,-0.020878634656538823
27,40,0.5734241788507295,0.21905177326219738,0.12560958320867172,0.1238,0.1212,-0.0018095832086717223,-0.0044095832086717135,-0.002599999999999991,32.02418425005581,6.55061387074308,0.057950426090310425,0.14121330514045524,0.08326287905014482
27,41,0.5734241788507295,0.3502829106424205,0.20086069040057344,0.2184,0.2066,0.017539309599426567,0.005739309599426562,-0.011800000000000005,49.38281028518451,35.909225470107465,-0.8661403984815977,-0.2834232371164202,0.5827171613651776
27,42,0.5734241788507295,0.41157518975916685,0.23600716522298343,0.2438,0.2348,0.007792834777016561,-0.0012071652229834196,-0.00899999999999998,4.181601113726449,19.056460296659587,-0.032586526582658655,0.005047883440879305,0.037634410023537956
27,43,0.5734241788507295,0.6032014180886877,0.3458902778491013,0.3364,0.3308,-0.009490277849101336,-0.01509027784910133,-0.005599999999999994,6.373449632974393,0.0885145685111568,0.06048580787417992,0.09617712581883649,0.03569131794465657
27,44,0.5734241788507295,0.33973613686845183,0.19481291530971104,0.1908,0.1774,-0.00401291530971104,-0.017412915309711036,-0.013399999999999995,2.6170260556389118,4.851859859612959,0.010501903924586086,0.04557005307014749,0.0350681491455614
27,45,0.5734241788507295,0.37870641253843484,0.2171594136353576,0.2188,0.2004,0.001640586364642399,-0.0167594136353576,-0.0184,2.970097158873025,156.77589806846228,-0.004872700900510214,0.04977708682275345,0.05464978772326366
27,46,0.5734241788507295,0.8322142840240537,0.47721179244434075,0.47,0.4722,-0.007211792444340781,-0.005011792444340746,0.0022000000000000353,2.7514069588960823,0.2305307322392273,0.01984257591747341,0.013789480607901935,-0.006053095309571476
27,47,0.5734241788507295,0.40849133535173493,0.23423880854170656,0.2332,0.2426,-0.0010388085417065707,0.008361191458293449,0.00940000000000002,3.004093870985713,20.24303053853525,0.0031206783732683156,-0.025117804013997446,-0.028238482387265763
27,48,0.5734241788507295,0.9486986627935283,0.5440067516891641,0.5496,0.5418,0.005593248310835852,-0.002206751689164177,-0.007800000000000029,0.05093842215936162,0.23221446711330235,-0.00028491124369949293,0.0001124084491435292,0.00039731969284302214
27,49,0.5734241788507295,0.96,0.5504872116967003,0.5524,0.5508,0.0019127883032996618,0.00031278830329961593,-0.0016000000000000458,0.003058428081487738,0.9331713788763483,-5.8501254607529705e-06,-9.566405303724492e-07,4.893484930380521e-06
28,29,0.5368048429729841,0.20992975486519724,0.11269130909576926,0.1158,0.1216,0.003108690904230743,0.008908690904230743,0.0058,18.707869094413297,9.8062307740203,-0.058156982491342046,-0.16666262323893916,-0.10850564074759711
28,30,0.5368048429729841,0.518065685771502,0.2781001691002625,0.2766,0.2736,-0.0015001691002624606,-0.004500169100262463,-0.0030000000000000027,0.7199606594511164,1.165162303002898,0.0010800627347131492,0.0032399447130665,0.0021598819783533512
28,31,0.5368048429729841,0.5744315312620573,0.3083576279378595,0.3192,0.3306,0.010842372062140504,0.022242372062140525,0.011400000000000021,2.0364784898769175,21.56875917894714,-0.022080257483791572,-0.04529611226838848,-0.023215854784596906
28,32,0.5368048429729841,0.41408676958317514,0.2222837833232866,0.2352,0.236,0.012916216676713388,0.013716216676713383,0.0007999999999999952,0.9952248088627813,18.735752283882842,-0.01285453927331235,-0.01365071912040257,-0.0007961798470902202
28,33,0.5368048429729841,0.5082093407162553,0.27280923534059326,0.2752,0.2862,0.002390764659406741,0.013390764659406751,0.01100000000000001,1.6003421929686514,21.129889934169178,-0.003826041557906935,-0.021429805680562117,-0.017603764122655182
28,34,0.5368048429729841,0.430076829107486,0.23086732471536298,0.22,0.22,-0.010867324715362975,-0.010867324715362975,0.0,1.4919885171559497,3.236376104197992,0.016213923687526607,0.016213923687526607,0.0
28,35,0.5368048429729841,0.36780900467919186,0.1974416550008632,0.2004,0.1924,0.0029583449991368027,-0.005041655000863204,-0.008000000000000007,46.89788057108872,721.802734277796,-0.13874011045759532,0.23644293411111475,0.3751830445687101
28,36,0.5368048429729841,0.31652023366573906,0.16990959433070932,0.1652,0.1588,-0.004709594330709305,-0.011109594330709321,-0.006400000000000017,1.5653775520971647,0.6200637829767213,0.0073722932447764155,0.017390709578198296,0.010018416333421879
28,37,0.5368048429729841,0.29742640159246664,0.15965993280286378,0.156,0.1514,-0.00365993280286378,-0.008259932802863773,-0.004599999999999993,67.8860641780562,304.5722493443904,0.2484584331425837,0.5607343283616417,0.312275895219058
28,38,0.5368048429729841,0.3126547933069382,0.16783460722588175,0.1726,0.173,0.004765392774118249,0.005165392774118233,0.0003999999999999837,9.272562794648668,16.370665899291176,-0.04418740373917648,-0.047896428857035794,-0.0037090251178593173
28,39,0.5368048429729841,0.4273457371252059,0.2294012613126703,0.25,0.2438,0.0205987386873297,0.014398738687329687,-0.006200000000000011,35.45783103336578,53.48659313170888,-0.7303865958757912,-0.510548043468923,0.21983855240686823
28,40,0.5368048429729841,0.21905177326219738,0.1175880527489676,0.1252,0.122,0.007611947251032411,0.004411947251032403,-0.0032000000000000084,3.9561243079072197,13.060457607556025,-0.03011380955031686,-0.017454211765013723,0.012659597785303137
28,41,0.5368048429729841,0.3502829106424205,0.18803356284352438,0.186,0.1786,-0.002033562843524378,-0.009433562843524368,-0.00739999999999999,11.271461773416895,14.914679120739402,0.02292122585462599,0.1063300429779109,0.0834088171232849
28,42,0.5368048429729841,0.41157518975916685,0.2209355551102457,0.207,0.2076,-0.013935555110245718,-0.0133355551102457,0.0006000000000000172,2.6409313617512087,0.13833098565958887,0.036802844534060235,0.03521828571700947,-0.0015845588170507671
28,43,0.5368048429729841,0.6032014180886877,0.3238014425181793,0.3286,0.33,0.0047985574818206755,0.006198557481820688,0.0014000000000000123,1.3119902353888542,21.998391697253886,-0.006295660560100855,-0.008132446889645267,-0.0018367863295444117
28,44,0.5368048429729841,0.33973613686845183,0.18237200360391753,0.19,0.1848,0.00762799639608247,0.00242799639608246,-0.00520000000000001,4.211804476646685,18.941606899709473,-0.03212762936886492,-0.010226246090302123,0.0219013832785628
28,45,0.5368048429729841,0.37870641253843484,0.20329143631555666,0.2136,0.2034,0.010308563684443356,0.0001085636844433413,-0.010200000000000015,29.0886298307707,161.90607792798167,-0.2998619931036985,-0.0031579688298369545,0.29670402427386156
28,46,0.5368048429729841,0.8322142840240537,0.4467366580554066,0.4508,0.4552,0.004063341944593402,0.008463341944593417,0.004400000000000015,4.045142914451168,24.957585005425187,-0.01643679887616423,-0.03423542769974943,-0.0177986288235852
28,47,0.5368048429729841,0.40849133535173493,0.21928012712931266,0.2062,0.213,-0.013080127129312669,-0.006280127129312668,0.0068000000000000005,3.7510331646362527,0.5170526035269085,0.049063990659710205,0.023556965140183683,-0.02550702551952652
28,48,0.5368048429729841,0.9486986627935283,0.50926603670956,0.5114,0.5162,0.002133963290439911,0.006933963290439937,0.0048000000000000265,15.17636971541129,24.919322223677778,-0.03238581585483169,-0.10523239048880628,-0.07284657463397459
28,49,0.5368048429729841,0.96,0.5153326492540647,0.5166,0.5206,0.001267350745935203,0.0052673507459352065,0.0040000000000000036,13.06596618105689,31.122810663049354,-0.016559161985926583,-0.0688230267101542,-0.052263864724227616
29,30,0.20992975486519724,0.518065685771502,0.10875740241808173,0.1078,0.1138,-0.0009574024180817181,0.005042597581918273,0.0059999999999999915,26.767837865614418,11.19904750793232,0.02562759269935862,-0.13497943449432764,-0.16060702719368627
29,31,0.20992975486519724,0.5744315312620573,0.12059027054468356,0.1186,0.1246,-0.0019902705446835645,0.004009729455316441,0.006000000000000005,8.399604087205175,2.3347456183107105,0.016717484601768137,-0.03368013992146295,-0.050397624523231085
29,32,0.20992975486519724,0.41408676958317514,0.08692913403151738,0.0782,0.0898,-0.008729134031517372,0.0028708659684826277,0.0116,28.33293409732774,1.8177557606936339,0.2473219792417225,-0.08134005628727926,-0.32866203552900175
29,33,0.20992975486519724,0.5082093407162553,0.106688262316767,0.1014,0.1084,-0.0052882623167669895,0.0017117376832330028,0.006999999999999992,9.364904245664837,2.306942729030178,0.049524070222480544,-0.016030259497173238,-0.06555432971965378
29,34,0.20992975486519724,0.430076829107486,0.09028592330773587,0.0902,0.0988,-8.59233077358662e-05,0.00851407669226413,0.008599999999999997,9.633509922926532,10.864106070428331,0.0008277430376841371,-0.082020442299484,-0.08284818533716815
29,35,0.20992975486519724,0.36780900467919186,0.07721405418951494,0.0736,0.0732,-0.003614054189514937,-0.0040140541895149345,-0.0003999999999999976,6.3652428976035305,694.8486169518523,0.023004332761364234,0.025550429920405633,0.0025460971590413987
29,36,0.20992975486519724,0.31652023366573906,0.06644701506332355,0.0658,0.0644,-0.0006470150633235555,-0.002047015063323554,-0.0013999999999999985,31.09634755668716,6.173874790504332,0.020119805283521235,0.06365469186288321,0.04353488657936197
29,37,0.20992975486519724,0.29742640159246664,0.062438651576744233,0.0644,0.0664,0.0019613484232557654,0.003961348423255767,0.0020000000000000018,15.31971347377888,302.5694140979713,-0.03004729586652631,-0.0606867228140841,-0.030639426947557787
29,38,0.20992975486519724,0.3126547933069382,0.06563554411635444,0.066,0.0664,0.00036445588364555914,0.0007644558836455567,0.0003999999999999976,1.6388380927849897,1.3098334028378997,-0.0005972841852579562,-0.0012528194223719482,-0.000655535237113992
29,39,0.20992975486519724,0.4273457371252059,0.0897125858373815,0.09,0.0914,0.0002874141626185017,0.0016874141626185002,0.0013999999999999985,2.654906643538032,33.75482364613877,-0.0007630577697827805,-0.004479927070736022,-0.0037168693009532413
29,40,0.20992975486519724,0.21905177326219738,0.04598548506371986,0.0466,0.0446,0.0006145149362801403,-0.0013854850637198615,-0.0020000000000000018,39.86988258870721,2.049602104264519,-0.024500638358496085,0.05523912681891841,0.07973976517741449
29,41,0.20992975486519724,0.3502829106424205,0.07353480556463113,0.0722,0.0742,-0.001334805564631128,0.0006651944353688738,0.0020000000000000018,59.02171584976767,20.04567160450201,0.07878251475034713,-0.03926091694918832,-0.11804343169953545
29,42,0.20992975486519724,0.41157518975916685,0.08640187869473893,0.0894,0.0872,0.002998121305261059,0.0007981213052610653,-0.0021999999999999936,7.290891905747449,8.261492179631297,-0.02185897835697683,-0.005819016164332489,0.016039962192644343
29,43,0.20992975486519724,0.6032014180886877,0.12662992583369756,0.1226,0.1268,-0.004029925833697559,0.00017007416630243632,0.004199999999999995,10.111369722035857,2.603094267276741,0.04074807005689961,-0.0017196827756509458,-0.042467752832550554
29,44,0.20992975486519724,0.33973613686845183,0.0713207239316432,0.074,0.0706,0.0026792760683568007,-0.0007207239316431996,-0.0034000000000000002,5.166489428448259,2.841850636602489,-0.013842451483059827,0.0037236125736642566,0.017566064056724083
29,45,0.20992975486519724,0.37870641253843484,0.07950174435007189,0.0762,0.0782,-0.0033017443500718835,-0.0013017443500718817,0.0020000000000000018,1.1408978033506656,140.62247342504057,0.003766952876222483,0.0014851572695211497,-0.0022817956067013334
29,46,0.20992975486519724,0.8322142840240537,0.17470654064048524,0.1662,0.1744,-0.008506540640485255,-0.0003065406404852422,0.008200000000000013,5.354620806026665,4.410094136494421,0.045549299500853735,0.0016414088914350176,-0.043907890609418715
29,47,0.20992975486519724,0.40849133535173493,0.08575448589494679,0.085,0.091,-0.0007544858949467825,0.005245514105053209,0.0059999999999999915,5.704937067153293,8.218052233575282,0.004304294548726225,-0.029925327854193485,-0.03422962240291971
29,48,0.20992975486519724,0.9486986627935283,0.19916007772118582,0.1962,0.2038,-0.002960077721185811,0.004639922278814185,0.007599999999999996,0.18453329394016135,3.611172079771433,0.0005462328922093043,-0.0008562201417359213,-0.0014024530339452257
29,49,0.20992975486519724,0.96,0.20153256467058936,0.1964,0.2062,-0.005132564670589368,0.004667435329410635,0.009800000000000003,0.5049123706278448,6.194137065100968,0.002591495395228001,-0.0023566458369248793,-0.00494814123215288
30,31,0.518065685771502,0.5744315312620573,0.2975932651720517,0.3062,0.3126,0.008606734827948326,0.015006734827948287,0.006399999999999961,5.178161178405524,22.505231475911188,-0.04456706015891277,-0.07770729170070792,-0.03314023154179515
30,32,0.518065685771502,0.41408676958317514,0.21452414625301358,0.2242,0.225,0.00967585374698643,0.010475853746986424,0.0007999999999999952,0.022232179305651845,18.64280301027543,-0.00021511531543826556,-0.00023290105888278692,-1.7785743444521365e-05
30,33,0.518065685771502,0.5082093407162553,0.26328582061364975,0.2758,0.2732,0.012514179386350244,0.009914179386350253,-0.002599999999999991,4.467098996069328,23.671650828179153,-0.05590207817339666,-0.04428762078361644,0.011614457389780217
30,34,0.518065685771502,0.430076829107486,0.22280804740600282,0.208,0.2042,-0.014808047406002833,-0.01860804740600283,-0.003799999999999998,4.284795564263509,8.235139170382444,0.0634494558406447,0.07973167898484602,0.01628222314420133
30,35,0.518065685771502,0.36780900467919186,0.19054922424205914,0.2026,0.1896,0.012050775757940863,-0.000949224242059149,-0.013000000000000012,59.23930912798216,779.9620295004604,-0.7138796303566523,0.05623138830711649,0.7701110186637687
30,36,0.518065685771502,0.31652023366573906,0.16397827191459716,0.161,0.1544,-0.0029782719145971526,-0.009578271914597147,-0.006599999999999995,0.16212342759650292,2.6950831480722943,0.0004828476511088896,0.001552862273245808,0.0010700146221369186
30,37,0.518065685771502,0.29742640159246664,0.15408641270755138,0.152,0.1452,-0.0020864127075513883,-0.008886412707551389,-0.0068000000000000005,82.58819856453188,343.30901377849216,0.17231306697881663,0.7339128172176335,0.5615997502388168
30,38,0.518065685771502,0.3126547933069382,0.16197571990430615,0.169,0.1656,0.007024280095693863,0.0036242800956938492,-0.003400000000000014,15.16006848997016,19.503997314740086,-0.10648856734345312,-0.054944334477554355,0.051544232865898765
30,39,0.518065685771502,0.4273457371252059,0.22139316236529782,0.2398,0.244,0.01840683763470219,0.02260683763470217,0.0041999999999999815,46.282888112641544,67.05483347829828,-0.8519216067544809,-1.0463097368275747,-0.19438813007309375
30,40,0.518065685771502,0.21905177326219738,0.11348320713454385,0.1118,0.1206,-0.0016832071345438543,0.007116792865456148,0.008800000000000002,1.3007308433639524,17.528207959477456,0.0021893994356714493,-0.009257031985931335,-0.011446431421602784
30,41,0.518065685771502,0.3502829106424205,0.18146955631600334,0.1866,0.1754,0.005130443683996649,-0.006069556316003338,-0.011199999999999988,6.294051442185633,24.309627559332956,-0.03229127646831128,0.038202099684167726,0.070493376152479
30,42,0.518065685771502,0.41157518975916685,0.21322298292911884,0.2084,0.205,-0.004822982929118841,-0.008222982929118855,-0.003400000000000014,6.118693090729665,0.7682481176395874,0.029510352325106574,0.05031390883358752,0.02080355650848095
30,43,0.518065685771502,0.6032014180886877,0.31249795632045846,0.3256,0.319,0.013102043679541542,0.006502043679541547,-0.006599999999999995,3.97574240121506,22.4046306461417,-0.05209035059932509,-0.025850450751305716,0.026239899848019374
30,44,0.518065685771502,0.33973613686845183,0.17600563472811537,0.1814,0.1738,0.005394365271884638,-0.0022056347281153577,-0.007599999999999996,8.414484492282398,23.32791587651717,-0.04539080292598001,0.01855927921536618,0.06395008214134619
30,45,0.518065685771502,0.37870641253843484,0.1961947973177896,0.2088,0.1972,0.012605202682210409,0.0010052026822103821,-0.011600000000000027,38.96122270516218,188.7108577620166,-0.4911141089453074,-0.03916392556542506,0.4519501833798823
30,46,0.518065685771502,0.8322142840240537,0.43114166376176094,0.4416,0.4396,0.010458336238239052,0.00845833623823905,-0.0020000000000000018,8.178221655810543,23.860223653871284,-0.08553059190731478,-0.06917414859569368,0.016356443311621102
30,47,0.518065685771502,0.40849133535173493,0.21162534378071315,0.1958,0.2052,-0.015825343780713153,-0.006425343780713161,0.009399999999999992,7.757692052300311,3.078169678461839,0.12276814367255859,0.049845838380935724,-0.07292230529162286
30,48,0.518065685771502,0.9486986627935283,0.4914882233306362,0.5024,0.4892,0.01091177666936377,-0.0022882233306361632,-0.013199999999999934,22.507348193135616,25.392015134477735,-0.24559515690310404,0.05150183924628461,0.29709699614938867
30,49,0.518065685771502,0.96,0.4973430583406419,0.5024,0.4972,0.00505694165935805,-0.0001430583406419328,-0.005199999999999982,19.920087460537353,31.389486386903364,-0.10073472013724724,0.0028497346575466465,0.10358445479479389
31,32,0.5744315312620573,0.41408676958317514,0.23786449712702198,0.2288,0.2272,-0.009064497127021981,-0.010664497127021971,-0.0015999999999999903,5.878985452542459,0.35264586900644307,0.05329004674437514,0.06269642346844302,0.009406376724067883
31,33,0.5744315312620573,0.5082093407162553,0.29193146978931916,0.2856,0.2856,-0.006331469789319144,-0.006331469789319144,0.0,0.026245962708557995,0.5611479860981833,0.0001661755199808318,0.0001661755199808318,0.0
31,34,0.5744315312620573,0.430076829107486,0.2470496915045433,0.264,0.2586,0.0169503084954567,0.011550308495456685,-0.005400000000000016,0.04226418887586849,22.505089982197955,-0.0007163910397562203,-0.00048816441982652974,0.00022822661992969053
31,35,0.5744315312620573,0.36780900467919186,0.21128108976984136,0.208,0.2014,-0.003281089769841372,-0.009881089769841367,-0.006599999999999995,29.38887109019971,702.6898904481795,0.09642752428124113,0.29039407347655904,0.19396654919531792
31,36,0.5744315312620573,0.31652023366573906,0.18181920250003467,0.1968,0.1898,0.014980797499965337,0.00798079749996533,-0.007000000000000006,7.172770610194419,16.101406136674314,-0.1074538240250254,-0.05724442975366442,0.05020939427136098
31,37,0.5744315312620573,0.29742640159246664,0.1708511033045242,0.1748,0.1758,0.003948896695475823,0.004948896695475824,0.0010000000000000009,46.406717403995174,317.7543156199091,-0.1832553330045169,-0.22966205040851212,-0.04640671740399521
31,38,0.5744315312620573,0.3126547933069382,0.17959877167572652,0.173,0.1724,-0.0065987716757265336,-0.007198771675726523,-0.0005999999999999894,2.6180402656935184,1.526905870412289,0.017275849951169958,0.01884667411058604,0.001570824159416083
31,39,0.5744315312620573,0.4273457371252059,0.2454808661551446,0.2476,0.2474,0.0021191338448553754,0.0019191338448553974,-0.00019999999999997797,20.49912076911117,34.24974514713663,-0.04344038061160123,-0.03934055645777945,0.004099824153821777
31,40,0.5744315312620573,0.21905177326219738,0.125830245540673,0.1152,0.1288,-0.010630245540673017,0.0029697544593269842,0.013600000000000001,11.669419531247447,4.549291105727326,0.12404879493428578,-0.034655310690679515,-0.15870410562496529
31,41,0.5744315312620573,0.3502829106424205,0.201213548735256,0.2236,0.211,0.022386451264744006,0.009786451264744006,-0.0126,22.890025516730756,31.547980401205926,-0.5124264406790398,-0.22401211916823227,0.2884143215108075
31,42,0.5744315312620573,0.41157518975916685,0.23642176648283,0.2484,0.2392,0.011978233517170006,0.0027782335171699923,-0.009200000000000014,0.03922058794011112,19.080114643010795,-0.0004697933610273528,-0.00010896395197832991,0.00036082940904902285
31,43,0.5744315312620573,0.6032014180886877,0.3464979142521293,0.3364,0.342,-0.010097914252129303,-0.004497914252129254,0.005600000000000049,0.07931599509365236,0.06148251506329925,0.0008009261172780101,0.00035675654475355293,-0.00044416957252445716
31,44,0.5744315312620573,0.33973613686845183,0.19515514932640066,0.1904,0.1848,-0.004755149326400643,-0.010355149326400664,-0.005600000000000022,0.39089473617442005,2.861132751369593,0.0018587628414133506,0.004047773363990112,0.0021890105225767613
31,45,0.5744315312620573,0.37870641253843484,0.2175409044532135,0.2096,0.2016,-0.007940904453213493,-0.0159409044532135,-0.008000000000000007,15.731815112193932,143.58438728996975,0.12492484068155212,0.2507793615791037,0.12585452089755156
31,46,0.5744315312620573,0.8322142840240537,0.4780501255100938,0.466,0.4772,-0.012050125510093768,-0.0008501255100937799,0.011199999999999988,0.34129161109918854,0.9458948495876368,0.004112606749287333,0.00029014070497642564,-0.0038224660443109074
31,47,0.5744315312620573,0.40849133535173493,0.23465030327337963,0.2346,0.2446,-5.0303273379626035e-05,0.009949696726620383,0.010000000000000009,0.25980024576662797,19.30195669077486,1.3068802786892718e-05,-0.002584933654879389,-0.002598002457666282
31,48,0.5744315312620573,0.9486986627935283,0.5449624255747526,0.5488,0.55,0.0038375744252473476,0.0050375744252474375,0.0012000000000000899,6.094152152269299,0.1608006561954458,-0.02338676244311474,-0.030699745025838446,-0.007312982582723705
31,49,0.5744315312620573,0.96,0.551454270011575,0.5512,0.5582,-0.0002542700115749641,0.006745729988425042,0.007000000000000006,4.785747703942558,0.9430759989165293,0.001216872124076332,-0.03228336180352161,-0.03350023392759794
32,33,0.41408676958317514,0.5082093407162553,0.21044276416918936,0.1996,0.2022,-0.010842764169189362,-0.00824276416918937,0.002599999999999991,5.119611576011747,1.5587080447427788,0.05551074095654725,0.04219975085891675,-0.013310990097630496
32,34,0.41408676958317514,0.430076829107486,0.17808912483769415,0.1852,0.1848,0.007110875162305852,0.0067108751623058405,-0.00040000000000001146,4.924313231079657,21.56958965659106,-0.035016176646298414,-0.033046451353866496,0.0019697252924319175
32,35,0.41408676958317514,0.36780900467919186,0.15230484257120952,0.1514,0.1486,-0.0009048425712095132,-0.00370484257120951,-0.002799999999999997,61.556770221776524,728.5616025826579,0.055699186242825466,0.22805814286379955,0.17235895662097409
32,36,0.41408676958317514,0.31652023366573906,0.13106684106635763,0.1398,0.1256,0.008733158933642376,-0.005466841066357642,-0.014200000000000018,0.06428301032870978,14.141181309282851,-0.000561393745933597,0.0003514250007340831,0.0009128187466676801
32,37,0.41408676958317514,0.29742640159246664,0.12316033782417266,0.1244,0.127,0.0012396621758273413,0.0038396621758273464,0.002600000000000005,85.32049763527581,332.4389677388316,-0.10576859374121754,-0.32760188759293507,-0.22183329385171752
32,38,0.41408676958317514,0.3126547933069382,0.12946621335516537,0.1184,0.1196,-0.01106621335516536,-0.009866213355165368,0.0011999999999999927,16.34340593746639,2.3538006183683344,0.1808596170540794,0.16124752992911986,-0.019612087124959543
32,39,0.41408676958317514,0.4273457371252059,0.17695821578131726,0.1704,0.173,-0.006558215781317267,-0.003958215781317276,0.002599999999999991,48.33388293681592,40.09921387020402,0.31698403384856755,0.19131593821284656,-0.12566809563572098
32,40,0.41408676958317514,0.21905177326219738,0.09070644116160945,0.0868,0.0842,-0.003906441161609445,-0.00650644116160945,-0.002600000000000005,0.9828566784884988,5.492912844893592,0.0038394717848102117,0.006394899148880313,0.0025554273640701016
32,41,0.41408676958317514,0.3502829106424205,0.1450475189081119,0.1582,0.15,0.013152481091888102,0.004952481091888089,-0.008200000000000013,5.568137966630769,32.78828240580964,-0.07323482932313545,-0.027576097996763076,0.045658731326372375
32,42,0.41408676958317514,0.41157518975916685,0.1704278407679557,0.1744,0.1746,0.003972159232044303,0.004172159232044309,0.00020000000000000573,6.878575273517605,16.206914102571027,-0.02732279627601462,-0.02869851133071818,-0.0013757150547035607
32,43,0.41408676958317514,0.6032014180886877,0.2497777266243349,0.2426,0.2414,-0.007177726624334885,-0.008377726624334891,-0.0012000000000000066,4.592581738018487,0.20399518080021775,0.03296429621540947,0.03847539430103169,0.005511098085622217
32,44,0.41408676958317514,0.33973613686845183,0.14068023942652466,0.1368,0.1276,-0.0038802394265246565,-0.01308023942652467,-0.009200000000000014,9.301753845348921,4.345179334023779,0.036093032006550216,0.12166916738376042,0.0855761353772102
32,45,0.41408676958317514,0.37870641253843484,0.15681731498847373,0.1512,0.144,-0.005617314988473732,-0.012817314988473744,-0.007200000000000012,40.84484456870766,155.3103607293447,0.2294383575976814,0.5235212384923771,0.2940828808946957
32,46,0.41408676958317514,0.8322142840240537,0.3446089244724954,0.3306,0.3376,-0.01400892447249541,-0.007008924472495404,0.007000000000000006,9.053260238125329,0.5711044884183852,0.12682643890574355,0.06345361723886618,-0.06337282166687737
32,47,0.41408676958317514,0.40849133535173493,0.16915085745851738,0.1652,0.1732,-0.003950857458517365,0.004049142541482614,0.00799999999999998,8.610515348112203,17.30827053881944,0.034018918784767344,-0.03486520400013011,-0.06888412278489744
32,48,0.41408676958317514,0.9486986627935283,0.3928435645840501,0.3922,0.3912,-0.000643564584050127,-0.0016435645840501278,-0.0010000000000000009,23.944341696092053,0.5482589765242393,0.015409730303999593,0.03935407200009167,0.023944341696092074
32,49,0.41408676958317514,0.96,0.3975232987998481,0.3966,0.394,-0.0009232987998480935,-0.0035232987998480847,-0.002599999999999991,21.27328463743976,1.6512458456667278,0.019641598174575017,0.07495213823191821,0.05531054005734319
33,34,0.5082093407162553,0.430076829107486,0.21856906177805308,0.2228,0.2288,0.004230938221946923,0.010230938221946928,0.006000000000000005,0.0018989115376146855,19.47766650412778,-8.034177404589975e-06,-1.9427646630278096e-05,-1.1393469225688121e-05
33,35,0.5082093407162553,0.36780900467919186,0.1869239717775142,0.168,0.1688,-0.018923971777514176,-0.01812397177751418,0.0007999999999999952,31.17163544413565,663.8937463606711,0.5898911494037836,0.5649538410484752,-0.024937308355308385
33,36,0.5082093407162553,0.31652023366573906,0.16085853927462035,0.1722,0.166,0.011341460725379643,0.00514146072537966,-0.006199999999999983,6.331246396065347,15.156458940308013,-0.07180558234367654,-0.032551854688071494,0.039253727655605045
33,37,0.5082093407162553,0.29742640159246664,0.15115487546491566,0.1568,0.1584,0.005645124535084339,0.007245124535084357,0.001600000000000018,48.64021412220195,291.6694568702353,-0.27458006613299796,-0.35240440872852197,-0.07782434259552401
33,38,0.5082093407162553,0.3126547933069382,0.15889408637829613,0.1586,0.1518,-0.00029408637829614337,-0.007094086378296144,-0.0068000000000000005,3.1685494721371126,0.44751000856553536,0.0009318272387129603,0.022477963649245328,0.02154613641053237
33,39,0.5082093407162553,0.4273457371252059,0.21718109532230306,0.2022,0.2126,-0.014981095322303073,-0.004581095322303053,0.01040000000000002,21.99236251813177,26.087915237715166,0.3294696792467773,0.10074910905820644,-0.22872057018857084
33,40,0.5082093407162553,0.21905177326219738,0.11132415727230797,0.1074,0.1146,-0.003924157272307979,0.003275842727692019,0.007199999999999998,10.58882286765787,2.429473662274898,0.04155220626130066,-0.03468731838583598,-0.07623952464713665
33,41,0.5082093407162553,0.3502829106424205,0.1780170470817555,0.1906,0.1838,0.012582952918244489,0.005782952918244488,-0.0068000000000000005,21.36608341844793,25.55208752430375,-0.26884842170161455,-0.12355905445616862,0.14528936724544594
33,42,0.5082093407162553,0.41157518975916685,0.20916635584267387,0.2154,0.2144,0.006233644157326135,0.005233644157326134,-0.0010000000000000009,0.12963452049294194,19.06026464297082,-0.0008080954712586026,-0.0006784609507656605,0.00012963452049294204
33,43,0.5082093407162553,0.6032014180886877,0.30655259500596227,0.2954,0.2948,-0.011152595005962274,-0.011752595005962263,-0.0005999999999999894,0.014310116189667134,0.9940688304397143,0.00015959493035162155,0.00016818100006542168,8.586069713800124e-06
33,44,0.5082093407162553,0.33973613686845183,0.1726570781354034,0.1646,0.1538,-0.008057078135403406,-0.01885707813540341,-0.010800000000000004,0.6197181770843362,0.9451678149205605,0.004993117774698261,0.011686074087209095,0.006692956312510834
33,45,0.5082093407162553,0.37870641253843484,0.1924621362411762,0.186,0.1754,-0.006462136241176197,-0.017062136241176196,-0.010599999999999998,17.0432017407793,126.31181458876736,0.11013549163476716,0.2907934300870277,0.18065793845226052
33,46,0.5082093407162553,0.8322142840240537,0.4229390726185148,0.407,0.4178,-0.01593907261851485,-0.005139072618514817,0.010800000000000032,0.5568259981516877,2.9519233735813875,0.008875290020416765,0.00286156924037852,-0.006013720780038244
33,47,0.5082093407162553,0.40849133535173493,0.20759911222740798,0.2134,0.215,0.005800887772592023,0.007400887772592013,0.0015999999999999903,0.45119714019602275,17.95853150082815,-0.002617343973591597,-0.003339259397905229,-0.000721915424313632
33,48,0.5082093407162553,0.9486986627935283,0.48213752195669207,0.4814,0.482,-0.0007375219566920777,-0.00013752195669208822,0.0005999999999999894,6.920265329279677,1.102871361706488,0.005103847626478693,0.0009516884289109594,-0.004152159197567733
33,49,0.5082093407162553,0.96,0.4878809670876051,0.4818,0.4892,-0.0060809670876050825,0.0013190329123949351,0.007400000000000018,5.52081397045242,2.132602425197836,0.033571888051111505,-0.007282135330236501,-0.040854023381348005
34,35,0.430076829107486,0.36780900467919186,0.15818613044960733,0.142,0.1482,-0.016186130449607344,-0.009986130449607333,0.006200000000000011,31.660123209598986,628.406065302516,0.5124548843212103,0.3161621204216963,-0.19629276389951406
34,36,0.430076829107486,0.31652023366573906,0.1361280184433216,0.1284,0.122,-0.007728018443321605,-0.014128018443321594,-0.006399999999999989,6.113851196154705,1.9762365697572313,0.04724795480360742,0.08637660245899746,0.03912864765539004
34,37,0.430076829107486,0.29742640159246664,0.12791620368973777,0.119,0.1162,-0.008916203689737778,-0.011716203689737775,-0.002799999999999997,49.249940192687546,245.25039096515414,0.43912249846540563,0.5770223310049306,0.13789983253952498
34,38,0.430076829107486,0.3126547933069382,0.13446558211070442,0.1414,0.1414,0.00693441788929558,0.00693441788929558,0.0,3.3255843904577307,14.09701441526068,-0.023060991889552223,-0.023060991889552223,0.0
34,39,0.430076829107486,0.4273457371252059,0.18379149955540983,0.1994,0.1992,0.015608500444590168,0.015408500444590162,-0.00020000000000000573,22.40297429183589,33.71029053179157,-0.3496768341942626,-0.34519623933589527,0.004480594858367326
34,40,0.430076829107486,0.21905177326219738,0.09420909205497784,0.096,0.0992,0.001790907945022166,0.0049909079450221605,0.0031999999999999945,10.30712179391231,8.976514185064602,-0.018459106311028678,-0.05144189605154802,-0.03298278974051934
34,41,0.430076829107486,0.3502829106424205,0.15064856349963307,0.1524,0.1382,0.0017514365003669374,-0.01244856349963308,-0.014200000000000018,20.965130981138714,4.2558026635065085,-0.036719095635340045,0.26098576429683007,0.2977048599321701
34,42,0.430076829107486,0.41157518975916685,0.17700895255093432,0.1696,0.1602,-0.007408952550934322,-0.016808952550934314,-0.009399999999999992,0.16291269184573995,4.095432673934218,0.0012070124038300722,0.0027383917071800265,0.0015313793033499543
34,43,0.430076829107486,0.6032014180886877,0.25942295320472175,0.2654,0.2698,0.0059770467952782735,0.010377046795278233,0.0043999999999999595,0.005783358494630014,23.787383644844226,-3.456740435627371e-05,-6.001418173264553e-05,-2.5446777376371825e-05
34,44,0.430076829107486,0.33973613686845183,0.14611264047761063,0.1546,0.1428,0.008487359522389354,-0.0033126404776106233,-0.011799999999999977,0.6902258343191281,14.522292178635755,-0.005858194807507588,0.0022864700374581074,0.008144664844965696
34,45,0.430076829107486,0.37870641253843484,0.16287285306720153,0.1682,0.1642,0.005327146932798454,0.0013271469327984786,-0.003999999999999976,17.4048979976293,120.33061114350896,-0.09271844898374088,-0.023098856993224105,0.06961959199051677
34,46,0.430076829107486,0.8322142840240537,0.3579160804110218,0.3596,0.3572,0.0016839195889781777,-0.00071608041102178,-0.0023999999999999577,0.6237591564315859,29.100511735659534,-0.001050360262319651,0.00044666171311612875,0.0014970219754357797
34,47,0.430076829107486,0.40849133535173493,0.17568265822595686,0.1632,0.1652,-0.012482658225956844,-0.010482658225956842,0.0020000000000000018,0.5116377789120178,1.2756487529107108,0.006386599529646388,0.0053633239718223515,-0.0010232755578240367
34,48,0.430076829107486,0.9486986627935283,0.40801331267275276,0.4052,0.4068,-0.0028133126727527547,-0.0012133126727527643,0.0015999999999999903,7.151432395405966,26.423441804491546,0.020119215386330193,0.008676923553680717,-0.011442291832649476
34,49,0.430076829107486,0.96,0.41287375594318654,0.409,0.4146,-0.003873755943186563,0.0017262440568134862,0.005600000000000049,5.727491175229493,32.63059426304967,0.02218690297959384,-0.009887047601691602,-0.03207395058128544
35,36,0.36780900467919186,0.31652023366573906,0.11641899210542073,0.1174,0.1088,0.0009810078945792777,-0.007618992105420733,-0.00860000000000001,65.59952253371785,693.5405098185336,-0.06435364948620843,0.49980224430376574,0.5641558937899742
35,37,0.36780900467919186,0.29742640159246664,0.10939610873503876,0.0454,0.0438,-0.06399610873503875,-0.06559610873503877,-0.0016000000000000042,1.935151574140274,94.50531118069117,0.12384217055746237,0.12693841307608686,0.0030962425186244896
35,38,0.36780900467919186,0.3126547933069382,0.11499724833440339,0.0984,0.0942,-0.01659724833440339,-0.020797248334403384,-0.004199999999999995,14.463679284530894,650.7483648411054,0.2400572769145252,0.30080472990955487,0.06074745299502968
35,39,0.36780900467919186,0.4273457371252059,0.15718161022591756,0.1242,0.1138,-0.03298161022591756,-0.04338161022591756,-0.010400000000000006,0.7984403133517869,426.8373924602856,0.02633384720362811,0.0346376264624867,0.008303779258858588
35,40,0.36780900467919186,0.21905177326219738,0.08056921469678083,0.0664,0.0686,-0.014169214696780827,-0.011969214696780833,0.0021999999999999936,78.09616671073123,621.4576120896031,1.1065613531199385,0.9347497863563302,-0.17181156676360831
35,41,0.36780900467919186,0.3502829106424205,0.12883720871951898,0.1166,0.1072,-0.012237208719518985,-0.021637208719518977,-0.009399999999999992,104.1522812723861,529.2726560275245,1.2745332045442372,2.253564648504666,0.9790314439604286
35,42,0.36780900467919186,0.41157518975916685,0.15138106089596867,0.1538,0.1434,0.00241893910403132,-0.007981060895968672,-0.010399999999999993,27.28086201827224,732.2687546675515,-0.06599074392768153,0.21773022106234957,0.2837209649900311
35,43,0.36780900467919186,0.6032014180886877,0.22186291320827728,0.2158,0.213,-0.006062913208277287,-0.008862913208277284,-0.002799999999999997,32.521714589802386,715.7484733340507,0.19717633294233705,0.28823713379378363,0.09106080085144658
35,44,0.36780900467919186,0.33973613686845183,0.12495801035513897,0.1082,0.1032,-0.016758010355138964,-0.021758010355138968,-0.0050000000000000044,23.000988647186833,621.2151670484343,0.3854508059279907,0.500455749163925,0.1150049432359343
35,45,0.36780900467919186,0.37870641253843484,0.13929162866138914,0.0942,0.0858,-0.04509162866138913,-0.05349162866138914,-0.008400000000000005,2.116487042445407,211.1110091715192,0.09543584778459004,0.11321433894113146,0.017778491156541426
35,46,0.36780900467919186,0.8322142840240537,0.30609590748669346,0.3002,0.2946,-0.005895907486693441,-0.01149590748669349,-0.005600000000000049,23.396072344267164,753.4136507727676,0.13794107809378614,0.26895908322168344,0.1310180051278973
35,47,0.36780900467919186,0.40849133535173493,0.15024679147579562,0.1446,0.1372,-0.0056467914757956095,-0.013046791475795627,-0.007400000000000018,24.122285199606473,685.0431850776347,0.13621351444184843,0.31471842491893676,0.17850491047708833
35,48,0.36780900467919186,0.9486986627935283,0.34893991090256793,0.349,0.3382,6.008909743204782e-05,-0.010739910902567928,-0.010799999999999976,8.717354784004872,714.0087030521046,-0.000523817980965797,0.09362361368628662,0.09414743166725241
35,49,0.36780900467919186,0.96,0.35309664449202416,0.353,0.3448,-9.664449202417824e-05,-0.008296644492024163,-0.008199999999999985,10.455620304207073,719.4540631459716,0.0010104781130977766,0.08674656460759562,0.08573608649449785
36,37,0.31652023366573906,0.29742640159246664,0.09414147413040748,0.0874,0.0854,-0.006741474130407474,-0.008741474130407476,-0.0020000000000000018,90.06865017014896,288.79306428152626,0.6071954750827799,0.787332775423078,0.18013730034029807
36,38,0.31652023366573906,0.3126547933069382,0.09896156823422542,0.111,0.0996,0.012038431765774585,0.0006384317657745775,-0.011400000000000007,18.457667808841677,10.978110238926062,-0.2222013744720746,-0.011783961451279369,0.21041741302079525
36,39,0.31652023366573906,0.4273457371252059,0.13526357257092766,0.1464,0.1396,0.011136427429072338,0.004336427429072337,-0.0068000000000000005,51.92352975591896,43.24374489691323,-0.5782426209880697,-0.22516261864782067,0.353080002340249
36,40,0.31652023366573906,0.21905177326219738,0.06933431845784521,0.0724,0.071,0.003065681542154794,0.0016656815421547816,-0.0014000000000000123,0.5444231244793402,8.035341127385315,-0.001669027923838555,-0.000906835549567472,0.000762192374271083
36,41,0.31652023366573906,0.3502829106424205,0.11087162872565413,0.1114,0.0986,0.0005283712743458652,-0.01227162872565414,-0.012800000000000006,4.435864801227463,11.498725003561681,-0.0023437835378505223,0.05443528591786102,0.056779069455711546
36,42,0.31652023366573906,0.41157518975916685,0.13027187523359238,0.129,0.116,-0.0012718752335923733,-0.014271875233592371,-0.012999999999999998,8.272783883801951,0.5985591224748006,0.010521948934669827,0.11806813942409518,0.10754619048942535
36,43,0.31652023366573906,0.6032014180886877,0.1909254538009366,0.197,0.1924,0.006074546199063419,0.001474546199063398,-0.004600000000000021,5.7435569389890295,16.692777229144664,-0.03488950197284013,-0.008469140053490478,0.026420361919349655
36,44,0.31652023366573906,0.33973613686845183,0.10753336142629788,0.1158,0.1078,0.00826663857370212,0.00026663857370212707,-0.007999999999999993,10.912574586889749,12.865047293948802,-0.09021031001838428,-0.002909713323266361,0.08730059669511792
36,45,0.31652023366573906,0.37870641253843484,0.11986824218737917,0.1244,0.1212,0.004531757812620829,0.0013317578126208346,-0.0031999999999999945,44.149886481074454,146.44013813280304,-0.20007659298693187,-0.05879695624749387,0.141279636739438
36,46,0.31652023366573906,0.8322142840240537,0.2634126596392592,0.2722,0.264,0.008787340360740803,0.0005873403607408179,-0.008199999999999985,10.64328349029851,19.962943753071492,-0.09352615458510634,-0.006251229964658718,0.08727492462044761
36,47,0.31652023366573906,0.40849133535173493,0.12929577291596092,0.1194,0.1248,-0.009895772915960915,-0.004495772915960927,0.005399999999999988,10.162763206222222,0.17363306971649856,0.10056839688745797,0.0456894755738581,-0.05487892131359987
36,48,0.31652023366573906,0.9486986627935283,0.3002823224257818,0.3114,0.2958,0.011117677574218221,-0.004482322425781782,-0.015600000000000003,26.48992627178039,19.18260014381218,-0.29450645925446695,0.11873639058530723,0.41324284983977416
36,49,0.31652023366573906,0.96,0.3038594243191095,0.3112,0.298,0.007340575680890471,-0.0058594243191095186,-0.01319999999999999,23.676379975488775,24.692774624338753,-0.17379825905959503,0.13872995661685655,0.3125282156764516
37,38,0.29742640159246664,0.3126547933069382,0.09299179011391905,0.0956,0.0958,0.002608209886080959,0.0028082098860809507,0.00019999999999999185,26.979834919783713,278.9593499662326,-0.07036907216261215,-0.07576503914656868,-0.005395966983956529
37,39,0.29742640159246664,0.4273457371252059,0.12710390482903017,0.1294,0.128,0.0022960951709698196,0.000896095170969835,-0.0013999999999999846,5.219635353917991,146.31723141501328,-0.011984779530354445,-0.004677290034869338,0.007307489495485107
37,40,0.29742640159246664,0.21905177326219738,0.06515178068382427,0.066,0.0682,0.0008482193161757356,0.0030482193161757293,0.0021999999999999936,104.61813751344133,255.871123582946,-0.08873912506123027,-0.3188990275908005,-0.23015990252957025
37,41,0.29742640159246664,0.3502829106424205,0.10418338565171067,0.0892,0.0886,-0.014983385651710673,-0.015583385651710677,-0.0006000000000000033,134.48112588244965,185.19058497575608,2.014982571972993,2.0956712475024633,0.08068867552947045
37,42,0.29742640159246664,0.41157518975916685,0.12241332767480562,0.1142,0.1138,-0.00821332767480562,-0.008613327674805618,-0.0003999999999999976,43.74771728861595,312.61934512227845,0.35931433711616173,0.376813424031608,0.01749908691544627
37,43,0.29742640159246664,0.6032014180886877,0.1794080272175914,0.1932,0.1926,0.013791972782408624,0.013191972782408606,-0.0006000000000000172,50.32311300208265,326.64432601602977,-0.6940550048507974,-0.663861137049547,0.03019386780125044
37,44,0.29742640159246664,0.33973613686845183,0.10104649667970937,0.11,0.1082,0.008953503320290629,0.007153503320290633,-0.001799999999999996,38.27936312846407,260.94789221834486,-0.3427344048693137,-0.27383155123807856,0.06890285363123516
37,45,0.29742640159246664,0.37870641253843484,0.11263728554129887,0.1162,0.109,0.0035627144587011272,-0.003637285541298871,-0.007199999999999998,8.099217266512436,41.21776108760731,-0.02885519845956568,0.029459165859323847,0.058314364318889526
37,46,0.29742640159246664,0.8322142840240537,0.2475224998511253,0.2566,0.2514,0.009077500148874706,0.003877500148874724,-0.005199999999999982,38.788555931211214,353.30622929290473,-0.3521031222402047,-0.15040263139790705,0.20170049084229763
37,47,0.29742640159246664,0.40849133535173493,0.12149610795536808,0.104,0.1136,-0.017496107955368087,-0.007896107955368076,0.009600000000000011,39.72203017068017,281.76450836712945,0.6949809280726085,0.31364943843407844,-0.38133148963853003
37,48,0.29742640159246664,0.9486986627935283,0.28216802947026404,0.286,0.2814,0.0038319705297359397,-0.0007680294702640533,-0.004599999999999993,18.8669820766816,327.7018419277595,-0.07229771930290008,0.01449039824983516,0.08678811755273523
37,49,0.29742640159246664,0.96,0.28552934552876796,0.284,0.286,-0.0015293455287679891,0.00047065447123201265,0.0020000000000000018,21.387040013590834,335.71444440206085,0.03270817401836722,-0.01006590600881449,-0.04277408002718171
38,39,0.3126547933069382,0.4273457371252059,0.13361169311148238,0.1272,0.122,-0.006411693111482375,-0.011611693111482385,-0.00520000000000001,8.465536744665751,23.703437908649555,0.05427842363077433,0.09829921470303632,0.04402079107226199
38,40,0.3126547933069382,0.21905177326219738,0.0684875868928106,0.0634,0.064,-0.005087586892810608,-0.004487586892810605,0.0006000000000000033,25.34205345027372,0.8280849987256439,0.12892989897051843,0.11372466690035411,-0.015205232070164318
38,41,0.3126547933069382,0.3502829106424205,0.10951763102585868,0.122,0.1116,0.012482368974141317,0.0020823689741413243,-0.010399999999999993,40.99057313563464,19.458527447244258,-0.5116594583405164,-0.08535749772991644,0.4263019606106
38,42,0.3126547933069382,0.41157518975916685,0.12868095588441616,0.13,0.1322,0.0013190441155838395,0.003519044115583847,0.0022000000000000075,2.0163830853458395,14.775295077441273,-0.0026596982434882164,-0.007095741031249079,-0.004436042787760863
38,43,0.3126547933069382,0.6032014180886877,0.18859381469497064,0.1752,0.1772,-0.01339381469497064,-0.011393814694970639,0.0020000000000000018,3.6087342698892804,2.1359797127644624,0.04833471809428719,0.04111724955450862,-0.007217468539778567
38,44,0.3126547933069382,0.33973613686845183,0.10622013165150347,0.1,0.0976,-0.006220131651503466,-0.008620131651503465,-0.0023999999999999994,0.9856919033231527,0.3582921938182459,0.0061311334064910366,0.008496793974466602,0.0023656605679755653
38,45,0.3126547933069382,0.37870641253843484,0.1184043751362164,0.12,0.1144,0.0015956248637835901,-0.004004375136216404,-0.005599999999999994,5.514509583376182,120.61759130742045,-0.008799088602807923,0.022082165064098665,0.03088125366690659
38,46,0.3126547933069382,0.8322142840240537,0.26019578495862206,0.2608,0.2546,0.0006042150413779201,-0.005595784958622063,-0.006199999999999983,1.068813238745371,4.728843443053694,-0.0006457930352738032,0.00598084904494748,0.006626642080221283
38,47,0.3126547933069382,0.40849133535173493,0.12771677402207185,0.124,0.1294,-0.0037167740220718504,0.0016832259779281378,0.005399999999999988,1.228395144733374,13.228842206174097,0.004565667162784196,-0.0020676666187760097,-0.006633333781560205
38,48,0.3126547933069382,0.9486986627935283,0.29661518432627926,0.3004,0.2922,0.003784815673720743,-0.004415184326279242,-0.008199999999999985,0.723516502667757,2.599634569945333,-0.0027383765994925422,0.0031944587223830543,0.0059328353218755965
38,49,0.3126547933069382,0.96,0.30014860157466067,0.3008,0.2986,0.0006513984253393446,-0.0015486015746606907,-0.0022000000000000353,0.32444331342052496,4.391556655414815,-0.0002113418634740094,0.000502433426051157,0.0007137752895251664
39,40,0.4273457371252059,0.21905177326219738,0.09361084151331721,0.0868,0.0906,-0.006810841513317206,-0.0030108415133172084,0.003799999999999998,63.101554397046066,19.33535415090274,0.42977468624224524,0.18998877953347032,-0.23978590670877492
39,41,0.4273457371252059,0.3502829106424205,0.14969190865084783,0.1632,0.1562,0.01350809134915218,0.006508091349152173,-0.007000000000000006,86.71236857945716,19.00089373221789,-1.1713185958726606,-0.5643320158164599,0.6069865800562008
39,42,0.4273457371252059,0.41157518975916685,0.17588490285007766,0.1938,0.19,0.017915097149922343,0.014115097149922345,-0.003799999999999998,18.745034279253524,53.96452180424228,-0.33581911019145144,-0.2645879799302881,0.07123113026116334
39,43,0.4273457371252059,0.6032014180886877,0.2577755546480797,0.2504,0.2454,-0.007375554648079707,-0.012375554648079712,-0.0050000000000000044,23.128658842649767,37.1934213555576,0.17058668723075532,0.28622998144400424,0.11564329421324893
39,44,0.4273457371252059,0.33973613686845183,0.1451847898381184,0.1404,0.1324,-0.004784789838118392,-0.012784789838118399,-0.008000000000000007,15.228567490917081,18.280214904767575,0.07286549497964015,0.1946940349069769,0.12182853992733675
39,45,0.4273457371252059,0.37870641253843484,0.16183857102027976,0.1582,0.1558,-0.003638571020279757,-0.0060385710202797704,-0.0024000000000000132,0.3150130669214184,37.59432054571239,0.0011461974163097207,0.0019022287769211292,0.0007560313606114085
39,46,0.4273457371252059,0.8322142840240537,0.35564322665238474,0.363,0.3552,0.007356773347615253,-0.0004432266523847206,-0.007799999999999974,15.55035455315146,46.27708032268432,-0.11440043392259215,0.006892331591988819,0.12129276551458097
39,47,0.4273457371252059,0.40849133535173493,0.17456703081514685,0.1766,0.1814,0.002032969184853156,0.006832969184853155,0.004799999999999999,16.143435508968427,43.72686843325435,-0.032819106927397035,-0.11030759737044546,-0.07748849044304842
39,48,0.4273457371252059,0.9486986627935283,0.40542232936119754,0.4206,0.4132,0.015177670638802432,0.00777767063880247,-0.007399999999999962,4.239323744136005,37.004166521206905,-0.06434305951975104,-0.03297206381314476,0.03137099570660628
39,49,0.4273457371252059,0.96,0.41025190764019764,0.421,0.422,0.010748092359802341,0.011748092359802342,0.0010000000000000009,5.4754141490583335,39.040007842634246,-0.058850256982247516,-0.06432567113130586,-0.00547541414905834
40,41,0.21905177326219738,0.3502829106424205,0.07673009271966605,0.081,0.0762,0.004269907280333954,-0.0005300927196660449,-0.004799999999999999,1.8722419962828618,12.261761553076187,-0.007994299730475166,0.0009924618516825674,0.008986761582157735
40,42,0.21905177326219738,0.41157518975916685,0.09015627514747088,0.0878,0.096,-0.0023562751474708737,0.005843724852529125,0.008199999999999999,13.061683348260955,12.141892029767265,0.030776919857641437,-0.07632888359809838,-0.1071058034557398
40,43,0.21905177326219738,0.6032014180886877,0.13213234026659915,0.1262,0.1326,-0.00593234026659914,0.0004676597334008492,0.006399999999999989,9.824602867415322,5.507463336311579,0.05828288719371329,-0.0045945711577446684,-0.06287745835145796
40,44,0.21905177326219738,0.33973613686845183,0.07441980322228296,0.0778,0.0698,0.0033801967777170316,-0.004619803222282962,-0.007999999999999993,16.33185481807831,0.6644567409876476,-0.05520488303021068,0.07544995551441569,0.13065483854462637
40,45,0.21905177326219738,0.37870641253843484,0.08295631121230941,0.0842,0.085,0.001243688787690586,0.002043688787690595,0.000800000000000009,54.49965899115647,108.72504858218464,-0.06778061482026175,-0.11138034201318742,-0.043599727192925666
40,46,0.21905177326219738,0.8322142840240537,0.18229801464959894,0.1824,0.1856,0.00010198535040106815,0.003301985350401049,0.0031999999999999806,16.002039238312577,9.238547238212611,-0.00163197357885095,-0.05283849914145088,-0.051206525562599935
40,47,0.21905177326219738,0.40849133535173493,0.08948075137104047,0.0848,0.0934,-0.004680751371040473,0.0039192486289595235,0.008599999999999997,15.411585675176976,9.539397886174859,0.07213780077899234,-0.0604018360275296,-0.13253963680652195
40,48,0.21905177326219738,0.9486986627935283,0.20781412437639782,0.2064,0.2146,-0.0014141243763978184,0.006785875623602194,0.008200000000000013,34.62953956586315,6.3398610579590615,0.048970476043519805,-0.23499174839655845,-0.28396222444007824
40,49,0.21905177326219738,0.96,0.2102897023317095,0.2092,0.2154,-0.0010897023317094912,0.00511029766829052,0.006200000000000011,31.40132362778939,9.026630098402535,0.03421809557596644,-0.16047011091632815,-0.1946882064922946
41,42,0.3502829106424205,0.41157518975916685,0.14416775541704752,0.1332,0.1194,-0.010967755417047503,-0.02476775541704751,-0.013800000000000007,24.824250335516094,16.60035781734574,0.27226630609149993,0.6148409607216222,0.34257465463012227
41,43,0.3502829106424205,0.6032014180886877,0.2112911484317411,0.2316,0.2236,0.0203088515682589,0.012308851568258894,-0.008000000000000007,20.274498175688823,33.80807993849032,-0.41175177407100017,-0.24955578866548944,0.16219598540551072
41,44,0.3502829106424205,0.33973613686845183,0.11900376287269306,0.1292,0.119,0.010196237127306954,-3.762872693061081e-06,-0.010200000000000015,29.263424907441838,17.423332149139867,-0.2983768195134175,0.00011011454248965638,0.29848693405590715
41,45,0.3502829106424205,0.37870641253843484,0.13265438446291222,0.1418,0.1276,0.009145615537087787,-0.005054384462912231,-0.014200000000000018,76.57452956357643,80.6230210794119,-0.7003212073218327,0.38703711248095407,1.0873583198027867
41,46,0.3502829106424205,0.8322142840240537,0.2915104416861436,0.3086,0.2914,0.01708955831385639,-0.00011044168614360306,-0.017199999999999993,28.821370324967365,41.8206818561043,-0.4925444888537799,0.0031830807356586005,0.4957275695894385
41,47,0.3502829106424205,0.40849133535173493,0.1430875339192148,0.1368,0.1316,-0.006287533919214799,-0.01148753391921481,-0.00520000000000001,28.027052127902643,10.11270199181253,0.17622104090978918,0.3219617119748832,0.14574067106509403
41,48,0.3502829106424205,0.9486986627935283,0.3323129289258893,0.3486,0.3292,0.016287071074110704,-0.0031129289258893245,-0.01940000000000003,52.60580320733114,36.117602552956384,-0.8567944557484831,0.16375812647374252,1.0205525822222257
41,49,0.3502829106424205,0.96,0.3362715942167237,0.3532,0.3308,0.016928405783276312,-0.005471594216723719,-0.02240000000000003,48.608607434881456,42.32922813369959,-0.8228662312176552,0.26596657532369095,1.0888328065413462
42,43,0.41157518975916685,0.6032014180886877,0.24826273811285016,0.2746,0.2638,0.026337261887149854,0.015537261887149822,-0.010800000000000032,0.23008603324537172,19.369083919089597,-0.006059836114158823,-0.003574906955108801,0.0024849291590500217
42,44,0.41157518975916685,0.33973613686845183,0.13982696499967934,0.1566,0.142,0.016773035000320652,0.00217303500032065,-0.014600000000000002,0.1824775129833925,17.552840878685057,-0.0030607017120419084,-0.0003965300224843777,0.0026641716895575308
42,45,0.41157518975916685,0.37870641253843484,0.15586616360351965,0.1572,0.157,0.0013338363964803535,0.0011338363964803477,-0.00020000000000000573,14.200034696868453,165.4013481319386,-0.018940523109967005,-0.016100516170593233,0.0028400069393737723
42,46,0.41157518975916685,0.8322142840240537,0.3425187518674891,0.3436,0.3414,0.0010812481325109258,-0.0011187518674891095,-0.0022000000000000353,0.14911939321908466,21.86784325992511,-0.0001612350654392977,0.0001668275996426938,0.0003280626650819915
42,47,0.41157518975916685,0.40849133535173493,0.16812489886236576,0.1444,0.15,-0.023724898862365756,-0.018124898862365763,0.005599999999999994,0.09713454505936696,0.8016090839636582,0.0023045072575753906,0.0017605538052429361,-0.0005439534523324545
42,48,0.41157518975916685,0.9486986627935283,0.39046083216351424,0.391,0.3834,0.0005391678364857766,-0.007060832163514219,-0.007599999999999996,5.15558701642634,22.13640707647195,-0.00277972669746075,0.03640273462737941,0.039182461324840163
42,49,0.41157518975916685,0.96,0.3951121821688002,0.3956,0.3876,0.0004878178311998327,-0.007512182168800174,-0.008000000000000007,3.9584815033355745,27.970076707420546,-0.0019310178618018132,0.02973683416488281,0.03166785202668462
43,44,0.6032014180886877,0.33973613686845183,0.20492931953502264,0.1838,0.1742,-0.021129319535022645,-0.030729319535022642,-0.009599999999999997,0.8223709503533336,3.745335429148883,0.01737613858633583,0.02527089970972783,0.007894761123392002
43,45,0.6032014180886877,0.37870641253843484,0.22843624508246346,0.2252,0.2144,-0.0032362450824634514,-0.014036245082463455,-0.010800000000000004,18.04521666541021,149.53704199998035,0.05839874369542131,0.25328708368185165,0.19488833998643035
43,46,0.6032014180886877,0.8322142840240537,0.5019928362769711,0.4836,0.4922,-0.018392836276971136,-0.009792836276971084,0.008600000000000052,0.7496661648200126,0.528158569566828,0.013788487031919351,0.0073413580144672036,-0.006447129017452148
43,47,0.6032014180886877,0.40849133535173493,0.24640255276110817,0.2494,0.2614,0.002997447238891837,0.014997447238891848,0.01200000000000001,0.6262142381960719,20.027804210429792,-0.001877044139235571,-0.00939161499758844,-0.00751457085835287
43,48,0.6032014180886877,0.9486986627935283,0.572256378735898,0.572,0.572,-0.00025637873589801075,-0.00025637873589801075,0.0,7.5639554608029025,0.09370327699119596,0.0019392373394295035,0.0019392373394295035,0.0
43,49,0.6032014180886877,0.96,0.5790733613651401,0.577,0.5834,-0.002073361365140136,0.004326638634859936,0.006400000000000072,6.097275274059534,0.7895027681233804,0.012641854985859274,-0.026380706768122184,-0.03902256175398146
44,45,0.33973613686845183,0.37870641253843484,0.12866025360311809,0.12,0.112,-0.00866025360311809,-0.016660253603118083,-0.007999999999999993,11.163079330748797,108.06519225688986,0.09667509799601035,0.18597973264200066,0.08930463464599031
44,46,0.33973613686845183,0.8322142840240537,0.28273326590107656,0.28,0.2722,-0.0027332659010765314,-0.01053326590107656,-0.007800000000000029,0.001682153502867597,7.085883636779418,4.597772809764447e-06,1.771857013213175e-05,1.3120797322367304e-05
44,47,0.33973613686845183,0.40849133535173493,0.13877926821663367,0.147,0.1484,0.008220731783366325,0.009620731783366337,0.0014000000000000123,0.013342493824792103,14.957089175068475,-0.00010968506305483737,-0.00012836455440954646,-1.8679491354709092e-05
44,48,0.33973613686845183,0.9486986627935283,0.3223072187497394,0.3272,0.3106,0.004892781250260603,-0.011707218749739401,-0.016600000000000004,3.3981895883612667,4.084071042734047,-0.016626598302764802,0.03978334886403224,0.056409947166797036
44,49,0.33973613686845183,0.96,0.3261466913937138,0.3314,0.3146,0.0052533086062862,-0.011546691393713782,-0.01679999999999998,2.4411544864750954,5.816439426381483,-0.012824137873073788,0.02818725749970777,0.041011395372781555
45,46,0.37870641253843484,0.8322142840240537,0.31516488596599146,0.3122,0.3048,-0.0029648859659914817,-0.010364885965991444,-0.007399999999999962,11.438827264669492,167.14418443077275,0.033914818424419305,0.1185621401829731,0.0846473217585538
45,47,0.37870641253843484,0.40849133535173493,0.15469828816409026,0.1584,0.1522,0.0037017118359097545,-0.0024982881640902566,-0.006200000000000011,11.948285328144472,144.19115018455554,-0.04422910921801926,0.029850259816476602,0.07407936903449586
45,48,0.37870641253843484,0.9486986627935283,0.3592782671665474,0.3624,0.3508,0.003121732833452573,-0.008478267166547426,-0.0116,2.2431099729360993,148.9451428351991,-0.007002390051559533,0.019017685634499217,0.026020075686058748
45,49,0.37870641253843484,0.96,0.36355815603689745,0.3666,0.3558,0.0030418439631025307,-0.007758156036897446,-0.010799999999999976,3.1637738290557786,152.10310569379595,-0.009623706322535099,0.024545051031267237,0.034168757353802336
46,47,0.8322142840240537,0.40849133535173493,0.3399523241797737,0.339,0.3532,-0.0009523241797737003,0.01324767582022629,0.01419999999999999,0.005549601633972874,23.75715184729601,5.285019824144004e-06,-7.351932337827075e-05,-7.880434320241476e-05
46,48,0.8322142840240537,0.9486986627935283,0.7895205784112933,0.7894,0.7872,-0.00012057841129331504,-0.002320578411293295,-0.0021999999999999797,3.551083864651563,0.5383238704018031,0.0004281840507690108,0.008240568553002377,0.007812384502233366
46,49,0.8322142840240537,0.96,0.7989257126630915,0.7918,0.7998,-0.007125712663091588,0.0008742873369084192,0.008000000000000007,2.5709989834406985,0.8597726005947468,0.018320200013098985,-0.0022477918544266213,-0.020567991867525608
47,48,0.40849133535173493,0.9486986627935283,0.3875351836109337,0.3804,0.3878,-0.007135183610933682,0.00026481638906628024,0.007399999999999962,3.8373974299108204,22.71733309118221,0.02738053525053872,-0.0010162057308012078,-0.028396740981339926
47,49,0.40849133535173493,0.96,0.39215168193766553,0.3758,0.3882,-0.016351681937665508,-0.003951681937665541,0.012399999999999967,2.8154462213915266,28.678341071296607,0.04603728112479643,0.011125747979541594,-0.03491153314525484
48,49,0.9486986627935283,0.96,0.9107507162817872,0.9156,0.9118,0.004849283718212805,0.00104928371821289,-0.0037999999999999146,0.07896014335364751,0.3473961348323724,-0.00038290013755259186,-8.285159280873808e-05,0.0003000485447438538
