i,j,pi_i,pi_j,pi_i_pi_j,pi_ij_cube,pi_ij_sphere,cov_cube,cov_sphere,delta,contrast_sq,aux_dist_sq,syg_contrib_cube,syg_contrib_sphere,syg_contrib_delta
0,1,0.4,0.4,0.16000000000000003,0.1974,0.1974,0.03739999999999996,0.03739999999999996,0.0,6.25,238.27156755088353,-0.23374999999999976,-0.23374999999999976,0.0
0,2,0.4,0.4,0.16000000000000003,0.1244,0.1304,-0.035600000000000034,-0.029600000000000043,0.0059999999999999915,0.0,435.2028502568459,0.0,0.0,0.0
0,3,0.4,0.4,0.16000000000000003,0.166,0.174,0.005999999999999978,0.013999999999999957,0.00799999999999998,0.0,243.69735833722618,-0.0,-0.0,0.0
0,4,0.4,0.4,0.16000000000000003,0.1914,0.1972,0.031399999999999956,0.037199999999999955,0.0058,6.25,87.81676613061444,-0.19624999999999973,-0.2324999999999997,-0.03624999999999998
0,5,0.4,0.4,0.16000000000000003,0.1378,0.1462,-0.022200000000000025,-0.013800000000000034,0.00839999999999999,0.0,257.70360088154627,0.0,0.0,0.0
0,6,0.4,0.4,0.16000000000000003,0.1348,0.129,-0.025200000000000028,-0.031000000000000028,-0.0058,6.25,66.54987062637404,0.15750000000000017,0.19375000000000017,0.036250000000000004
0,7,0.4,0.4,0.16000000000000003,0.1562,0.1582,-0.0038000000000000256,-0.0018000000000000238,0.0020000000000000018,0.0,245.23271365264185,0.0,0.0,0.0
0,8,0.4,0.4,0.16000000000000003,0.14,0.143,-0.020000000000000018,-0.017000000000000043,0.002999999999999975,0.0,37.51310010327692,0.0,0.0,0.0
0,9,0.4,0.4,0.16000000000000003,0.1348,0.1458,-0.025200000000000028,-0.014200000000000018,0.01100000000000001,0.0,42.440036083271096,0.0,0.0,0.0
0,10,0.4,0.4,0.16000000000000003,0.1828,0.1794,0.02279999999999996,0.019399999999999973,-0.0033999999999999864,6.25,24.767522573198306,-0.14249999999999974,-0.12124999999999983,0.021249999999999908
0,11,0.4,0.4,0.16000000000000003,0.1476,0.1502,-0.012400000000000022,-0.009800000000000031,0.002599999999999991,6.25,74.2661592324105,0.07750000000000014,0.06125000000000019,-0.016249999999999945
0,12,0.4,0.4,0.16000000000000003,0.1696,0.1688,0.00959999999999997,0.008799999999999975,-0.0007999999999999952,6.25,188.78891238636118,-0.05999999999999981,-0.05499999999999984,0.00499999999999997
0,13,0.4,0.4,0.16000000000000003,0.1502,0.1516,-0.009800000000000031,-0.008400000000000019,0.0014000000000000123,6.25,29.013332004123534,0.06125000000000019,0.052500000000000116,-0.008750000000000077
0,14,0.4,0.4,0.16000000000000003,0.1514,0.1478,-0.008600000000000024,-0.012200000000000044,-0.00360000000000002,6.25,161.45349245693012,0.05375000000000015,0.07625000000000028,0.022500000000000124
0,15,0.4,0.4,0.16000000000000003,0.1292,0.131,-0.030800000000000022,-0.029000000000000026,0.001799999999999996,0.0,225.45066390549866,0.0,0.0,0.0
0,16,0.4,0.4,0.16000000000000003,0.1412,0.1426,-0.01880000000000004,-0.017400000000000027,0.0014000000000000123,0.0,428.09218581064226,0.0,0.0,0.0
0,17,0.4,0.4,0.16000000000000003,0.1764,0.16,0.01639999999999997,-2.7755575615628914e-17,-0.016399999999999998,0.0,89.35530407238798,-0.0,0.0,0.0
0,18,0.4,0.4,0.16000000000000003,0.1458,0.1412,-0.014200000000000018,-0.01880000000000004,-0.004600000000000021,0.0,104.29030753171175,0.0,0.0,0.0
0,19,0.4,0.4,0.16000000000000003,0.1114,0.1028,-0.04860000000000003,-0.05720000000000003,-0.008599999999999997,0.0,109.94713945243171,0.0,0.0,0.0
0,20,0.4,0.4,0.16000000000000003,0.1528,0.1496,-0.00720000000000004,-0.01040000000000002,-0.0031999999999999806,6.25,11.075199212517173,0.04500000000000025,0.06500000000000013,0.01999999999999988
0,21,0.4,0.4,0.16000000000000003,0.1718,0.1798,0.011799999999999977,0.019799999999999957,0.00799999999999998,6.25,291.1274965877581,-0.07374999999999986,-0.12374999999999972,-0.049999999999999864
0,22,0.4,0.4,0.16000000000000003,0.154,0.1458,-0.006000000000000033,-0.014200000000000018,-0.008199999999999985,0.0,372.3808508047983,0.0,0.0,0.0
0,23,0.4,0.4,0.16000000000000003,0.158,0.1524,-0.0020000000000000295,-0.007600000000000023,-0.005599999999999994,0.0,137.1476966226872,0.0,0.0,0.0
0,24,0.4,0.4,0.16000000000000003,0.1786,0.1762,0.018599999999999978,0.016199999999999964,-0.0024000000000000132,6.25,200.51130980294803,-0.11624999999999985,-0.10124999999999978,0.015000000000000069
0,25,0.4,0.4,0.16000000000000003,0.2222,0.2082,0.06219999999999998,0.048199999999999965,-0.014000000000000012,6.25,575.9850401383945,-0.3887499999999999,-0.3012499999999998,0.08750000000000008
0,26,0.4,0.4,0.16000000000000003,0.142,0.1422,-0.018000000000000044,-0.017800000000000038,0.00020000000000000573,0.0,299.3311296923818,0.0,0.0,0.0
0,27,0.4,0.4,0.16000000000000003,0.1934,0.2,0.03339999999999996,0.03999999999999998,0.0066000000000000225,6.25,384.1276781602748,-0.20874999999999974,-0.2499999999999999,-0.04125000000000015
0,28,0.4,0.4,0.16000000000000003,0.1418,0.1388,-0.01820000000000002,-0.021200000000000024,-0.0030000000000000027,0.0,532.08553842798,0.0,0.0,0.0
0,29,0.4,0.4,0.16000000000000003,0.1632,0.1642,0.0031999999999999806,0.0041999999999999815,0.0010000000000000009,6.25,39.16377334573177,-0.01999999999999988,-0.026249999999999885,-0.0062500000000000056
0,30,0.4,0.4,0.16000000000000003,0.1352,0.1358,-0.024800000000000044,-0.024200000000000027,0.0006000000000000172,0.0,251.97553585439596,0.0,0.0,0.0
0,31,0.4,0.4,0.16000000000000003,0.187,0.189,0.02699999999999997,0.02899999999999997,0.0020000000000000018,6.25,322.92789547183634,-0.1687499999999998,-0.1812499999999998,-0.012500000000000011
0,32,0.4,0.4,0.16000000000000003,0.153,0.1538,-0.007000000000000034,-0.006200000000000039,0.0007999999999999952,6.25,406.5344296883005,0.04375000000000021,0.03875000000000024,-0.00499999999999997
0,33,0.4,0.4,0.16000000000000003,0.1794,0.1896,0.019399999999999973,0.02959999999999996,0.010199999999999987,6.25,103.1610917354733,-0.12124999999999983,-0.18499999999999975,-0.06374999999999992
0,34,0.4,0.4,0.16000000000000003,0.146,0.1446,-0.01400000000000004,-0.015400000000000025,-0.0013999999999999846,0.0,258.9919370079579,0.0,0.0,0.0
0,35,0.4,0.4,0.16000000000000003,0.1476,0.1466,-0.012400000000000022,-0.013400000000000023,-0.0010000000000000009,6.25,662.4970005749767,0.07750000000000014,0.08375000000000014,0.0062500000000000056
0,36,0.4,0.4,0.16000000000000003,0.1686,0.164,0.008599999999999969,0.003999999999999976,-0.004599999999999993,6.25,106.17775520641872,-0.053749999999999805,-0.02499999999999985,0.028749999999999956
0,37,0.4,0.4,0.16000000000000003,0.1538,0.1456,-0.006200000000000039,-0.014400000000000024,-0.008199999999999985,6.25,119.78265893335052,0.03875000000000024,0.09000000000000015,0.05124999999999991
0,38,0.4,0.4,0.16000000000000003,0.1866,0.1826,0.026599999999999957,0.02259999999999998,-0.003999999999999976,6.25,102.05480154380518,-0.16624999999999973,-0.14124999999999988,0.024999999999999856
0,39,0.4,0.4,0.16000000000000003,0.1584,0.1592,-0.001600000000000018,-0.0008000000000000229,0.0007999999999999952,6.25,567.6653617302985,0.010000000000000113,0.005000000000000143,-0.00499999999999997
0,40,0.4,0.4,0.16000000000000003,0.164,0.159,0.003999999999999976,-0.0010000000000000286,-0.0050000000000000044,6.25,53.71470240255851,-0.02499999999999985,0.006250000000000179,0.03125000000000003
0,41,0.4,0.4,0.16000000000000003,0.1836,0.1846,0.023599999999999982,0.024599999999999955,0.0009999999999999731,6.25,70.63296975705089,-0.14749999999999988,-0.15374999999999972,-0.006249999999999839
0,42,0.4,0.4,0.16000000000000003,0.163,0.1656,0.002999999999999975,0.005599999999999966,0.002599999999999991,0.0,72.2387612616971,-0.0,-0.0,0.0
0,43,0.4,0.4,0.16000000000000003,0.1588,0.1574,-0.0012000000000000344,-0.002600000000000019,-0.0013999999999999846,6.25,45.846162170209986,0.007500000000000215,0.01625000000000012,0.008749999999999904
0,44,0.4,0.4,0.16000000000000003,0.159,0.1644,-0.0010000000000000286,0.0043999999999999595,0.005399999999999988,6.25,45.818694425828944,0.006250000000000179,-0.027499999999999747,-0.033749999999999926
0,45,0.4,0.4,0.16000000000000003,0.1472,0.1512,-0.012800000000000034,-0.00880000000000003,0.0040000000000000036,6.25,584.9758432287922,0.08000000000000021,0.05500000000000019,-0.025000000000000022
0,46,0.4,0.4,0.16000000000000003,0.1496,0.1454,-0.01040000000000002,-0.01460000000000003,-0.004200000000000009,6.25,164.37721023361289,0.06500000000000013,0.09125000000000019,0.026250000000000065
0,47,0.4,0.4,0.16000000000000003,0.1738,0.171,0.013799999999999979,0.010999999999999982,-0.002799999999999997,0.0,181.77218533783156,-0.0,-0.0,0.0
0,48,0.4,0.4,0.16000000000000003,0.1174,0.122,-0.04260000000000003,-0.038000000000000034,0.004599999999999993,6.25,116.83749167156392,0.26625000000000015,0.2375000000000002,-0.028749999999999942
0,49,0.4,0.4,0.16000000000000003,0.0914,0.0836,-0.06860000000000004,-0.07640000000000004,-0.007800000000000001,6.25,360.93143254470573,0.42875000000000024,0.47750000000000026,0.048750000000000016
1,2,0.4,0.4,0.16000000000000003,0.1822,0.1782,0.02219999999999997,0.018199999999999966,-0.0040000000000000036,6.25,116.16121797844133,-0.13874999999999982,-0.1137499999999998,0.025000000000000022
1,3,0.4,0.4,0.16000000000000003,0.205,0.204,0.04499999999999996,0.043999999999999956,-0.0010000000000000009,6.25,36.757154697762346,-0.2812499999999997,-0.27499999999999974,0.006249999999999978
1,4,0.4,0.4,0.16000000000000003,0.1672,0.1646,0.0071999999999999564,0.004599999999999965,-0.002599999999999991,0.0,67.32199358982871,-0.0,-0.0,0.0
1,5,0.4,0.4,0.16000000000000003,0.1042,0.109,-0.05580000000000003,-0.05100000000000003,0.004799999999999999,6.25,21.146253517577843,0.34875000000000017,0.3187500000000002,-0.02999999999999997
1,6,0.4,0.4,0.16000000000000003,0.139,0.1356,-0.02100000000000002,-0.024400000000000033,-0.003400000000000014,0.0,109.94997722769003,0.0,0.0,0.0
1,7,0.4,0.4,0.16000000000000003,0.1148,0.1124,-0.04520000000000003,-0.04760000000000003,-0.0023999999999999994,6.25,31.20899603719936,0.2825000000000002,0.2975000000000002,0.015000000000000013
1,8,0.4,0.4,0.16000000000000003,0.1398,0.1352,-0.020200000000000023,-0.024800000000000044,-0.004600000000000021,6.25,159.17503704526482,0.12625000000000014,0.15500000000000028,0.028750000000000137
1,9,0.4,0.4,0.16000000000000003,0.135,0.141,-0.025000000000000022,-0.019000000000000045,0.005999999999999978,6.25,91.25638938981065,0.15625000000000014,0.11875000000000027,-0.03749999999999987
1,10,0.4,0.4,0.16000000000000003,0.1662,0.1542,0.0061999999999999555,-0.005800000000000027,-0.011999999999999983,0.0,251.53465521709222,-0.0,0.0,0.0
1,11,0.4,0.4,0.16000000000000003,0.1484,0.1418,-0.011600000000000027,-0.01820000000000002,-0.006599999999999995,0.0,235.55413001956927,0.0,0.0,0.0
1,12,0.4,0.4,0.16000000000000003,0.1278,0.1276,-0.032200000000000034,-0.03240000000000004,-0.00020000000000000573,0.0,105.44249374182263,0.0,0.0,0.0
1,13,0.4,0.4,0.16000000000000003,0.1584,0.152,-0.001600000000000018,-0.008000000000000035,-0.006400000000000017,0.0,145.8161098791901,0.0,0.0,0.0
1,14,0.4,0.4,0.16000000000000003,0.1506,0.143,-0.00940000000000002,-0.017000000000000043,-0.007600000000000023,0.0,94.85763924110184,0.0,0.0,0.0
1,15,0.4,0.4,0.16000000000000003,0.1224,0.1236,-0.037600000000000036,-0.03640000000000003,0.0012000000000000066,6.25,35.0571978953182,0.23500000000000024,0.22750000000000017,-0.007500000000000062
1,16,0.4,0.4,0.16000000000000003,0.113,0.11,-0.04700000000000003,-0.05000000000000003,-0.0030000000000000027,6.25,62.576076226808155,0.2937500000000002,0.31250000000000017,0.01874999999999999
1,17,0.4,0.4,0.16000000000000003,0.1454,0.1356,-0.01460000000000003,-0.024400000000000033,-0.009800000000000003,6.25,76.32081737318089,0.09125000000000019,0.1525000000000002,0.06125
1,18,0.4,0.4,0.16000000000000003,0.134,0.1336,-0.026000000000000023,-0.026400000000000035,-0.00040000000000001146,6.25,94.2228833912182,0.16250000000000014,0.1650000000000002,0.0025000000000000577
1,19,0.4,0.4,0.16000000000000003,0.1376,0.1234,-0.02240000000000003,-0.036600000000000035,-0.014200000000000004,6.25,77.92697987996691,0.14000000000000018,0.22875000000000023,0.08875000000000005
1,20,0.4,0.4,0.16000000000000003,0.1628,0.1566,0.002799999999999969,-0.003400000000000042,-0.006200000000000011,0.0,224.31485318134824,-0.0,0.0,0.0
1,21,0.4,0.4,0.16000000000000003,0.1282,0.1272,-0.03180000000000002,-0.032800000000000024,-0.0010000000000000009,0.0,31.051036526603085,0.0,0.0,0.0
1,22,0.4,0.4,0.16000000000000003,0.1334,0.1284,-0.02660000000000004,-0.031600000000000045,-0.0050000000000000044,6.25,59.64395793242263,0.16625000000000026,0.1975000000000003,0.03125000000000003
1,23,0.4,0.4,0.16000000000000003,0.1456,0.1288,-0.014400000000000024,-0.031200000000000033,-0.01680000000000001,6.25,17.899040263757435,0.09000000000000015,0.1950000000000002,0.10500000000000005
1,24,0.4,0.4,0.16000000000000003,0.1436,0.1352,-0.016400000000000026,-0.024800000000000044,-0.008400000000000019,0.0,9.317317056463187,0.0,0.0,0.0
1,25,0.4,0.4,0.16000000000000003,0.1302,0.1204,-0.02980000000000002,-0.03960000000000004,-0.009800000000000017,0.0,95.90666891290417,0.0,0.0,0.0
1,26,0.4,0.4,0.16000000000000003,0.1436,0.1398,-0.016400000000000026,-0.020200000000000023,-0.003799999999999998,6.25,11.030252167781615,0.10250000000000016,0.12625000000000014,0.02374999999999998
1,27,0.4,0.4,0.16000000000000003,0.1414,0.1416,-0.018600000000000033,-0.018400000000000027,0.00020000000000000573,0.0,30.5983403987536,0.0,0.0,0.0
1,28,0.4,0.4,0.16000000000000003,0.1574,0.1454,-0.002600000000000019,-0.01460000000000003,-0.01200000000000001,6.25,93.95313161248707,0.01625000000000012,0.09125000000000019,0.07500000000000007
1,29,0.4,0.4,0.16000000000000003,0.1584,0.1572,-0.001600000000000018,-0.0028000000000000247,-0.0012000000000000066,0.0,107.60889977439912,0.0,0.0,0.0
1,30,0.4,0.4,0.16000000000000003,0.175,0.1626,0.014999999999999958,0.0025999999999999635,-0.012399999999999994,6.25,36.2245939204766,-0.09374999999999974,-0.01624999999999977,0.07749999999999996
1,31,0.4,0.4,0.16000000000000003,0.1594,0.1548,-0.0006000000000000449,-0.005200000000000038,-0.004599999999999993,0.0,26.17986563661828,0.0,0.0,0.0
1,32,0.4,0.4,0.16000000000000003,0.1624,0.152,0.0023999999999999577,-0.008000000000000035,-0.010399999999999993,0.0,65.58134523124066,-0.0,0.0,0.0
1,33,0.4,0.4,0.16000000000000003,0.1588,0.156,-0.0012000000000000344,-0.004000000000000031,-0.002799999999999997,0.0,53.60598373434677,0.0,0.0,0.0
1,34,0.4,0.4,0.16000000000000003,0.1842,0.1792,0.02419999999999997,0.019199999999999967,-0.0050000000000000044,6.25,23.152973234106533,-0.15124999999999983,-0.1199999999999998,0.03125000000000003
1,35,0.4,0.4,0.16000000000000003,0.1578,0.1502,-0.0022000000000000353,-0.009800000000000031,-0.007599999999999996,0.0,627.2587000656871,0.0,0.0,0.0
1,36,0.4,0.4,0.16000000000000003,0.1806,0.1764,0.02059999999999998,0.01639999999999997,-0.004200000000000009,0.0,38.055292342311674,-0.0,-0.0,0.0
1,37,0.4,0.4,0.16000000000000003,0.176,0.156,0.01599999999999996,-0.004000000000000031,-0.01999999999999999,0.0,389.11294836939845,-0.0,0.0,0.0
1,38,0.4,0.4,0.16000000000000003,0.1734,0.1766,0.013399999999999967,0.016599999999999976,0.0032000000000000084,0.0,97.89941231318747,-0.0,-0.0,0.0
1,39,0.4,0.4,0.16000000000000003,0.1858,0.1752,0.025799999999999962,0.015199999999999964,-0.010599999999999998,0.0,177.31451762980464,-0.0,-0.0,0.0
1,40,0.4,0.4,0.16000000000000003,0.1744,0.1596,0.014399999999999968,-0.0004000000000000392,-0.014800000000000008,0.0,180.91758920575796,-0.0,0.0,0.0
1,41,0.4,0.4,0.16000000000000003,0.1656,0.166,0.005599999999999966,0.005999999999999978,0.00040000000000001146,0.0,173.64676542355102,-0.0,-0.0,0.0
1,42,0.4,0.4,0.16000000000000003,0.1896,0.1902,0.02959999999999996,0.030199999999999977,0.0006000000000000172,6.25,78.21387865595267,-0.18499999999999975,-0.18874999999999986,-0.0037500000000001144
1,43,0.4,0.4,0.16000000000000003,0.1502,0.1444,-0.009800000000000031,-0.01560000000000003,-0.0058,0.0,206.79878960630253,0.0,0.0,0.0
1,44,0.4,0.4,0.16000000000000003,0.1668,0.1626,0.006799999999999973,0.0025999999999999635,-0.004200000000000009,0.0,104.53332064279346,-0.0,-0.0,0.0
1,45,0.4,0.4,0.16000000000000003,0.2012,0.192,0.04119999999999996,0.03199999999999997,-0.009199999999999986,0.0,269.8113118840518,-0.0,-0.0,0.0
1,46,0.4,0.4,0.16000000000000003,0.173,0.1626,0.012999999999999956,0.0025999999999999635,-0.010399999999999993,0.0,176.85203619984105,-0.0,-0.0,0.0
1,47,0.4,0.4,0.16000000000000003,0.2032,0.1914,0.04319999999999996,0.031399999999999956,-0.011800000000000005,6.25,51.88580957850072,-0.26999999999999974,-0.19624999999999973,0.07375000000000001
1,48,0.4,0.4,0.16000000000000003,0.1554,0.1568,-0.004600000000000021,-0.003200000000000036,0.0013999999999999846,0.0,148.36251585305334,0.0,0.0,0.0
1,49,0.4,0.4,0.16000000000000003,0.1658,0.1544,0.005799999999999972,-0.005600000000000022,-0.011399999999999993,0.0,57.275313839129055,-0.0,0.0,0.0
2,3,0.4,0.4,0.16000000000000003,0.177,0.1832,0.01699999999999996,0.02319999999999997,0.006200000000000011,0.0,172.09883174844975,-0.0,-0.0,0.0
2,4,0.4,0.4,0.16000000000000003,0.1248,0.1284,-0.03520000000000004,-0.031600000000000045,0.003599999999999992,6.25,288.6727363327484,0.22000000000000022,0.1975000000000003,-0.022499999999999937
2,5,0.4,0.4,0.16000000000000003,0.1832,0.1916,0.02319999999999997,0.03159999999999996,0.00839999999999999,0.0,122.77346324137241,-0.0,-0.0,0.0
2,6,0.4,0.4,0.16000000000000003,0.1458,0.1416,-0.014200000000000018,-0.018400000000000027,-0.004200000000000009,6.25,200.54726746804323,0.0887500000000001,0.11500000000000017,0.026250000000000065
2,7,0.4,0.4,0.16000000000000003,0.1588,0.163,-0.0012000000000000344,0.002999999999999975,0.004200000000000009,0.0,112.47617697264464,0.0,-0.0,-0.0
2,8,0.4,0.4,0.16000000000000003,0.1864,0.1848,0.02639999999999998,0.02479999999999996,-0.001600000000000018,0.0,413.69763221349973,-0.0,-0.0,0.0
2,9,0.4,0.4,0.16000000000000003,0.1688,0.178,0.008799999999999975,0.01799999999999996,0.009199999999999986,0.0,281.2851372250148,-0.0,-0.0,0.0
2,10,0.4,0.4,0.16000000000000003,0.1664,0.173,0.006399999999999961,0.012999999999999956,0.006599999999999995,6.25,540.2383907767332,-0.03999999999999976,-0.08124999999999973,-0.04124999999999997
2,11,0.4,0.4,0.16000000000000003,0.2014,0.2022,0.041399999999999965,0.04219999999999996,0.0007999999999999952,6.25,474.0574169129909,-0.25874999999999976,-0.26374999999999976,-0.0050000000000000044
2,12,0.4,0.4,0.16000000000000003,0.1002,0.1134,-0.059800000000000034,-0.04660000000000003,0.013200000000000003,6.25,93.94788114582879,0.3737500000000002,0.2912500000000002,-0.08250000000000002
2,13,0.4,0.4,0.16000000000000003,0.1828,0.1854,0.02279999999999996,0.025399999999999978,0.002600000000000019,6.25,344.45071129073017,-0.14249999999999974,-0.15874999999999986,-0.016250000000000125
2,14,0.4,0.4,0.16000000000000003,0.1528,0.1588,-0.00720000000000004,-0.0012000000000000344,0.006000000000000005,6.25,127.46039717954932,0.04500000000000025,0.007500000000000215,-0.03750000000000003
2,15,0.4,0.4,0.16000000000000003,0.1494,0.1556,-0.010600000000000026,-0.004400000000000043,0.006199999999999983,0.0,65.21026543230694,0.0,0.0,0.0
2,16,0.4,0.4,0.16000000000000003,0.142,0.1432,-0.018000000000000044,-0.016800000000000037,0.0012000000000000066,0.0,55.47992601781361,0.0,0.0,0.0
2,17,0.4,0.4,0.16000000000000003,0.1612,0.1616,0.0011999999999999789,0.0015999999999999626,0.0003999999999999837,0.0,229.13097208101962,-0.0,-0.0,0.0
2,18,0.4,0.4,0.16000000000000003,0.1924,0.194,0.03239999999999996,0.033999999999999975,0.001600000000000018,0.0,290.9241611982079,-0.0,-0.0,0.0
2,19,0.4,0.4,0.16000000000000003,0.138,0.1338,-0.02200000000000002,-0.02620000000000003,-0.004200000000000009,0.0,244.77861859342835,0.0,0.0,0.0
2,20,0.4,0.4,0.16000000000000003,0.1414,0.1402,-0.018600000000000033,-0.01980000000000004,-0.0012000000000000066,6.25,375.5886203027366,0.11625000000000021,0.12375000000000025,0.007500000000000034
2,21,0.4,0.4,0.16000000000000003,0.1676,0.1674,0.007599999999999968,0.007399999999999962,-0.00020000000000000573,6.25,118.95802148008704,-0.0474999999999998,-0.046249999999999764,0.0012500000000000358
2,22,0.4,0.4,0.16000000000000003,0.1384,0.1322,-0.021600000000000036,-0.02780000000000002,-0.006199999999999983,0.0,82.26493601442154,0.0,0.0,0.0
2,23,0.4,0.4,0.16000000000000003,0.1482,0.151,-0.011800000000000033,-0.009000000000000036,0.002799999999999997,0.0,151.6765414855313,0.0,0.0,0.0
2,24,0.4,0.4,0.16000000000000003,0.1266,0.139,-0.03340000000000004,-0.02100000000000002,0.012400000000000022,6.25,148.63110703521764,0.20875000000000027,0.13125000000000012,-0.07750000000000015
2,25,0.4,0.4,0.16000000000000003,0.15,0.1466,-0.010000000000000037,-0.013400000000000023,-0.0033999999999999864,6.25,125.75167719839368,0.06250000000000022,0.08375000000000014,0.02124999999999992
2,26,0.4,0.4,0.16000000000000003,0.1296,0.1274,-0.030400000000000038,-0.03260000000000002,-0.0021999999999999797,0.0,70.85906153961109,0.0,0.0,0.0
2,27,0.4,0.4,0.16000000000000003,0.1706,0.177,0.01059999999999997,0.01699999999999996,0.006399999999999989,6.25,147.99581542909792,-0.06624999999999981,-0.10624999999999975,-0.03999999999999994
2,28,0.4,0.4,0.16000000000000003,0.1262,0.1252,-0.033800000000000024,-0.034800000000000025,-0.0010000000000000009,0.0,101.90083085450965,0.0,0.0,0.0
2,29,0.4,0.4,0.16000000000000003,0.165,0.1616,0.004999999999999977,0.0015999999999999626,-0.003400000000000014,6.25,337.65359172772196,-0.031249999999999854,-0.009999999999999766,0.021250000000000088
2,30,0.4,0.4,0.16000000000000003,0.141,0.1354,-0.019000000000000045,-0.02460000000000004,-0.005599999999999994,0.0,114.26369203664153,0.0,0.0,0.0
2,31,0.4,0.4,0.16000000000000003,0.1594,0.1626,-0.0006000000000000449,0.0025999999999999635,0.0032000000000000084,6.25,129.6028853641637,0.003750000000000281,-0.01624999999999977,-0.020000000000000052
2,32,0.4,0.4,0.16000000000000003,0.1646,0.15,0.004599999999999965,-0.010000000000000037,-0.014600000000000002,6.25,104.29434990194834,-0.028749999999999783,0.06250000000000022,0.09125
2,33,0.4,0.4,0.16000000000000003,0.1634,0.1678,0.0033999999999999586,0.007799999999999974,0.004400000000000015,6.25,258.793147663789,-0.02124999999999974,-0.048749999999999835,-0.027500000000000094
2,34,0.4,0.4,0.16000000000000003,0.1326,0.1382,-0.027400000000000035,-0.02180000000000004,0.005599999999999994,0.0,44.98356297503639,0.0,0.0,0.0
2,35,0.4,0.4,0.16000000000000003,0.1478,0.1492,-0.012200000000000044,-0.010800000000000032,0.0014000000000000123,6.25,414.79892222502235,0.07625000000000028,0.0675000000000002,-0.008750000000000077
2,36,0.4,0.4,0.16000000000000003,0.1366,0.136,-0.023400000000000032,-0.02400000000000002,-0.0005999999999999894,6.25,194.10743176724296,0.1462500000000002,0.15000000000000013,0.00374999999999992
2,37,0.4,0.4,0.16000000000000003,0.1608,0.1504,0.0007999999999999674,-0.009600000000000025,-0.010399999999999993,6.25,466.80716871728833,-0.004999999999999796,0.06000000000000016,0.06499999999999995
2,38,0.4,0.4,0.16000000000000003,0.154,0.1686,-0.006000000000000033,0.008599999999999969,0.014600000000000002,6.25,292.6154475601388,0.03750000000000021,-0.053749999999999805,-0.09125000000000001
2,39,0.4,0.4,0.16000000000000003,0.1564,0.158,-0.00360000000000002,-0.0020000000000000295,0.0015999999999999903,6.25,115.32681965481741,0.022500000000000124,0.012500000000000185,-0.00999999999999994
2,40,0.4,0.4,0.16000000000000003,0.1592,0.155,-0.0008000000000000229,-0.005000000000000032,-0.004200000000000009,6.25,400.1454601928266,0.005000000000000143,0.0312500000000002,0.026250000000000058
2,41,0.4,0.4,0.16000000000000003,0.1432,0.1414,-0.016800000000000037,-0.018600000000000033,-0.001799999999999996,6.25,391.7543430968495,0.10500000000000023,0.11625000000000021,0.011249999999999982
2,42,0.4,0.4,0.16000000000000003,0.1506,0.1474,-0.00940000000000002,-0.012600000000000028,-0.0032000000000000084,0.0,230.3901134074325,0.0,0.0,0.0
2,43,0.4,0.4,0.16000000000000003,0.1742,0.1724,0.014199999999999963,0.012399999999999967,-0.001799999999999996,6.25,496.3819151006433,-0.08874999999999977,-0.07749999999999979,0.011249999999999982
2,44,0.4,0.4,0.16000000000000003,0.1722,0.1674,0.012199999999999961,0.007399999999999962,-0.004799999999999999,6.25,307.84433542838275,-0.07624999999999976,-0.046249999999999764,0.03
2,45,0.4,0.4,0.16000000000000003,0.1778,0.1718,0.017799999999999983,0.011799999999999977,-0.006000000000000005,6.25,154.5425022365506,-0.11124999999999989,-0.07374999999999986,0.03750000000000003
2,46,0.4,0.4,0.16000000000000003,0.1718,0.1678,0.011799999999999977,0.007799999999999974,-0.0040000000000000036,6.25,441.2722965920388,-0.07374999999999986,-0.048749999999999835,0.025000000000000022
2,47,0.4,0.4,0.16000000000000003,0.1592,0.1594,-0.0008000000000000229,-0.0006000000000000449,0.00019999999999997797,0.0,124.18627300985611,0.0,0.0,0.0
2,48,0.4,0.4,0.16000000000000003,0.1672,0.1742,0.0071999999999999564,0.014199999999999963,0.007000000000000006,6.25,424.7926115279617,-0.04499999999999973,-0.08874999999999977,-0.043750000000000046
2,49,0.4,0.4,0.16000000000000003,0.1974,0.1856,0.03739999999999996,0.025599999999999956,-0.011800000000000005,6.25,217.7914241658858,-0.23374999999999976,-0.15999999999999973,0.07375000000000004
3,4,0.4,0.4,0.16000000000000003,0.149,0.153,-0.011000000000000038,-0.007000000000000034,0.0040000000000000036,6.25,69.32138373257133,0.06875000000000023,0.04375000000000021,-0.025000000000000015
3,5,0.4,0.4,0.16000000000000003,0.1644,0.176,0.0043999999999999595,0.01599999999999996,0.0116,0.0,25.184236170340924,-0.0,-0.0,0.0
3,6,0.4,0.4,0.16000000000000003,0.1252,0.1248,-0.034800000000000025,-0.03520000000000004,-0.00040000000000001146,6.25,119.05188204509712,0.21750000000000017,0.22000000000000022,0.0025000000000000577
3,7,0.4,0.4,0.16000000000000003,0.1296,0.1326,-0.030400000000000038,-0.027400000000000035,0.0030000000000000027,0.0,9.371335006882468,0.0,0.0,0.0
3,8,0.4,0.4,0.16000000000000003,0.1906,0.188,0.03059999999999996,0.02799999999999997,-0.002599999999999991,0.0,180.66808581548932,-0.0,-0.0,0.0
3,9,0.4,0.4,0.16000000000000003,0.1488,0.1652,-0.011200000000000043,0.005199999999999982,0.016400000000000026,0.0,93.28570798168542,0.0,-0.0,-0.0
3,10,0.4,0.4,0.16000000000000003,0.1414,0.1434,-0.018600000000000033,-0.01660000000000003,0.0020000000000000018,6.25,230.9551562858169,0.11625000000000021,0.1037500000000002,-0.012500000000000011
3,11,0.4,0.4,0.16000000000000003,0.1482,0.1534,-0.011800000000000033,-0.0066000000000000225,0.00520000000000001,6.25,244.8053881493928,0.0737500000000002,0.04125000000000014,-0.032500000000000064
3,12,0.4,0.4,0.16000000000000003,0.1838,0.19,0.02379999999999996,0.02999999999999997,0.006200000000000011,6.25,111.17342500881196,-0.14874999999999974,-0.18749999999999983,-0.03875000000000009
3,13,0.4,0.4,0.16000000000000003,0.151,0.1442,-0.009000000000000036,-0.015800000000000036,-0.0068000000000000005,6.25,119.81362835395912,0.05625000000000022,0.09875000000000023,0.0425
3,14,0.4,0.4,0.16000000000000003,0.1142,0.1166,-0.045800000000000035,-0.043400000000000036,0.0023999999999999994,6.25,82.8718192599588,0.2862500000000002,0.2712500000000002,-0.015000000000000013
3,15,0.4,0.4,0.16000000000000003,0.1388,0.1458,-0.021200000000000024,-0.014200000000000018,0.007000000000000006,0.0,36.64821426415663,0.0,0.0,0.0
3,16,0.4,0.4,0.16000000000000003,0.1558,0.1508,-0.004200000000000037,-0.009200000000000041,-0.0050000000000000044,0.0,66.09154232074745,0.0,0.0,0.0
3,17,0.4,0.4,0.16000000000000003,0.1426,0.1402,-0.017400000000000027,-0.01980000000000004,-0.0024000000000000132,0.0,77.25792551857246,0.0,0.0,0.0
3,18,0.4,0.4,0.16000000000000003,0.153,0.1564,-0.007000000000000034,-0.00360000000000002,0.003400000000000014,0.0,103.28886726550705,0.0,0.0,0.0
3,19,0.4,0.4,0.16000000000000003,0.1736,0.1738,0.013599999999999973,0.013799999999999979,0.00020000000000000573,0.0,149.91119911213275,-0.0,-0.0,0.0
3,20,0.4,0.4,0.16000000000000003,0.1932,0.2026,0.03319999999999998,0.04259999999999997,0.009399999999999992,6.25,230.81568884686212,-0.20749999999999988,-0.2662499999999998,-0.05874999999999994
3,21,0.4,0.4,0.16000000000000003,0.1502,0.1556,-0.009800000000000031,-0.004400000000000043,0.005399999999999988,6.25,40.14560737879263,0.06125000000000019,0.027500000000000267,-0.033749999999999926
3,22,0.4,0.4,0.16000000000000003,0.1234,0.1344,-0.036600000000000035,-0.02560000000000004,0.010999999999999996,0.0,52.38936508119445,0.0,0.0,0.0
3,23,0.4,0.4,0.16000000000000003,0.1568,0.1574,-0.003200000000000036,-0.002600000000000019,0.0006000000000000172,0.0,45.15431192441086,0.0,0.0,0.0
3,24,0.4,0.4,0.16000000000000003,0.1398,0.139,-0.020200000000000023,-0.02100000000000002,-0.0007999999999999952,6.25,29.71536140914635,0.12625000000000014,0.13125000000000012,0.004999999999999977
3,25,0.4,0.4,0.16000000000000003,0.1328,0.1326,-0.02720000000000003,-0.027400000000000035,-0.00020000000000000573,6.25,93.28620474409921,0.17000000000000018,0.17125000000000024,0.0012500000000000566
3,26,0.4,0.4,0.16000000000000003,0.1514,0.155,-0.008600000000000024,-0.005000000000000032,0.003599999999999992,0.0,60.52773969643013,0.0,0.0,0.0
3,27,0.4,0.4,0.16000000000000003,0.1442,0.1518,-0.015800000000000036,-0.00820000000000004,0.007599999999999996,6.25,39.79109821952127,0.09875000000000023,0.051250000000000254,-0.04749999999999997
3,28,0.4,0.4,0.16000000000000003,0.1598,0.1594,-0.00020000000000003348,-0.0006000000000000449,-0.00040000000000001146,0.0,148.43265842689735,0.0,0.0,0.0
3,29,0.4,0.4,0.16000000000000003,0.1618,0.157,0.0017999999999999683,-0.0030000000000000304,-0.004799999999999999,6.25,120.91245603445742,-0.011249999999999802,0.01875000000000019,0.029999999999999992
3,30,0.4,0.4,0.16000000000000003,0.1394,0.1428,-0.020600000000000035,-0.01720000000000002,0.003400000000000014,0.0,47.85943425033142,0.0,0.0,0.0
3,31,0.4,0.4,0.16000000000000003,0.1358,0.143,-0.024200000000000027,-0.017000000000000043,0.007199999999999984,6.25,14.596128976259363,0.15125000000000016,0.10625000000000026,-0.0449999999999999
3,32,0.4,0.4,0.16000000000000003,0.1282,0.1302,-0.03180000000000002,-0.02980000000000002,0.0020000000000000018,6.25,44.40670263031355,0.19875000000000015,0.18625000000000014,-0.012500000000000011
3,33,0.4,0.4,0.16000000000000003,0.1556,0.1648,-0.004400000000000043,0.004799999999999971,0.009200000000000014,6.25,68.46868305255144,0.027500000000000267,-0.02999999999999982,-0.057500000000000086
3,34,0.4,0.4,0.16000000000000003,0.1594,0.1598,-0.0006000000000000449,-0.00020000000000003348,0.00040000000000001146,0.0,55.805051160961746,0.0,0.0,0.0
3,35,0.4,0.4,0.16000000000000003,0.164,0.1732,0.003999999999999976,0.013199999999999962,0.009199999999999986,6.25,633.2112738293163,-0.02499999999999985,-0.08249999999999977,-0.05749999999999992
3,36,0.4,0.4,0.16000000000000003,0.1678,0.1726,0.007799999999999974,0.012599999999999972,0.004799999999999999,6.25,61.78795692800582,-0.048749999999999835,-0.07874999999999982,-0.029999999999999985
3,37,0.4,0.4,0.16000000000000003,0.171,0.1602,0.010999999999999982,0.00019999999999997797,-0.010800000000000004,6.25,380.8588210369122,-0.0687499999999999,-0.0012499999999998623,0.06750000000000003
3,38,0.4,0.4,0.16000000000000003,0.153,0.1692,-0.007000000000000034,0.009199999999999958,0.016199999999999992,6.25,68.38081670751582,0.04375000000000021,-0.05749999999999974,-0.10124999999999995
3,39,0.4,0.4,0.16000000000000003,0.1436,0.141,-0.016400000000000026,-0.019000000000000045,-0.002600000000000019,6.25,134.59916780274278,0.10250000000000016,0.11875000000000027,0.01625000000000011
3,40,0.4,0.4,0.16000000000000003,0.1568,0.155,-0.003200000000000036,-0.005000000000000032,-0.001799999999999996,6.25,134.0589262259424,0.020000000000000226,0.0312500000000002,0.011249999999999975
3,41,0.4,0.4,0.16000000000000003,0.1718,0.1778,0.011799999999999977,0.017799999999999983,0.006000000000000005,6.25,246.5403725730479,-0.07374999999999986,-0.11124999999999989,-0.03750000000000003
3,42,0.4,0.4,0.16000000000000003,0.1746,0.1788,0.014599999999999974,0.018799999999999956,0.0041999999999999815,0.0,74.05073150561076,-0.0,-0.0,0.0
3,43,0.4,0.4,0.16000000000000003,0.1436,0.1426,-0.016400000000000026,-0.017400000000000027,-0.0010000000000000009,6.25,175.6307274487569,0.10250000000000016,0.10875000000000017,0.0062500000000000056
3,44,0.4,0.4,0.16000000000000003,0.1626,0.1582,0.0025999999999999635,-0.0018000000000000238,-0.004399999999999987,6.25,88.89227884258403,-0.01624999999999977,0.011250000000000149,0.02749999999999992
3,45,0.4,0.4,0.16000000000000003,0.1764,0.168,0.01639999999999997,0.00799999999999998,-0.00839999999999999,6.25,221.82418655392857,-0.10249999999999981,-0.04999999999999987,0.05249999999999994
3,46,0.4,0.4,0.16000000000000003,0.156,0.1648,-0.004000000000000031,0.004799999999999971,0.008800000000000002,6.25,99.38343470271205,0.025000000000000196,-0.02999999999999982,-0.055000000000000014
3,47,0.4,0.4,0.16000000000000003,0.1834,0.1818,0.023399999999999976,0.02179999999999996,-0.001600000000000018,0.0,35.73814168028308,-0.0,-0.0,0.0
3,48,0.4,0.4,0.16000000000000003,0.1464,0.157,-0.013600000000000029,-0.0030000000000000304,0.010599999999999998,6.25,113.57492300418558,0.08500000000000019,0.01875000000000019,-0.06625
3,49,0.4,0.4,0.16000000000000003,0.162,0.155,0.001999999999999974,-0.005000000000000032,-0.007000000000000006,6.25,43.34962268999429,-0.012499999999999838,0.0312500000000002,0.04375000000000004
4,5,0.4,0.4,0.16000000000000003,0.1752,0.1828,0.015199999999999964,0.02279999999999996,0.007599999999999996,6.25,75.91388744573139,-0.09499999999999978,-0.14249999999999974,-0.04749999999999996
4,6,0.4,0.4,0.16000000000000003,0.1284,0.1334,-0.031600000000000045,-0.02660000000000004,0.0050000000000000044,0.0,57.54019701538355,0.0,0.0,0.0
4,7,0.4,0.4,0.16000000000000003,0.183,0.1934,0.022999999999999965,0.03339999999999996,0.010399999999999993,6.25,83.60073345578138,-0.14374999999999977,-0.20874999999999974,-0.06499999999999997
4,8,0.4,0.4,0.16000000000000003,0.1238,0.1234,-0.03620000000000004,-0.036600000000000035,-0.0003999999999999976,6.25,28.472551776570633,0.22625000000000023,0.22875000000000023,0.0025000000000000022
4,9,0.4,0.4,0.16000000000000003,0.1438,0.1626,-0.01620000000000002,0.0025999999999999635,0.018799999999999983,6.25,12.470731125371202,0.10125000000000012,-0.01624999999999977,-0.11749999999999988
4,10,0.4,0.4,0.16000000000000003,0.1506,0.1498,-0.00940000000000002,-0.010200000000000042,-0.0008000000000000229,0.0,77.3076409078331,0.0,0.0,0.0
4,11,0.4,0.4,0.16000000000000003,0.0654,0.0688,-0.09460000000000003,-0.09120000000000003,0.0034000000000000002,0.0,71.96973824204844,0.0,0.0,0.0
4,12,0.4,0.4,0.16000000000000003,0.1784,0.1824,0.018399999999999972,0.022399999999999975,0.0040000000000000036,0.0,144.32038636773063,-0.0,-0.0,0.0
4,13,0.4,0.4,0.16000000000000003,0.1812,0.1816,0.02119999999999997,0.02159999999999998,0.00040000000000001146,0.0,36.67800956181113,-0.0,-0.0,0.0
4,14,0.4,0.4,0.16000000000000003,0.1624,0.16,0.0023999999999999577,-2.7755575615628914e-17,-0.0023999999999999855,0.0,95.43142109958757,-0.0,0.0,0.0
4,15,0.4,0.4,0.16000000000000003,0.1712,0.1786,0.01119999999999996,0.018599999999999978,0.007400000000000018,6.25,96.76256795365003,-0.06999999999999976,-0.11624999999999985,-0.0462500000000001
4,16,0.4,0.4,0.16000000000000003,0.1854,0.191,0.025399999999999978,0.030999999999999972,0.005599999999999994,6.25,211.85188545305095,-0.15874999999999986,-0.1937499999999998,-0.03499999999999995
4,17,0.4,0.4,0.16000000000000003,0.1362,0.1362,-0.023800000000000043,-0.023800000000000043,0.0,6.25,19.534447391349534,0.14875000000000027,0.14875000000000027,0.0
4,18,0.4,0.4,0.16000000000000003,0.1294,0.1298,-0.030600000000000044,-0.030200000000000032,0.00040000000000001146,6.25,15.581482119284908,0.19125000000000028,0.1887500000000002,-0.0025000000000000855
4,19,0.4,0.4,0.16000000000000003,0.118,0.1252,-0.04200000000000004,-0.034800000000000025,0.007200000000000012,6.25,41.3993859331769,0.26250000000000023,0.21750000000000017,-0.04500000000000007
4,20,0.4,0.4,0.16000000000000003,0.1678,0.1652,0.007799999999999974,0.005199999999999982,-0.002599999999999991,0.0,95.55573512811087,-0.0,-0.0,0.0
4,21,0.4,0.4,0.16000000000000003,0.1576,0.1526,-0.002400000000000041,-0.007400000000000018,-0.004999999999999977,0.0,88.52622946894269,0.0,0.0,0.0
4,22,0.4,0.4,0.16000000000000003,0.151,0.1598,-0.009000000000000036,-0.00020000000000003348,0.008800000000000002,6.25,188.49337549375826,0.05625000000000022,0.0012500000000002093,-0.055000000000000014
4,23,0.4,0.4,0.16000000000000003,0.1546,0.1546,-0.005400000000000044,-0.005400000000000044,0.0,6.25,23.479133213409547,0.03375000000000027,0.03375000000000027,0.0
4,24,0.4,0.4,0.16000000000000003,0.1474,0.1528,-0.012600000000000028,-0.00720000000000004,0.005399999999999988,0.0,57.987352599799834,0.0,0.0,0.0
4,25,0.4,0.4,0.16000000000000003,0.1456,0.1384,-0.014400000000000024,-0.021600000000000036,-0.007200000000000012,0.0,274.6826881576868,0.0,0.0,0.0
4,26,0.4,0.4,0.16000000000000003,0.1498,0.1498,-0.010200000000000042,-0.010200000000000042,0.0,6.25,117.15013032657342,0.06375000000000026,0.06375000000000026,0.0
4,27,0.4,0.4,0.16000000000000003,0.1478,0.153,-0.012200000000000044,-0.007000000000000034,0.00520000000000001,0.0,124.65395137518554,0.0,0.0,0.0
4,28,0.4,0.4,0.16000000000000003,0.1602,0.1594,0.00019999999999997797,-0.0006000000000000449,-0.0008000000000000229,6.25,251.8089788518504,-0.0012499999999998623,0.003750000000000281,0.005000000000000143
4,29,0.4,0.4,0.16000000000000003,0.1654,0.161,0.00539999999999996,0.0009999999999999731,-0.004399999999999987,0.0,16.936995928897694,-0.0,-0.0,0.0
4,30,0.4,0.4,0.16000000000000003,0.1426,0.144,-0.017400000000000027,-0.016000000000000042,0.0013999999999999846,6.25,88.92608275263017,0.10875000000000017,0.10000000000000026,-0.00874999999999991
4,31,0.4,0.4,0.16000000000000003,0.144,0.1486,-0.016000000000000042,-0.011400000000000021,0.004600000000000021,0.0,102.67644672840977,0.0,0.0,0.0
4,32,0.4,0.4,0.16000000000000003,0.126,0.1218,-0.03400000000000003,-0.038200000000000026,-0.004199999999999995,0.0,198.86833669568202,0.0,0.0,0.0
4,33,0.4,0.4,0.16000000000000003,0.1646,0.171,0.004599999999999965,0.010999999999999982,0.006400000000000017,0.0,8.91057932388426,-0.0,-0.0,0.0
4,34,0.4,0.4,0.16000000000000003,0.1526,0.153,-0.007400000000000018,-0.007000000000000034,0.0003999999999999837,6.25,120.22883369146948,0.04625000000000011,0.04375000000000021,-0.002499999999999898
4,35,0.4,0.4,0.16000000000000003,0.1692,0.1728,0.009199999999999958,0.012799999999999978,0.00360000000000002,0.0,687.8563504213217,-0.0,-0.0,0.0
4,36,0.4,0.4,0.16000000000000003,0.1638,0.1668,0.00379999999999997,0.006799999999999973,0.0030000000000000027,0.0,14.024549055951546,-0.0,-0.0,0.0
4,37,0.4,0.4,0.16000000000000003,0.1858,0.1796,0.025799999999999962,0.01959999999999998,-0.006199999999999983,0.0,230.24928623918098,-0.0,-0.0,0.0
4,38,0.4,0.4,0.16000000000000003,0.1616,0.172,0.0015999999999999626,0.011999999999999955,0.010399999999999993,0.0,14.987694810634512,-0.0,-0.0,0.0
4,39,0.4,0.4,0.16000000000000003,0.1376,0.1392,-0.02240000000000003,-0.02080000000000004,0.0015999999999999903,0.0,316.6264674598081,0.0,0.0,0.0
4,40,0.4,0.4,0.16000000000000003,0.1548,0.1564,-0.005200000000000038,-0.00360000000000002,0.001600000000000018,0.0,39.99032315206454,0.0,0.0,0.0
4,41,0.4,0.4,0.16000000000000003,0.2146,0.2182,0.05459999999999998,0.058199999999999974,0.003599999999999992,0.0,66.92398823477153,-0.0,-0.0,0.0
4,42,0.4,0.4,0.16000000000000003,0.1694,0.1668,0.009399999999999964,0.006799999999999973,-0.002599999999999991,6.25,23.266259482972472,-0.058749999999999775,-0.04249999999999983,0.016249999999999945
4,43,0.4,0.4,0.16000000000000003,0.156,0.1548,-0.004000000000000031,-0.005200000000000038,-0.0012000000000000066,0.0,44.12836928468669,0.0,0.0,0.0
4,44,0.4,0.4,0.16000000000000003,0.155,0.1602,-0.005000000000000032,0.00019999999999997797,0.00520000000000001,0.0,11.748553258314939,0.0,-0.0,-0.0
4,45,0.4,0.4,0.16000000000000003,0.1498,0.1524,-0.010200000000000042,-0.007600000000000023,0.002600000000000019,0.0,384.1205487328818,0.0,0.0,0.0
4,46,0.4,0.4,0.16000000000000003,0.1572,0.1602,-0.0028000000000000247,0.00019999999999997797,0.0030000000000000027,0.0,52.82313674467409,0.0,-0.0,-0.0
4,47,0.4,0.4,0.16000000000000003,0.158,0.1566,-0.0020000000000000295,-0.003400000000000042,-0.0014000000000000123,6.25,69.5831364265796,0.012500000000000185,0.021250000000000262,0.008750000000000077
4,48,0.4,0.4,0.16000000000000003,0.1666,0.1698,0.006599999999999967,0.009799999999999975,0.0032000000000000084,0.0,32.25255954907816,-0.0,-0.0,0.0
4,49,0.4,0.4,0.16000000000000003,0.1442,0.149,-0.015800000000000036,-0.011000000000000038,0.004799999999999999,0.0,125.87341728167429,0.0,0.0,0.0
5,6,0.4,0.4,0.16000000000000003,0.1568,0.157,-0.003200000000000036,-0.0030000000000000304,0.00020000000000000573,6.25,125.44081817074489,0.020000000000000226,0.01875000000000019,-0.0012500000000000358
5,7,0.4,0.4,0.16000000000000003,0.1494,0.1534,-0.010600000000000026,-0.0066000000000000225,0.0040000000000000036,0.0,11.332145622237586,0.0,0.0,0.0
5,8,0.4,0.4,0.16000000000000003,0.1578,0.1584,-0.0022000000000000353,-0.001600000000000018,0.0006000000000000172,0.0,174.91647376679813,0.0,0.0,0.0
5,9,0.4,0.4,0.16000000000000003,0.148,0.1632,-0.012000000000000038,0.0031999999999999806,0.015200000000000019,0.0,96.55712700287918,0.0,-0.0,-0.0
5,10,0.4,0.4,0.16000000000000003,0.1564,0.1604,-0.00360000000000002,0.00039999999999995595,0.003999999999999976,6.25,274.7029224969649,0.022500000000000124,-0.0024999999999997247,-0.02499999999999985
5,11,0.4,0.4,0.16000000000000003,0.157,0.1664,-0.0030000000000000304,0.006399999999999961,0.009399999999999992,6.25,252.68693948940432,0.01875000000000019,-0.03999999999999976,-0.05874999999999995
5,12,0.4,0.4,0.16000000000000003,0.1594,0.1694,-0.0006000000000000449,0.009399999999999964,0.010000000000000009,6.25,128.39168072638824,0.003750000000000281,-0.058749999999999775,-0.06250000000000006
5,13,0.4,0.4,0.16000000000000003,0.1564,0.161,-0.00360000000000002,0.0009999999999999731,0.004599999999999993,6.25,141.81301373498835,0.022500000000000124,-0.006249999999999832,-0.028749999999999956
5,14,0.4,0.4,0.16000000000000003,0.1598,0.1638,-0.00020000000000003348,0.00379999999999997,0.0040000000000000036,6.25,95.7907105470352,0.0012500000000002093,-0.023749999999999813,-0.025000000000000022
5,15,0.4,0.4,0.16000000000000003,0.1414,0.1532,-0.018600000000000033,-0.006800000000000028,0.011800000000000005,0.0,21.248361445166857,0.0,0.0,0.0
5,16,0.4,0.4,0.16000000000000003,0.151,0.1442,-0.009000000000000036,-0.015800000000000036,-0.0068000000000000005,0.0,43.54314199397277,0.0,0.0,0.0
5,17,0.4,0.4,0.16000000000000003,0.1528,0.1564,-0.00720000000000004,-0.00360000000000002,0.00360000000000002,0.0,86.49677160172126,0.0,0.0,0.0
5,18,0.4,0.4,0.16000000000000003,0.1588,0.1644,-0.0012000000000000344,0.0043999999999999595,0.005599999999999994,0.0,85.04099116313724,0.0,-0.0,-0.0
5,19,0.4,0.4,0.16000000000000003,0.1516,0.1544,-0.008400000000000019,-0.005600000000000022,0.002799999999999997,0.0,99.86608208589873,0.0,0.0,0.0
5,20,0.4,0.4,0.16000000000000003,0.1618,0.17,0.0017999999999999683,0.009999999999999981,0.008200000000000013,6.25,252.7175759942779,-0.011249999999999802,-0.06249999999999988,-0.05125000000000008
5,21,0.4,0.4,0.16000000000000003,0.148,0.1582,-0.012000000000000038,-0.0018000000000000238,0.010200000000000015,6.25,26.317560245130846,0.07500000000000023,0.011250000000000149,-0.06375000000000008
5,22,0.4,0.4,0.16000000000000003,0.147,0.152,-0.01300000000000004,-0.008000000000000035,0.0050000000000000044,0.0,45.92725113648666,0.0,0.0,0.0
5,23,0.4,0.4,0.16000000000000003,0.155,0.1614,-0.005000000000000032,0.0013999999999999568,0.006399999999999989,0.0,29.613185860699183,0.0,-0.0,-0.0
5,24,0.4,0.4,0.16000000000000003,0.1488,0.1608,-0.011200000000000043,0.0007999999999999674,0.01200000000000001,6.25,35.687620542686645,0.07000000000000027,-0.004999999999999796,-0.07500000000000007
5,25,0.4,0.4,0.16000000000000003,0.1554,0.156,-0.004600000000000021,-0.004000000000000031,0.0005999999999999894,6.25,101.74963693775834,0.02875000000000013,0.025000000000000196,-0.003749999999999934
5,26,0.4,0.4,0.16000000000000003,0.147,0.1566,-0.01300000000000004,-0.003400000000000042,0.009599999999999997,0.0,21.658758870708287,0.0,0.0,0.0
5,27,0.4,0.4,0.16000000000000003,0.1586,0.1668,-0.00140000000000004,0.006799999999999973,0.008200000000000013,6.25,32.586568566795776,0.00875000000000025,-0.04249999999999983,-0.05125000000000008
5,28,0.4,0.4,0.16000000000000003,0.14,0.137,-0.020000000000000018,-0.02300000000000002,-0.0030000000000000027,0.0,70.22943667353896,0.0,0.0,0.0
5,29,0.4,0.4,0.16000000000000003,0.1596,0.1618,-0.0004000000000000392,0.0017999999999999683,0.0022000000000000075,6.25,132.0308075208203,0.002500000000000245,-0.011249999999999802,-0.013750000000000047
5,30,0.4,0.4,0.16000000000000003,0.1316,0.1442,-0.028400000000000036,-0.015800000000000036,0.0126,0.0,5.191802735395993,0.0,0.0,0.0
5,31,0.4,0.4,0.16000000000000003,0.1522,0.1556,-0.007800000000000029,-0.004400000000000043,0.0033999999999999864,6.25,23.03296857234706,0.04875000000000018,0.027500000000000267,-0.021249999999999915
5,32,0.4,0.4,0.16000000000000003,0.1552,0.1566,-0.0048000000000000265,-0.003400000000000042,0.0013999999999999846,6.25,59.93603965847344,0.030000000000000165,0.021250000000000262,-0.008749999999999904
5,33,0.4,0.4,0.16000000000000003,0.1624,0.17,0.0023999999999999577,0.009999999999999981,0.007600000000000023,6.25,84.50306469779532,-0.014999999999999736,-0.06249999999999988,-0.047500000000000146
5,34,0.4,0.4,0.16000000000000003,0.1514,0.1544,-0.008600000000000024,-0.005600000000000022,0.0030000000000000027,0.0,29.417048491090238,0.0,0.0,0.0
5,35,0.4,0.4,0.16000000000000003,0.1824,0.1826,0.022399999999999975,0.02259999999999998,0.00020000000000000573,6.25,683.4040410797669,-0.13999999999999985,-0.14124999999999988,-0.0012500000000000289
5,36,0.4,0.4,0.16000000000000003,0.1438,0.1454,-0.01620000000000002,-0.01460000000000003,0.0015999999999999903,6.25,40.70990854352258,0.10125000000000012,0.09125000000000019,-0.009999999999999926
5,37,0.4,0.4,0.16000000000000003,0.1688,0.1668,0.008799999999999975,0.006799999999999973,-0.0020000000000000018,6.25,403.7331219757181,-0.05499999999999984,-0.04249999999999983,0.012500000000000011
5,38,0.4,0.4,0.16000000000000003,0.1486,0.165,-0.011400000000000021,0.004999999999999977,0.016399999999999998,6.25,76.44562780665005,0.07125000000000013,-0.031249999999999854,-0.10249999999999998
5,39,0.4,0.4,0.16000000000000003,0.1492,0.1464,-0.010800000000000032,-0.013600000000000029,-0.002799999999999997,6.25,135.98268946881785,0.0675000000000002,0.08500000000000019,0.017499999999999988
5,40,0.4,0.4,0.16000000000000003,0.1462,0.1446,-0.013800000000000034,-0.015400000000000025,-0.0015999999999999903,6.25,154.29135739012915,0.08625000000000022,0.09625000000000015,0.00999999999999994
5,41,0.4,0.4,0.16000000000000003,0.162,0.1684,0.001999999999999974,0.008399999999999963,0.006399999999999989,6.25,221.4322910549039,-0.012499999999999838,-0.05249999999999977,-0.03999999999999993
5,42,0.4,0.4,0.16000000000000003,0.1476,0.1462,-0.012400000000000022,-0.013800000000000034,-0.0014000000000000123,0.0,62.64595420733078,0.0,0.0,0.0
5,43,0.4,0.4,0.16000000000000003,0.1562,0.1618,-0.0038000000000000256,0.0017999999999999683,0.005599999999999994,6.25,222.10667421057815,0.02375000000000016,-0.011249999999999802,-0.03499999999999996
5,44,0.4,0.4,0.16000000000000003,0.1574,0.1588,-0.002600000000000019,-0.0012000000000000344,0.0013999999999999846,6.25,111.9175832965384,0.01625000000000012,0.007500000000000215,-0.008749999999999904
5,45,0.4,0.4,0.16000000000000003,0.1454,0.154,-0.01460000000000003,-0.006000000000000033,0.008599999999999997,6.25,229.07490492193676,0.09125000000000019,0.03750000000000021,-0.053749999999999985
5,46,0.4,0.4,0.16000000000000003,0.149,0.1534,-0.011000000000000038,-0.0066000000000000225,0.004400000000000015,6.25,145.64425078718165,0.06875000000000023,0.04125000000000014,-0.027500000000000087
5,47,0.4,0.4,0.16000000000000003,0.1382,0.1442,-0.02180000000000004,-0.015800000000000036,0.006000000000000005,0.0,18.97503670883441,0.0,0.0,0.0
5,48,0.4,0.4,0.16000000000000003,0.1644,0.1692,0.0043999999999999595,0.009199999999999958,0.004799999999999999,6.25,167.12082671850476,-0.027499999999999747,-0.05749999999999974,-0.029999999999999992
5,49,0.4,0.4,0.16000000000000003,0.1644,0.1694,0.0043999999999999595,0.009399999999999964,0.0050000000000000044,6.25,89.32483340762099,-0.027499999999999747,-0.058749999999999775,-0.03125000000000003
6,7,0.4,0.4,0.16000000000000003,0.1546,0.1566,-0.005400000000000044,-0.003400000000000042,0.0020000000000000018,6.25,106.70655518451234,0.03375000000000027,0.021250000000000262,-0.012500000000000011
6,8,0.4,0.4,0.16000000000000003,0.1606,0.1554,0.0005999999999999617,-0.004600000000000021,-0.005199999999999982,6.25,76.22604748296023,-0.0037499999999997605,0.02875000000000013,0.03249999999999989
6,9,0.4,0.4,0.16000000000000003,0.1562,0.1584,-0.0038000000000000256,-0.001600000000000018,0.0022000000000000075,6.25,39.05390016797509,0.02375000000000016,0.010000000000000113,-0.013750000000000047
6,10,0.4,0.4,0.16000000000000003,0.1538,0.1582,-0.006200000000000039,-0.0018000000000000238,0.004400000000000015,0.0,116.61461307453197,0.0,0.0,0.0
6,11,0.4,0.4,0.16000000000000003,0.1446,0.1544,-0.015400000000000025,-0.005600000000000022,0.009800000000000003,0.0,76.0532111186856,0.0,0.0,0.0
6,12,0.4,0.4,0.16000000000000003,0.1476,0.1566,-0.012400000000000022,-0.003400000000000042,0.00899999999999998,0.0,43.720054220788754,0.0,0.0,0.0
6,13,0.4,0.4,0.16000000000000003,0.1606,0.156,0.0005999999999999617,-0.004000000000000031,-0.004599999999999993,0.0,55.26383506861311,-0.0,0.0,0.0
6,14,0.4,0.4,0.16000000000000003,0.1492,0.147,-0.010800000000000032,-0.01300000000000004,-0.0022000000000000075,0.0,23.866311554658967,0.0,0.0,0.0
6,15,0.4,0.4,0.16000000000000003,0.147,0.1522,-0.01300000000000004,-0.007800000000000029,0.00520000000000001,6.25,78.89144102677615,0.08125000000000024,0.04875000000000018,-0.03250000000000006
6,16,0.4,0.4,0.16000000000000003,0.1552,0.1588,-0.0048000000000000265,-0.0012000000000000344,0.003599999999999992,6.25,219.73814298833335,0.030000000000000165,0.007500000000000215,-0.02249999999999995
6,17,0.4,0.4,0.16000000000000003,0.151,0.1438,-0.009000000000000036,-0.01620000000000002,-0.007199999999999984,6.25,17.406589686910685,0.05625000000000022,0.10125000000000012,0.044999999999999894
6,18,0.4,0.4,0.16000000000000003,0.167,0.1538,0.0069999999999999785,-0.006200000000000039,-0.013200000000000017,6.25,57.8109469900429,-0.043749999999999865,0.03875000000000024,0.0825000000000001
6,19,0.4,0.4,0.16000000000000003,0.1478,0.1442,-0.012200000000000044,-0.015800000000000036,-0.003599999999999992,6.25,72.41171528489829,0.07625000000000028,0.09875000000000023,0.02249999999999995
6,20,0.4,0.4,0.16000000000000003,0.1494,0.1418,-0.010600000000000026,-0.01820000000000002,-0.007599999999999996,0.0,37.26438268411083,0.0,0.0,0.0
6,21,0.4,0.4,0.16000000000000003,0.1634,0.162,0.0033999999999999586,0.001999999999999974,-0.0013999999999999846,0.0,110.6469338394831,-0.0,-0.0,0.0
6,22,0.4,0.4,0.16000000000000003,0.1644,0.1554,0.0043999999999999595,-0.004600000000000021,-0.00899999999999998,6.25,206.4323049100141,-0.027499999999999747,0.02875000000000013,0.056249999999999876
6,23,0.4,0.4,0.16000000000000003,0.1552,0.1518,-0.0048000000000000265,-0.00820000000000004,-0.003400000000000014,6.25,49.233771662178334,0.030000000000000165,0.051250000000000254,0.021250000000000088
6,24,0.4,0.4,0.16000000000000003,0.1642,0.1568,0.0041999999999999815,-0.003200000000000036,-0.007400000000000018,0.0,104.07553455828179,-0.0,0.0,0.0
6,25,0.4,0.4,0.16000000000000003,0.162,0.1622,0.001999999999999974,0.0021999999999999797,0.00020000000000000573,0.0,309.1171673369182,-0.0,-0.0,0.0
6,26,0.4,0.4,0.16000000000000003,0.1536,0.153,-0.0064000000000000445,-0.007000000000000034,-0.0005999999999999894,6.25,144.4368911488579,0.04000000000000028,0.04375000000000021,0.003749999999999934
6,27,0.4,0.4,0.16000000000000003,0.1634,0.1636,0.0033999999999999586,0.0035999999999999643,0.00020000000000000573,0.0,191.8067287044291,-0.0,-0.0,0.0
6,28,0.4,0.4,0.16000000000000003,0.1476,0.1524,-0.012400000000000022,-0.007600000000000023,0.004799999999999999,6.25,289.5720596932807,0.07750000000000014,0.047500000000000146,-0.029999999999999992
6,29,0.4,0.4,0.16000000000000003,0.1612,0.151,0.0011999999999999789,-0.009000000000000036,-0.010200000000000015,0.0,59.7660992987892,-0.0,0.0,0.0
6,30,0.4,0.4,0.16000000000000003,0.1488,0.1528,-0.011200000000000043,-0.00720000000000004,0.0040000000000000036,6.25,125.97734266321466,0.07000000000000027,0.04500000000000025,-0.025000000000000022
6,31,0.4,0.4,0.16000000000000003,0.1644,0.1548,0.0043999999999999595,-0.005200000000000038,-0.009599999999999997,0.0,147.01267529255253,-0.0,0.0,0.0
6,32,0.4,0.4,0.16000000000000003,0.159,0.1616,-0.0010000000000000286,0.0015999999999999626,0.002599999999999991,0.0,223.52837634902423,0.0,-0.0,-0.0
6,33,0.4,0.4,0.16000000000000003,0.1556,0.1542,-0.004400000000000043,-0.005800000000000027,-0.0013999999999999846,0.0,49.24300672308543,0.0,0.0,0.0
6,34,0.4,0.4,0.16000000000000003,0.1552,0.1566,-0.0048000000000000265,-0.003400000000000042,0.0013999999999999846,6.25,107.89640746711534,0.030000000000000165,0.021250000000000262,-0.008749999999999904
6,35,0.4,0.4,0.16000000000000003,0.1348,0.122,-0.025200000000000028,-0.038000000000000034,-0.012800000000000006,0.0,381.7754840940242,0.0,0.0,0.0
6,36,0.4,0.4,0.16000000000000003,0.1494,0.1502,-0.010600000000000026,-0.009800000000000031,0.0007999999999999952,0.0,49.100241885630105,0.0,0.0,0.0
6,37,0.4,0.4,0.16000000000000003,0.1352,0.1334,-0.024800000000000044,-0.02660000000000004,-0.001799999999999996,0.0,88.6913117795727,0.0,0.0,0.0
6,38,0.4,0.4,0.16000000000000003,0.1528,0.1544,-0.00720000000000004,-0.005600000000000022,0.001600000000000018,0.0,55.4254446574108,0.0,0.0,0.0
6,39,0.4,0.4,0.16000000000000003,0.1626,0.1516,0.0025999999999999635,-0.008400000000000019,-0.010999999999999982,0.0,270.23722486999895,-0.0,0.0,0.0
6,40,0.4,0.4,0.16000000000000003,0.1558,0.1482,-0.004200000000000037,-0.011800000000000033,-0.007599999999999996,0.0,69.2267569014759,0.0,0.0,0.0
6,41,0.4,0.4,0.16000000000000003,0.1436,0.1412,-0.016400000000000026,-0.01880000000000004,-0.0024000000000000132,0.0,78.70351661478414,0.0,0.0,0.0
6,42,0.4,0.4,0.16000000000000003,0.161,0.1544,0.0009999999999999731,-0.005600000000000022,-0.006599999999999995,6.25,46.27308689092586,-0.006249999999999832,0.035000000000000135,0.04124999999999997
6,43,0.4,0.4,0.16000000000000003,0.1618,0.1584,0.0017999999999999683,-0.001600000000000018,-0.0033999999999999864,0.0,92.72392205133231,-0.0,0.0,0.0
6,44,0.4,0.4,0.16000000000000003,0.1508,0.1538,-0.009200000000000041,-0.006200000000000039,0.0030000000000000027,0.0,34.99205813537302,0.0,0.0,0.0
6,45,0.4,0.4,0.16000000000000003,0.1482,0.1452,-0.011800000000000033,-0.014800000000000035,-0.0030000000000000027,0.0,269.5503058278001,0.0,0.0,0.0
6,46,0.4,0.4,0.16000000000000003,0.1588,0.1534,-0.0012000000000000344,-0.0066000000000000225,-0.005399999999999988,0.0,127.80266849213385,0.0,0.0,0.0
6,47,0.4,0.4,0.16000000000000003,0.152,0.1486,-0.008000000000000035,-0.011400000000000021,-0.0033999999999999864,6.25,75.55226508438328,0.05000000000000022,0.07125000000000013,0.021249999999999915
6,48,0.4,0.4,0.16000000000000003,0.1598,0.1658,-0.00020000000000003348,0.005799999999999972,0.006000000000000005,0.0,90.98417893508834,0.0,-0.0,-0.0
6,49,0.4,0.4,0.16000000000000003,0.1646,0.1582,0.004599999999999965,-0.0018000000000000238,-0.006399999999999989,0.0,186.7124499248792,-0.0,0.0,0.0
7,8,0.4,0.4,0.16000000000000003,0.1598,0.1666,-0.00020000000000003348,0.006599999999999967,0.0068000000000000005,0.0,191.87169469115491,0.0,-0.0,-0.0
7,9,0.4,0.4,0.16000000000000003,0.1422,0.1582,-0.017800000000000038,-0.0018000000000000238,0.016000000000000014,0.0,96.5474179538672,0.0,0.0,0.0
7,10,0.4,0.4,0.16000000000000003,0.1538,0.1514,-0.006200000000000039,-0.008600000000000024,-0.0023999999999999855,6.25,260.7683221937291,0.03875000000000024,0.05375000000000015,0.01499999999999991
7,11,0.4,0.4,0.16000000000000003,0.1558,0.1596,-0.004200000000000037,-0.0004000000000000392,0.003799999999999998,6.25,259.2789728257949,0.02625000000000023,0.002500000000000245,-0.023749999999999986
7,12,0.4,0.4,0.16000000000000003,0.1516,0.1644,-0.008400000000000019,0.0043999999999999595,0.012799999999999978,6.25,87.48642987172344,0.052500000000000116,-0.027499999999999747,-0.07999999999999986
7,13,0.4,0.4,0.16000000000000003,0.1466,0.156,-0.013400000000000023,-0.004000000000000031,0.009399999999999992,6.25,127.45526952236968,0.08375000000000014,0.025000000000000196,-0.05874999999999995
7,14,0.4,0.4,0.16000000000000003,0.1544,0.1556,-0.005600000000000022,-0.004400000000000043,0.0011999999999999789,6.25,65.62962109939876,0.035000000000000135,0.027500000000000267,-0.007499999999999868
7,15,0.4,0.4,0.16000000000000003,0.1378,0.1454,-0.022200000000000025,-0.01460000000000003,0.007599999999999996,0.0,11.058831004886466,0.0,0.0,0.0
7,16,0.4,0.4,0.16000000000000003,0.1392,0.1486,-0.02080000000000004,-0.011400000000000021,0.00940000000000002,0.0,36.35084724394754,0.0,0.0,0.0
7,17,0.4,0.4,0.16000000000000003,0.1526,0.156,-0.007400000000000018,-0.004000000000000031,0.0033999999999999864,0.0,80.37502096983799,0.0,0.0,0.0
7,18,0.4,0.4,0.16000000000000003,0.155,0.1566,-0.005000000000000032,-0.003400000000000042,0.0015999999999999903,0.0,104.29833660972471,0.0,0.0,0.0
7,19,0.4,0.4,0.16000000000000003,0.1624,0.162,0.0023999999999999577,0.001999999999999974,-0.0003999999999999837,0.0,135.36374593472448,-0.0,-0.0,0.0
7,20,0.4,0.4,0.16000000000000003,0.1538,0.1546,-0.006200000000000039,-0.005400000000000044,0.0007999999999999952,6.25,228.60913033652173,0.03875000000000024,0.03375000000000027,-0.00499999999999997
7,21,0.4,0.4,0.16000000000000003,0.1534,0.1632,-0.0066000000000000225,0.0031999999999999806,0.009800000000000003,6.25,31.728503199653115,0.04125000000000014,-0.01999999999999988,-0.06125000000000002
7,22,0.4,0.4,0.16000000000000003,0.1424,0.1418,-0.017600000000000032,-0.01820000000000002,-0.0005999999999999894,0.0,30.850925026487882,0.0,0.0,0.0
7,23,0.4,0.4,0.16000000000000003,0.154,0.1618,-0.006000000000000033,0.0017999999999999683,0.007800000000000001,0.0,38.60259931446277,0.0,-0.0,-0.0
7,24,0.4,0.4,0.16000000000000003,0.148,0.1554,-0.012000000000000038,-0.004600000000000021,0.007400000000000018,6.25,33.53815897108731,0.07500000000000023,0.02875000000000013,-0.046250000000000104
7,25,0.4,0.4,0.16000000000000003,0.1536,0.1476,-0.0064000000000000445,-0.012400000000000022,-0.005999999999999978,6.25,88.7774655845021,0.04000000000000028,0.07750000000000014,0.03749999999999986
7,26,0.4,0.4,0.16000000000000003,0.156,0.1566,-0.004000000000000031,-0.003400000000000042,0.0005999999999999894,0.0,37.05555493705893,0.0,0.0,0.0
7,27,0.4,0.4,0.16000000000000003,0.1484,0.1592,-0.011600000000000027,-0.0008000000000000229,0.010800000000000004,6.25,42.350981822578035,0.07250000000000018,0.005000000000000143,-0.06750000000000003
7,28,0.4,0.4,0.16000000000000003,0.1526,0.1534,-0.007400000000000018,-0.0066000000000000225,0.0007999999999999952,0.0,107.35835850623276,0.0,0.0,0.0
7,29,0.4,0.4,0.16000000000000003,0.1596,0.158,-0.0004000000000000392,-0.0020000000000000295,-0.0015999999999999903,6.25,134.54639474200133,0.002500000000000245,0.012500000000000185,0.00999999999999994
7,30,0.4,0.4,0.16000000000000003,0.131,0.1366,-0.029000000000000026,-0.023400000000000032,0.005599999999999994,0.0,21.926278268510462,0.0,0.0,0.0
7,31,0.4,0.4,0.16000000000000003,0.1374,0.1556,-0.022600000000000037,-0.004400000000000043,0.018199999999999994,6.25,16.90289559126189,0.14125000000000024,0.027500000000000267,-0.11374999999999996
7,32,0.4,0.4,0.16000000000000003,0.1442,0.1406,-0.015800000000000036,-0.01940000000000003,-0.003599999999999992,6.25,35.54108890096935,0.09875000000000023,0.12125000000000018,0.02249999999999995
7,33,0.4,0.4,0.16000000000000003,0.1546,0.1678,-0.005400000000000044,0.007799999999999974,0.013200000000000017,6.25,85.53240543767869,0.03375000000000027,-0.048749999999999835,-0.0825000000000001
7,34,0.4,0.4,0.16000000000000003,0.147,0.1526,-0.01300000000000004,-0.007400000000000018,0.005600000000000022,0.0,26.793828705779234,0.0,0.0,0.0
7,35,0.4,0.4,0.16000000000000003,0.1606,0.1668,0.0005999999999999617,0.006799999999999973,0.006200000000000011,6.25,587.1615952571035,-0.0037499999999997605,-0.04249999999999983,-0.03875000000000007
7,36,0.4,0.4,0.16000000000000003,0.1478,0.15,-0.012200000000000044,-0.010000000000000037,0.0022000000000000075,6.25,54.98038259310021,0.07625000000000028,0.06250000000000022,-0.013750000000000054
7,37,0.4,0.4,0.16000000000000003,0.157,0.1608,-0.0030000000000000304,0.0007999999999999674,0.003799999999999998,6.25,365.6499176410918,0.01875000000000019,-0.004999999999999796,-0.023749999999999986
7,38,0.4,0.4,0.16000000000000003,0.1528,0.1602,-0.00720000000000004,0.00019999999999997797,0.007400000000000018,6.25,76.66237822429389,0.04500000000000025,-0.0012499999999998623,-0.04625000000000011
7,39,0.4,0.4,0.16000000000000003,0.1346,0.1362,-0.025400000000000034,-0.023800000000000043,0.0015999999999999903,6.25,106.23048583244397,0.15875000000000022,0.14875000000000027,-0.009999999999999953
7,40,0.4,0.4,0.16000000000000003,0.1446,0.1472,-0.015400000000000025,-0.012800000000000034,0.002599999999999991,6.25,145.17588811362893,0.09625000000000015,0.08000000000000021,-0.016249999999999945
7,41,0.4,0.4,0.16000000000000003,0.1684,0.1688,0.008399999999999963,0.008799999999999975,0.00040000000000001146,6.25,247.755509250022,-0.05249999999999977,-0.05499999999999984,-0.0025000000000000716
7,42,0.4,0.4,0.16000000000000003,0.1466,0.1464,-0.013400000000000023,-0.013600000000000029,-0.00020000000000000573,0.0,65.2886684392781,0.0,0.0,0.0
7,43,0.4,0.4,0.16000000000000003,0.1494,0.1526,-0.010600000000000026,-0.007400000000000018,0.0032000000000000084,6.25,210.25874803526446,0.06625000000000017,0.04625000000000011,-0.02000000000000006
7,44,0.4,0.4,0.16000000000000003,0.1494,0.1572,-0.010600000000000026,-0.0028000000000000247,0.007800000000000001,6.25,102.00027478043326,0.06625000000000017,0.017500000000000154,-0.048750000000000016
7,45,0.4,0.4,0.16000000000000003,0.1354,0.1406,-0.02460000000000004,-0.01940000000000003,0.00520000000000001,6.25,184.08801749611715,0.15375000000000025,0.12125000000000018,-0.03250000000000007
7,46,0.4,0.4,0.16000000000000003,0.1408,0.139,-0.019200000000000023,-0.02100000000000002,-0.001799999999999996,6.25,133.87674116522282,0.12000000000000013,0.13125000000000012,0.011249999999999982
7,47,0.4,0.4,0.16000000000000003,0.1352,0.143,-0.024800000000000044,-0.017000000000000043,0.007800000000000001,0.0,14.260478004235651,0.0,0.0,0.0
7,48,0.4,0.4,0.16000000000000003,0.16,0.1636,-2.7755575615628914e-17,0.0035999999999999643,0.003599999999999992,6.25,154.74516650111846,1.734723475976807e-16,-0.022499999999999777,-0.02249999999999995
7,49,0.4,0.4,0.16000000000000003,0.156,0.1566,-0.004000000000000031,-0.003400000000000042,0.0005999999999999894,6.25,72.20306799642653,0.025000000000000196,0.021250000000000262,-0.003749999999999934
8,9,0.4,0.4,0.16000000000000003,0.1534,0.1582,-0.0066000000000000225,-0.0018000000000000238,0.004799999999999999,0.0,20.9143709222411,0.0,0.0,0.0
8,10,0.4,0.4,0.16000000000000003,0.166,0.159,0.005999999999999978,-0.0010000000000000286,-0.007000000000000006,6.25,37.166905168563666,-0.03749999999999986,0.006250000000000179,0.04375000000000004
8,11,0.4,0.4,0.16000000000000003,0.1454,0.1462,-0.01460000000000003,-0.013800000000000034,0.0007999999999999952,6.25,39.83283862390124,0.09125000000000019,0.08625000000000022,-0.004999999999999977
8,12,0.4,0.4,0.16000000000000003,0.1704,0.1702,0.010399999999999965,0.010199999999999959,-0.00020000000000000573,6.25,216.7061198054066,-0.06499999999999978,-0.06374999999999975,0.0012500000000000289
8,13,0.4,0.4,0.16000000000000003,0.178,0.1674,0.01799999999999996,0.007399999999999962,-0.010599999999999998,6.25,35.46284834960235,-0.11249999999999975,-0.046249999999999764,0.06624999999999999
8,14,0.4,0.4,0.16000000000000003,0.164,0.1562,0.003999999999999976,-0.0038000000000000256,-0.007800000000000001,6.25,162.10207212209457,-0.02499999999999985,0.02375000000000016,0.04875000000000001
8,15,0.4,0.4,0.16000000000000003,0.1628,0.1558,0.002799999999999969,-0.004200000000000037,-0.007000000000000006,0.0,191.25576846618713,-0.0,0.0,0.0
8,16,0.4,0.4,0.16000000000000003,0.1628,0.1536,0.002799999999999969,-0.0064000000000000445,-0.009200000000000014,0.0,362.8378266104932,-0.0,0.0,0.0
8,17,0.4,0.4,0.16000000000000003,0.1582,0.145,-0.0018000000000000238,-0.015000000000000041,-0.013200000000000017,0.0,53.28776569296208,0.0,0.0,0.0
8,18,0.4,0.4,0.16000000000000003,0.155,0.1496,-0.005000000000000032,-0.01040000000000002,-0.005399999999999988,0.0,34.48612483105357,0.0,0.0,0.0
8,19,0.4,0.4,0.16000000000000003,0.1536,0.144,-0.0064000000000000445,-0.016000000000000042,-0.009599999999999997,0.0,44.08225727486843,0.0,0.0,0.0
8,20,0.4,0.4,0.16000000000000003,0.1644,0.1632,0.0043999999999999595,0.0031999999999999806,-0.0011999999999999789,6.25,59.47960744811294,-0.027499999999999747,-0.01999999999999988,0.007499999999999868
8,21,0.4,0.4,0.16000000000000003,0.1518,0.1492,-0.00820000000000004,-0.010800000000000032,-0.002599999999999991,6.25,198.25775908290166,0.051250000000000254,0.0675000000000002,0.016249999999999945
8,22,0.4,0.4,0.16000000000000003,0.1734,0.1722,0.013399999999999967,0.012199999999999961,-0.0012000000000000066,0.0,327.1386451621249,-0.0,-0.0,0.0
8,23,0.4,0.4,0.16000000000000003,0.1562,0.1512,-0.0038000000000000256,-0.00880000000000003,-0.0050000000000000044,0.0,78.59017630179021,0.0,0.0,0.0
8,24,0.4,0.4,0.16000000000000003,0.1604,0.1564,0.00039999999999995595,-0.00360000000000002,-0.003999999999999976,6.25,142.9940624384996,-0.0024999999999997247,0.022500000000000124,0.02499999999999985
8,25,0.4,0.4,0.16000000000000003,0.1682,0.1662,0.008199999999999957,0.0061999999999999555,-0.0020000000000000018,6.25,468.840085102304,-0.05124999999999973,-0.03874999999999972,0.012500000000000011
8,26,0.4,0.4,0.16000000000000003,0.1582,0.1548,-0.0018000000000000238,-0.005200000000000038,-0.003400000000000014,0.0,220.32040267170714,0.0,0.0,0.0
8,27,0.4,0.4,0.16000000000000003,0.1626,0.1652,0.0025999999999999635,0.005199999999999982,0.002600000000000019,6.25,262.9230137771254,-0.01624999999999977,-0.03249999999999989,-0.01625000000000012
8,28,0.4,0.4,0.16000000000000003,0.1514,0.1394,-0.008600000000000024,-0.020600000000000035,-0.01200000000000001,0.0,395.4789344428994,0.0,0.0,0.0
8,29,0.4,0.4,0.16000000000000003,0.16,0.1516,-2.7755575615628914e-17,-0.008400000000000019,-0.00839999999999999,6.25,14.4047793660338,1.734723475976807e-16,0.052500000000000116,0.05249999999999994
8,30,0.4,0.4,0.16000000000000003,0.1482,0.1486,-0.011800000000000033,-0.011400000000000021,0.00040000000000001146,0.0,176.68431350851932,0.0,0.0,0.0
8,31,0.4,0.4,0.16000000000000003,0.162,0.1592,0.001999999999999974,-0.0008000000000000229,-0.002799999999999997,6.25,234.16892599274246,-0.012499999999999838,0.005000000000000143,0.01749999999999998
8,32,0.4,0.4,0.16000000000000003,0.179,0.1626,0.01899999999999996,0.0025999999999999635,-0.016399999999999998,6.25,354.8086625576697,-0.11874999999999976,-0.01624999999999977,0.10249999999999998
8,33,0.4,0.4,0.16000000000000003,0.1622,0.1512,0.0021999999999999797,-0.00880000000000003,-0.01100000000000001,6.25,47.24389549740929,-0.013749999999999873,0.05500000000000019,0.06875000000000006
8,34,0.4,0.4,0.16000000000000003,0.1662,0.1546,0.0061999999999999555,-0.005400000000000044,-0.0116,0.0,218.35413221502245,-0.0,0.0,0.0
8,35,0.4,0.4,0.16000000000000003,0.169,0.163,0.00899999999999998,0.002999999999999975,-0.006000000000000005,6.25,773.5207311882239,-0.056249999999999876,-0.018749999999999843,0.03750000000000003
8,36,0.4,0.4,0.16000000000000003,0.1568,0.1468,-0.003200000000000036,-0.013200000000000017,-0.009999999999999981,6.25,50.233402659232134,0.020000000000000226,0.0825000000000001,0.062499999999999875
8,37,0.4,0.4,0.16000000000000003,0.1626,0.1532,0.0025999999999999635,-0.006800000000000028,-0.009399999999999992,6.25,188.02303454858824,-0.01624999999999977,0.042500000000000177,0.05874999999999995
8,38,0.4,0.4,0.16000000000000003,0.16,0.1618,-2.7755575615628914e-17,0.0017999999999999683,0.001799999999999996,6.25,49.891641644857,1.734723475976807e-16,-0.011249999999999802,-0.011249999999999975
8,39,0.4,0.4,0.16000000000000003,0.1654,0.1552,0.00539999999999996,-0.0048000000000000265,-0.010199999999999987,6.25,500.25596684506183,-0.03374999999999975,0.030000000000000165,0.06374999999999992
8,40,0.4,0.4,0.16000000000000003,0.1654,0.1534,0.00539999999999996,-0.0066000000000000225,-0.011999999999999983,6.25,38.90058008829857,-0.03374999999999975,0.04125000000000014,0.0749999999999999
8,41,0.4,0.4,0.16000000000000003,0.1428,0.1394,-0.01720000000000002,-0.020600000000000035,-0.003400000000000014,6.25,28.61593294707768,0.10750000000000012,0.12875000000000023,0.021250000000000102
8,42,0.4,0.4,0.16000000000000003,0.1564,0.1576,-0.00360000000000002,-0.002400000000000041,0.0011999999999999789,0.0,46.53340179585413,0.0,0.0,0.0
8,43,0.4,0.4,0.16000000000000003,0.1666,0.1522,0.006599999999999967,-0.007800000000000029,-0.014399999999999996,6.25,28.571768421458557,-0.041249999999999794,0.04875000000000018,0.08999999999999997
8,44,0.4,0.4,0.16000000000000003,0.1648,0.1604,0.004799999999999971,0.00039999999999995595,-0.004400000000000015,6.25,26.102481779597987,-0.02999999999999982,-0.0024999999999997247,0.027500000000000094
8,45,0.4,0.4,0.16000000000000003,0.1654,0.155,0.00539999999999996,-0.005000000000000032,-0.010399999999999993,6.25,552.1753984098759,-0.03374999999999975,0.0312500000000002,0.06499999999999995
8,46,0.4,0.4,0.16000000000000003,0.1578,0.154,-0.0022000000000000353,-0.006000000000000033,-0.003799999999999998,6.25,99.47049239055559,0.01375000000000022,0.03750000000000021,0.023749999999999986
8,47,0.4,0.4,0.16000000000000003,0.1598,0.1538,-0.00020000000000003348,-0.006200000000000039,-0.006000000000000005,0.0,145.33667252296047,0.0,0.0,0.0
8,48,0.4,0.4,0.16000000000000003,0.1624,0.1566,0.0023999999999999577,-0.003400000000000042,-0.0058,6.25,62.06286768939137,-0.014999999999999736,0.021250000000000262,0.03625
8,49,0.4,0.4,0.16000000000000003,0.1726,0.1602,0.012599999999999972,0.00019999999999997797,-0.012399999999999994,6.25,265.1157379057491,-0.07874999999999982,-0.0012499999999998623,0.07749999999999996
9,10,0.4,0.4,0.16000000000000003,0.1568,0.155,-0.003200000000000036,-0.005000000000000032,-0.001799999999999996,6.25,50.5545534860967,0.020000000000000226,0.0312500000000002,0.011249999999999975
9,11,0.4,0.4,0.16000000000000003,0.152,0.161,-0.008000000000000035,0.0009999999999999731,0.009000000000000008,6.25,75.69787528075902,0.05000000000000022,-0.006249999999999832,-0.05625000000000005
9,12,0.4,0.4,0.16000000000000003,0.15,0.168,-0.010000000000000037,0.00799999999999998,0.018000000000000016,6.25,124.96776221021784,0.06250000000000022,-0.04999999999999987,-0.1125000000000001
9,13,0.4,0.4,0.16000000000000003,0.153,0.1654,-0.007000000000000034,0.00539999999999996,0.012399999999999994,6.25,10.335920555567998,0.04375000000000021,-0.03374999999999975,-0.07749999999999996
9,14,0.4,0.4,0.16000000000000003,0.1546,0.1612,-0.005400000000000044,0.0011999999999999789,0.0066000000000000225,6.25,89.25121357727446,0.03375000000000027,-0.007499999999999868,-0.04125000000000014
9,15,0.4,0.4,0.16000000000000003,0.1442,0.158,-0.015800000000000036,-0.0020000000000000295,0.013800000000000007,0.0,96.61815305991884,0.0,0.0,0.0
9,16,0.4,0.4,0.16000000000000003,0.1536,0.1502,-0.0064000000000000445,-0.009800000000000031,-0.0033999999999999864,0.0,228.71738208342606,0.0,0.0,0.0
9,17,0.4,0.4,0.16000000000000003,0.1526,0.15,-0.007400000000000018,-0.010000000000000037,-0.002600000000000019,0.0,26.793015456296445,0.0,0.0,0.0
9,18,0.4,0.4,0.16000000000000003,0.152,0.1666,-0.008000000000000035,0.006599999999999967,0.014600000000000002,0.0,29.543175816255232,0.0,-0.0,-0.0
9,19,0.4,0.4,0.16000000000000003,0.149,0.1534,-0.011000000000000038,-0.0066000000000000225,0.004400000000000015,0.0,43.76984756552895,0.0,0.0,0.0
9,20,0.4,0.4,0.16000000000000003,0.1522,0.1556,-0.007800000000000029,-0.004400000000000043,0.0033999999999999864,6.25,52.38912795864394,0.04875000000000018,0.027500000000000267,-0.021249999999999915
9,21,0.4,0.4,0.16000000000000003,0.15,0.1606,-0.010000000000000037,0.0005999999999999617,0.010599999999999998,6.25,127.32927234161077,0.06250000000000022,-0.0037499999999997605,-0.06624999999999998
9,22,0.4,0.4,0.16000000000000003,0.1536,0.1586,-0.0064000000000000445,-0.00140000000000004,0.0050000000000000044,0.0,193.59835535013954,0.0,0.0,0.0
9,23,0.4,0.4,0.16000000000000003,0.1636,0.1552,0.0035999999999999643,-0.0048000000000000265,-0.00839999999999999,0.0,34.01874380619647,-0.0,0.0,0.0
9,24,0.4,0.4,0.16000000000000003,0.1514,0.1634,-0.008600000000000024,0.0033999999999999586,0.011999999999999983,6.25,72.31498549515689,0.05375000000000015,-0.02124999999999974,-0.0749999999999999
9,25,0.4,0.4,0.16000000000000003,0.1508,0.1576,-0.009200000000000041,-0.002400000000000041,0.0068000000000000005,6.25,331.62052822873704,0.05750000000000026,0.015000000000000256,-0.0425
9,26,0.4,0.4,0.16000000000000003,0.1524,0.1604,-0.007600000000000023,0.00039999999999995595,0.00799999999999998,0.0,135.38549771665316,0.0,-0.0,-0.0
9,27,0.4,0.4,0.16000000000000003,0.1602,0.1658,0.00019999999999997797,0.005799999999999972,0.005599999999999994,6.25,179.58324153921632,-0.0012499999999998623,-0.036249999999999824,-0.03499999999999996
9,28,0.4,0.4,0.16000000000000003,0.1428,0.1504,-0.01720000000000002,-0.009600000000000025,0.007599999999999996,0.0,297.98917358433266,0.0,0.0,0.0
9,29,0.4,0.4,0.16000000000000003,0.1544,0.1612,-0.005600000000000022,0.0011999999999999789,0.0068000000000000005,6.25,7.115642039381745,0.035000000000000135,-0.007499999999999868,-0.0425
9,30,0.4,0.4,0.16000000000000003,0.1392,0.147,-0.02080000000000004,-0.01300000000000004,0.007800000000000001,0.0,99.37279101608284,0.0,0.0,0.0
9,31,0.4,0.4,0.16000000000000003,0.1576,0.1596,-0.002400000000000041,-0.0004000000000000392,0.0020000000000000018,6.25,142.24212681666864,0.015000000000000256,0.002500000000000245,-0.012500000000000011
9,32,0.4,0.4,0.16000000000000003,0.1576,0.163,-0.002400000000000041,0.002999999999999975,0.005400000000000016,6.25,216.179354187588,0.015000000000000256,-0.018749999999999843,-0.0337500000000001
9,33,0.4,0.4,0.16000000000000003,0.1564,0.168,-0.00360000000000002,0.00799999999999998,0.0116,6.25,26.424569247176287,0.022500000000000124,-0.04999999999999987,-0.0725
9,34,0.4,0.4,0.16000000000000003,0.1422,0.155,-0.017800000000000038,-0.005000000000000032,0.012800000000000006,0.0,120.71343857939917,0.0,0.0,0.0
9,35,0.4,0.4,0.16000000000000003,0.1574,0.1648,-0.002600000000000019,0.004799999999999971,0.00739999999999999,6.25,657.8034753183867,0.01625000000000012,-0.02999999999999982,-0.04624999999999994
9,36,0.4,0.4,0.16000000000000003,0.1438,0.1538,-0.01620000000000002,-0.006200000000000039,0.009999999999999981,6.25,18.128608054560523,0.10125000000000012,0.03875000000000024,-0.062499999999999875
9,37,0.4,0.4,0.16000000000000003,0.1552,0.155,-0.0048000000000000265,-0.005000000000000032,-0.00020000000000000573,6.25,188.02934221213104,0.030000000000000165,0.0312500000000002,0.0012500000000000358
9,38,0.4,0.4,0.16000000000000003,0.1578,0.166,-0.0022000000000000353,0.005999999999999978,0.008200000000000013,6.25,24.878723316808777,0.01375000000000022,-0.03749999999999986,-0.05125000000000008
9,39,0.4,0.4,0.16000000000000003,0.153,0.1532,-0.007000000000000034,-0.006800000000000028,0.00020000000000000573,6.25,354.3762836815867,0.04375000000000021,0.042500000000000177,-0.0012500000000000358
9,40,0.4,0.4,0.16000000000000003,0.1448,0.1526,-0.015200000000000019,-0.007400000000000018,0.007800000000000001,6.25,26.764907390802712,0.09500000000000011,0.04625000000000011,-0.04875
9,41,0.4,0.4,0.16000000000000003,0.1528,0.162,-0.00720000000000004,0.001999999999999974,0.009200000000000014,6.25,63.95976322351533,0.04500000000000025,-0.012499999999999838,-0.057500000000000086
9,42,0.4,0.4,0.16000000000000003,0.1524,0.153,-0.007600000000000023,-0.007000000000000034,0.0005999999999999894,0.0,8.910447173605496,0.0,0.0,0.0
9,43,0.4,0.4,0.16000000000000003,0.148,0.158,-0.012000000000000038,-0.0020000000000000295,0.010000000000000009,6.25,39.74264851108448,0.07500000000000023,0.012500000000000185,-0.06250000000000006
9,44,0.4,0.4,0.16000000000000003,0.1512,0.1612,-0.00880000000000003,0.0011999999999999789,0.010000000000000009,6.25,5.865566773111658,0.05500000000000019,-0.007499999999999868,-0.06250000000000006
9,45,0.4,0.4,0.16000000000000003,0.1528,0.1594,-0.00720000000000004,-0.0006000000000000449,0.006599999999999995,6.25,410.4006465738361,0.04500000000000025,0.003750000000000281,-0.04124999999999997
9,46,0.4,0.4,0.16000000000000003,0.154,0.1574,-0.006000000000000033,-0.002600000000000019,0.003400000000000014,6.25,79.51772800896867,0.03750000000000021,0.01625000000000012,-0.021250000000000088
9,47,0.4,0.4,0.16000000000000003,0.1462,0.162,-0.013800000000000034,0.001999999999999974,0.01580000000000001,0.0,65.09260721047109,0.0,-0.0,-0.0
9,48,0.4,0.4,0.16000000000000003,0.1568,0.1668,-0.003200000000000036,0.006799999999999973,0.010000000000000009,6.25,58.376070001362955,0.020000000000000226,-0.04249999999999983,-0.06250000000000006
9,49,0.4,0.4,0.16000000000000003,0.1582,0.1704,-0.0018000000000000238,0.010399999999999965,0.012199999999999989,6.25,182.59115033216938,0.011250000000000149,-0.06499999999999978,-0.07624999999999993
10,11,0.4,0.4,0.16000000000000003,0.1548,0.1612,-0.005200000000000038,0.0011999999999999789,0.006400000000000017,0.0,86.77378973744601,0.0,-0.0,-0.0
10,12,0.4,0.4,0.16000000000000003,0.1554,0.1602,-0.004600000000000021,0.00019999999999997797,0.004799999999999999,0.0,257.8016121969787,0.0,-0.0,-0.0
10,13,0.4,0.4,0.16000000000000003,0.1628,0.1572,0.002799999999999969,-0.0028000000000000247,-0.005599999999999994,0.0,30.78226772430155,-0.0,0.0,0.0
10,14,0.4,0.4,0.16000000000000003,0.1588,0.1608,-0.0012000000000000344,0.0007999999999999674,0.0020000000000000018,0.0,217.14533335670853,0.0,-0.0,-0.0
10,15,0.4,0.4,0.16000000000000003,0.1528,0.1592,-0.00720000000000004,-0.0008000000000000229,0.006400000000000017,6.25,272.2789330636281,0.04500000000000025,0.005000000000000143,-0.040000000000000105
10,16,0.4,0.4,0.16000000000000003,0.1602,0.1518,0.00019999999999997797,-0.00820000000000004,-0.008400000000000019,6.25,468.43385062616,-0.0012499999999998623,0.051250000000000254,0.052500000000000116
10,17,0.4,0.4,0.16000000000000003,0.1604,0.1538,0.00039999999999995595,-0.006200000000000039,-0.006599999999999995,6.25,108.39790348081863,-0.0024999999999997247,0.03875000000000024,0.04124999999999997
10,18,0.4,0.4,0.16000000000000003,0.1632,0.1628,0.0031999999999999806,0.002799999999999969,-0.00040000000000001146,6.25,115.92900984423382,-0.01999999999999988,-0.017499999999999807,0.0025000000000000716
10,19,0.4,0.4,0.16000000000000003,0.1674,0.157,0.007399999999999962,-0.0030000000000000304,-0.010399999999999993,6.25,145.57512010284657,-0.046249999999999764,0.01875000000000019,0.06499999999999995
10,20,0.4,0.4,0.16000000000000003,0.1588,0.1604,-0.0012000000000000344,0.00039999999999995595,0.0015999999999999903,0.0,50.56049305477213,0.0,-0.0,-0.0
10,21,0.4,0.4,0.16000000000000003,0.159,0.1574,-0.0010000000000000286,-0.002600000000000019,-0.0015999999999999903,0.0,314.1390261981934,0.0,0.0,0.0
10,22,0.4,0.4,0.16000000000000003,0.1624,0.1598,0.0023999999999999577,-0.00020000000000003348,-0.002599999999999991,6.25,398.1341254139225,-0.014999999999999736,0.0012500000000002093,0.016249999999999945
10,23,0.4,0.4,0.16000000000000003,0.159,0.1562,-0.0010000000000000286,-0.0038000000000000256,-0.002799999999999997,6.25,157.8588702460002,0.006250000000000179,0.02375000000000016,0.01749999999999998
10,24,0.4,0.4,0.16000000000000003,0.159,0.159,-0.0010000000000000286,-0.0010000000000000286,0.0,0.0,199.44578751814225,0.0,0.0,0.0
10,25,0.4,0.4,0.16000000000000003,0.1596,0.1452,-0.0004000000000000392,-0.014800000000000035,-0.014399999999999996,0.0,583.2774341717816,0.0,0.0,0.0
10,26,0.4,0.4,0.16000000000000003,0.164,0.1556,0.003999999999999976,-0.004400000000000043,-0.008400000000000019,6.25,335.6849565716828,-0.02499999999999985,0.027500000000000267,0.052500000000000116
10,27,0.4,0.4,0.16000000000000003,0.1604,0.1684,0.00039999999999995595,0.008399999999999963,0.008000000000000007,0.0,380.65145932081464,-0.0,-0.0,0.0
10,28,0.4,0.4,0.16000000000000003,0.1626,0.1602,0.0025999999999999635,0.00019999999999997797,-0.0023999999999999855,6.25,587.4270654771227,-0.01624999999999977,-0.0012499999999998623,0.01499999999999991
10,29,0.4,0.4,0.16000000000000003,0.159,0.1592,-0.0010000000000000286,-0.0008000000000000229,0.00020000000000000573,0.0,33.02929533272988,0.0,0.0,0.0
10,30,0.4,0.4,0.16000000000000003,0.1608,0.1576,0.0007999999999999674,-0.002400000000000041,-0.0032000000000000084,6.25,286.0548157153062,-0.004999999999999796,0.015000000000000256,0.020000000000000052
10,31,0.4,0.4,0.16000000000000003,0.1546,0.1524,-0.005400000000000044,-0.007600000000000023,-0.0021999999999999797,0.0,322.7253055356526,0.0,0.0,0.0
10,32,0.4,0.4,0.16000000000000003,0.1592,0.1576,-0.0008000000000000229,-0.002400000000000041,-0.001600000000000018,0.0,415.71137947864645,0.0,0.0,0.0
10,33,0.4,0.4,0.16000000000000003,0.1582,0.1542,-0.0018000000000000238,-0.005800000000000027,-0.0040000000000000036,0.0,95.58463435019667,0.0,0.0,0.0
10,34,0.4,0.4,0.16000000000000003,0.1662,0.1584,0.0061999999999999555,-0.001600000000000018,-0.007799999999999974,6.25,309.35632936969097,-0.03874999999999972,0.010000000000000113,0.048749999999999835
10,35,0.4,0.4,0.16000000000000003,0.154,0.1456,-0.006000000000000033,-0.014400000000000024,-0.00839999999999999,0.0,817.6016149051728,0.0,0.0,0.0
10,36,0.4,0.4,0.16000000000000003,0.154,0.1532,-0.006000000000000033,-0.006800000000000028,-0.0007999999999999952,0.0,124.91926810318023,0.0,0.0,0.0
10,37,0.4,0.4,0.16000000000000003,0.1612,0.1502,0.0011999999999999789,-0.009800000000000031,-0.01100000000000001,0.0,200.8184778429087,-0.0,0.0,0.0
10,38,0.4,0.4,0.16000000000000003,0.1596,0.1568,-0.0004000000000000392,-0.003200000000000036,-0.002799999999999997,0.0,100.57877482133496,0.0,0.0,0.0
10,39,0.4,0.4,0.16000000000000003,0.1576,0.151,-0.002400000000000041,-0.009000000000000036,-0.006599999999999995,0.0,622.1366965289999,0.0,0.0,0.0
10,40,0.4,0.4,0.16000000000000003,0.1616,0.1528,0.0015999999999999626,-0.00720000000000004,-0.008800000000000002,0.0,50.41067552281133,-0.0,0.0,0.0
10,41,0.4,0.4,0.16000000000000003,0.159,0.154,-0.0010000000000000286,-0.006000000000000033,-0.0050000000000000044,0.0,98.46705247634905,0.0,0.0,0.0
10,42,0.4,0.4,0.16000000000000003,0.166,0.1588,0.005999999999999978,-0.0012000000000000344,-0.007200000000000012,6.25,92.44360471775917,-0.03749999999999986,0.007500000000000215,0.045000000000000075
10,43,0.4,0.4,0.16000000000000003,0.1522,0.1546,-0.007800000000000029,-0.005400000000000044,0.0023999999999999855,0.0,14.563927419445173,0.0,0.0,0.0
10,44,0.4,0.4,0.16000000000000003,0.1568,0.153,-0.003200000000000036,-0.007000000000000034,-0.003799999999999998,0.0,43.6525863337268,0.0,0.0,0.0
10,45,0.4,0.4,0.16000000000000003,0.1582,0.148,-0.0018000000000000238,-0.012000000000000038,-0.010200000000000015,0.0,670.5929450694413,0.0,0.0,0.0
10,46,0.4,0.4,0.16000000000000003,0.1576,0.1486,-0.002400000000000041,-0.011400000000000021,-0.00899999999999998,0.0,122.08983822372187,0.0,0.0,0.0
10,47,0.4,0.4,0.16000000000000003,0.1634,0.158,0.0033999999999999586,-0.0020000000000000295,-0.005399999999999988,6.25,216.7761398875127,-0.02124999999999974,0.012500000000000185,0.033749999999999926
10,48,0.4,0.4,0.16000000000000003,0.1536,0.1502,-0.0064000000000000445,-0.009800000000000031,-0.0033999999999999864,0.0,76.48320950476136,0.0,0.0,0.0
10,49,0.4,0.4,0.16000000000000003,0.149,0.1482,-0.011000000000000038,-0.011800000000000033,-0.0007999999999999952,0.0,328.35426945881585,0.0,0.0,0.0
11,12,0.4,0.4,0.16000000000000003,0.155,0.1736,-0.005000000000000032,0.013599999999999973,0.018600000000000005,0.0,224.85263756950536,0.0,-0.0,-0.0
11,13,0.4,0.4,0.16000000000000003,0.166,0.1696,0.005999999999999978,0.00959999999999997,0.003599999999999992,0.0,93.4908660194742,-0.0,-0.0,0.0
11,14,0.4,0.4,0.16000000000000003,0.1508,0.1574,-0.009200000000000041,-0.002600000000000019,0.0066000000000000225,0.0,150.87271728130764,0.0,0.0,0.0
11,15,0.4,0.4,0.16000000000000003,0.1572,0.1674,-0.0028000000000000247,0.007399999999999962,0.010199999999999987,6.25,248.52162212765154,0.017500000000000154,-0.046249999999999764,-0.06374999999999992
11,16,0.4,0.4,0.16000000000000003,0.1754,0.1782,0.01539999999999997,0.018199999999999966,0.002799999999999997,6.25,456.464735696575,-0.09624999999999981,-0.1137499999999998,-0.017499999999999988
11,17,0.4,0.4,0.16000000000000003,0.143,0.143,-0.017000000000000043,-0.017000000000000043,0.0,6.25,54.831831370552045,0.10625000000000026,0.10625000000000026,0.0
11,18,0.4,0.4,0.16000000000000003,0.1308,0.1448,-0.02920000000000003,-0.015200000000000019,0.014000000000000012,6.25,51.20861288703589,0.1825000000000002,0.09500000000000011,-0.08750000000000008
11,19,0.4,0.4,0.16000000000000003,0.1362,0.1336,-0.023800000000000043,-0.026400000000000035,-0.002599999999999991,6.25,95.25537090805649,0.14875000000000027,0.1650000000000002,0.01624999999999993
11,20,0.4,0.4,0.16000000000000003,0.151,0.151,-0.009000000000000036,-0.009000000000000036,0.0,0.0,68.8030256002981,0.0,0.0,0.0
11,21,0.4,0.4,0.16000000000000003,0.1392,0.1572,-0.02080000000000004,-0.0028000000000000247,0.018000000000000016,0.0,218.70109428110126,0.0,0.0,0.0
11,22,0.4,0.4,0.16000000000000003,0.1816,0.1862,0.02159999999999998,0.026199999999999973,0.004599999999999993,6.25,443.935337815735,-0.13499999999999987,-0.16374999999999984,-0.02874999999999997
11,23,0.4,0.4,0.16000000000000003,0.146,0.1542,-0.01400000000000004,-0.005800000000000027,0.008200000000000013,6.25,131.55211657050862,0.08750000000000024,0.03625000000000017,-0.05125000000000007
11,24,0.4,0.4,0.16000000000000003,0.165,0.1714,0.004999999999999977,0.011399999999999966,0.006399999999999989,0.0,233.27754320924709,-0.0,-0.0,0.0
11,25,0.4,0.4,0.16000000000000003,0.171,0.1692,0.010999999999999982,0.009199999999999958,-0.0018000000000000238,0.0,531.1996848716234,-0.0,-0.0,0.0
11,26,0.4,0.4,0.16000000000000003,0.1642,0.1656,0.0041999999999999815,0.005599999999999966,0.0013999999999999846,6.25,310.20567144687567,-0.026249999999999885,-0.03499999999999979,-0.008749999999999904
11,27,0.4,0.4,0.16000000000000003,0.1546,0.1644,-0.005400000000000044,0.0043999999999999595,0.009800000000000003,0.0,315.945757296928,0.0,-0.0,-0.0
11,28,0.4,0.4,0.16000000000000003,0.1436,0.1496,-0.016400000000000026,-0.01040000000000002,0.006000000000000005,6.25,462.73001536124707,0.10250000000000016,0.06500000000000013,-0.03750000000000003
11,29,0.4,0.4,0.16000000000000003,0.154,0.1518,-0.006000000000000033,-0.00820000000000004,-0.0022000000000000075,0.0,76.236092606639,0.0,0.0,0.0
11,30,0.4,0.4,0.16000000000000003,0.1488,0.1556,-0.011200000000000043,-0.004400000000000043,0.0068000000000000005,6.25,258.7467081144829,0.07000000000000027,0.027500000000000267,-0.0425
11,31,0.4,0.4,0.16000000000000003,0.1546,0.1688,-0.005400000000000044,0.008799999999999975,0.014200000000000018,0.0,285.80986361133216,0.0,-0.0,-0.0
11,32,0.4,0.4,0.16000000000000003,0.1872,0.1934,0.027199999999999974,0.03339999999999996,0.006199999999999983,0.0,459.19653517504696,-0.0,-0.0,0.0
11,33,0.4,0.4,0.16000000000000003,0.1454,0.1526,-0.01460000000000003,-0.007400000000000018,0.007200000000000012,0.0,79.04897264602775,0.0,0.0,0.0
11,34,0.4,0.4,0.16000000000000003,0.1584,0.1764,-0.001600000000000018,0.01639999999999997,0.017999999999999988,6.25,299.45769830605076,0.010000000000000113,-0.10249999999999981,-0.11249999999999993
11,35,0.4,0.4,0.16000000000000003,0.1402,0.142,-0.01980000000000004,-0.018000000000000044,0.001799999999999996,0.0,620.2385441385472,0.0,0.0,0.0
11,36,0.4,0.4,0.16000000000000003,0.1476,0.1464,-0.012400000000000022,-0.013600000000000029,-0.0012000000000000066,0.0,107.99809455820633,0.0,0.0,0.0
11,37,0.4,0.4,0.16000000000000003,0.1306,0.1272,-0.029400000000000037,-0.032800000000000024,-0.0033999999999999864,0.0,98.23965790185736,0.0,0.0,0.0
11,38,0.4,0.4,0.16000000000000003,0.1474,0.157,-0.012600000000000028,-0.0030000000000000304,0.009599999999999997,0.0,70.63517336175525,0.0,0.0,0.0
11,39,0.4,0.4,0.16000000000000003,0.1584,0.1498,-0.001600000000000018,-0.010200000000000042,-0.008600000000000024,0.0,495.4364526377526,0.0,0.0,0.0
11,40,0.4,0.4,0.16000000000000003,0.149,0.1512,-0.011000000000000038,-0.00880000000000003,0.0022000000000000075,0.0,63.32348628212978,0.0,0.0,0.0
11,41,0.4,0.4,0.16000000000000003,0.121,0.1254,-0.039000000000000035,-0.03460000000000002,0.004400000000000015,0.0,39.59665751167687,0.0,0.0,0.0
11,42,0.4,0.4,0.16000000000000003,0.163,0.158,0.002999999999999975,-0.0020000000000000295,-0.0050000000000000044,6.25,110.60092725234793,-0.018749999999999843,0.012500000000000185,0.03125000000000003
11,43,0.4,0.4,0.16000000000000003,0.1432,0.1486,-0.016800000000000037,-0.011400000000000021,0.005400000000000016,0.0,49.68715510796557,0.0,0.0,0.0
11,44,0.4,0.4,0.16000000000000003,0.152,0.1578,-0.008000000000000035,-0.0022000000000000353,0.0058,0.0,59.252376542911755,0.0,0.0,0.0
11,45,0.4,0.4,0.16000000000000003,0.1478,0.1488,-0.012200000000000044,-0.011200000000000043,0.0010000000000000009,0.0,490.9704323792598,0.0,0.0,0.0
11,46,0.4,0.4,0.16000000000000003,0.1442,0.1528,-0.015800000000000036,-0.00720000000000004,0.008599999999999997,0.0,101.52498313598352,0.0,0.0,0.0
11,47,0.4,0.4,0.16000000000000003,0.1636,0.164,0.0035999999999999643,0.003999999999999976,0.00040000000000001146,6.25,209.20639829460288,-0.022499999999999777,-0.02499999999999985,-0.0025000000000000716
11,48,0.4,0.4,0.16000000000000003,0.148,0.1516,-0.012000000000000038,-0.008400000000000019,0.00360000000000002,0.0,59.38984816661466,0.0,0.0,0.0
11,49,0.4,0.4,0.16000000000000003,0.1622,0.161,0.0021999999999999797,0.0009999999999999731,-0.0012000000000000066,0.0,301.84029573868645,-0.0,-0.0,0.0
12,13,0.4,0.4,0.16000000000000003,0.1624,0.1618,0.0023999999999999577,0.0017999999999999683,-0.0005999999999999894,0.0,147.49711710863565,-0.0,-0.0,0.0
12,14,0.4,0.4,0.16000000000000003,0.1486,0.1558,-0.011400000000000021,-0.004200000000000037,0.007199999999999984,0.0,16.915971406230085,0.0,0.0,0.0
12,15,0.4,0.4,0.16000000000000003,0.1392,0.1578,-0.02080000000000004,-0.0022000000000000353,0.018600000000000005,6.25,52.33860504948968,0.13000000000000025,0.01375000000000022,-0.11625000000000003
12,16,0.4,0.4,0.16000000000000003,0.1518,0.1528,-0.00820000000000004,-0.00720000000000004,0.0010000000000000009,6.25,136.5047800527901,0.051250000000000254,0.04500000000000025,-0.0062500000000000056
12,17,0.4,0.4,0.16000000000000003,0.1588,0.1664,-0.0012000000000000344,0.006399999999999961,0.007599999999999996,6.25,78.99802713991218,0.007500000000000215,-0.03999999999999976,-0.04749999999999997
12,18,0.4,0.4,0.16000000000000003,0.1796,0.1834,0.01959999999999998,0.023399999999999976,0.003799999999999998,6.25,161.06051738259757,-0.12249999999999986,-0.14624999999999985,-0.023749999999999993
12,19,0.4,0.4,0.16000000000000003,0.167,0.1762,0.0069999999999999785,0.016199999999999964,0.009199999999999986,6.25,164.7822050829426,-0.043749999999999865,-0.10124999999999978,-0.05749999999999992
12,20,0.4,0.4,0.16000000000000003,0.1494,0.152,-0.010600000000000026,-0.008000000000000035,0.002599999999999991,0.0,130.6949461310383,0.0,0.0,0.0
12,21,0.4,0.4,0.16000000000000003,0.156,0.1694,-0.004000000000000031,0.009399999999999964,0.013399999999999995,0.0,103.81019736870215,0.0,-0.0,-0.0
12,22,0.4,0.4,0.16000000000000003,0.1514,0.162,-0.008600000000000024,0.001999999999999974,0.010599999999999998,6.25,131.46498260883334,0.05375000000000015,-0.012499999999999838,-0.06624999999999999
12,23,0.4,0.4,0.16000000000000003,0.1588,0.1674,-0.0012000000000000344,0.007399999999999962,0.008599999999999997,6.25,84.9121188438068,0.007500000000000215,-0.046249999999999764,-0.05374999999999998
12,24,0.4,0.4,0.16000000000000003,0.1578,0.161,-0.0022000000000000353,0.0009999999999999731,0.0032000000000000084,0.0,101.69063677297433,0.0,-0.0,-0.0
12,25,0.4,0.4,0.16000000000000003,0.1516,0.152,-0.008400000000000019,-0.008000000000000035,0.0003999999999999837,0.0,201.44271299656216,0.0,0.0,0.0
12,26,0.4,0.4,0.16000000000000003,0.1528,0.1772,-0.00720000000000004,0.017199999999999965,0.024400000000000005,6.25,116.78780350755352,0.04500000000000025,-0.10749999999999979,-0.15250000000000002
12,27,0.4,0.4,0.16000000000000003,0.162,0.1764,0.001999999999999974,0.01639999999999997,0.014399999999999996,0.0,167.22197464897752,-0.0,-0.0,0.0
12,28,0.4,0.4,0.16000000000000003,0.1678,0.1724,0.007799999999999974,0.012399999999999967,0.004599999999999993,6.25,244.16784995127503,-0.048749999999999835,-0.07749999999999979,-0.028749999999999956
12,29,0.4,0.4,0.16000000000000003,0.1588,0.1618,-0.0012000000000000344,0.0017999999999999683,0.0030000000000000027,0.0,158.92942226619076,0.0,-0.0,-0.0
12,30,0.4,0.4,0.16000000000000003,0.1612,0.1758,0.0011999999999999789,0.01579999999999998,0.014600000000000002,6.25,134.530674117409,-0.007499999999999868,-0.09874999999999988,-0.09125000000000001
12,31,0.4,0.4,0.16000000000000003,0.153,0.1626,-0.007000000000000034,0.0025999999999999635,0.009599999999999997,0.0,117.63411383796495,0.0,-0.0,-0.0
12,32,0.4,0.4,0.16000000000000003,0.1466,0.153,-0.013400000000000023,-0.007000000000000034,0.006399999999999989,0.0,136.7554712136953,0.0,0.0,0.0
12,33,0.4,0.4,0.16000000000000003,0.1582,0.1638,-0.0018000000000000238,0.00379999999999997,0.005599999999999994,0.0,113.89546113994723,0.0,-0.0,-0.0
12,34,0.4,0.4,0.16000000000000003,0.1494,0.1584,-0.010600000000000026,-0.001600000000000018,0.009000000000000008,6.25,66.35468542767961,0.06625000000000017,0.010000000000000113,-0.05625000000000006
12,35,0.4,0.4,0.16000000000000003,0.1146,0.122,-0.04540000000000004,-0.038000000000000034,0.007400000000000004,0.0,255.3333499984621,0.0,0.0,0.0
12,36,0.4,0.4,0.16000000000000003,0.1632,0.1652,0.0031999999999999806,0.005199999999999982,0.0020000000000000018,0.0,110.80805750676085,-0.0,-0.0,0.0
12,37,0.4,0.4,0.16000000000000003,0.1506,0.1516,-0.00940000000000002,-0.008400000000000019,0.0010000000000000009,0.0,181.27883768929755,0.0,0.0,0.0
12,38,0.4,0.4,0.16000000000000003,0.1616,0.1782,0.0015999999999999626,0.018199999999999966,0.016600000000000004,0.0,142.1113272315195,-0.0,-0.0,0.0
12,39,0.4,0.4,0.16000000000000003,0.148,0.146,-0.012000000000000038,-0.01400000000000004,-0.0020000000000000018,0.0,164.3413184712597,0.0,0.0,0.0
12,40,0.4,0.4,0.16000000000000003,0.1566,0.1696,-0.003400000000000042,0.00959999999999997,0.013000000000000012,0.0,186.81644119202738,0.0,-0.0,-0.0
12,41,0.4,0.4,0.16000000000000003,0.1632,0.1612,0.0031999999999999806,0.0011999999999999789,-0.0020000000000000018,0.0,211.09345186454462,-0.0,-0.0,0.0
12,42,0.4,0.4,0.16000000000000003,0.1694,0.163,0.009399999999999964,0.002999999999999975,-0.006399999999999989,6.25,116.64175108975398,-0.058749999999999775,-0.018749999999999843,0.03999999999999993
12,43,0.4,0.4,0.16000000000000003,0.1508,0.1642,-0.009200000000000041,0.0041999999999999815,0.013400000000000023,0.0,226.77246420617115,0.0,-0.0,-0.0
12,44,0.4,0.4,0.16000000000000003,0.1518,0.1652,-0.00820000000000004,0.005199999999999982,0.013400000000000023,0.0,120.29163036150037,0.0,-0.0,-0.0
12,45,0.4,0.4,0.16000000000000003,0.144,0.15,-0.016000000000000042,-0.010000000000000037,0.006000000000000005,0.0,161.14471849564168,0.0,0.0,0.0
12,46,0.4,0.4,0.16000000000000003,0.1598,0.163,-0.00020000000000003348,0.002999999999999975,0.0032000000000000084,0.0,232.03431247445883,0.0,-0.0,-0.0
12,47,0.4,0.4,0.16000000000000003,0.1536,0.1552,-0.0064000000000000445,-0.0048000000000000265,0.001600000000000018,6.25,85.41386791358677,0.04000000000000028,0.030000000000000165,-0.010000000000000113
12,48,0.4,0.4,0.16000000000000003,0.1596,0.1642,-0.0004000000000000392,0.0041999999999999815,0.004600000000000021,0.0,191.6579933774703,0.0,-0.0,-0.0
12,49,0.4,0.4,0.16000000000000003,0.152,0.156,-0.008000000000000035,-0.004000000000000031,0.0040000000000000036,0.0,154.90415807777168,0.0,0.0,0.0
13,14,0.4,0.4,0.16000000000000003,0.161,0.1534,0.0009999999999999731,-0.0066000000000000225,-0.007599999999999996,0.0,112.1058710790208,-0.0,0.0,0.0
13,15,0.4,0.4,0.16000000000000003,0.1562,0.1562,-0.0038000000000000256,-0.0038000000000000256,0.0,6.25,131.8493859381883,0.02375000000000016,0.02375000000000016,0.0
13,16,0.4,0.4,0.16000000000000003,0.1558,0.1508,-0.004200000000000037,-0.009200000000000041,-0.0050000000000000044,6.25,280.760558353324,0.02625000000000023,0.05750000000000026,0.03125000000000003
13,17,0.4,0.4,0.16000000000000003,0.1684,0.1704,0.008399999999999963,0.010399999999999965,0.0020000000000000018,6.25,52.493194336494945,-0.05249999999999977,-0.06499999999999978,-0.012500000000000011
13,18,0.4,0.4,0.16000000000000003,0.1698,0.168,0.009799999999999975,0.00799999999999998,-0.001799999999999996,6.25,61.74490286101373,-0.061249999999999846,-0.04999999999999987,0.011249999999999975
13,19,0.4,0.4,0.16000000000000003,0.1698,0.1734,0.009799999999999975,0.013399999999999967,0.003599999999999992,6.25,93.05328358065786,-0.061249999999999846,-0.0837499999999998,-0.02249999999999995
13,20,0.4,0.4,0.16000000000000003,0.1676,0.1634,0.007599999999999968,0.0033999999999999586,-0.004200000000000009,0.0,43.65887733864342,-0.0,-0.0,0.0
13,21,0.4,0.4,0.16000000000000003,0.1686,0.1682,0.008599999999999969,0.008199999999999957,-0.00040000000000001146,0.0,185.8696273620196,-0.0,-0.0,0.0
13,22,0.4,0.4,0.16000000000000003,0.1572,0.156,-0.0028000000000000247,-0.004000000000000031,-0.0012000000000000066,6.25,230.05913362210813,0.017500000000000154,0.025000000000000196,0.007500000000000041
13,23,0.4,0.4,0.16000000000000003,0.1612,0.167,0.0011999999999999789,0.0069999999999999785,0.0058,6.25,74.7847411575212,-0.007499999999999868,-0.043749999999999865,-0.03625
13,24,0.4,0.4,0.16000000000000003,0.1668,0.1694,0.006799999999999973,0.009399999999999964,0.002599999999999991,0.0,110.99128461089072,-0.0,-0.0,0.0
13,25,0.4,0.4,0.16000000000000003,0.1672,0.1692,0.0071999999999999564,0.009199999999999958,0.0020000000000000018,0.0,402.1730511022652,-0.0,-0.0,0.0
13,26,0.4,0.4,0.16000000000000003,0.1648,0.165,0.004799999999999971,0.004999999999999977,0.00020000000000000573,6.25,197.66220353854087,-0.02999999999999982,-0.031249999999999854,-0.0012500000000000358
13,27,0.4,0.4,0.16000000000000003,0.1708,0.1752,0.010799999999999976,0.015199999999999964,0.004399999999999987,0.0,246.15311048367337,-0.0,-0.0,0.0
13,28,0.4,0.4,0.16000000000000003,0.1696,0.1574,0.00959999999999997,-0.002600000000000019,-0.012199999999999989,6.25,390.08829504248865,-0.05999999999999981,0.01625000000000012,0.07624999999999993
13,29,0.4,0.4,0.16000000000000003,0.1666,0.1602,0.006599999999999967,0.00019999999999997797,-0.006399999999999989,0.0,18.105128903115478,-0.0,-0.0,0.0
13,30,0.4,0.4,0.16000000000000003,0.1494,0.1492,-0.010600000000000026,-0.010800000000000032,-0.00020000000000000573,6.25,144.0505905812448,0.06625000000000017,0.0675000000000002,0.0012500000000000289
13,31,0.4,0.4,0.16000000000000003,0.1628,0.1664,0.002799999999999969,0.006399999999999961,0.003599999999999992,0.0,191.55760324003987,-0.0,-0.0,0.0
13,32,0.4,0.4,0.16000000000000003,0.1666,0.1596,0.006599999999999967,-0.0004000000000000392,-0.007000000000000006,0.0,252.8175976358141,-0.0,0.0,0.0
13,33,0.4,0.4,0.16000000000000003,0.1772,0.1692,0.017199999999999965,0.009199999999999958,-0.008000000000000007,0.0,58.03630866737025,-0.0,-0.0,0.0
13,34,0.4,0.4,0.16000000000000003,0.163,0.1648,0.002999999999999975,0.004799999999999971,0.001799999999999996,6.25,167.68274916706278,-0.018749999999999843,-0.02999999999999982,-0.011249999999999975
13,35,0.4,0.4,0.16000000000000003,0.167,0.1632,0.0069999999999999785,0.0031999999999999806,-0.003799999999999998,0.0,685.4394925489521,-0.0,-0.0,0.0
13,36,0.4,0.4,0.16000000000000003,0.1618,0.1532,0.0017999999999999683,-0.006800000000000028,-0.008599999999999997,0.0,52.161029890092365,-0.0,0.0,0.0
13,37,0.4,0.4,0.16000000000000003,0.1616,0.1566,0.0015999999999999626,-0.003400000000000042,-0.0050000000000000044,0.0,181.15638797237202,-0.0,0.0,0.0
13,38,0.4,0.4,0.16000000000000003,0.1578,0.164,-0.0022000000000000353,0.003999999999999976,0.006200000000000011,0.0,40.14227544488534,0.0,-0.0,-0.0
13,39,0.4,0.4,0.16000000000000003,0.1528,0.1516,-0.00720000000000004,-0.008400000000000019,-0.0011999999999999789,0.0,408.4658863423608,0.0,0.0,0.0
13,40,0.4,0.4,0.16000000000000003,0.1528,0.1448,-0.00720000000000004,-0.015200000000000019,-0.00799999999999998,0.0,17.460720792630273,0.0,0.0,0.0
13,41,0.4,0.4,0.16000000000000003,0.1792,0.1734,0.019199999999999967,0.013399999999999967,-0.0058,0.0,101.87787750401571,-0.0,-0.0,0.0
13,42,0.4,0.4,0.16000000000000003,0.1646,0.158,0.004599999999999965,-0.0020000000000000295,-0.006599999999999995,6.25,21.378168128676347,-0.028749999999999783,0.012500000000000185,0.04124999999999997
13,43,0.4,0.4,0.16000000000000003,0.1684,0.1632,0.008399999999999963,0.0031999999999999806,-0.005199999999999982,0.0,31.62513133569033,-0.0,-0.0,0.0
13,44,0.4,0.4,0.16000000000000003,0.1588,0.166,-0.0012000000000000344,0.005999999999999978,0.007200000000000012,0.0,11.84925951140468,0.0,-0.0,-0.0
13,45,0.4,0.4,0.16000000000000003,0.1556,0.149,-0.004400000000000043,-0.011000000000000038,-0.006599999999999995,0.0,458.5623446250268,0.0,0.0,0.0
13,46,0.4,0.4,0.16000000000000003,0.1514,0.1522,-0.008600000000000024,-0.007800000000000029,0.0007999999999999952,0.0,81.46346530155321,0.0,0.0,0.0
13,47,0.4,0.4,0.16000000000000003,0.154,0.1572,-0.006000000000000033,-0.0028000000000000247,0.0032000000000000084,6.25,88.64825957258245,0.03750000000000021,0.017500000000000154,-0.020000000000000052
13,48,0.4,0.4,0.16000000000000003,0.1756,0.1708,0.015599999999999975,0.010799999999999976,-0.004799999999999999,0.0,70.32258834432142,-0.0,-0.0,0.0
13,49,0.4,0.4,0.16000000000000003,0.1804,0.1724,0.020399999999999974,0.012399999999999967,-0.008000000000000007,0.0,233.30442337820122,-0.0,-0.0,0.0
14,15,0.4,0.4,0.16000000000000003,0.1564,0.1562,-0.00360000000000002,-0.0038000000000000256,-0.00020000000000000573,6.25,41.86546454268604,0.022500000000000124,0.02375000000000016,0.0012500000000000358
14,16,0.4,0.4,0.16000000000000003,0.1602,0.1554,0.00019999999999997797,-0.004600000000000021,-0.004799999999999999,6.25,140.20397174358513,-0.0012499999999998623,0.02875000000000013,0.029999999999999992
14,17,0.4,0.4,0.16000000000000003,0.1576,0.155,-0.002400000000000041,-0.005000000000000032,-0.002599999999999991,6.25,36.86701999638687,0.015000000000000256,0.0312500000000002,0.016249999999999945
14,18,0.4,0.4,0.16000000000000003,0.1534,0.1692,-0.0066000000000000225,0.009199999999999958,0.01579999999999998,6.25,93.18741505114791,0.04125000000000014,-0.05749999999999974,-0.09874999999999988
14,19,0.4,0.4,0.16000000000000003,0.1698,0.1582,0.009799999999999975,-0.0018000000000000238,-0.0116,6.25,127.86431574368214,-0.061249999999999846,0.011250000000000149,0.0725
14,20,0.4,0.4,0.16000000000000003,0.1558,0.1542,-0.004200000000000037,-0.005800000000000027,-0.0015999999999999903,0.0,113.23489402774278,0.0,0.0,0.0
14,21,0.4,0.4,0.16000000000000003,0.161,0.1558,0.0009999999999999731,-0.004200000000000037,-0.00520000000000001,0.0,65.53362091260243,-0.0,0.0,0.0
14,22,0.4,0.4,0.16000000000000003,0.161,0.1644,0.0009999999999999731,0.0043999999999999595,0.0033999999999999864,6.25,143.88090487367154,-0.006249999999999832,-0.027499999999999747,-0.021249999999999915
14,23,0.4,0.4,0.16000000000000003,0.1668,0.1602,0.006799999999999973,0.00019999999999997797,-0.006599999999999995,6.25,58.74049867004655,-0.04249999999999983,-0.0012499999999998623,0.04124999999999997
14,24,0.4,0.4,0.16000000000000003,0.1644,0.1686,0.0043999999999999595,0.008599999999999969,0.004200000000000009,0.0,99.5079349339072,-0.0,-0.0,0.0
14,25,0.4,0.4,0.16000000000000003,0.169,0.1646,0.00899999999999998,0.004599999999999965,-0.004400000000000015,0.0,200.9642979944156,-0.0,-0.0,0.0
14,26,0.4,0.4,0.16000000000000003,0.1672,0.1636,0.0071999999999999564,0.0035999999999999643,-0.003599999999999992,6.25,114.45270230269642,-0.04499999999999973,-0.022499999999999777,0.02249999999999995
14,27,0.4,0.4,0.16000000000000003,0.1718,0.1732,0.011799999999999977,0.013199999999999962,0.0013999999999999846,0.0,134.79593521866673,-0.0,-0.0,0.0
14,28,0.4,0.4,0.16000000000000003,0.1666,0.1566,0.006599999999999967,-0.003400000000000042,-0.010000000000000009,6.25,213.95598112191325,-0.041249999999999794,0.021250000000000262,0.06250000000000006
14,29,0.4,0.4,0.16000000000000003,0.1688,0.1662,0.008799999999999975,0.0061999999999999555,-0.002600000000000019,0.0,127.56259007231267,-0.0,-0.0,0.0
14,30,0.4,0.4,0.16000000000000003,0.1584,0.1616,-0.001600000000000018,0.0015999999999999626,0.0031999999999999806,6.25,101.07328987851255,0.010000000000000113,-0.009999999999999766,-0.01999999999999988
14,31,0.4,0.4,0.16000000000000003,0.166,0.1622,0.005999999999999978,0.0021999999999999797,-0.003799999999999998,0.0,91.84041095995423,-0.0,-0.0,0.0
14,32,0.4,0.4,0.16000000000000003,0.167,0.1626,0.0069999999999999785,0.0025999999999999635,-0.004400000000000015,0.0,149.11378004994307,-0.0,-0.0,0.0
14,33,0.4,0.4,0.16000000000000003,0.1626,0.1662,0.0025999999999999635,0.0061999999999999555,0.003599999999999992,0.0,79.89051014754071,-0.0,-0.0,0.0
14,34,0.4,0.4,0.16000000000000003,0.1576,0.1604,-0.002400000000000041,0.00039999999999995595,0.002799999999999997,6.25,74.59493465472698,0.015000000000000256,-0.0024999999999997247,-0.01749999999999998
14,35,0.4,0.4,0.16000000000000003,0.1322,0.1284,-0.02780000000000002,-0.031600000000000045,-0.0038000000000000256,0.0,301.5967638600323,0.0,0.0,0.0
14,36,0.4,0.4,0.16000000000000003,0.1612,0.1576,0.0011999999999999789,-0.002400000000000041,-0.00360000000000002,0.0,74.74196481945147,-0.0,0.0,0.0
14,37,0.4,0.4,0.16000000000000003,0.1486,0.1374,-0.011400000000000021,-0.022600000000000037,-0.011200000000000015,0.0,142.96186172943862,0.0,0.0,0.0
14,38,0.4,0.4,0.16000000000000003,0.164,0.1652,0.003999999999999976,0.005199999999999982,0.0012000000000000066,0.0,76.23587146010581,-0.0,-0.0,0.0
14,39,0.4,0.4,0.16000000000000003,0.1506,0.1442,-0.00940000000000002,-0.015800000000000036,-0.006400000000000017,0.0,140.1452037291323,0.0,0.0,0.0
14,40,0.4,0.4,0.16000000000000003,0.1548,0.155,-0.005200000000000038,-0.005000000000000032,0.00020000000000000573,0.0,119.42995333256549,0.0,0.0,0.0
14,41,0.4,0.4,0.16000000000000003,0.1622,0.1588,0.0021999999999999797,-0.0012000000000000344,-0.003400000000000014,0.0,169.57437471790197,-0.0,0.0,0.0
14,42,0.4,0.4,0.16000000000000003,0.1696,0.161,0.00959999999999997,0.0009999999999999731,-0.008599999999999997,6.25,78.49670932929709,-0.05999999999999981,-0.006249999999999832,0.05374999999999998
14,43,0.4,0.4,0.16000000000000003,0.1578,0.1542,-0.0022000000000000353,-0.005800000000000027,-0.003599999999999992,0.0,169.16403062230881,0.0,0.0,0.0
14,44,0.4,0.4,0.16000000000000003,0.1612,0.165,0.0011999999999999789,0.004999999999999977,0.003799999999999998,0.0,79.11950018447749,-0.0,-0.0,0.0
14,45,0.4,0.4,0.16000000000000003,0.14,0.1388,-0.020000000000000018,-0.021200000000000024,-0.0012000000000000066,0.0,136.20565521730302,0.0,0.0,0.0
14,46,0.4,0.4,0.16000000000000003,0.1614,0.1586,0.0013999999999999568,-0.00140000000000004,-0.002799999999999997,0.0,142.96792767821967,-0.0,0.0,0.0
14,47,0.4,0.4,0.16000000000000003,0.1598,0.1554,-0.00020000000000003348,-0.004600000000000021,-0.004399999999999987,6.25,55.31548199178693,0.0012500000000002093,0.02875000000000013,0.02749999999999992
14,48,0.4,0.4,0.16000000000000003,0.159,0.17,-0.0010000000000000286,0.009999999999999981,0.01100000000000001,0.0,128.65456668617898,0.0,-0.0,-0.0
14,49,0.4,0.4,0.16000000000000003,0.174,0.1628,0.013999999999999957,0.002799999999999969,-0.011199999999999988,0.0,136.20947709260605,-0.0,-0.0,0.0
15,16,0.4,0.4,0.16000000000000003,0.1438,0.1394,-0.01620000000000002,-0.020600000000000035,-0.004400000000000015,0.0,37.17006395560476,0.0,0.0,0.0
15,17,0.4,0.4,0.16000000000000003,0.1634,0.1586,0.0033999999999999586,-0.00140000000000004,-0.004799999999999999,0.0,74.60994292100774,-0.0,0.0,0.0
15,18,0.4,0.4,0.16000000000000003,0.1536,0.162,-0.0064000000000000445,0.001999999999999974,0.008400000000000019,0.0,105.61047966628793,0.0,-0.0,-0.0
15,19,0.4,0.4,0.16000000000000003,0.1622,0.1586,0.0021999999999999797,-0.00140000000000004,-0.00360000000000002,0.0,115.3564527328874,-0.0,0.0,0.0
15,20,0.4,0.4,0.16000000000000003,0.1508,0.1566,-0.009200000000000041,-0.003400000000000042,0.0058,6.25,199.03482821583162,0.05750000000000026,0.021250000000000262,-0.03625
15,21,0.4,0.4,0.16000000000000003,0.1554,0.1578,-0.004600000000000021,-0.0022000000000000353,0.0023999999999999855,6.25,35.10930915604811,0.02875000000000013,0.01375000000000022,-0.01499999999999991
15,22,0.4,0.4,0.16000000000000003,0.1394,0.1458,-0.020600000000000035,-0.014200000000000018,0.006400000000000017,0.0,38.63815200802834,0.0,0.0,0.0
15,23,0.4,0.4,0.16000000000000003,0.154,0.158,-0.006000000000000033,-0.0020000000000000295,0.0040000000000000036,0.0,35.03466007588154,0.0,0.0,0.0
15,24,0.4,0.4,0.16000000000000003,0.1556,0.1578,-0.004400000000000043,-0.0022000000000000353,0.0022000000000000075,6.25,44.58715602875576,0.027500000000000267,0.01375000000000022,-0.013750000000000047
15,25,0.4,0.4,0.16000000000000003,0.1642,0.1648,0.0041999999999999815,0.004799999999999971,0.0005999999999999894,6.25,109.75585371469579,-0.026249999999999885,-0.02999999999999982,-0.003749999999999934
15,26,0.4,0.4,0.16000000000000003,0.1488,0.1506,-0.011200000000000043,-0.00940000000000002,0.0018000000000000238,0.0,30.073564772119823,0.0,0.0,0.0
15,27,0.4,0.4,0.16000000000000003,0.1658,0.1634,0.005799999999999972,0.0033999999999999586,-0.0024000000000000132,6.25,64.7102449900736,-0.036249999999999824,-0.02124999999999974,0.015000000000000083
15,28,0.4,0.4,0.16000000000000003,0.1406,0.1494,-0.01940000000000003,-0.010600000000000026,0.008800000000000002,0.0,99.23176211072366,0.0,0.0,0.0
15,29,0.4,0.4,0.16000000000000003,0.1578,0.1568,-0.0022000000000000353,-0.003200000000000036,-0.0010000000000000009,6.25,138.9675312362578,0.01375000000000022,0.020000000000000226,0.0062500000000000056
15,30,0.4,0.4,0.16000000000000003,0.1356,0.1434,-0.024400000000000033,-0.01660000000000003,0.007800000000000001,0.0,21.960201585880604,0.0,0.0,0.0
15,31,0.4,0.4,0.16000000000000003,0.145,0.1588,-0.015000000000000041,-0.0012000000000000344,0.013800000000000007,6.25,37.10683624356025,0.09375000000000025,0.007500000000000215,-0.08625000000000003
15,32,0.4,0.4,0.16000000000000003,0.153,0.148,-0.007000000000000034,-0.012000000000000038,-0.0050000000000000044,6.25,53.688093166950054,0.04375000000000021,0.07500000000000023,0.03125000000000002
15,33,0.4,0.4,0.16000000000000003,0.156,0.1636,-0.004000000000000031,0.0035999999999999643,0.007599999999999996,6.25,93.6831603094216,0.025000000000000196,-0.022499999999999777,-0.04749999999999997
15,34,0.4,0.4,0.16000000000000003,0.147,0.1528,-0.01300000000000004,-0.00720000000000004,0.0058,0.0,10.907579335052658,0.0,0.0,0.0
15,35,0.4,0.4,0.16000000000000003,0.1574,0.1556,-0.002600000000000019,-0.004400000000000043,-0.0018000000000000238,6.25,490.6178534692665,0.01625000000000012,0.027500000000000267,0.011250000000000149
15,36,0.4,0.4,0.16000000000000003,0.155,0.1498,-0.005000000000000032,-0.010200000000000042,-0.00520000000000001,6.25,52.32272969063226,0.0312500000000002,0.06375000000000026,0.032500000000000064
15,37,0.4,0.4,0.16000000000000003,0.1522,0.1506,-0.007800000000000029,-0.00940000000000002,-0.0015999999999999903,6.25,310.22153645855803,0.04875000000000018,0.05875000000000012,0.00999999999999994
15,38,0.4,0.4,0.16000000000000003,0.1548,0.1642,-0.005200000000000038,0.0041999999999999815,0.00940000000000002,6.25,89.79142560660827,0.03250000000000024,-0.026249999999999885,-0.05875000000000012
15,39,0.4,0.4,0.16000000000000003,0.1428,0.1468,-0.01720000000000002,-0.013200000000000017,0.0040000000000000036,6.25,103.83938753379873,0.10750000000000012,0.0825000000000001,-0.025000000000000022
15,40,0.4,0.4,0.16000000000000003,0.1516,0.1498,-0.008400000000000019,-0.010200000000000042,-0.0018000000000000238,6.25,156.27114933295297,0.052500000000000116,0.06375000000000026,0.011250000000000149
15,41,0.4,0.4,0.16000000000000003,0.1576,0.165,-0.002400000000000041,0.004999999999999977,0.007400000000000018,6.25,222.5733587684385,0.015000000000000256,-0.031249999999999854,-0.04625000000000011
15,42,0.4,0.4,0.16000000000000003,0.1514,0.1504,-0.008600000000000024,-0.009600000000000025,-0.0010000000000000009,0.0,63.44948157379627,0.0,0.0,0.0
15,43,0.4,0.4,0.16000000000000003,0.1628,0.1616,0.002799999999999969,0.0015999999999999626,-0.0012000000000000066,6.25,229.47485128184636,-0.017499999999999807,-0.009999999999999766,0.007500000000000041
15,44,0.4,0.4,0.16000000000000003,0.1518,0.1584,-0.00820000000000004,-0.001600000000000018,0.0066000000000000225,6.25,108.1748870563474,0.051250000000000254,0.010000000000000113,-0.04125000000000014
15,45,0.4,0.4,0.16000000000000003,0.1416,0.1444,-0.018400000000000027,-0.01560000000000003,0.002799999999999997,6.25,159.37764580813013,0.11500000000000017,0.0975000000000002,-0.017499999999999974
15,46,0.4,0.4,0.16000000000000003,0.1556,0.157,-0.004400000000000043,-0.0030000000000000304,0.0014000000000000123,6.25,174.76525295108098,0.027500000000000267,0.01875000000000019,-0.008750000000000077
15,47,0.4,0.4,0.16000000000000003,0.1406,0.1444,-0.01940000000000003,-0.01560000000000003,0.003799999999999998,0.0,12.049772659139819,0.0,0.0,0.0
15,48,0.4,0.4,0.16000000000000003,0.1656,0.1702,0.005599999999999966,0.010199999999999959,0.004599999999999993,6.25,183.57132416145336,-0.03499999999999979,-0.06374999999999975,-0.028749999999999963
15,49,0.4,0.4,0.16000000000000003,0.1644,0.1656,0.0043999999999999595,0.005599999999999966,0.0012000000000000066,6.25,106.57209742038589,-0.027499999999999747,-0.03499999999999979,-0.007500000000000041
16,17,0.4,0.4,0.16000000000000003,0.1652,0.161,0.005199999999999982,0.0009999999999999731,-0.004200000000000009,0.0,199.99592593834797,-0.0,-0.0,0.0
16,18,0.4,0.4,0.16000000000000003,0.1682,0.1688,0.008199999999999957,0.008799999999999975,0.0006000000000000172,0.0,234.53071275504703,-0.0,-0.0,0.0
16,19,0.4,0.4,0.16000000000000003,0.177,0.1672,0.01699999999999996,0.0071999999999999564,-0.009800000000000003,0.0,234.4846381469467,-0.0,-0.0,0.0
16,20,0.4,0.4,0.16000000000000003,0.1728,0.1578,0.012799999999999978,-0.0022000000000000353,-0.015000000000000013,6.25,397.8985388570187,-0.07999999999999986,0.01375000000000022,0.09375000000000008
16,21,0.4,0.4,0.16000000000000003,0.1566,0.1596,-0.003400000000000042,-0.0004000000000000392,0.0030000000000000027,6.25,67.66479050931184,0.021250000000000262,0.002500000000000245,-0.018750000000000017
16,22,0.4,0.4,0.16000000000000003,0.1328,0.1362,-0.02720000000000003,-0.023800000000000043,0.0033999999999999864,0.0,11.006257512087016,0.0,0.0,0.0
16,23,0.4,0.4,0.16000000000000003,0.1546,0.16,-0.005400000000000044,-2.7755575615628914e-17,0.005400000000000016,0.0,111.14452756648615,0.0,0.0,0.0
16,24,0.4,0.4,0.16000000000000003,0.1476,0.1472,-0.012400000000000022,-0.012800000000000034,-0.00040000000000001146,6.25,80.97064167996376,0.07750000000000014,0.08000000000000021,0.0025000000000000716
16,25,0.4,0.4,0.16000000000000003,0.152,0.1448,-0.008000000000000035,-0.015200000000000019,-0.007199999999999984,6.25,44.21236655796864,0.05000000000000022,0.09500000000000011,0.044999999999999894
16,26,0.4,0.4,0.16000000000000003,0.1472,0.1508,-0.012800000000000034,-0.009200000000000041,0.003599999999999992,0.0,34.835881908173164,0.0,0.0,0.0
16,27,0.4,0.4,0.16000000000000003,0.1598,0.1558,-0.00020000000000003348,-0.004200000000000037,-0.0040000000000000036,6.25,56.493669816354846,0.0012500000000002093,0.02625000000000023,0.025000000000000022
16,28,0.4,0.4,0.16000000000000003,0.1484,0.1438,-0.011600000000000027,-0.01620000000000002,-0.004599999999999993,0.0,60.63351019936233,0.0,0.0,0.0
16,29,0.4,0.4,0.16000000000000003,0.1642,0.1516,0.0041999999999999815,-0.008400000000000019,-0.0126,6.25,279.92032366598255,-0.026249999999999885,0.052500000000000116,0.07875
16,30,0.4,0.4,0.16000000000000003,0.1402,0.139,-0.01980000000000004,-0.02100000000000002,-0.0011999999999999789,0.0,50.38519545422463,0.0,0.0,0.0
16,31,0.4,0.4,0.16000000000000003,0.1504,0.1428,-0.009600000000000025,-0.01720000000000002,-0.007599999999999996,6.25,42.78881497056078,0.06000000000000016,0.10750000000000012,0.047499999999999966
16,32,0.4,0.4,0.16000000000000003,0.1418,0.1342,-0.01820000000000002,-0.025800000000000017,-0.007599999999999996,6.25,18.173500798864072,0.11375000000000013,0.16125000000000012,0.04749999999999999
16,33,0.4,0.4,0.16000000000000003,0.1626,0.1656,0.0025999999999999635,0.005599999999999966,0.0030000000000000027,6.25,202.52455295831695,-0.01624999999999977,-0.03499999999999979,-0.018750000000000017
16,34,0.4,0.4,0.16000000000000003,0.1496,0.1452,-0.01040000000000002,-0.014800000000000035,-0.004400000000000015,0.0,29.32369090006401,0.0,0.0,0.0
16,35,0.4,0.4,0.16000000000000003,0.1682,0.165,0.008199999999999957,0.004999999999999977,-0.0031999999999999806,6.25,625.298012543327,-0.05124999999999973,-0.031249999999999854,0.01999999999999988
16,36,0.4,0.4,0.16000000000000003,0.1558,0.153,-0.004200000000000037,-0.007000000000000034,-0.002799999999999997,6.25,146.12380584912003,0.02625000000000023,0.04375000000000021,0.01749999999999998
16,37,0.4,0.4,0.16000000000000003,0.1714,0.1654,0.011399999999999966,0.00539999999999996,-0.006000000000000005,6.25,553.2238442564468,-0.07124999999999979,-0.03374999999999975,0.03750000000000003
16,38,0.4,0.4,0.16000000000000003,0.1586,0.1648,-0.00140000000000004,0.004799999999999971,0.006200000000000011,6.25,210.99283697622508,0.00875000000000025,-0.02999999999999982,-0.03875000000000007
16,39,0.4,0.4,0.16000000000000003,0.1508,0.1402,-0.009200000000000041,-0.01980000000000004,-0.010599999999999998,6.25,78.10341778206612,0.05750000000000026,0.12375000000000025,0.06624999999999999
16,40,0.4,0.4,0.16000000000000003,0.1504,0.1498,-0.009600000000000025,-0.010200000000000042,-0.0006000000000000172,6.25,319.25226103952167,0.06000000000000016,0.06375000000000026,0.0037500000000001074
16,41,0.4,0.4,0.16000000000000003,0.1676,0.1578,0.007599999999999968,-0.0022000000000000353,-0.009800000000000003,6.25,403.86405225650293,-0.0474999999999998,0.01375000000000022,0.06125000000000002
16,42,0.4,0.4,0.16000000000000003,0.149,0.1492,-0.011000000000000038,-0.010800000000000032,0.00020000000000000573,0.0,174.779958247764,0.0,0.0,0.0
16,43,0.4,0.4,0.16000000000000003,0.165,0.1634,0.004999999999999977,0.0033999999999999586,-0.001600000000000018,6.25,411.42439353027294,-0.031249999999999854,-0.02124999999999974,0.010000000000000113
16,44,0.4,0.4,0.16000000000000003,0.1526,0.1492,-0.007400000000000018,-0.010800000000000032,-0.003400000000000014,6.25,247.87193000009492,0.04625000000000011,0.0675000000000002,0.021250000000000088
16,45,0.4,0.4,0.16000000000000003,0.153,0.1478,-0.007000000000000034,-0.012200000000000044,-0.00520000000000001,6.25,172.33731590677502,0.04375000000000021,0.07625000000000028,0.032500000000000064
16,46,0.4,0.4,0.16000000000000003,0.1614,0.1622,0.0013999999999999568,0.0021999999999999797,0.0008000000000000229,6.25,303.82268843953887,-0.00874999999999973,-0.013749999999999873,-0.005000000000000143
16,47,0.4,0.4,0.16000000000000003,0.1408,0.138,-0.019200000000000023,-0.02200000000000002,-0.002799999999999997,0.0,68.79737188524683,0.0,0.0,0.0
16,48,0.4,0.4,0.16000000000000003,0.1786,0.1724,0.018599999999999978,0.012399999999999967,-0.006200000000000011,6.25,327.4957562023272,-0.11624999999999985,-0.07749999999999979,0.03875000000000006
16,49,0.4,0.4,0.16000000000000003,0.1676,0.162,0.007599999999999968,0.001999999999999974,-0.005599999999999994,6.25,116.5199044161823,-0.0474999999999998,-0.012499999999999838,0.03499999999999996
17,18,0.4,0.4,0.16000000000000003,0.1568,0.1526,-0.003200000000000036,-0.007400000000000018,-0.0041999999999999815,0.0,20.16780016167473,0.0,0.0,0.0
17,19,0.4,0.4,0.16000000000000003,0.1552,0.1512,-0.0048000000000000265,-0.00880000000000003,-0.0040000000000000036,0.0,52.703151241698315,0.0,0.0,0.0
17,20,0.4,0.4,0.16000000000000003,0.1622,0.1506,0.0021999999999999797,-0.00940000000000002,-0.0116,6.25,70.58464243394607,-0.013749999999999873,0.05875000000000012,0.0725
17,21,0.4,0.4,0.16000000000000003,0.152,0.1504,-0.008000000000000035,-0.009600000000000025,-0.0015999999999999903,6.25,67.75538684298954,0.05000000000000022,0.06000000000000016,0.00999999999999994
17,22,0.4,0.4,0.16000000000000003,0.1792,0.1666,0.019199999999999967,0.006599999999999967,-0.0126,0.0,192.15335577168244,-0.0,-0.0,0.0
17,23,0.4,0.4,0.16000000000000003,0.166,0.1544,0.005999999999999978,-0.005600000000000022,-0.0116,0.0,25.58777398114538,-0.0,0.0,0.0
17,24,0.4,0.4,0.16000000000000003,0.1594,0.158,-0.0006000000000000449,-0.0020000000000000295,-0.0013999999999999846,6.25,76.12902236336556,0.003750000000000281,0.012500000000000185,0.008749999999999904
17,25,0.4,0.4,0.16000000000000003,0.1656,0.1562,0.005599999999999966,-0.0038000000000000256,-0.009399999999999992,6.25,257.0877146706408,-0.03499999999999979,0.02375000000000016,0.05874999999999995
17,26,0.4,0.4,0.16000000000000003,0.1624,0.156,0.0023999999999999577,-0.004000000000000031,-0.006399999999999989,0.0,120.03624226738685,-0.0,0.0,0.0
17,27,0.4,0.4,0.16000000000000003,0.1648,0.1568,0.004799999999999971,-0.003200000000000036,-0.008000000000000007,6.25,127.63965807272717,-0.02999999999999982,0.020000000000000226,0.050000000000000044
17,28,0.4,0.4,0.16000000000000003,0.152,0.1484,-0.008000000000000035,-0.011600000000000027,-0.003599999999999992,0.0,240.42218388118457,0.0,0.0,0.0
17,29,0.4,0.4,0.16000000000000003,0.167,0.1592,0.0069999999999999785,-0.0008000000000000229,-0.007800000000000001,6.25,42.90019618706592,-0.043749999999999865,0.005000000000000143,0.04875000000000001
17,30,0.4,0.4,0.16000000000000003,0.157,0.1582,-0.0030000000000000304,-0.0018000000000000238,0.0012000000000000066,0.0,96.69552452098539,0.0,0.0,0.0
17,31,0.4,0.4,0.16000000000000003,0.157,0.1526,-0.0030000000000000304,-0.007400000000000018,-0.004399999999999987,6.25,98.63616099479798,0.01875000000000019,0.04625000000000011,0.02749999999999992
17,32,0.4,0.4,0.16000000000000003,0.1734,0.1674,0.013399999999999967,0.007399999999999962,-0.006000000000000005,6.25,199.5110521708659,-0.0837499999999998,-0.046249999999999764,0.03750000000000003
17,33,0.4,0.4,0.16000000000000003,0.1534,0.1558,-0.0066000000000000225,-0.004200000000000037,0.0023999999999999855,6.25,16.050423887314512,0.04125000000000014,0.02625000000000023,-0.01499999999999991
17,34,0.4,0.4,0.16000000000000003,0.1632,0.1612,0.0031999999999999806,0.0011999999999999789,-0.0020000000000000018,0.0,106.12876340261161,-0.0,-0.0,0.0
17,35,0.4,0.4,0.16000000000000003,0.1486,0.1422,-0.011400000000000021,-0.017800000000000038,-0.006400000000000017,6.25,485.1691053004095,0.07125000000000013,0.11125000000000024,0.040000000000000105
17,36,0.4,0.4,0.16000000000000003,0.1602,0.1456,0.00019999999999997797,-0.014400000000000024,-0.014600000000000002,6.25,25.049782986350518,-0.0012499999999998623,0.09000000000000015,0.09125000000000001
17,37,0.4,0.4,0.16000000000000003,0.1484,0.1422,-0.011600000000000027,-0.017800000000000038,-0.006200000000000011,6.25,140.33183211733186,0.07250000000000018,0.11125000000000024,0.03875000000000006
17,38,0.4,0.4,0.16000000000000003,0.157,0.1598,-0.0030000000000000304,-0.00020000000000003348,0.002799999999999997,6.25,19.3142272555747,0.01875000000000019,0.0012500000000002093,-0.01749999999999998
17,39,0.4,0.4,0.16000000000000003,0.1552,0.1446,-0.0048000000000000265,-0.015400000000000025,-0.010599999999999998,6.25,246.12942018399792,0.030000000000000165,0.09625000000000015,0.06624999999999999
17,40,0.4,0.4,0.16000000000000003,0.16,0.1532,-2.7755575615628914e-17,-0.006800000000000028,-0.0068000000000000005,6.25,49.40290218840392,1.734723475976807e-16,0.042500000000000177,0.0425
17,41,0.4,0.4,0.16000000000000003,0.1474,0.1464,-0.012600000000000028,-0.013600000000000029,-0.0010000000000000009,6.25,67.44993191119951,0.07875000000000018,0.08500000000000019,0.0062500000000000056
17,42,0.4,0.4,0.16000000000000003,0.1612,0.153,0.0011999999999999789,-0.007000000000000034,-0.008200000000000013,0.0,35.11453322642741,-0.0,0.0,0.0
17,43,0.4,0.4,0.16000000000000003,0.1546,0.1492,-0.005400000000000044,-0.010800000000000032,-0.005399999999999988,6.25,65.09029106038041,0.03375000000000027,0.0675000000000002,0.033749999999999926
17,44,0.4,0.4,0.16000000000000003,0.1536,0.1552,-0.0064000000000000445,-0.0048000000000000265,0.001600000000000018,6.25,18.13651181536786,0.04000000000000028,0.030000000000000165,-0.010000000000000113
17,45,0.4,0.4,0.16000000000000003,0.1524,0.1488,-0.007600000000000023,-0.011200000000000043,-0.00360000000000002,6.25,270.9262560763276,0.047500000000000146,0.07000000000000027,0.022500000000000124
17,46,0.4,0.4,0.16000000000000003,0.1538,0.1458,-0.006200000000000039,-0.014200000000000018,-0.00799999999999998,6.25,66.3307536409489,0.03875000000000024,0.0887500000000001,0.049999999999999864
17,47,0.4,0.4,0.16000000000000003,0.164,0.153,0.003999999999999976,-0.007000000000000034,-0.01100000000000001,0.0,63.37606556560456,-0.0,0.0,0.0
17,48,0.4,0.4,0.16000000000000003,0.1592,0.1504,-0.0008000000000000229,-0.009600000000000025,-0.008800000000000002,6.25,40.92422493909515,0.005000000000000143,0.06000000000000016,0.055000000000000014
17,49,0.4,0.4,0.16000000000000003,0.1546,0.1476,-0.005400000000000044,-0.012400000000000022,-0.0069999999999999785,6.25,124.95346439406825,0.03375000000000027,0.07750000000000014,0.043749999999999865
18,19,0.4,0.4,0.16000000000000003,0.1346,0.1376,-0.025400000000000034,-0.02240000000000003,0.0030000000000000027,0.0,33.19281284244498,0.0,0.0,0.0
18,20,0.4,0.4,0.16000000000000003,0.1634,0.1664,0.0033999999999999586,0.006399999999999961,0.0030000000000000027,6.25,108.79226085733022,-0.02124999999999974,-0.03999999999999976,-0.018750000000000017
18,21,0.4,0.4,0.16000000000000003,0.152,0.1548,-0.008000000000000035,-0.005200000000000038,0.002799999999999997,6.25,84.98317661720998,0.05000000000000022,0.03250000000000024,-0.01749999999999998
18,22,0.4,0.4,0.16000000000000003,0.1814,0.1766,0.021399999999999975,0.016599999999999976,-0.004799999999999999,0.0,230.68362096136497,-0.0,-0.0,0.0
18,23,0.4,0.4,0.16000000000000003,0.1554,0.156,-0.004600000000000021,-0.004000000000000031,0.0005999999999999894,0.0,34.91409658164551,0.0,0.0,0.0
18,24,0.4,0.4,0.16000000000000003,0.1746,0.1756,0.014599999999999974,0.015599999999999975,0.0010000000000000009,6.25,103.73231594131938,-0.09124999999999983,-0.09749999999999984,-0.0062500000000000056
18,25,0.4,0.4,0.16000000000000003,0.1796,0.1742,0.01959999999999998,0.014199999999999963,-0.005400000000000016,6.25,310.4574932735059,-0.12249999999999986,-0.08874999999999977,0.033750000000000085
18,26,0.4,0.4,0.16000000000000003,0.1568,0.1644,-0.003200000000000036,0.0043999999999999595,0.007599999999999996,0.0,135.30255120791173,0.0,-0.0,-0.0
18,27,0.4,0.4,0.16000000000000003,0.1654,0.1612,0.00539999999999996,0.0011999999999999789,-0.0041999999999999815,6.25,142.15954809655338,-0.03374999999999975,-0.007499999999999868,0.026249999999999885
18,28,0.4,0.4,0.16000000000000003,0.1398,0.1384,-0.020200000000000023,-0.021600000000000036,-0.0014000000000000123,0.0,230.35722629366384,0.0,0.0,0.0
18,29,0.4,0.4,0.16000000000000003,0.1694,0.1634,0.009399999999999964,0.0033999999999999586,-0.006000000000000005,6.25,46.36971759262715,-0.058749999999999775,-0.02124999999999974,0.03750000000000003
18,30,0.4,0.4,0.16000000000000003,0.1432,0.1542,-0.016800000000000037,-0.005800000000000027,0.01100000000000001,0.0,86.93137496167397,0.0,0.0,0.0
18,31,0.4,0.4,0.16000000000000003,0.1608,0.1612,0.0007999999999999674,0.0011999999999999789,0.00040000000000001146,6.25,126.34263361102067,-0.004999999999999796,-0.007499999999999868,-0.0025000000000000716
18,32,0.4,0.4,0.16000000000000003,0.1852,0.1842,0.025199999999999972,0.02419999999999997,-0.0010000000000000009,6.25,250.95697773241636,-0.15749999999999983,-0.15124999999999983,0.0062500000000000056
18,33,0.4,0.4,0.16000000000000003,0.1552,0.1682,-0.0048000000000000265,0.008199999999999957,0.012999999999999984,6.25,32.59456711196132,0.030000000000000165,-0.05124999999999973,-0.0812499999999999
18,34,0.4,0.4,0.16000000000000003,0.1596,0.1658,-0.0004000000000000392,0.005799999999999972,0.006200000000000011,0.0,140.31543131604283,0.0,-0.0,-0.0
18,35,0.4,0.4,0.16000000000000003,0.1748,0.1818,0.01479999999999998,0.02179999999999996,0.0069999999999999785,6.25,666.9774167768475,-0.09249999999999987,-0.13624999999999973,-0.04374999999999986
18,36,0.4,0.4,0.16000000000000003,0.1478,0.1452,-0.012200000000000044,-0.014800000000000035,-0.002599999999999991,6.25,20.220906231884186,0.07625000000000028,0.09250000000000022,0.016249999999999945
18,37,0.4,0.4,0.16000000000000003,0.162,0.1482,0.001999999999999974,-0.011800000000000033,-0.013800000000000007,6.25,197.168621745197,-0.012499999999999838,0.0737500000000002,0.08625000000000005
18,38,0.4,0.4,0.16000000000000003,0.146,0.16,-0.01400000000000004,-2.7755575615628914e-17,0.014000000000000012,6.25,12.449099726482771,0.08750000000000024,1.734723475976807e-16,-0.08750000000000008
18,39,0.4,0.4,0.16000000000000003,0.1494,0.1574,-0.010600000000000026,-0.002600000000000019,0.008000000000000007,6.25,304.8138708179884,0.06625000000000017,0.01625000000000012,-0.05000000000000005
18,40,0.4,0.4,0.16000000000000003,0.1494,0.1404,-0.010600000000000026,-0.019600000000000034,-0.009000000000000008,6.25,41.743320386001216,0.06625000000000017,0.12250000000000022,0.05625000000000005
18,41,0.4,0.4,0.16000000000000003,0.1456,0.1386,-0.014400000000000024,-0.02140000000000003,-0.007000000000000006,6.25,60.24715139629351,0.09000000000000015,0.1337500000000002,0.04375000000000005
18,42,0.4,0.4,0.16000000000000003,0.154,0.1566,-0.006000000000000033,-0.003400000000000042,0.002599999999999991,0.0,30.964447992770758,0.0,0.0,0.0
18,43,0.4,0.4,0.16000000000000003,0.1618,0.1622,0.0017999999999999683,0.0021999999999999797,0.00040000000000001146,6.25,70.53600185561666,-0.011249999999999802,-0.013749999999999873,-0.0025000000000000716
18,44,0.4,0.4,0.16000000000000003,0.1548,0.1578,-0.005200000000000038,-0.0022000000000000353,0.0030000000000000027,6.25,30.96905536777147,0.03250000000000024,0.01375000000000022,-0.018750000000000017
18,45,0.4,0.4,0.16000000000000003,0.1576,0.147,-0.002400000000000041,-0.01300000000000004,-0.010599999999999998,6.25,351.15905939873636,0.015000000000000256,0.08125000000000024,0.06624999999999998
18,46,0.4,0.4,0.16000000000000003,0.149,0.1532,-0.011000000000000038,-0.006800000000000028,0.004200000000000009,6.25,59.35381343004633,0.06875000000000023,0.042500000000000177,-0.02625000000000005
18,47,0.4,0.4,0.16000000000000003,0.1534,0.15,-0.0066000000000000225,-0.010000000000000037,-0.003400000000000014,0.0,72.68305117341222,0.0,0.0,0.0
18,48,0.4,0.4,0.16000000000000003,0.1608,0.1622,0.0007999999999999674,0.0021999999999999797,0.0014000000000000123,6.25,55.87522979399559,-0.004999999999999796,-0.013749999999999873,-0.008750000000000077
18,49,0.4,0.4,0.16000000000000003,0.1762,0.174,0.016199999999999964,0.013999999999999957,-0.0022000000000000075,6.25,174.5065288236727,-0.10124999999999978,-0.08749999999999973,0.013750000000000054
19,20,0.4,0.4,0.16000000000000003,0.1612,0.1606,0.0011999999999999789,0.0005999999999999617,-0.0006000000000000172,6.25,116.79351250183481,-0.007499999999999868,-0.0037499999999997605,0.0037500000000001074
19,21,0.4,0.4,0.16000000000000003,0.147,0.141,-0.01300000000000004,-0.019000000000000045,-0.006000000000000005,6.25,113.52491020320109,0.08125000000000024,0.11875000000000027,0.03750000000000003
19,22,0.4,0.4,0.16000000000000003,0.1862,0.1862,0.026199999999999973,0.026199999999999973,0.0,0.0,228.14284103848107,-0.0,-0.0,0.0
19,23,0.4,0.4,0.16000000000000003,0.1408,0.1462,-0.019200000000000023,-0.013800000000000034,0.005399999999999988,0.0,32.87090753217473,0.0,0.0,0.0
19,24,0.4,0.4,0.16000000000000003,0.158,0.1576,-0.0020000000000000295,-0.002400000000000041,-0.00040000000000001146,6.25,91.59365726223994,0.012500000000000185,0.015000000000000256,0.0025000000000000716
19,25,0.4,0.4,0.16000000000000003,0.1594,0.1684,-0.0006000000000000449,0.008399999999999963,0.009000000000000008,6.25,330.48440812766785,0.003750000000000281,-0.05249999999999977,-0.05625000000000005
19,26,0.4,0.4,0.16000000000000003,0.14,0.1422,-0.020000000000000018,-0.017800000000000038,0.0021999999999999797,0.0,103.47718036443531,0.0,0.0,0.0
19,27,0.4,0.4,0.16000000000000003,0.1578,0.1582,-0.0022000000000000353,-0.0018000000000000238,0.00040000000000001146,6.25,164.92804854927286,0.01375000000000022,0.011250000000000149,-0.0025000000000000716
19,28,0.4,0.4,0.16000000000000003,0.1256,0.1176,-0.03440000000000004,-0.042400000000000035,-0.007999999999999993,0.0,215.4266781962163,0.0,0.0,0.0
19,29,0.4,0.4,0.16000000000000003,0.1474,0.1416,-0.012600000000000028,-0.018400000000000027,-0.0058,6.25,49.354365796929976,0.07875000000000018,0.11500000000000017,0.03624999999999999
19,30,0.4,0.4,0.16000000000000003,0.1422,0.1456,-0.017800000000000038,-0.014400000000000024,0.003400000000000014,0.0,93.753251101508,0.0,0.0,0.0
19,31,0.4,0.4,0.16000000000000003,0.1538,0.1644,-0.006200000000000039,0.0043999999999999595,0.010599999999999998,6.25,159.53204121179226,0.03875000000000024,-0.027499999999999747,-0.06624999999999999
19,32,0.4,0.4,0.16000000000000003,0.1842,0.1694,0.02419999999999997,0.009399999999999964,-0.014800000000000008,6.25,263.5725993047131,-0.15124999999999983,-0.058749999999999775,0.09250000000000005
19,33,0.4,0.4,0.16000000000000003,0.1548,0.1504,-0.005200000000000038,-0.009600000000000025,-0.004399999999999987,6.25,47.30786729036002,0.03250000000000024,0.06000000000000016,0.02749999999999992
19,34,0.4,0.4,0.16000000000000003,0.1492,0.1488,-0.010800000000000032,-0.011200000000000043,-0.00040000000000001146,0.0,115.93241410254437,0.0,0.0,0.0
19,35,0.4,0.4,0.16000000000000003,0.1694,0.1712,0.009399999999999964,0.01119999999999996,0.001799999999999996,6.25,693.3415869068255,-0.058749999999999775,-0.06999999999999976,-0.011249999999999982
19,36,0.4,0.4,0.16000000000000003,0.1414,0.1422,-0.018600000000000033,-0.017800000000000038,0.0007999999999999952,6.25,21.663914317204036,0.11625000000000021,0.11125000000000024,-0.004999999999999977
19,37,0.4,0.4,0.16000000000000003,0.1656,0.1586,0.005599999999999966,-0.00140000000000004,-0.007000000000000006,6.25,244.52620819154913,-0.03499999999999979,0.00875000000000025,0.04375000000000004
19,38,0.4,0.4,0.16000000000000003,0.1642,0.162,0.0041999999999999815,0.001999999999999974,-0.0022000000000000075,6.25,71.9410674531818,-0.026249999999999885,-0.012499999999999838,0.013750000000000047
19,39,0.4,0.4,0.16000000000000003,0.178,0.1672,0.01799999999999996,0.0071999999999999564,-0.010800000000000004,6.25,373.6172880164145,-0.11249999999999975,-0.04499999999999973,0.06750000000000003
19,40,0.4,0.4,0.16000000000000003,0.1668,0.1624,0.006799999999999973,0.0023999999999999577,-0.004400000000000015,6.25,108.85680872001603,-0.04249999999999983,-0.014999999999999736,0.027500000000000094
19,41,0.4,0.4,0.16000000000000003,0.13,0.1204,-0.030000000000000027,-0.03960000000000004,-0.009600000000000011,6.25,34.416605224176266,0.18750000000000017,0.24750000000000025,0.06000000000000008
19,42,0.4,0.4,0.16000000000000003,0.1658,0.1604,0.005799999999999972,0.00039999999999995595,-0.005400000000000016,0.0,48.81622862465417,-0.0,-0.0,0.0
19,43,0.4,0.4,0.16000000000000003,0.17,0.1712,0.009999999999999981,0.01119999999999996,0.0011999999999999789,6.25,124.24630714373205,-0.06249999999999988,-0.06999999999999976,-0.007499999999999875
19,44,0.4,0.4,0.16000000000000003,0.1618,0.164,0.0017999999999999683,0.003999999999999976,0.0022000000000000075,6.25,65.76298033990518,-0.011249999999999802,-0.02499999999999985,-0.013750000000000047
19,45,0.4,0.4,0.16000000000000003,0.1736,0.1722,0.013599999999999973,0.012199999999999961,-0.0014000000000000123,6.25,433.86736840550725,-0.08499999999999983,-0.07624999999999976,0.008750000000000063
19,46,0.4,0.4,0.16000000000000003,0.1866,0.1846,0.026599999999999957,0.024599999999999955,-0.0020000000000000018,6.25,168.82395627578956,-0.16624999999999973,-0.15374999999999972,0.012500000000000011
19,47,0.4,0.4,0.16000000000000003,0.157,0.1618,-0.0030000000000000304,0.0017999999999999683,0.004799999999999999,0.0,99.65297878195854,0.0,-0.0,-0.0
19,48,0.4,0.4,0.16000000000000003,0.1786,0.1724,0.018599999999999978,0.012399999999999967,-0.006200000000000011,6.25,125.35199470204887,-0.11624999999999985,-0.07749999999999979,0.03875000000000006
19,49,0.4,0.4,0.16000000000000003,0.1742,0.1644,0.014199999999999963,0.0043999999999999595,-0.009800000000000003,6.25,212.80623254497763,-0.08874999999999977,-0.027499999999999747,0.06125000000000003
20,21,0.4,0.4,0.16000000000000003,0.1628,0.1622,0.002799999999999969,0.0021999999999999797,-0.0005999999999999894,0.0,259.365491465531,-0.0,-0.0,0.0
20,22,0.4,0.4,0.16000000000000003,0.16,0.165,-2.7755575615628914e-17,0.004999999999999977,0.0050000000000000044,6.25,353.38401046545385,1.734723475976807e-16,-0.031249999999999854,-0.03125000000000003
20,23,0.4,0.4,0.16000000000000003,0.1558,0.1556,-0.004200000000000037,-0.004400000000000043,-0.00020000000000000573,6.25,128.4608753420775,0.02625000000000023,0.027500000000000267,0.0012500000000000358
20,24,0.4,0.4,0.16000000000000003,0.1628,0.1646,0.002799999999999969,0.004599999999999965,0.001799999999999996,0.0,192.32463442498027,-0.0,-0.0,0.0
20,25,0.4,0.4,0.16000000000000003,0.1634,0.1612,0.0033999999999999586,0.0011999999999999789,-0.0021999999999999797,0.0,525.9858167226016,-0.0,-0.0,0.0
20,26,0.4,0.4,0.16000000000000003,0.1542,0.153,-0.005800000000000027,-0.007000000000000034,-0.0012000000000000066,6.25,282.3341317961274,0.03625000000000017,0.04375000000000021,0.007500000000000041
20,27,0.4,0.4,0.16000000000000003,0.1698,0.176,0.009799999999999975,0.01599999999999996,0.006199999999999983,0.0,359.88057950352953,-0.0,-0.0,0.0
20,28,0.4,0.4,0.16000000000000003,0.1668,0.163,0.006799999999999973,0.002999999999999975,-0.003799999999999998,6.25,505.4793798573641,-0.04249999999999983,-0.018749999999999843,0.023749999999999986
20,29,0.4,0.4,0.16000000000000003,0.1648,0.1638,0.004799999999999971,0.00379999999999997,-0.0010000000000000009,0.0,54.417960818733945,-0.0,-0.0,0.0
20,30,0.4,0.4,0.16000000000000003,0.1558,0.1662,-0.004200000000000037,0.0061999999999999555,0.010399999999999993,6.25,250.38200885494823,0.02625000000000023,-0.03874999999999972,-0.06499999999999995
20,31,0.4,0.4,0.16000000000000003,0.1614,0.1598,0.0013999999999999568,-0.00020000000000003348,-0.0015999999999999903,0.0,296.5715346758133,-0.0,0.0,0.0
20,32,0.4,0.4,0.16000000000000003,0.167,0.1614,0.0069999999999999785,0.0013999999999999568,-0.005600000000000022,0.0,379.35887356281836,-0.0,-0.0,0.0
20,33,0.4,0.4,0.16000000000000003,0.1608,0.1686,0.0007999999999999674,0.008599999999999969,0.007800000000000001,0.0,95.75971098509973,-0.0,-0.0,0.0
20,34,0.4,0.4,0.16000000000000003,0.1614,0.1566,0.0013999999999999568,-0.003400000000000042,-0.004799999999999999,6.25,233.1290118583715,-0.00874999999999973,0.021250000000000262,0.029999999999999992
20,35,0.4,0.4,0.16000000000000003,0.128,0.1344,-0.03200000000000003,-0.02560000000000004,0.006399999999999989,0.0,505.39731698056255,0.0,0.0,0.0
20,36,0.4,0.4,0.16000000000000003,0.1554,0.1552,-0.004600000000000021,-0.0048000000000000265,-0.00020000000000000573,0.0,109.29633038642623,0.0,0.0,0.0
20,37,0.4,0.4,0.16000000000000003,0.1488,0.1476,-0.011200000000000043,-0.012400000000000022,-0.0011999999999999789,0.0,70.88243140620617,0.0,0.0,0.0
20,38,0.4,0.4,0.16000000000000003,0.1596,0.1716,-0.0004000000000000392,0.011599999999999971,0.01200000000000001,0.0,105.1041559328811,0.0,-0.0,-0.0
20,39,0.4,0.4,0.16000000000000003,0.1528,0.1534,-0.00720000000000004,-0.0066000000000000225,0.0006000000000000172,0.0,496.4518792737593,0.0,0.0,0.0
20,40,0.4,0.4,0.16000000000000003,0.1626,0.1514,0.0025999999999999635,-0.008600000000000024,-0.011199999999999988,0.0,68.63465187323276,-0.0,0.0,0.0
20,41,0.4,0.4,0.16000000000000003,0.1602,0.1594,0.00019999999999997797,-0.0006000000000000449,-0.0008000000000000229,0.0,72.56306877262834,-0.0,0.0,0.0
20,42,0.4,0.4,0.16000000000000003,0.1592,0.1584,-0.0008000000000000229,-0.001600000000000018,-0.0007999999999999952,6.25,82.59690342058761,0.005000000000000143,0.010000000000000113,0.00499999999999997
20,43,0.4,0.4,0.16000000000000003,0.1598,0.1568,-0.00020000000000003348,-0.003200000000000036,-0.0030000000000000027,0.0,61.08987240492007,0.0,0.0,0.0
20,44,0.4,0.4,0.16000000000000003,0.1556,0.164,-0.004400000000000043,0.003999999999999976,0.008400000000000019,0.0,48.1949301573755,0.0,-0.0,-0.0
20,45,0.4,0.4,0.16000000000000003,0.1532,0.1462,-0.006800000000000028,-0.013800000000000034,-0.007000000000000006,0.0,489.35758728859213,0.0,0.0,0.0
20,46,0.4,0.4,0.16000000000000003,0.1648,0.163,0.004799999999999971,0.002999999999999975,-0.001799999999999996,0.0,171.33335014276503,-0.0,-0.0,0.0
20,47,0.4,0.4,0.16000000000000003,0.1598,0.1586,-0.00020000000000003348,-0.00140000000000004,-0.0012000000000000066,6.25,173.59223552681817,0.0012500000000002093,0.00875000000000025,0.007500000000000041
20,48,0.4,0.4,0.16000000000000003,0.1686,0.1646,0.008599999999999969,0.004599999999999965,-0.0040000000000000036,0.0,113.21830326144389,-0.0,-0.0,0.0
20,49,0.4,0.4,0.16000000000000003,0.166,0.1586,0.005999999999999978,-0.00140000000000004,-0.007400000000000018,0.0,325.8529509772769,-0.0,0.0,0.0
21,22,0.4,0.4,0.16000000000000003,0.1732,0.1708,0.013199999999999962,0.010799999999999976,-0.0023999999999999855,6.25,91.60765587965314,-0.08249999999999977,-0.06749999999999985,0.014999999999999916
21,23,0.4,0.4,0.16000000000000003,0.1526,0.1526,-0.007400000000000018,-0.007400000000000018,0.0,6.25,38.24455476429076,0.04625000000000011,0.04625000000000011,0.0
21,24,0.4,0.4,0.16000000000000003,0.1502,0.156,-0.009800000000000031,-0.004000000000000031,0.0058,0.0,59.40039721000018,0.0,0.0,0.0
21,25,0.4,0.4,0.16000000000000003,0.1494,0.1538,-0.010600000000000026,-0.006200000000000039,0.004399999999999987,0.0,79.18023391160808,0.0,0.0,0.0
21,26,0.4,0.4,0.16000000000000003,0.1494,0.156,-0.010600000000000026,-0.004000000000000031,0.006599999999999995,6.25,40.77087548927466,0.06625000000000017,0.025000000000000196,-0.041249999999999974
21,27,0.4,0.4,0.16000000000000003,0.1458,0.1532,-0.014200000000000018,-0.006800000000000028,0.00739999999999999,0.0,17.929909798927767,0.0,0.0,0.0
21,28,0.4,0.4,0.16000000000000003,0.1442,0.143,-0.015800000000000036,-0.017000000000000043,-0.0012000000000000066,6.25,67.7711013010829,0.09875000000000023,0.10625000000000026,0.007500000000000034
21,29,0.4,0.4,0.16000000000000003,0.1608,0.1496,0.0007999999999999674,-0.01040000000000002,-0.011199999999999988,0.0,163.2533915461844,-0.0,0.0,0.0
21,30,0.4,0.4,0.16000000000000003,0.1464,0.1522,-0.013600000000000029,-0.007800000000000029,0.0058,6.25,41.1088609194235,0.08500000000000019,0.04875000000000018,-0.036250000000000004
21,31,0.4,0.4,0.16000000000000003,0.1462,0.1512,-0.013800000000000034,-0.00880000000000003,0.0050000000000000044,0.0,15.609605474476238,0.0,0.0,0.0
21,32,0.4,0.4,0.16000000000000003,0.1666,0.1648,0.006599999999999967,0.004799999999999971,-0.001799999999999996,0.0,89.58234724372251,-0.0,-0.0,0.0
21,33,0.4,0.4,0.16000000000000003,0.1514,0.1528,-0.008600000000000024,-0.00720000000000004,0.0013999999999999846,0.0,76.9892017545306,0.0,0.0,0.0
21,34,0.4,0.4,0.16000000000000003,0.1568,0.158,-0.003200000000000036,-0.0020000000000000295,0.0012000000000000066,6.25,49.574931119409285,0.020000000000000226,0.012500000000000185,-0.007500000000000041
21,35,0.4,0.4,0.16000000000000003,0.1564,0.1628,-0.00360000000000002,0.002799999999999969,0.006399999999999989,0.0,529.9698495835619,0.0,-0.0,-0.0
21,36,0.4,0.4,0.16000000000000003,0.1482,0.1482,-0.011800000000000033,-0.011800000000000033,0.0,0.0,61.91724037753954,0.0,0.0,0.0
21,37,0.4,0.4,0.16000000000000003,0.1568,0.1552,-0.003200000000000036,-0.0048000000000000265,-0.0015999999999999903,0.0,346.02879300709463,0.0,0.0,0.0
21,38,0.4,0.4,0.16000000000000003,0.1462,0.1554,-0.013800000000000034,-0.004600000000000021,0.009200000000000014,0.0,84.2352796366475,0.0,0.0,0.0
21,39,0.4,0.4,0.16000000000000003,0.1426,0.1466,-0.017400000000000027,-0.013400000000000023,0.0040000000000000036,0.0,89.55641683987221,0.0,0.0,0.0
21,40,0.4,0.4,0.16000000000000003,0.1546,0.1498,-0.005400000000000044,-0.010200000000000042,-0.004799999999999999,0.0,181.40932736391235,0.0,0.0,0.0
21,41,0.4,0.4,0.16000000000000003,0.1516,0.1454,-0.008400000000000019,-0.01460000000000003,-0.006200000000000011,0.0,209.69220265017344,0.0,0.0,0.0
21,42,0.4,0.4,0.16000000000000003,0.1594,0.1622,-0.0006000000000000449,0.0021999999999999797,0.0028000000000000247,6.25,103.55932182380597,0.003750000000000281,-0.013749999999999873,-0.017500000000000154
21,43,0.4,0.4,0.16000000000000003,0.1448,0.1508,-0.015200000000000019,-0.009200000000000041,0.005999999999999978,0.0,234.77231122121196,0.0,0.0,0.0
21,44,0.4,0.4,0.16000000000000003,0.1534,0.1588,-0.0066000000000000225,-0.0012000000000000344,0.005399999999999988,0.0,126.07376315662046,0.0,0.0,0.0
21,45,0.4,0.4,0.16000000000000003,0.1512,0.1426,-0.00880000000000003,-0.017400000000000027,-0.008599999999999997,0.0,148.08744091899928,0.0,0.0,0.0
21,46,0.4,0.4,0.16000000000000003,0.155,0.1492,-0.005000000000000032,-0.010800000000000032,-0.0058,0.0,143.2507154018913,0.0,0.0,0.0
21,47,0.4,0.4,0.16000000000000003,0.1552,0.1508,-0.0048000000000000265,-0.009200000000000041,-0.004400000000000015,6.25,51.161988155812985,0.030000000000000165,0.05750000000000026,0.027500000000000094
21,48,0.4,0.4,0.16000000000000003,0.1522,0.158,-0.007800000000000029,-0.0020000000000000295,0.0058,0.0,145.4698410123636,0.0,0.0,0.0
21,49,0.4,0.4,0.16000000000000003,0.159,0.1448,-0.0010000000000000286,-0.015200000000000019,-0.01419999999999999,0.0,56.23689315519636,0.0,0.0,0.0
22,23,0.4,0.4,0.16000000000000003,0.1684,0.1688,0.008399999999999963,0.008799999999999975,0.00040000000000001146,0.0,103.7139027565228,-0.0,-0.0,0.0
22,24,0.4,0.4,0.16000000000000003,0.155,0.1564,-0.005000000000000032,-0.00360000000000002,0.0014000000000000123,6.25,58.67611743036142,0.0312500000000002,0.022500000000000124,-0.008750000000000077
22,25,0.4,0.4,0.16000000000000003,0.147,0.1418,-0.01300000000000004,-0.01820000000000002,-0.005199999999999982,6.25,69.83446881825718,0.08125000000000024,0.11375000000000013,0.03249999999999989
22,26,0.4,0.4,0.16000000000000003,0.153,0.1524,-0.007000000000000034,-0.007600000000000023,-0.0005999999999999894,0.0,41.35388893907273,0.0,0.0,0.0
22,27,0.4,0.4,0.16000000000000003,0.168,0.1682,0.00799999999999998,0.008199999999999957,0.00019999999999997797,6.25,75.75964110278443,-0.04999999999999987,-0.05124999999999973,-0.0012499999999998623
22,28,0.4,0.4,0.16000000000000003,0.1602,0.1538,0.00019999999999997797,-0.006200000000000039,-0.006400000000000017,0.0,110.87746357225005,-0.0,0.0,0.0
22,29,0.4,0.4,0.16000000000000003,0.1598,0.1588,-0.00020000000000003348,-0.0012000000000000344,-0.0010000000000000009,6.25,235.42170503500145,0.0012500000000002093,0.007500000000000215,0.0062500000000000056
22,30,0.4,0.4,0.16000000000000003,0.1368,0.1514,-0.023200000000000026,-0.008600000000000024,0.014600000000000002,0.0,55.15868036575359,0.0,0.0,0.0
22,31,0.4,0.4,0.16000000000000003,0.1516,0.1552,-0.008400000000000019,-0.0048000000000000265,0.003599999999999992,6.25,50.60752325893121,0.052500000000000116,0.030000000000000165,-0.02249999999999995
22,32,0.4,0.4,0.16000000000000003,0.1384,0.1254,-0.021600000000000036,-0.03460000000000002,-0.012999999999999984,6.25,7.621348507193125,0.13500000000000023,0.2162500000000001,0.08124999999999988
22,33,0.4,0.4,0.16000000000000003,0.1662,0.1696,0.0061999999999999555,0.00959999999999997,0.003400000000000014,6.25,182.89891417553972,-0.03874999999999972,-0.05999999999999981,-0.021250000000000088
22,34,0.4,0.4,0.16000000000000003,0.1412,0.1366,-0.01880000000000004,-0.023400000000000032,-0.004599999999999993,0.0,29.07341082962946,0.0,0.0,0.0
22,35,0.4,0.4,0.16000000000000003,0.1668,0.166,0.006799999999999973,0.005999999999999978,-0.0007999999999999952,6.25,667.7875279291961,-0.04249999999999983,-0.03749999999999986,0.00499999999999997
22,36,0.4,0.4,0.16000000000000003,0.1568,0.162,-0.003200000000000036,0.001999999999999974,0.00520000000000001,6.25,132.84716354852102,0.020000000000000226,-0.012499999999999838,-0.032500000000000064
22,37,0.4,0.4,0.16000000000000003,0.1822,0.1762,0.02219999999999997,0.016199999999999964,-0.006000000000000005,6.25,543.350644062732,-0.13874999999999982,-0.10124999999999978,0.03750000000000003
22,38,0.4,0.4,0.16000000000000003,0.1656,0.1678,0.005599999999999966,0.007799999999999974,0.0022000000000000075,6.25,196.51587456256888,-0.03499999999999979,-0.048749999999999835,-0.013750000000000047
22,39,0.4,0.4,0.16000000000000003,0.147,0.1456,-0.01300000000000004,-0.014400000000000024,-0.0013999999999999846,6.25,126.07490936221862,0.08125000000000024,0.09000000000000015,0.00874999999999991
22,40,0.4,0.4,0.16000000000000003,0.1656,0.1552,0.005599999999999966,-0.0048000000000000265,-0.010399999999999993,6.25,283.13909684590766,-0.03499999999999979,0.030000000000000165,0.06499999999999995
22,41,0.4,0.4,0.16000000000000003,0.1772,0.1738,0.017199999999999965,0.013799999999999979,-0.0033999999999999864,6.25,387.0015264042853,-0.10749999999999979,-0.08624999999999987,0.02124999999999992
22,42,0.4,0.4,0.16000000000000003,0.1562,0.1508,-0.0038000000000000256,-0.009200000000000041,-0.005400000000000016,0.0,147.63937886142182,0.0,0.0,0.0
22,43,0.4,0.4,0.16000000000000003,0.1746,0.1602,0.014599999999999974,0.00019999999999997797,-0.014399999999999996,6.25,360.5505317230244,-0.09124999999999983,-0.0012499999999998623,0.08999999999999997
22,44,0.4,0.4,0.16000000000000003,0.1588,0.1608,-0.0012000000000000344,0.0007999999999999674,0.0020000000000000018,6.25,213.47085536091834,0.007500000000000215,-0.004999999999999796,-0.012500000000000011
22,45,0.4,0.4,0.16000000000000003,0.1594,0.1556,-0.0006000000000000449,-0.004400000000000043,-0.003799999999999998,6.25,232.3262480518002,0.003750000000000281,0.027500000000000267,0.023749999999999986
22,46,0.4,0.4,0.16000000000000003,0.1682,0.1744,0.008199999999999957,0.014399999999999968,0.006200000000000011,6.25,282.3038864294611,-0.05124999999999973,-0.0899999999999998,-0.03875000000000007
22,47,0.4,0.4,0.16000000000000003,0.1438,0.1456,-0.01620000000000002,-0.014400000000000024,0.001799999999999996,0.0,61.69017784691798,0.0,0.0,0.0
22,48,0.4,0.4,0.16000000000000003,0.1702,0.1784,0.010199999999999959,0.018399999999999972,0.008200000000000013,6.25,299.7633633854495,-0.06374999999999975,-0.11499999999999982,-0.05125000000000007
22,49,0.4,0.4,0.16000000000000003,0.1692,0.1646,0.009199999999999958,0.004599999999999965,-0.004599999999999993,6.25,115.96411257644097,-0.05749999999999974,-0.028749999999999783,0.028749999999999956
23,24,0.4,0.4,0.16000000000000003,0.1504,0.1542,-0.009600000000000025,-0.005800000000000027,0.003799999999999998,6.25,23.349846146321266,0.06000000000000016,0.03625000000000017,-0.023749999999999986
23,25,0.4,0.4,0.16000000000000003,0.1534,0.1454,-0.0066000000000000225,-0.01460000000000003,-0.008000000000000007,6.25,173.24826080688067,0.04125000000000014,0.09125000000000019,0.05000000000000005
23,26,0.4,0.4,0.16000000000000003,0.1496,0.1482,-0.01040000000000002,-0.011800000000000033,-0.0014000000000000123,0.0,39.94367790983535,0.0,0.0,0.0
23,27,0.4,0.4,0.16000000000000003,0.1512,0.157,-0.00880000000000003,-0.0030000000000000304,0.0058,6.25,68.06604690798348,0.05500000000000019,0.01875000000000019,-0.03625
23,28,0.4,0.4,0.16000000000000003,0.1426,0.1424,-0.017400000000000027,-0.017600000000000032,-0.00020000000000000573,0.0,141.16008277231361,0.0,0.0,0.0
23,29,0.4,0.4,0.16000000000000003,0.1594,0.1502,-0.0006000000000000449,-0.009800000000000031,-0.009199999999999986,6.25,50.58558523717189,0.003750000000000281,0.06125000000000019,0.05749999999999991
23,30,0.4,0.4,0.16000000000000003,0.1476,0.1472,-0.012400000000000022,-0.012800000000000034,-0.00040000000000001146,0.0,36.66541166360696,0.0,0.0,0.0
23,31,0.4,0.4,0.16000000000000003,0.1484,0.1542,-0.011600000000000027,-0.005800000000000027,0.0058,6.25,52.784372863257765,0.07250000000000018,0.03625000000000017,-0.036250000000000004
23,32,0.4,0.4,0.16000000000000003,0.1612,0.1578,0.0011999999999999789,-0.0022000000000000353,-0.003400000000000014,6.25,118.48701635893724,-0.007499999999999868,0.01375000000000022,0.021250000000000088
23,33,0.4,0.4,0.16000000000000003,0.1514,0.1574,-0.008600000000000024,-0.002600000000000019,0.006000000000000005,6.25,20.914021063270244,0.05375000000000015,0.01625000000000012,-0.03750000000000003
23,34,0.4,0.4,0.16000000000000003,0.153,0.1444,-0.007000000000000034,-0.01560000000000003,-0.008599999999999997,0.0,41.29881195347924,0.0,0.0,0.0
23,35,0.4,0.4,0.16000000000000003,0.1598,0.1632,-0.00020000000000003348,0.0031999999999999806,0.003400000000000014,6.25,582.2043396182768,0.0012500000000002093,-0.01999999999999988,-0.021250000000000088
23,36,0.4,0.4,0.16000000000000003,0.1526,0.145,-0.007400000000000018,-0.015000000000000041,-0.007600000000000023,6.25,5.322097567916774,0.04625000000000011,0.09375000000000025,0.04750000000000014
23,37,0.4,0.4,0.16000000000000003,0.1628,0.1606,0.002799999999999969,0.0005999999999999617,-0.0022000000000000075,6.25,259.12164505686326,-0.017499999999999807,-0.0037499999999997605,0.013750000000000047
23,38,0.4,0.4,0.16000000000000003,0.1594,0.1654,-0.0006000000000000449,0.00539999999999996,0.006000000000000005,6.25,40.91522860170179,0.003750000000000281,-0.03374999999999975,-0.03750000000000003
23,39,0.4,0.4,0.16000000000000003,0.1612,0.157,0.0011999999999999789,-0.0030000000000000304,-0.004200000000000009,6.25,212.67516527916922,-0.007499999999999868,0.01875000000000019,0.026250000000000058
23,40,0.4,0.4,0.16000000000000003,0.1642,0.1576,0.0041999999999999815,-0.002400000000000041,-0.0066000000000000225,6.25,94.14695881262492,-0.026249999999999885,0.015000000000000256,0.04125000000000014
23,41,0.4,0.4,0.16000000000000003,0.1462,0.1466,-0.013800000000000034,-0.013400000000000023,0.00040000000000001146,6.25,95.26657304537035,0.08625000000000022,0.08375000000000014,-0.0025000000000000716
23,42,0.4,0.4,0.16000000000000003,0.1644,0.1472,0.0043999999999999595,-0.012800000000000034,-0.017199999999999993,0.0,28.083810238333186,-0.0,0.0,0.0
23,43,0.4,0.4,0.16000000000000003,0.158,0.152,-0.0020000000000000295,-0.008000000000000035,-0.006000000000000005,6.25,121.0885502643849,0.012500000000000185,0.05000000000000022,0.03750000000000003
23,44,0.4,0.4,0.16000000000000003,0.1558,0.159,-0.004200000000000037,-0.0010000000000000286,0.0032000000000000084,6.25,43.69103662458491,0.02625000000000023,0.006250000000000179,-0.020000000000000052
23,45,0.4,0.4,0.16000000000000003,0.1658,0.1652,0.005799999999999972,0.005199999999999982,-0.0005999999999999894,6.25,278.86755197796606,-0.036249999999999824,-0.03249999999999989,0.003749999999999934
23,46,0.4,0.4,0.16000000000000003,0.1604,0.1614,0.00039999999999995595,0.0013999999999999568,0.0010000000000000009,6.25,113.78445520997609,-0.0024999999999997247,-0.00874999999999973,-0.0062500000000000056
23,47,0.4,0.4,0.16000000000000003,0.158,0.1544,-0.0020000000000000295,-0.005600000000000022,-0.003599999999999992,0.0,33.096643277993564,0.0,0.0,0.0
23,48,0.4,0.4,0.16000000000000003,0.1612,0.1578,0.0011999999999999789,-0.0022000000000000353,-0.003400000000000014,6.25,90.29681037254365,-0.007499999999999868,0.01375000000000022,0.021250000000000088
23,49,0.4,0.4,0.16000000000000003,0.1566,0.1528,-0.003400000000000042,-0.00720000000000004,-0.003799999999999998,6.25,93.39107542333664,0.021250000000000262,0.04500000000000025,0.023749999999999986
24,25,0.4,0.4,0.16000000000000003,0.1384,0.1324,-0.021600000000000036,-0.02760000000000004,-0.006000000000000005,0.0,121.06026578889633,0.0,0.0,0.0
24,26,0.4,0.4,0.16000000000000003,0.1444,0.1388,-0.01560000000000003,-0.021200000000000024,-0.005599999999999994,6.25,30.909110141191086,0.0975000000000002,0.13250000000000015,0.03499999999999995
24,27,0.4,0.4,0.16000000000000003,0.1422,0.143,-0.017800000000000038,-0.017000000000000043,0.0007999999999999952,0.0,55.66884077361273,0.0,0.0,0.0
24,28,0.4,0.4,0.16000000000000003,0.156,0.1556,-0.004000000000000031,-0.004400000000000043,-0.00040000000000001146,6.25,154.17213982799458,0.025000000000000196,0.027500000000000267,0.0025000000000000716
24,29,0.4,0.4,0.16000000000000003,0.1518,0.1472,-0.00820000000000004,-0.012800000000000034,-0.004599999999999993,0.0,81.13384400024825,0.0,0.0,0.0
24,30,0.4,0.4,0.16000000000000003,0.1574,0.162,-0.002600000000000019,0.001999999999999974,0.004599999999999993,6.25,55.23480094333108,0.01625000000000012,-0.012499999999999838,-0.028749999999999956
24,31,0.4,0.4,0.16000000000000003,0.1406,0.1526,-0.01940000000000003,-0.007400000000000018,0.01200000000000001,0.0,38.581985045822826,0.0,0.0,0.0
24,32,0.4,0.4,0.16000000000000003,0.1422,0.1462,-0.017800000000000038,-0.013800000000000034,0.0040000000000000036,0.0,61.19385401592311,0.0,0.0,0.0
24,33,0.4,0.4,0.16000000000000003,0.1486,0.154,-0.011400000000000021,-0.006000000000000033,0.005399999999999988,0.0,45.07380037934766,0.0,0.0,0.0
24,34,0.4,0.4,0.16000000000000003,0.1486,0.1542,-0.011400000000000021,-0.005800000000000027,0.005599999999999994,6.25,33.885219323583016,0.07125000000000013,0.03625000000000017,-0.03499999999999996
24,35,0.4,0.4,0.16000000000000003,0.1516,0.1522,-0.008400000000000019,-0.007800000000000029,0.0005999999999999894,0.0,646.7053547155012,0.0,0.0,0.0
24,36,0.4,0.4,0.16000000000000003,0.1582,0.158,-0.0018000000000000238,-0.0020000000000000295,-0.00020000000000000573,0.0,40.41861445944555,0.0,0.0,0.0
24,37,0.4,0.4,0.16000000000000003,0.1806,0.1732,0.02059999999999998,0.013199999999999962,-0.007400000000000018,0.0,380.374957240626,-0.0,-0.0,0.0
24,38,0.4,0.4,0.16000000000000003,0.1648,0.1718,0.004799999999999971,0.011799999999999977,0.007000000000000006,0.0,93.8504210846493,-0.0,-0.0,0.0
24,39,0.4,0.4,0.16000000000000003,0.1614,0.1616,0.0013999999999999568,0.0015999999999999626,0.00020000000000000573,0.0,217.10354347447947,-0.0,-0.0,0.0
24,40,0.4,0.4,0.16000000000000003,0.1698,0.1684,0.009799999999999975,0.008399999999999963,-0.0014000000000000123,0.0,157.77192586847247,-0.0,-0.0,0.0
24,41,0.4,0.4,0.16000000000000003,0.1474,0.1476,-0.012600000000000028,-0.012400000000000022,0.00020000000000000573,0.0,174.92727429097383,0.0,0.0,0.0
24,42,0.4,0.4,0.16000000000000003,0.18,0.169,0.019999999999999962,0.00899999999999998,-0.010999999999999982,6.25,67.37046639100589,-0.12499999999999976,-0.056249999999999876,0.0687499999999999
24,43,0.4,0.4,0.16000000000000003,0.148,0.1548,-0.012000000000000038,-0.005200000000000038,0.0068000000000000005,0.0,169.2339921712096,0.0,0.0,0.0
24,44,0.4,0.4,0.16000000000000003,0.1596,0.1606,-0.0004000000000000392,0.0005999999999999617,0.0010000000000000009,0.0,82.41653106773849,0.0,-0.0,-0.0
24,45,0.4,0.4,0.16000000000000003,0.17,0.1726,0.009999999999999981,0.012599999999999972,0.002599999999999991,0.0,315.36748761449655,-0.0,-0.0,0.0
24,46,0.4,0.4,0.16000000000000003,0.1672,0.1688,0.0071999999999999564,0.008799999999999975,0.001600000000000018,0.0,161.489941411414,-0.0,-0.0,0.0
24,47,0.4,0.4,0.16000000000000003,0.1656,0.166,0.005599999999999966,0.005999999999999978,0.00040000000000001146,6.25,55.84368379414456,-0.03499999999999979,-0.03749999999999986,-0.0025000000000000716
24,48,0.4,0.4,0.16000000000000003,0.1564,0.151,-0.00360000000000002,-0.009000000000000036,-0.005400000000000016,0.0,127.394992198368,0.0,0.0,0.0
24,49,0.4,0.4,0.16000000000000003,0.139,0.1384,-0.02100000000000002,-0.021600000000000036,-0.0006000000000000172,0.0,57.63963294652574,0.0,0.0,0.0
25,26,0.4,0.4,0.16000000000000003,0.1522,0.1492,-0.007800000000000029,-0.010800000000000032,-0.0030000000000000027,6.25,85.14076303843666,0.04875000000000018,0.0675000000000002,0.018750000000000017
25,27,0.4,0.4,0.16000000000000003,0.143,0.1386,-0.017000000000000043,-0.02140000000000003,-0.004399999999999987,0.0,40.271784087981075,0.0,0.0,0.0
25,28,0.4,0.4,0.16000000000000003,0.1598,0.151,-0.00020000000000003348,-0.009000000000000036,-0.008800000000000002,6.25,89.17913257313879,0.0012500000000002093,0.05625000000000022,0.055000000000000014
25,29,0.4,0.4,0.16000000000000003,0.1546,0.1478,-0.005400000000000044,-0.012200000000000044,-0.0068000000000000005,0.0,373.55585113966237,0.0,0.0,0.0
25,30,0.4,0.4,0.16000000000000003,0.1564,0.1592,-0.00360000000000002,-0.0008000000000000229,0.002799999999999997,6.25,135.16569220640153,0.022500000000000124,0.005000000000000143,-0.01749999999999998
25,31,0.4,0.4,0.16000000000000003,0.1354,0.1412,-0.02460000000000004,-0.01880000000000004,0.0058,0.0,43.6909786012785,0.0,0.0,0.0
25,32,0.4,0.4,0.16000000000000003,0.1332,0.1314,-0.026800000000000018,-0.028600000000000042,-0.0018000000000000238,0.0,43.8882992098822,0.0,0.0,0.0
25,33,0.4,0.4,0.16000000000000003,0.1384,0.1378,-0.021600000000000036,-0.022200000000000025,-0.0005999999999999894,0.0,240.02670274516692,0.0,0.0,0.0
25,34,0.4,0.4,0.16000000000000003,0.1468,0.1466,-0.013200000000000017,-0.013400000000000023,-0.00020000000000000573,6.25,97.94974629769875,0.0825000000000001,0.08375000000000014,0.0012500000000000427
25,35,0.4,0.4,0.16000000000000003,0.1476,0.1412,-0.012400000000000022,-0.01880000000000004,-0.006400000000000017,0.0,640.1160752016509,0.0,0.0,0.0
25,36,0.4,0.4,0.16000000000000003,0.1536,0.1492,-0.0064000000000000445,-0.010800000000000032,-0.004399999999999987,0.0,229.49766122748994,0.0,0.0,0.0
25,37,0.4,0.4,0.16000000000000003,0.179,0.1662,0.01899999999999996,0.0061999999999999555,-0.012800000000000006,0.0,670.0933289797681,-0.0,-0.0,0.0
25,38,0.4,0.4,0.16000000000000003,0.1652,0.1654,0.005199999999999982,0.00539999999999996,0.00019999999999997797,0.0,284.20114577002676,-0.0,-0.0,0.0
25,39,0.4,0.4,0.16000000000000003,0.1466,0.146,-0.013400000000000023,-0.01400000000000004,-0.0006000000000000172,0.0,71.64431161248164,0.0,0.0,0.0
25,40,0.4,0.4,0.16000000000000003,0.1686,0.1602,0.008599999999999969,0.00019999999999997797,-0.00839999999999999,0.0,431.17899474783206,-0.0,-0.0,0.0
25,41,0.4,0.4,0.16000000000000003,0.1522,0.1538,-0.007800000000000029,-0.006200000000000039,0.0015999999999999903,0.0,493.17171681516646,0.0,0.0,0.0
25,42,0.4,0.4,0.16000000000000003,0.172,0.1638,0.011999999999999955,0.00379999999999997,-0.008199999999999985,6.25,290.72208776626593,-0.07499999999999972,-0.023749999999999813,0.05124999999999991
25,43,0.4,0.4,0.16000000000000003,0.152,0.148,-0.008000000000000035,-0.012000000000000038,-0.0040000000000000036,0.0,489.7205608680578,0.0,0.0,0.0
25,44,0.4,0.4,0.16000000000000003,0.1556,0.1534,-0.004400000000000043,-0.0066000000000000225,-0.0021999999999999797,0.0,330.02950457494654,0.0,0.0,0.0
25,45,0.4,0.4,0.16000000000000003,0.1556,0.1474,-0.004400000000000043,-0.012600000000000028,-0.008199999999999985,0.0,171.64484515756988,0.0,0.0,0.0
25,46,0.4,0.4,0.16000000000000003,0.1518,0.1476,-0.00820000000000004,-0.012400000000000022,-0.0041999999999999815,0.0,343.4144791633124,0.0,0.0,0.0
25,47,0.4,0.4,0.16000000000000003,0.161,0.1626,0.0009999999999999731,0.0025999999999999635,0.0015999999999999903,6.25,164.23646476337058,-0.006249999999999832,-0.01624999999999977,-0.00999999999999994
25,48,0.4,0.4,0.16000000000000003,0.1378,0.1416,-0.022200000000000025,-0.018400000000000027,0.003799999999999998,0.0,346.4472140379794,0.0,0.0,0.0
25,49,0.4,0.4,0.16000000000000003,0.121,0.1204,-0.039000000000000035,-0.03960000000000004,-0.0006000000000000033,0.0,63.85306161794626,0.0,0.0,0.0
26,27,0.4,0.4,0.16000000000000003,0.142,0.1542,-0.018000000000000044,-0.005800000000000027,0.012200000000000016,6.25,39.56977889043132,0.11250000000000027,0.03625000000000017,-0.0762500000000001
26,28,0.4,0.4,0.16000000000000003,0.139,0.1264,-0.02100000000000002,-0.03360000000000002,-0.0126,0.0,55.40153504086122,0.0,0.0,0.0
26,29,0.4,0.4,0.16000000000000003,0.1542,0.1486,-0.005800000000000027,-0.011400000000000021,-0.005599999999999994,6.25,163.65764816084715,0.03625000000000017,0.07125000000000013,0.03499999999999996
26,30,0.4,0.4,0.16000000000000003,0.1468,0.15,-0.013200000000000017,-0.010000000000000037,0.0031999999999999806,0.0,27.036026488193226,0.0,0.0,0.0
26,31,0.4,0.4,0.16000000000000003,0.1514,0.1574,-0.008600000000000024,-0.002600000000000019,0.006000000000000005,6.25,38.415226049898685,0.05375000000000015,0.01625000000000012,-0.03750000000000003
26,32,0.4,0.4,0.16000000000000003,0.153,0.1466,-0.007000000000000034,-0.013400000000000023,-0.006399999999999989,6.25,57.227721351115676,0.04375000000000021,0.08375000000000014,0.03999999999999993
26,33,0.4,0.4,0.16000000000000003,0.1504,0.1446,-0.009600000000000025,-0.015400000000000025,-0.0058,6.25,105.71190740571365,0.06000000000000016,0.09625000000000015,0.03625
26,34,0.4,0.4,0.16000000000000003,0.1412,0.1456,-0.01880000000000004,-0.014400000000000024,0.004400000000000015,0.0,10.922455555073828,0.0,0.0,0.0
26,35,0.4,0.4,0.16000000000000003,0.1692,0.1672,0.009199999999999958,0.0071999999999999564,-0.0020000000000000018,6.25,637.0195850712173,-0.05749999999999974,-0.04499999999999973,0.012500000000000011
26,36,0.4,0.4,0.16000000000000003,0.1492,0.1514,-0.010800000000000032,-0.008600000000000024,0.0022000000000000075,6.25,63.58753099631711,0.0675000000000002,0.05375000000000015,-0.013750000000000047
26,37,0.4,0.4,0.16000000000000003,0.1772,0.1738,0.017199999999999965,0.013799999999999979,-0.0033999999999999864,6.25,448.0561789473621,-0.10749999999999979,-0.08624999999999987,0.02124999999999992
26,38,0.4,0.4,0.16000000000000003,0.1646,0.168,0.004599999999999965,0.00799999999999998,0.003400000000000014,6.25,143.17692280953514,-0.028749999999999783,-0.04999999999999987,-0.021250000000000088
26,39,0.4,0.4,0.16000000000000003,0.1718,0.1612,0.011799999999999977,0.0011999999999999789,-0.010599999999999998,6.25,154.84436283615148,-0.07374999999999986,-0.007499999999999868,0.06624999999999999
26,40,0.4,0.4,0.16000000000000003,0.1756,0.1684,0.015599999999999975,0.008399999999999963,-0.007200000000000012,6.25,238.73992124522454,-0.09749999999999984,-0.05249999999999977,0.04500000000000007
26,41,0.4,0.4,0.16000000000000003,0.14,0.1406,-0.020000000000000018,-0.01940000000000003,0.0005999999999999894,6.25,230.2649809262002,0.1250000000000001,0.12125000000000018,-0.003749999999999934
26,42,0.4,0.4,0.16000000000000003,0.1526,0.1592,-0.007400000000000018,-0.0008000000000000229,0.006599999999999995,0.0,105.58333737731498,0.0,0.0,0.0
26,43,0.4,0.4,0.16000000000000003,0.1652,0.167,0.005199999999999982,0.0069999999999999785,0.001799999999999996,6.25,291.83410758475657,-0.03249999999999989,-0.043749999999999865,-0.011249999999999975
26,44,0.4,0.4,0.16000000000000003,0.1658,0.1628,0.005799999999999972,0.002799999999999969,-0.0030000000000000027,6.25,159.81843100416944,-0.036249999999999824,-0.017499999999999807,0.018750000000000017
26,45,0.4,0.4,0.16000000000000003,0.1674,0.163,0.007399999999999962,0.002999999999999975,-0.004399999999999987,6.25,249.9836036253865,-0.046249999999999764,-0.018749999999999843,0.02749999999999992
26,46,0.4,0.4,0.16000000000000003,0.176,0.1736,0.01599999999999996,0.013599999999999973,-0.0023999999999999855,6.25,247.09692360834782,-0.09999999999999974,-0.08499999999999983,0.014999999999999916
26,47,0.4,0.4,0.16000000000000003,0.1676,0.157,0.007599999999999968,-0.0030000000000000304,-0.010599999999999998,0.0,54.1710386097782,-0.0,0.0,0.0
26,48,0.4,0.4,0.16000000000000003,0.1708,0.1718,0.010799999999999976,0.011799999999999977,0.0010000000000000009,6.25,230.45763603755293,-0.06749999999999985,-0.07374999999999986,-0.0062500000000000056
26,49,0.4,0.4,0.16000000000000003,0.152,0.1552,-0.008000000000000035,-0.0048000000000000265,0.0032000000000000084,6.25,95.85909159873253,0.05000000000000022,0.030000000000000165,-0.020000000000000052
27,28,0.4,0.4,0.16000000000000003,0.137,0.1386,-0.02300000000000002,-0.02140000000000003,0.0015999999999999903,6.25,61.22564668485143,0.14375000000000013,0.1337500000000002,-0.009999999999999926
27,29,0.4,0.4,0.16000000000000003,0.1566,0.1492,-0.003400000000000042,-0.010800000000000032,-0.00739999999999999,0.0,208.7708150110116,0.0,0.0,0.0
27,30,0.4,0.4,0.16000000000000003,0.1534,0.1634,-0.0066000000000000225,0.0033999999999999586,0.009999999999999981,6.25,58.31826207698175,0.04125000000000014,-0.02124999999999974,-0.06249999999999988
27,31,0.4,0.4,0.16000000000000003,0.141,0.1472,-0.019000000000000045,-0.012800000000000034,0.006200000000000011,0.0,8.479205340993122,0.0,0.0,0.0
27,32,0.4,0.4,0.16000000000000003,0.1634,0.159,0.0033999999999999586,-0.0010000000000000286,-0.004399999999999987,0.0,63.93658817076417,-0.0,0.0,0.0
27,33,0.4,0.4,0.16000000000000003,0.1454,0.1446,-0.01460000000000003,-0.015400000000000025,-0.0007999999999999952,0.0,109.50641707629802,0.0,0.0,0.0
27,34,0.4,0.4,0.16000000000000003,0.158,0.1638,-0.0020000000000000295,0.00379999999999997,0.0058,6.25,64.67940934858753,0.012500000000000185,-0.023749999999999813,-0.03625
27,35,0.4,0.4,0.16000000000000003,0.1708,0.166,0.010799999999999976,0.005999999999999978,-0.004799999999999999,0.0,673.095286646374,-0.0,-0.0,0.0
27,36,0.4,0.4,0.16000000000000003,0.1542,0.1474,-0.005800000000000027,-0.012600000000000028,-0.0068000000000000005,0.0,99.56446530763341,0.0,0.0,0.0
27,37,0.4,0.4,0.16000000000000003,0.1718,0.1692,0.011799999999999977,0.009199999999999958,-0.002600000000000019,0.0,500.6448191952444,-0.0,-0.0,0.0
27,38,0.4,0.4,0.16000000000000003,0.158,0.165,-0.0020000000000000295,0.004999999999999977,0.007000000000000006,0.0,136.1749140829634,0.0,-0.0,-0.0
27,39,0.4,0.4,0.16000000000000003,0.1554,0.1594,-0.004600000000000021,-0.0006000000000000449,0.003999999999999976,0.0,107.98192932019745,0.0,0.0,0.0
27,40,0.4,0.4,0.16000000000000003,0.1636,0.1562,0.0035999999999999643,-0.0038000000000000256,-0.00739999999999999,0.0,253.4769449020303,-0.0,0.0,0.0
27,41,0.4,0.4,0.16000000000000003,0.1512,0.1508,-0.00880000000000003,-0.009200000000000041,-0.00040000000000001146,0.0,287.3962785416026,0.0,0.0,0.0
27,42,0.4,0.4,0.16000000000000003,0.1712,0.1696,0.01119999999999996,0.00959999999999997,-0.0015999999999999903,6.25,153.93176755236658,-0.06999999999999976,-0.05999999999999981,0.009999999999999946
27,43,0.4,0.4,0.16000000000000003,0.1534,0.154,-0.0066000000000000225,-0.006000000000000033,0.0005999999999999894,0.0,296.41867079467454,0.0,0.0,0.0
27,44,0.4,0.4,0.16000000000000003,0.156,0.1658,-0.004000000000000031,0.005799999999999972,0.009800000000000003,0.0,180.66132868288466,0.0,-0.0,-0.0
27,45,0.4,0.4,0.16000000000000003,0.1606,0.1618,0.0005999999999999617,0.0017999999999999683,0.0012000000000000066,0.0,206.10959010158592,-0.0,-0.0,0.0
27,46,0.4,0.4,0.16000000000000003,0.1534,0.1598,-0.0066000000000000225,-0.00020000000000003348,0.006399999999999989,0.0,186.49637569123567,0.0,0.0,0.0
27,47,0.4,0.4,0.16000000000000003,0.1682,0.1728,0.008199999999999957,0.012799999999999978,0.004600000000000021,6.25,86.81422189985418,-0.05124999999999973,-0.07999999999999986,-0.02875000000000013
27,48,0.4,0.4,0.16000000000000003,0.1436,0.147,-0.016400000000000026,-0.01300000000000004,0.0033999999999999864,0.0,187.79872318175342,0.0,0.0,0.0
27,49,0.4,0.4,0.16000000000000003,0.1418,0.133,-0.01820000000000002,-0.027000000000000024,-0.008800000000000002,0.0,33.5404679696306,0.0,0.0,0.0
28,29,0.4,0.4,0.16000000000000003,0.1496,0.141,-0.01040000000000002,-0.019000000000000045,-0.008600000000000024,6.25,353.0244100048458,0.06500000000000013,0.11875000000000027,0.053750000000000145
28,30,0.4,0.4,0.16000000000000003,0.125,0.1236,-0.03500000000000003,-0.03640000000000003,-0.0013999999999999985,0.0,68.36210551296345,0.0,0.0,0.0
28,31,0.4,0.4,0.16000000000000003,0.151,0.1564,-0.009000000000000036,-0.00360000000000002,0.005400000000000016,6.25,86.0579339640468,0.05625000000000022,0.022500000000000124,-0.0337500000000001
28,32,0.4,0.4,0.16000000000000003,0.182,0.179,0.021999999999999964,0.01899999999999996,-0.0030000000000000027,6.25,128.88898683782529,-0.1374999999999998,-0.11874999999999976,0.01875000000000003
28,33,0.4,0.4,0.16000000000000003,0.149,0.15,-0.011000000000000038,-0.010000000000000037,0.0010000000000000009,6.25,247.14902551833586,0.06875000000000023,0.06250000000000022,-0.0062500000000000056
28,34,0.4,0.4,0.16000000000000003,0.142,0.14,-0.018000000000000044,-0.020000000000000018,-0.001999999999999974,0.0,86.76565379511405,0.0,0.0,0.0
28,35,0.4,0.4,0.16000000000000003,0.195,0.184,0.034999999999999976,0.023999999999999966,-0.01100000000000001,6.25,745.8385020193248,-0.21874999999999983,-0.1499999999999998,0.06875000000000003
28,36,0.4,0.4,0.16000000000000003,0.1318,0.1298,-0.02820000000000003,-0.030200000000000032,-0.0020000000000000018,6.25,173.08533963744807,0.17625000000000018,0.1887500000000002,0.012500000000000011
28,37,0.4,0.4,0.16000000000000003,0.1634,0.1552,0.0033999999999999586,-0.0048000000000000265,-0.008199999999999985,6.25,627.6978172333158,-0.02124999999999974,0.030000000000000165,0.05124999999999991
28,38,0.4,0.4,0.16000000000000003,0.1542,0.1518,-0.005800000000000027,-0.00820000000000004,-0.0024000000000000132,6.25,251.13712012157382,0.03625000000000017,0.051250000000000254,0.015000000000000083
28,39,0.4,0.4,0.16000000000000003,0.1564,0.1432,-0.00360000000000002,-0.016800000000000037,-0.013200000000000017,6.25,117.62957478480669,0.022500000000000124,0.10500000000000023,0.0825000000000001
28,40,0.4,0.4,0.16000000000000003,0.1526,0.1492,-0.007400000000000018,-0.010800000000000032,-0.003400000000000014,6.25,395.7072392363638,0.04625000000000011,0.0675000000000002,0.021250000000000088
28,41,0.4,0.4,0.16000000000000003,0.1392,0.1352,-0.02080000000000004,-0.024800000000000044,-0.0040000000000000036,6.25,395.25444932826025,0.13000000000000025,0.15500000000000028,0.025000000000000022
28,42,0.4,0.4,0.16000000000000003,0.1492,0.1478,-0.010800000000000032,-0.012200000000000044,-0.0014000000000000123,0.0,237.34195858026152,0.0,0.0,0.0
28,43,0.4,0.4,0.16000000000000003,0.1614,0.1562,0.0013999999999999568,-0.0038000000000000256,-0.005199999999999982,6.25,500.4694708666292,-0.00874999999999973,0.02375000000000016,0.03249999999999989
28,44,0.4,0.4,0.16000000000000003,0.1544,0.155,-0.005600000000000022,-0.005000000000000032,0.0005999999999999894,6.25,326.40677016916044,0.035000000000000135,0.0312500000000002,-0.003749999999999934
28,45,0.4,0.4,0.16000000000000003,0.154,0.154,-0.006000000000000033,-0.006000000000000033,0.0,6.25,213.10459581608245,0.03750000000000021,0.03750000000000021,0.0
28,46,0.4,0.4,0.16000000000000003,0.1738,0.16,0.013799999999999979,-2.7755575615628914e-17,-0.013800000000000007,6.25,362.33217233137066,-0.08624999999999987,1.734723475976807e-16,0.08625000000000005
28,47,0.4,0.4,0.16000000000000003,0.149,0.1424,-0.011000000000000038,-0.017600000000000032,-0.006599999999999995,0.0,129.82547420855627,0.0,0.0,0.0
28,48,0.4,0.4,0.16000000000000003,0.169,0.1656,0.00899999999999998,0.005599999999999966,-0.003400000000000014,6.25,389.3332287511951,-0.056249999999999876,-0.03499999999999979,0.021250000000000088
28,49,0.4,0.4,0.16000000000000003,0.1644,0.1542,0.0043999999999999595,-0.005800000000000027,-0.010199999999999987,6.25,178.0699261323808,-0.027499999999999747,0.03625000000000017,0.06374999999999992
29,30,0.4,0.4,0.16000000000000003,0.1582,0.1532,-0.0018000000000000238,-0.006800000000000028,-0.0050000000000000044,6.25,141.02504082266688,0.011250000000000149,0.042500000000000177,0.03125000000000003
29,31,0.4,0.4,0.16000000000000003,0.1548,0.1594,-0.005200000000000038,-0.0006000000000000449,0.004599999999999993,0.0,174.0194300279138,0.0,0.0,0.0
29,32,0.4,0.4,0.16000000000000003,0.1676,0.1544,0.007599999999999968,-0.005600000000000022,-0.01319999999999999,0.0,254.45028899607968,-0.0,0.0,0.0
29,33,0.4,0.4,0.16000000000000003,0.1504,0.1492,-0.009600000000000025,-0.010800000000000032,-0.0012000000000000066,0.0,25.642038409259644,0.0,0.0,0.0
29,34,0.4,0.4,0.16000000000000003,0.156,0.1546,-0.004000000000000031,-0.005400000000000044,-0.0014000000000000123,6.25,155.13895355069408,0.025000000000000196,0.03375000000000027,0.008750000000000077
29,35,0.4,0.4,0.16000000000000003,0.1658,0.1544,0.005799999999999972,-0.005600000000000022,-0.011399999999999993,0.0,716.6926644439078,-0.0,0.0,0.0
29,36,0.4,0.4,0.16000000000000003,0.1532,0.152,-0.006800000000000028,-0.008000000000000035,-0.0012000000000000066,0.0,33.66348058504025,0.0,0.0,0.0
29,37,0.4,0.4,0.16000000000000003,0.1678,0.1544,0.007799999999999974,-0.005600000000000022,-0.013399999999999995,0.0,212.03179556414477,-0.0,0.0,0.0
29,38,0.4,0.4,0.16000000000000003,0.1624,0.1694,0.0023999999999999577,0.009399999999999964,0.007000000000000006,0.0,46.652121191552354,-0.0,-0.0,0.0
29,39,0.4,0.4,0.16000000000000003,0.1586,0.1584,-0.00140000000000004,-0.001600000000000018,-0.00019999999999997797,0.0,430.86411465977073,0.0,0.0,0.0
29,40,0.4,0.4,0.16000000000000003,0.1656,0.1548,0.005599999999999966,-0.005200000000000038,-0.010800000000000004,0.0,43.5881864840801,-0.0,0.0,0.0
29,41,0.4,0.4,0.16000000000000003,0.1548,0.1498,-0.005200000000000038,-0.010200000000000042,-0.0050000000000000044,0.0,51.849843354708504,0.0,0.0,0.0
29,42,0.4,0.4,0.16000000000000003,0.1666,0.1618,0.006599999999999967,0.0017999999999999683,-0.004799999999999999,6.25,29.95676010472164,-0.041249999999999794,-0.011249999999999802,0.029999999999999992
29,43,0.4,0.4,0.16000000000000003,0.1512,0.1476,-0.00880000000000003,-0.012400000000000022,-0.003599999999999992,0.0,29.48789491633155,0.0,0.0,0.0
29,44,0.4,0.4,0.16000000000000003,0.1564,0.1566,-0.00360000000000002,-0.003400000000000042,0.00019999999999997797,0.0,11.965179678546338,0.0,0.0,0.0
29,45,0.4,0.4,0.16000000000000003,0.1644,0.161,0.0043999999999999595,0.0009999999999999731,-0.0033999999999999864,0.0,496.2637902239213,-0.0,-0.0,0.0
29,46,0.4,0.4,0.16000000000000003,0.1614,0.1576,0.0013999999999999568,-0.002400000000000041,-0.003799999999999998,0.0,97.36168522813068,-0.0,0.0,0.0
29,47,0.4,0.4,0.16000000000000003,0.1656,0.1602,0.005599999999999966,0.00019999999999997797,-0.005399999999999988,6.25,107.53569225555242,-0.03499999999999979,-0.0012499999999998623,0.033749999999999926
29,48,0.4,0.4,0.16000000000000003,0.159,0.1574,-0.0010000000000000286,-0.002600000000000019,-0.0015999999999999903,0.0,53.96678854375873,0.0,0.0,0.0
29,49,0.4,0.4,0.16000000000000003,0.1552,0.1498,-0.0048000000000000265,-0.010200000000000042,-0.005400000000000016,0.0,193.93345362997306,0.0,0.0,0.0
30,31,0.4,0.4,0.16000000000000003,0.1552,0.154,-0.0048000000000000265,-0.006000000000000033,-0.0012000000000000066,6.25,47.136188089218415,0.030000000000000165,0.03750000000000021,0.007500000000000041
30,32,0.4,0.4,0.16000000000000003,0.154,0.1568,-0.006000000000000033,-0.003200000000000036,0.002799999999999997,6.25,81.10183106122531,0.03750000000000021,0.020000000000000226,-0.01749999999999998
30,33,0.4,0.4,0.16000000000000003,0.1682,0.1738,0.008199999999999957,0.013799999999999979,0.005600000000000022,6.25,104.98105016400118,-0.05124999999999973,-0.08624999999999987,-0.035000000000000135
30,34,0.4,0.4,0.16000000000000003,0.138,0.1392,-0.02200000000000002,-0.02080000000000004,0.0011999999999999789,0.0,31.128249743430064,0.0,0.0,0.0
30,35,0.4,0.4,0.16000000000000003,0.1808,0.1834,0.020799999999999957,0.023399999999999976,0.002600000000000019,6.25,692.7019187449016,-0.12999999999999973,-0.14624999999999985,-0.016250000000000125
30,36,0.4,0.4,0.16000000000000003,0.1392,0.1436,-0.02080000000000004,-0.016400000000000026,0.004400000000000015,6.25,42.341770260377466,0.13000000000000025,0.10250000000000016,-0.027500000000000094
30,37,0.4,0.4,0.16000000000000003,0.156,0.1568,-0.004000000000000031,-0.003200000000000036,0.0007999999999999952,6.25,394.96708443700555,0.025000000000000196,0.020000000000000226,-0.00499999999999997
30,38,0.4,0.4,0.16000000000000003,0.1394,0.1516,-0.020600000000000035,-0.008400000000000019,0.012200000000000016,6.25,83.70936072672218,0.12875000000000023,0.052500000000000116,-0.07625000000000011
30,39,0.4,0.4,0.16000000000000003,0.1434,0.1392,-0.01660000000000003,-0.02080000000000004,-0.004200000000000009,6.25,150.11833265994082,0.1037500000000002,0.13000000000000025,0.02625000000000005
30,40,0.4,0.4,0.16000000000000003,0.1368,0.1412,-0.023200000000000026,-0.01880000000000004,0.004399999999999987,6.25,155.74754766340362,0.14500000000000016,0.11750000000000024,-0.027499999999999913
30,41,0.4,0.4,0.16000000000000003,0.1446,0.1456,-0.015400000000000025,-0.014400000000000024,0.0010000000000000009,6.25,221.83109591175537,0.09625000000000015,0.09000000000000015,-0.0062500000000000056
30,42,0.4,0.4,0.16000000000000003,0.1492,0.1418,-0.010800000000000032,-0.01820000000000002,-0.00739999999999999,0.0,58.12289488984335,0.0,0.0,0.0
30,43,0.4,0.4,0.16000000000000003,0.1552,0.1566,-0.0048000000000000265,-0.003400000000000042,0.0013999999999999846,6.25,240.20553735385002,0.030000000000000165,0.021250000000000262,-0.008749999999999904
30,44,0.4,0.4,0.16000000000000003,0.1502,0.1656,-0.009800000000000031,0.005599999999999966,0.015399999999999997,6.25,122.43508220067474,0.06125000000000019,-0.03499999999999979,-0.09624999999999997
30,45,0.4,0.4,0.16000000000000003,0.15,0.144,-0.010000000000000037,-0.016000000000000042,-0.006000000000000005,6.25,237.85369013629565,0.06250000000000022,0.10000000000000026,0.03750000000000003
30,46,0.4,0.4,0.16000000000000003,0.1584,0.1552,-0.001600000000000018,-0.0048000000000000265,-0.0032000000000000084,6.25,168.45174136095557,0.010000000000000113,0.030000000000000165,0.020000000000000052
30,47,0.4,0.4,0.16000000000000003,0.133,0.1334,-0.027000000000000024,-0.02660000000000004,0.0003999999999999837,0.0,14.94726792283573,0.0,0.0,0.0
30,48,0.4,0.4,0.16000000000000003,0.1702,0.1692,0.010199999999999959,0.009199999999999958,-0.0010000000000000009,6.25,198.46540969944832,-0.06374999999999975,-0.05749999999999974,0.0062500000000000125
30,49,0.4,0.4,0.16000000000000003,0.1708,0.1692,0.010799999999999976,0.009199999999999958,-0.001600000000000018,6.25,135.39519837635746,-0.06749999999999985,-0.05749999999999974,0.010000000000000113
31,32,0.4,0.4,0.16000000000000003,0.153,0.148,-0.007000000000000034,-0.012000000000000038,-0.0050000000000000044,0.0,39.24609568626508,0.0,0.0,0.0
31,33,0.4,0.4,0.16000000000000003,0.1368,0.1448,-0.023200000000000026,-0.015200000000000019,0.008000000000000007,0.0,89.85134697293765,0.0,0.0,0.0
31,34,0.4,0.4,0.16000000000000003,0.1522,0.1552,-0.007800000000000029,-0.0048000000000000265,0.0030000000000000027,6.25,45.648419094237,0.04875000000000018,0.030000000000000165,-0.018750000000000017
31,35,0.4,0.4,0.16000000000000003,0.1598,0.1588,-0.00020000000000003348,-0.0012000000000000344,-0.0010000000000000009,0.0,598.9779116161045,0.0,0.0,0.0
31,36,0.4,0.4,0.16000000000000003,0.154,0.151,-0.006000000000000033,-0.009000000000000036,-0.0030000000000000027,0.0,81.40309859105884,0.0,0.0,0.0
31,37,0.4,0.4,0.16000000000000003,0.1728,0.1702,0.012799999999999978,0.010199999999999959,-0.002600000000000019,0.0,430.0232560923479,-0.0,-0.0,0.0
31,38,0.4,0.4,0.16000000000000003,0.153,0.1606,-0.007000000000000034,0.0005999999999999617,0.007599999999999996,0.0,105.95729662788844,0.0,-0.0,-0.0
31,39,0.4,0.4,0.16000000000000003,0.1498,0.1398,-0.010200000000000042,-0.020200000000000023,-0.009999999999999981,0.0,90.11405844736693,0.0,0.0,0.0
31,40,0.4,0.4,0.16000000000000003,0.1528,0.1572,-0.00720000000000004,-0.0028000000000000247,0.004400000000000015,0.0,203.43440238712586,0.0,0.0,0.0
31,41,0.4,0.4,0.16000000000000003,0.1556,0.1514,-0.004400000000000043,-0.008600000000000024,-0.0041999999999999815,0.0,272.0853479483113,0.0,0.0,0.0
31,42,0.4,0.4,0.16000000000000003,0.1644,0.1612,0.0043999999999999595,0.0011999999999999789,-0.0031999999999999806,6.25,117.56915851368379,-0.027499999999999747,-0.007499999999999868,0.01999999999999988
31,43,0.4,0.4,0.16000000000000003,0.1548,0.149,-0.005200000000000038,-0.011000000000000038,-0.0058,0.0,249.4850209074775,0.0,0.0,0.0
31,44,0.4,0.4,0.16000000000000003,0.1442,0.151,-0.015800000000000036,-0.009000000000000036,0.0068000000000000005,0.0,139.64275964812092,0.0,0.0,0.0
31,45,0.4,0.4,0.16000000000000003,0.1448,0.154,-0.015200000000000019,-0.006000000000000033,0.009199999999999986,0.0,175.40990395329408,0.0,0.0,0.0
31,46,0.4,0.4,0.16000000000000003,0.1428,0.145,-0.01720000000000002,-0.015000000000000041,0.0021999999999999797,0.0,151.37409862788047,0.0,0.0,0.0
31,47,0.4,0.4,0.16000000000000003,0.1524,0.1564,-0.007600000000000023,-0.00360000000000002,0.0040000000000000036,6.25,54.94091478265176,0.047500000000000146,0.022500000000000124,-0.025000000000000022
31,48,0.4,0.4,0.16000000000000003,0.1408,0.1444,-0.019200000000000023,-0.01560000000000003,0.003599999999999992,0.0,157.1812713966391,0.0,0.0,0.0
31,49,0.4,0.4,0.16000000000000003,0.14,0.1342,-0.020000000000000018,-0.025800000000000017,-0.0058,0.0,27.492622055347475,0.0,0.0,0.0
32,33,0.4,0.4,0.16000000000000003,0.1834,0.1754,0.023399999999999976,0.01539999999999997,-0.008000000000000007,0.0,183.87032224645867,-0.0,-0.0,0.0
32,34,0.4,0.4,0.16000000000000003,0.1464,0.1398,-0.013600000000000029,-0.020200000000000023,-0.006599999999999995,6.25,46.35778169230622,0.08500000000000019,0.12625000000000014,0.04124999999999995
32,35,0.4,0.4,0.16000000000000003,0.1572,0.1518,-0.0028000000000000247,-0.00820000000000004,-0.005400000000000016,0.0,648.9682413424601,0.0,0.0,0.0
32,36,0.4,0.4,0.16000000000000003,0.1696,0.1566,0.00959999999999997,-0.003400000000000042,-0.013000000000000012,0.0,155.47774439169055,-0.0,0.0,0.0
32,37,0.4,0.4,0.16000000000000003,0.2046,0.1928,0.04459999999999997,0.03279999999999997,-0.011800000000000005,0.0,565.0637185323706,-0.0,-0.0,0.0
32,38,0.4,0.4,0.16000000000000003,0.179,0.1752,0.01899999999999996,0.015199999999999964,-0.003799999999999998,0.0,208.1787587081916,-0.0,-0.0,0.0
32,39,0.4,0.4,0.16000000000000003,0.147,0.1312,-0.01300000000000004,-0.02880000000000002,-0.01579999999999998,0.0,110.742689051912,0.0,0.0,0.0
32,40,0.4,0.4,0.16000000000000003,0.1696,0.163,0.00959999999999997,0.002999999999999975,-0.006599999999999995,0.0,303.30279147668267,-0.0,-0.0,0.0
32,41,0.4,0.4,0.16000000000000003,0.1722,0.168,0.012199999999999961,0.00799999999999998,-0.0041999999999999815,0.0,416.02520492756815,-0.0,-0.0,0.0
32,42,0.4,0.4,0.16000000000000003,0.1566,0.161,-0.003400000000000042,0.0009999999999999731,0.004400000000000015,6.25,176.54215357279068,0.021250000000000262,-0.006249999999999832,-0.027500000000000094
32,43,0.4,0.4,0.16000000000000003,0.1648,0.158,0.004799999999999971,-0.0020000000000000295,-0.0068000000000000005,0.0,366.377690390657,-0.0,0.0,0.0
32,44,0.4,0.4,0.16000000000000003,0.1584,0.1652,-0.001600000000000018,0.005199999999999982,0.0068000000000000005,0.0,224.96284168584276,0.0,-0.0,-0.0
32,45,0.4,0.4,0.16000000000000003,0.1488,0.1438,-0.011200000000000043,-0.01620000000000002,-0.004999999999999977,0.0,216.95233424629072,0.0,0.0,0.0
32,46,0.4,0.4,0.16000000000000003,0.1662,0.1548,0.0061999999999999555,-0.005200000000000038,-0.011399999999999993,0.0,274.3512823674215,-0.0,0.0,0.0
32,47,0.4,0.4,0.16000000000000003,0.1526,0.1406,-0.007400000000000018,-0.01940000000000003,-0.01200000000000001,6.25,83.81623977707694,0.04625000000000011,0.12125000000000018,0.07500000000000007
32,48,0.4,0.4,0.16000000000000003,0.171,0.1574,0.010999999999999982,-0.002600000000000019,-0.013600000000000001,0.0,285.9662763607821,-0.0,0.0,0.0
32,49,0.4,0.4,0.16000000000000003,0.1424,0.1358,-0.017600000000000032,-0.024200000000000027,-0.006599999999999995,0.0,80.79836071717496,0.0,0.0,0.0
33,34,0.4,0.4,0.16000000000000003,0.1586,0.1552,-0.00140000000000004,-0.0048000000000000265,-0.0033999999999999864,6.25,107.75837017256315,0.00875000000000025,0.030000000000000165,0.021249999999999915
33,35,0.4,0.4,0.16000000000000003,0.1506,0.1542,-0.00940000000000002,-0.005800000000000027,0.003599999999999992,0.0,599.2869029240219,0.0,0.0,0.0
33,36,0.4,0.4,0.16000000000000003,0.151,0.1448,-0.009000000000000036,-0.015200000000000019,-0.006199999999999983,0.0,22.92966877825791,0.0,0.0,0.0
33,37,0.4,0.4,0.16000000000000003,0.1696,0.1632,0.00959999999999997,0.0031999999999999806,-0.006399999999999989,0.0,221.8112142685901,-0.0,-0.0,0.0
33,38,0.4,0.4,0.16000000000000003,0.1606,0.1644,0.0005999999999999617,0.0043999999999999595,0.003799999999999998,0.0,34.94274158389617,-0.0,-0.0,0.0
33,39,0.4,0.4,0.16000000000000003,0.1674,0.156,0.007399999999999962,-0.004000000000000031,-0.011399999999999993,0.0,296.2252979769507,-0.0,0.0,0.0
33,40,0.4,0.4,0.16000000000000003,0.1656,0.1704,0.005599999999999966,0.010399999999999965,0.004799999999999999,0.0,71.78209155412064,-0.0,-0.0,0.0
33,41,0.4,0.4,0.16000000000000003,0.14,0.1414,-0.020000000000000018,-0.018600000000000033,0.0013999999999999846,0.0,63.94549334427239,0.0,0.0,0.0
33,42,0.4,0.4,0.16000000000000003,0.1698,0.1712,0.009799999999999975,0.01119999999999996,0.0013999999999999846,6.25,45.193353281528886,-0.061249999999999846,-0.06999999999999976,-0.00874999999999991
33,43,0.4,0.4,0.16000000000000003,0.1478,0.1526,-0.012200000000000044,-0.007400000000000018,0.0048000000000000265,0.0,58.45982110845863,0.0,0.0,0.0
33,44,0.4,0.4,0.16000000000000003,0.158,0.1682,-0.0020000000000000295,0.008199999999999957,0.010199999999999987,0.0,20.7497815270362,0.0,-0.0,-0.0
33,45,0.4,0.4,0.16000000000000003,0.166,0.1646,0.005999999999999978,0.004599999999999965,-0.0014000000000000123,0.0,355.262925360195,-0.0,-0.0,0.0
33,46,0.4,0.4,0.16000000000000003,0.1594,0.1548,-0.0006000000000000449,-0.005200000000000038,-0.004599999999999993,0.0,77.18290722166559,0.0,0.0,0.0
33,47,0.4,0.4,0.16000000000000003,0.1716,0.1702,0.011599999999999971,0.010199999999999959,-0.0014000000000000123,6.25,85.20961626585917,-0.07249999999999981,-0.06374999999999975,0.008750000000000063
33,48,0.4,0.4,0.16000000000000003,0.148,0.1456,-0.012000000000000038,-0.014400000000000024,-0.0023999999999999855,0.0,31.350324609426977,0.0,0.0,0.0
33,49,0.4,0.4,0.16000000000000003,0.1256,0.1312,-0.03440000000000004,-0.02880000000000002,0.005600000000000022,0.0,92.07030505096425,0.0,0.0,0.0
34,35,0.4,0.4,0.16000000000000003,0.1446,0.1508,-0.015400000000000025,-0.009200000000000041,0.006199999999999983,6.25,529.0036225954266,0.09625000000000015,0.05750000000000026,-0.038749999999999896
34,36,0.4,0.4,0.16000000000000003,0.1492,0.1428,-0.010800000000000032,-0.01720000000000002,-0.006399999999999989,6.25,64.79233700630428,0.0675000000000002,0.10750000000000012,0.039999999999999925
34,37,0.4,0.4,0.16000000000000003,0.1878,0.1744,0.027799999999999964,0.014399999999999968,-0.013399999999999995,6.25,377.4185088792623,-0.17374999999999977,-0.0899999999999998,0.08374999999999996
34,38,0.4,0.4,0.16000000000000003,0.1726,0.172,0.012599999999999972,0.011999999999999955,-0.0006000000000000172,6.25,135.35870199181892,-0.07874999999999982,-0.07499999999999972,0.0037500000000001005
34,39,0.4,0.4,0.16000000000000003,0.1546,0.1578,-0.005400000000000044,-0.0022000000000000353,0.0032000000000000084,6.25,134.38839409774,0.03375000000000027,0.01375000000000022,-0.020000000000000052
34,40,0.4,0.4,0.16000000000000003,0.1734,0.1678,0.013399999999999967,0.007799999999999974,-0.005599999999999994,6.25,213.99704752984974,-0.0837499999999998,-0.048749999999999835,0.03499999999999996
34,41,0.4,0.4,0.16000000000000003,0.1532,0.15,-0.006800000000000028,-0.010000000000000037,-0.0032000000000000084,6.25,233.64618536569986,0.042500000000000177,0.06250000000000022,0.020000000000000046
34,42,0.4,0.4,0.16000000000000003,0.1564,0.1602,-0.00360000000000002,0.00019999999999997797,0.003799999999999998,0.0,89.74630505383276,0.0,-0.0,-0.0
34,43,0.4,0.4,0.16000000000000003,0.1682,0.1696,0.008199999999999957,0.00959999999999997,0.0014000000000000123,6.25,275.1857853859834,-0.05124999999999973,-0.05999999999999981,-0.008750000000000077
34,44,0.4,0.4,0.16000000000000003,0.1542,0.1628,-0.005800000000000027,0.002799999999999969,0.008599999999999997,6.25,141.5850866052237,0.03625000000000017,-0.017499999999999807,-0.05374999999999998
34,45,0.4,0.4,0.16000000000000003,0.1612,0.155,0.0011999999999999789,-0.005000000000000032,-0.006200000000000011,6.25,207.07030750068566,-0.007499999999999868,0.0312500000000002,0.03875000000000007
34,46,0.4,0.4,0.16000000000000003,0.1838,0.1812,0.02379999999999996,0.02119999999999997,-0.002599999999999991,6.25,241.4734642313491,-0.14874999999999974,-0.1324999999999998,0.01624999999999993
34,47,0.4,0.4,0.16000000000000003,0.1536,0.1472,-0.0064000000000000445,-0.012800000000000034,-0.006399999999999989,0.0,36.2202474076948,0.0,0.0,0.0
34,48,0.4,0.4,0.16000000000000003,0.1736,0.1718,0.013599999999999973,0.011799999999999977,-0.001799999999999996,6.25,227.49392594115508,-0.08499999999999983,-0.07374999999999986,0.011249999999999968
34,49,0.4,0.4,0.16000000000000003,0.1688,0.1622,0.008799999999999975,0.0021999999999999797,-0.006599999999999995,6.25,109.18430016636955,-0.05499999999999984,-0.013749999999999873,0.04124999999999997
35,36,0.4,0.4,0.16000000000000003,0.1674,0.1712,0.007399999999999962,0.01119999999999996,0.003799999999999998,0.0,644.0004287997368,-0.0,-0.0,0.0
35,37,0.4,0.4,0.16000000000000003,0.1068,0.0982,-0.053200000000000025,-0.061800000000000035,-0.00860000000000001,0.0,328.83324172403485,0.0,0.0,0.0
35,38,0.4,0.4,0.16000000000000003,0.187,0.19,0.02699999999999997,0.02999999999999997,0.0030000000000000027,0.0,648.0972962767058,-0.0,-0.0,0.0
35,39,0.4,0.4,0.16000000000000003,0.1446,0.1388,-0.015400000000000025,-0.021200000000000024,-0.0058,0.0,445.2735963544583,0.0,0.0,0.0
35,40,0.4,0.4,0.16000000000000003,0.1822,0.1732,0.02219999999999997,0.013199999999999962,-0.009000000000000008,0.0,708.1007026500725,-0.0,-0.0,0.0
35,41,0.4,0.4,0.16000000000000003,0.1512,0.1498,-0.00880000000000003,-0.010200000000000042,-0.0014000000000000123,0.0,669.5311589555854,0.0,0.0,0.0
35,42,0.4,0.4,0.16000000000000003,0.1776,0.179,0.017599999999999977,0.01899999999999996,0.0013999999999999846,6.25,661.6051406257361,-0.10999999999999985,-0.11874999999999976,-0.00874999999999991
35,43,0.4,0.4,0.16000000000000003,0.1608,0.156,0.0007999999999999674,-0.004000000000000031,-0.004799999999999999,0.0,750.5497407740277,-0.0,0.0,0.0
35,44,0.4,0.4,0.16000000000000003,0.159,0.1588,-0.0010000000000000286,-0.0012000000000000344,-0.00020000000000000573,0.0,614.5305187215104,0.0,0.0,0.0
35,45,0.4,0.4,0.16000000000000003,0.121,0.1214,-0.039000000000000035,-0.03860000000000004,0.0003999999999999976,0.0,287.82463524359486,0.0,0.0,0.0
35,46,0.4,0.4,0.16000000000000003,0.1864,0.1904,0.02639999999999998,0.030399999999999983,0.0040000000000000036,0.0,755.7042866445447,-0.0,-0.0,0.0
35,47,0.4,0.4,0.16000000000000003,0.173,0.168,0.012999999999999956,0.00799999999999998,-0.004999999999999977,6.25,586.8676689026499,-0.08124999999999973,-0.04999999999999987,0.031249999999999854
35,48,0.4,0.4,0.16000000000000003,0.164,0.1622,0.003999999999999976,0.0021999999999999797,-0.001799999999999996,0.0,666.7887930751015,-0.0,-0.0,0.0
35,49,0.4,0.4,0.16000000000000003,0.1498,0.1442,-0.010200000000000042,-0.015800000000000036,-0.005599999999999994,0.0,609.8684921570335,0.0,0.0,0.0
36,37,0.4,0.4,0.16000000000000003,0.166,0.155,0.005999999999999978,-0.005000000000000032,-0.01100000000000001,0.0,244.22479771232543,-0.0,0.0,0.0
36,38,0.4,0.4,0.16000000000000003,0.151,0.1514,-0.009000000000000036,-0.008600000000000024,0.00040000000000001146,0.0,27.857077668370817,0.0,0.0,0.0
36,39,0.4,0.4,0.16000000000000003,0.163,0.1534,0.002999999999999975,-0.0066000000000000225,-0.009599999999999997,0.0,261.267011404903,-0.0,0.0,0.0
36,40,0.4,0.4,0.16000000000000003,0.1628,0.1552,0.002799999999999969,-0.0048000000000000265,-0.007599999999999996,0.0,65.69610895554963,-0.0,0.0,0.0
36,41,0.4,0.4,0.16000000000000003,0.1426,0.1394,-0.017400000000000027,-0.020600000000000035,-0.0032000000000000084,0.0,76.90917972363005,0.0,0.0,0.0
36,42,0.4,0.4,0.16000000000000003,0.1482,0.1498,-0.011800000000000033,-0.010200000000000042,0.0015999999999999903,6.25,12.938957379487057,0.0737500000000002,0.06375000000000026,-0.00999999999999994
36,43,0.4,0.4,0.16000000000000003,0.1624,0.154,0.0023999999999999577,-0.006000000000000033,-0.00839999999999999,0.0,95.7604884655072,-0.0,0.0,0.0
36,44,0.4,0.4,0.16000000000000003,0.1576,0.1562,-0.002400000000000041,-0.0038000000000000256,-0.0013999999999999846,0.0,30.80042271057524,0.0,0.0,0.0
36,45,0.4,0.4,0.16000000000000003,0.1566,0.1528,-0.003400000000000042,-0.00720000000000004,-0.003799999999999998,0.0,328.9609808931048,0.0,0.0,0.0
36,46,0.4,0.4,0.16000000000000003,0.1586,0.1622,-0.00140000000000004,0.0021999999999999797,0.00360000000000002,0.0,98.55289183713407,0.0,-0.0,-0.0
36,47,0.4,0.4,0.16000000000000003,0.153,0.148,-0.007000000000000034,-0.012000000000000038,-0.0050000000000000044,6.25,35.53321063215593,0.04375000000000021,0.07500000000000023,0.03125000000000002
36,48,0.4,0.4,0.16000000000000003,0.1592,0.1608,-0.0008000000000000229,0.0007999999999999674,0.0015999999999999903,0.0,83.4506684152106,0.0,-0.0,-0.0
36,49,0.4,0.4,0.16000000000000003,0.1538,0.1458,-0.006200000000000039,-0.014200000000000018,-0.00799999999999998,0.0,132.12693906943514,0.0,0.0,0.0
37,38,0.4,0.4,0.16000000000000003,0.1426,0.1398,-0.017400000000000027,-0.020200000000000023,-0.002799999999999997,0.0,198.25150485017866,0.0,0.0,0.0
37,39,0.4,0.4,0.16000000000000003,0.1598,0.1474,-0.00020000000000003348,-0.012600000000000028,-0.012399999999999994,0.0,521.2475192897168,0.0,0.0,0.0
37,40,0.4,0.4,0.16000000000000003,0.137,0.1314,-0.02300000000000002,-0.028600000000000042,-0.005600000000000022,0.0,163.70462609759315,0.0,0.0,0.0
37,41,0.4,0.4,0.16000000000000003,0.1548,0.147,-0.005200000000000038,-0.01300000000000004,-0.007800000000000001,0.0,165.03893718290368,0.0,0.0,0.0
37,42,0.4,0.4,0.16000000000000003,0.1618,0.1526,0.0017999999999999683,-0.007400000000000018,-0.009199999999999986,6.25,216.32579054654948,-0.011249999999999802,0.04625000000000011,0.05749999999999991
37,43,0.4,0.4,0.16000000000000003,0.1616,0.1522,0.0015999999999999626,-0.007800000000000029,-0.009399999999999992,0.0,179.98124347354997,-0.0,0.0,0.0
37,44,0.4,0.4,0.16000000000000003,0.1632,0.1606,0.0031999999999999806,0.0005999999999999617,-0.002600000000000019,0.0,163.63673875228832,-0.0,-0.0,0.0
37,45,0.4,0.4,0.16000000000000003,0.1552,0.1448,-0.0048000000000000265,-0.015200000000000019,-0.010399999999999993,0.0,431.1827852395272,0.0,0.0,0.0
37,46,0.4,0.4,0.16000000000000003,0.1652,0.1508,0.005199999999999982,-0.009200000000000041,-0.014400000000000024,0.0,259.44269457607555,-0.0,0.0,0.0
37,47,0.4,0.4,0.16000000000000003,0.164,0.1508,0.003999999999999976,-0.009200000000000041,-0.013200000000000017,6.25,293.02217236819126,-0.02499999999999985,0.05750000000000026,0.0825000000000001
37,48,0.4,0.4,0.16000000000000003,0.1728,0.1682,0.012799999999999978,0.008199999999999957,-0.004600000000000021,0.0,210.85639177361475,-0.0,-0.0,0.0
37,49,0.4,0.4,0.16000000000000003,0.188,0.1842,0.02799999999999997,0.02419999999999997,-0.003799999999999998,0.0,468.84654806562156,-0.0,-0.0,0.0
38,39,0.4,0.4,0.16000000000000003,0.1404,0.1438,-0.019600000000000034,-0.01620000000000002,0.003400000000000014,0.0,267.6529878061592,0.0,0.0,0.0
38,40,0.4,0.4,0.16000000000000003,0.1324,0.126,-0.02760000000000004,-0.03400000000000003,-0.006399999999999989,0.0,20.365039805162674,0.0,0.0,0.0
38,41,0.4,0.4,0.16000000000000003,0.162,0.1676,0.001999999999999974,0.007599999999999968,0.005599999999999994,0.0,104.4866519152257,-0.0,-0.0,0.0
38,42,0.4,0.4,0.16000000000000003,0.1454,0.1546,-0.01460000000000003,-0.005400000000000044,0.009199999999999986,6.25,22.689828599279572,0.09125000000000019,0.03375000000000027,-0.05749999999999992
38,43,0.4,0.4,0.16000000000000003,0.15,0.1456,-0.010000000000000037,-0.014400000000000024,-0.004399999999999987,0.0,55.254994743420525,0.0,0.0,0.0
38,44,0.4,0.4,0.16000000000000003,0.1532,0.1564,-0.006800000000000028,-0.00360000000000002,0.0032000000000000084,0.0,18.318746724083034,0.0,0.0,0.0
38,45,0.4,0.4,0.16000000000000003,0.1448,0.1436,-0.015200000000000019,-0.016400000000000026,-0.0012000000000000066,0.0,315.307613519766,0.0,0.0,0.0
38,46,0.4,0.4,0.16000000000000003,0.1272,0.139,-0.032800000000000024,-0.02100000000000002,0.011800000000000005,0.0,25.85067940146804,0.0,0.0,0.0
38,47,0.4,0.4,0.16000000000000003,0.154,0.1592,-0.006000000000000033,-0.0008000000000000229,0.00520000000000001,6.25,53.009511054991535,0.03750000000000021,0.005000000000000143,-0.032500000000000064
38,48,0.4,0.4,0.16000000000000003,0.1464,0.154,-0.013600000000000029,-0.006000000000000033,0.007599999999999996,0.0,39.85279551046532,0.0,0.0,0.0
38,49,0.4,0.4,0.16000000000000003,0.1546,0.1606,-0.005400000000000044,0.0005999999999999617,0.006000000000000005,0.0,150.1010328326938,0.0,-0.0,-0.0
39,40,0.4,0.4,0.16000000000000003,0.125,0.1196,-0.03500000000000003,-0.04040000000000003,-0.005400000000000002,0.0,396.2474671741309,0.0,0.0,0.0
39,41,0.4,0.4,0.16000000000000003,0.1768,0.1686,0.01679999999999998,0.008599999999999969,-0.008200000000000013,0.0,527.2012343583289,-0.0,-0.0,0.0
39,42,0.4,0.4,0.16000000000000003,0.1512,0.1442,-0.00880000000000003,-0.015800000000000036,-0.007000000000000006,6.25,293.57513670825836,0.05500000000000019,0.09875000000000023,0.04375000000000004
39,43,0.4,0.4,0.16000000000000003,0.1552,0.151,-0.0048000000000000265,-0.009000000000000036,-0.004200000000000009,0.0,513.2565242588171,0.0,0.0,0.0
39,44,0.4,0.4,0.16000000000000003,0.1524,0.149,-0.007600000000000023,-0.011000000000000038,-0.003400000000000014,0.0,342.7905263718561,0.0,0.0,0.0
39,45,0.4,0.4,0.16000000000000003,0.1266,0.117,-0.03340000000000004,-0.043000000000000024,-0.009599999999999984,0.0,28.71285688316196,0.0,0.0,0.0
39,46,0.4,0.4,0.16000000000000003,0.1452,0.1312,-0.014800000000000035,-0.02880000000000002,-0.013999999999999985,0.0,325.58166857225785,0.0,0.0,0.0
39,47,0.4,0.4,0.16000000000000003,0.1478,0.1398,-0.012200000000000044,-0.020200000000000023,-0.00799999999999998,6.25,147.0022152643529,0.07625000000000028,0.12625000000000014,0.049999999999999864
39,48,0.4,0.4,0.16000000000000003,0.1546,0.1556,-0.005400000000000044,-0.004400000000000043,0.0010000000000000009,0.0,376.4121053474484,0.0,0.0,0.0
39,49,0.4,0.4,0.16000000000000003,0.1538,0.1458,-0.006200000000000039,-0.014200000000000018,-0.00799999999999998,0.0,156.96484315472932,0.0,0.0,0.0
40,41,0.4,0.4,0.16000000000000003,0.1692,0.1752,0.009199999999999958,0.015199999999999964,0.006000000000000005,0.0,111.99402125842963,-0.0,-0.0,0.0
40,42,0.4,0.4,0.16000000000000003,0.1464,0.141,-0.013600000000000029,-0.019000000000000045,-0.005400000000000016,6.25,33.59135731626777,0.08500000000000019,0.11875000000000027,0.033750000000000085
40,43,0.4,0.4,0.16000000000000003,0.1462,0.1432,-0.013800000000000034,-0.016800000000000037,-0.0030000000000000027,0.0,28.81519537184613,0.0,0.0,0.0
40,44,0.4,0.4,0.16000000000000003,0.1502,0.1456,-0.009800000000000031,-0.014400000000000024,-0.004599999999999993,0.0,19.32449262617188,0.0,0.0,0.0
40,45,0.4,0.4,0.16000000000000003,0.1396,0.1332,-0.02040000000000003,-0.026800000000000018,-0.006399999999999989,0.0,432.45205604797786,0.0,0.0,0.0
40,46,0.4,0.4,0.16000000000000003,0.133,0.1256,-0.027000000000000024,-0.03440000000000004,-0.007400000000000018,0.0,39.42622957730261,0.0,0.0,0.0
40,47,0.4,0.4,0.16000000000000003,0.153,0.1414,-0.007000000000000034,-0.018600000000000033,-0.0116,6.25,99.45416711165224,0.04375000000000021,0.11625000000000021,0.07250000000000001
40,48,0.4,0.4,0.16000000000000003,0.1652,0.151,0.005199999999999982,-0.009000000000000036,-0.014200000000000018,0.0,54.74173852983736,-0.0,0.0,0.0
40,49,0.4,0.4,0.16000000000000003,0.169,0.1644,0.00899999999999998,0.0043999999999999595,-0.004600000000000021,0.0,252.5121836746785,-0.0,-0.0,0.0
41,42,0.4,0.4,0.16000000000000003,0.1656,0.1546,0.005599999999999966,-0.005400000000000044,-0.01100000000000001,6.25,99.57851344730413,-0.03499999999999979,0.03375000000000027,0.06875000000000006
41,43,0.4,0.4,0.16000000000000003,0.1582,0.1436,-0.0018000000000000238,-0.016400000000000026,-0.014600000000000002,0.0,84.83967384212218,0.0,0.0,0.0
41,44,0.4,0.4,0.16000000000000003,0.152,0.148,-0.008000000000000035,-0.012000000000000038,-0.0040000000000000036,0.0,71.02863685850882,0.0,0.0,0.0
41,45,0.4,0.4,0.16000000000000003,0.1672,0.16,0.0071999999999999564,-2.7755575615628914e-17,-0.007199999999999984,0.0,554.0026076919621,-0.0,0.0,0.0
41,46,0.4,0.4,0.16000000000000003,0.1614,0.1552,0.0013999999999999568,-0.0048000000000000265,-0.006199999999999983,0.0,184.31067233766476,-0.0,0.0,0.0
41,47,0.4,0.4,0.16000000000000003,0.1524,0.155,-0.007600000000000023,-0.005000000000000032,0.002599999999999991,6.25,201.0583624968095,0.047500000000000146,0.0312500000000002,-0.016249999999999945
41,48,0.4,0.4,0.16000000000000003,0.149,0.1516,-0.011000000000000038,-0.008400000000000019,0.002600000000000019,0.0,105.20765283879759,0.0,0.0,0.0
41,49,0.4,0.4,0.16000000000000003,0.1498,0.1448,-0.010200000000000042,-0.015200000000000019,-0.004999999999999977,0.0,292.06524089602453,0.0,0.0,0.0
42,43,0.4,0.4,0.16000000000000003,0.1634,0.163,0.0033999999999999586,0.002999999999999975,-0.0003999999999999837,6.25,76.97371887919677,-0.02124999999999974,-0.018749999999999843,0.002499999999999898
42,44,0.4,0.4,0.16000000000000003,0.155,0.163,-0.005000000000000032,0.002999999999999975,0.008000000000000007,6.25,21.129417078109686,0.0312500000000002,-0.018749999999999843,-0.050000000000000044
42,45,0.4,0.4,0.16000000000000003,0.155,0.145,-0.005000000000000032,-0.015000000000000041,-0.010000000000000009,6.25,353.99863677661824,0.0312500000000002,0.09375000000000025,0.06250000000000006
42,46,0.4,0.4,0.16000000000000003,0.1666,0.1612,0.006599999999999967,0.0011999999999999789,-0.005399999999999988,6.25,86.20715593593262,-0.041249999999999794,-0.007499999999999868,0.033749999999999926
42,47,0.4,0.4,0.16000000000000003,0.154,0.1376,-0.006000000000000033,-0.02240000000000003,-0.016399999999999998,0.0,31.16955888357549,0.0,0.0,0.0
42,48,0.4,0.4,0.16000000000000003,0.179,0.1676,0.01899999999999996,0.007599999999999968,-0.011399999999999993,6.25,90.4081520755714,-0.11874999999999976,-0.0474999999999998,0.07124999999999995
42,49,0.4,0.4,0.16000000000000003,0.167,0.1596,0.0069999999999999785,-0.0004000000000000392,-0.007400000000000018,6.25,183.30670140251678,-0.043749999999999865,0.002500000000000245,0.04625000000000011
43,44,0.4,0.4,0.16000000000000003,0.1432,0.1484,-0.016800000000000037,-0.011600000000000027,0.00520000000000001,0.0,23.097493415265,0.0,0.0,0.0
43,45,0.4,0.4,0.16000000000000003,0.1456,0.1462,-0.014400000000000024,-0.013800000000000034,0.0005999999999999894,0.0,556.0286692535692,0.0,0.0,0.0
43,46,0.4,0.4,0.16000000000000003,0.132,0.1302,-0.028000000000000025,-0.02980000000000002,-0.001799999999999996,0.0,59.796687539004054,0.0,0.0,0.0
43,47,0.4,0.4,0.16000000000000003,0.1714,0.1624,0.011399999999999966,0.0023999999999999577,-0.009000000000000008,6.25,179.34280191652743,-0.07124999999999979,-0.014999999999999736,0.05625000000000005
43,48,0.4,0.4,0.16000000000000003,0.1414,0.1318,-0.018600000000000033,-0.02820000000000003,-0.009599999999999997,0.0,26.863569482722585,0.0,0.0,0.0
43,49,0.4,0.4,0.16000000000000003,0.154,0.1452,-0.006000000000000033,-0.014800000000000035,-0.008800000000000002,0.0,248.1881587747264,0.0,0.0,0.0
44,45,0.4,0.4,0.16000000000000003,0.1494,0.154,-0.010600000000000026,-0.006000000000000033,0.004599999999999993,0.0,387.53282818803604,0.0,0.0,0.0
44,46,0.4,0.4,0.16000000000000003,0.15,0.1492,-0.010000000000000037,-0.010800000000000032,-0.0007999999999999952,0.0,53.37828007620209,0.0,0.0,0.0
44,47,0.4,0.4,0.16000000000000003,0.1548,0.1538,-0.005200000000000038,-0.006200000000000039,-0.0010000000000000009,6.25,77.7316601369738,0.03250000000000024,0.03875000000000024,0.0062500000000000056
44,48,0.4,0.4,0.16000000000000003,0.15,0.156,-0.010000000000000037,-0.004000000000000031,0.006000000000000005,0.0,31.100060887957348,0.0,0.0,0.0
44,49,0.4,0.4,0.16000000000000003,0.1508,0.1472,-0.009200000000000041,-0.012800000000000034,-0.003599999999999992,0.0,163.48597930280994,0.0,0.0,0.0
45,46,0.4,0.4,0.16000000000000003,0.1366,0.132,-0.023400000000000032,-0.028000000000000025,-0.004599999999999993,0.0,377.3125776501297,0.0,0.0,0.0
45,47,0.4,0.4,0.16000000000000003,0.142,0.1404,-0.018000000000000044,-0.019600000000000034,-0.0015999999999999903,6.25,209.36949799633828,0.11250000000000027,0.12250000000000022,0.009999999999999953
45,48,0.4,0.4,0.16000000000000003,0.1646,0.1614,0.004599999999999965,0.0013999999999999568,-0.0032000000000000084,0.0,421.27774086497766,-0.0,-0.0,0.0
45,49,0.4,0.4,0.16000000000000003,0.1724,0.1592,0.012399999999999967,-0.0008000000000000229,-0.01319999999999999,0.0,245.2377065651192,-0.0,0.0,0.0
46,47,0.4,0.4,0.16000000000000003,0.1468,0.1508,-0.013200000000000017,-0.009200000000000041,0.003999999999999976,6.25,123.84388151841272,0.0825000000000001,0.05750000000000026,-0.024999999999999842
46,48,0.4,0.4,0.16000000000000003,0.1214,0.1274,-0.03860000000000004,-0.03260000000000002,0.006000000000000019,0.0,30.398123639053605,0.0,0.0,0.0
46,49,0.4,0.4,0.16000000000000003,0.1578,0.1472,-0.0022000000000000353,-0.012800000000000034,-0.010599999999999998,0.0,168.5628741138521,0.0,0.0,0.0
47,48,0.4,0.4,0.16000000000000003,0.176,0.1712,0.01599999999999996,0.01119999999999996,-0.004799999999999999,6.25,153.7476158166066,-0.09999999999999974,-0.06999999999999976,0.029999999999999985
47,49,0.4,0.4,0.16000000000000003,0.1514,0.146,-0.008600000000000024,-0.01400000000000004,-0.005400000000000016,6.25,136.57610317547363,0.05375000000000015,0.08750000000000024,0.03375000000000009
48,49,0.4,0.4,0.16000000000000003,0.1532,0.1442,-0.006800000000000028,-0.015800000000000036,-0.009000000000000008,0.0,137.06589850211273,0.0,0.0,0.0
