i,j,pi_i,pi_j,pi_i_pi_j,pi_ij_cube,pi_ij_sphere,cov_cube,cov_sphere,delta,contrast_sq,aux_dist_sq,syg_contrib_cube,syg_contrib_sphere,syg_contrib_delta
0,1,0.4,0.4,0.16000000000000003,0.1846,0.2024,0.024599999999999955,0.042399999999999965,0.01780000000000001,0.0,13.829710543303321,-0.0,-0.0,0.0
0,2,0.4,0.4,0.16000000000000003,0.0812,0.0796,-0.07880000000000004,-0.08040000000000003,-0.0015999999999999903,0.0,22.22723066177366,0.0,0.0,0.0
0,3,0.4,0.4,0.16000000000000003,0.1948,0.1954,0.03479999999999997,0.03539999999999996,0.0005999999999999894,6.25,40.830225092015894,-0.2174999999999998,-0.22124999999999975,-0.003749999999999948
0,4,0.4,0.4,0.16000000000000003,0.1662,0.1758,0.0061999999999999555,0.01579999999999998,0.009600000000000025,6.25,22.511530778044317,-0.03874999999999972,-0.09874999999999988,-0.06000000000000016
0,5,0.4,0.4,0.16000000000000003,0.152,0.1498,-0.008000000000000035,-0.010200000000000042,-0.0022000000000000075,0.0,16.52696956056864,0.0,0.0,0.0
0,6,0.4,0.4,0.16000000000000003,0.1354,0.1466,-0.02460000000000004,-0.013400000000000023,0.011200000000000015,6.25,14.580383069192528,0.15375000000000025,0.08375000000000014,-0.0700000000000001
0,7,0.4,0.4,0.16000000000000003,0.169,0.169,0.00899999999999998,0.00899999999999998,0.0,6.25,13.054307222768916,-0.056249999999999876,-0.056249999999999876,0.0
0,8,0.4,0.4,0.16000000000000003,0.1486,0.1496,-0.011400000000000021,-0.01040000000000002,0.0010000000000000009,0.0,10.039429708225583,0.0,0.0,0.0
0,9,0.4,0.4,0.16000000000000003,0.1496,0.1586,-0.01040000000000002,-0.00140000000000004,0.00899999999999998,6.25,8.013149826582488,0.06500000000000013,0.00875000000000025,-0.056249999999999876
0,10,0.4,0.4,0.16000000000000003,0.1844,0.181,0.024399999999999977,0.020999999999999963,-0.003400000000000014,6.25,23.985070076151466,-0.15249999999999986,-0.13124999999999976,0.021250000000000102
0,11,0.4,0.4,0.16000000000000003,0.1768,0.175,0.01679999999999998,0.014999999999999958,-0.0018000000000000238,6.25,14.562964772039914,-0.10499999999999989,-0.09374999999999974,0.011250000000000149
0,12,0.4,0.4,0.16000000000000003,0.1484,0.146,-0.011600000000000027,-0.01400000000000004,-0.0024000000000000132,6.25,37.29683394629934,0.07250000000000018,0.08750000000000024,0.015000000000000069
0,13,0.4,0.4,0.16000000000000003,0.1538,0.1604,-0.006200000000000039,0.00039999999999995595,0.006599999999999995,0.0,10.08640968267396,0.0,-0.0,-0.0
0,14,0.4,0.4,0.16000000000000003,0.1654,0.1608,0.00539999999999996,0.0007999999999999674,-0.004599999999999993,6.25,28.388490278307987,-0.03374999999999975,-0.004999999999999796,0.028749999999999956
0,15,0.4,0.4,0.16000000000000003,0.1422,0.145,-0.017800000000000038,-0.015000000000000041,0.002799999999999997,0.0,0.20711793942780307,0.0,0.0,0.0
0,16,0.4,0.4,0.16000000000000003,0.147,0.1434,-0.01300000000000004,-0.01660000000000003,-0.003599999999999992,0.0,5.374856527525488,0.0,0.0,0.0
0,17,0.4,0.4,0.16000000000000003,0.1736,0.1734,0.013599999999999973,0.013399999999999967,-0.00020000000000000573,6.25,12.579705511488552,-0.08499999999999983,-0.0837499999999998,0.0012500000000000289
0,18,0.4,0.4,0.16000000000000003,0.1564,0.16,-0.00360000000000002,-2.7755575615628914e-17,0.003599999999999992,0.0,5.953144157112436,0.0,0.0,0.0
0,19,0.4,0.4,0.16000000000000003,0.1164,0.1186,-0.04360000000000003,-0.041400000000000034,0.0021999999999999936,0.0,5.666341095120167,0.0,0.0,0.0
0,20,0.4,0.4,0.16000000000000003,0.1408,0.1402,-0.019200000000000023,-0.01980000000000004,-0.0006000000000000172,6.25,9.378544357517749,0.12000000000000013,0.12375000000000025,0.0037500000000001144
0,21,0.4,0.4,0.16000000000000003,0.1696,0.1736,0.00959999999999997,0.013599999999999973,0.0040000000000000036,6.25,13.141788091518762,-0.05999999999999981,-0.08499999999999983,-0.025000000000000015
0,22,0.4,0.4,0.16000000000000003,0.1462,0.1526,-0.013800000000000034,-0.007400000000000018,0.006400000000000017,6.25,14.318932758726426,0.08625000000000022,0.04625000000000011,-0.040000000000000105
0,23,0.4,0.4,0.16000000000000003,0.1534,0.15,-0.0066000000000000225,-0.010000000000000037,-0.003400000000000014,0.0,5.249140523810949,0.0,0.0,0.0
0,24,0.4,0.4,0.16000000000000003,0.1732,0.1738,0.013199999999999962,0.013799999999999979,0.0006000000000000172,0.0,24.589076642862892,-0.0,-0.0,0.0
0,25,0.4,0.4,0.16000000000000003,0.2006,0.1988,0.04059999999999997,0.03879999999999997,-0.001799999999999996,6.25,44.392358329034685,-0.2537499999999998,-0.24249999999999983,0.011249999999999982
0,26,0.4,0.4,0.16000000000000003,0.1484,0.1502,-0.011600000000000027,-0.009800000000000031,0.001799999999999996,0.0,6.368423760568917,0.0,0.0,0.0
0,27,0.4,0.4,0.16000000000000003,0.1784,0.179,0.018399999999999972,0.01899999999999996,0.0005999999999999894,6.25,36.94283076506519,-0.11499999999999982,-0.11874999999999976,-0.003749999999999934
0,28,0.4,0.4,0.16000000000000003,0.134,0.1358,-0.026000000000000023,-0.024200000000000027,0.001799999999999996,0.0,6.357406108525301,0.0,0.0,0.0
0,29,0.4,0.4,0.16000000000000003,0.1558,0.1584,-0.004200000000000037,-0.001600000000000018,0.002600000000000019,6.25,15.738519181937333,0.02625000000000023,0.010000000000000113,-0.01625000000000012
0,30,0.4,0.4,0.16000000000000003,0.1452,0.1434,-0.014800000000000035,-0.01660000000000003,-0.001799999999999996,0.0,14.768134877856511,0.0,0.0,0.0
0,31,0.4,0.4,0.16000000000000003,0.1832,0.1806,0.02319999999999997,0.02059999999999998,-0.002599999999999991,6.25,33.1671527407277,-0.14499999999999982,-0.12874999999999986,0.01624999999999996
0,32,0.4,0.4,0.16000000000000003,0.17,0.1744,0.009999999999999981,0.014399999999999968,0.004399999999999987,0.0,26.175864253580222,-0.0,-0.0,0.0
0,33,0.4,0.4,0.16000000000000003,0.1638,0.175,0.00379999999999997,0.014999999999999958,0.011199999999999988,6.25,25.169170413493603,-0.023749999999999813,-0.09374999999999974,-0.06999999999999992
0,34,0.4,0.4,0.16000000000000003,0.1512,0.1592,-0.00880000000000003,-0.0008000000000000229,0.008000000000000007,6.25,0.5072563968212992,0.05500000000000019,0.005000000000000143,-0.050000000000000044
0,35,0.4,0.4,0.16000000000000003,0.1716,0.1598,0.011599999999999971,-0.00020000000000003348,-0.011800000000000005,6.25,481.47630267657627,-0.07249999999999981,0.0012500000000002093,0.07375000000000002
0,36,0.4,0.4,0.16000000000000003,0.1526,0.1548,-0.007400000000000018,-0.005200000000000038,0.0021999999999999797,0.0,7.1341449459692745,0.0,0.0,0.0
0,37,0.4,0.4,0.16000000000000003,0.1554,0.1634,-0.004600000000000021,0.0033999999999999586,0.00799999999999998,6.25,100.226575496098,0.02875000000000013,-0.02124999999999974,-0.04999999999999987
0,38,0.4,0.4,0.16000000000000003,0.1638,0.164,0.00379999999999997,0.003999999999999976,0.00020000000000000573,6.25,15.111211246562496,-0.023749999999999813,-0.02499999999999985,-0.0012500000000000358
0,39,0.4,0.4,0.16000000000000003,0.1602,0.1686,0.00019999999999997797,0.008599999999999969,0.00839999999999999,6.25,31.01912561618545,-0.0012499999999998623,-0.053749999999999805,-0.05249999999999994
0,40,0.4,0.4,0.16000000000000003,0.1566,0.1616,-0.003400000000000042,0.0015999999999999626,0.0050000000000000044,0.0,11.645226772672457,0.0,-0.0,-0.0
0,41,0.4,0.4,0.16000000000000003,0.1594,0.1618,-0.0006000000000000449,0.0017999999999999683,0.0024000000000000132,0.0,0.44417601953973307,0.0,-0.0,-0.0
0,42,0.4,0.4,0.16000000000000003,0.1596,0.1478,-0.0004000000000000392,-0.012200000000000044,-0.011800000000000005,6.25,8.376938147666513,0.002500000000000245,0.07625000000000028,0.07375000000000004
0,43,0.4,0.4,0.16000000000000003,0.166,0.1566,0.005999999999999978,-0.003400000000000042,-0.00940000000000002,0.0,36.96476854297445,-0.0,0.0,0.0
0,44,0.4,0.4,0.16000000000000003,0.1596,0.1582,-0.0004000000000000392,-0.0018000000000000238,-0.0013999999999999846,6.25,14.234100575255734,0.002500000000000245,0.011250000000000149,0.008749999999999904
0,45,0.4,0.4,0.16000000000000003,0.1492,0.1512,-0.010800000000000032,-0.00880000000000003,0.0020000000000000018,6.25,88.76337036789859,0.0675000000000002,0.05500000000000019,-0.012500000000000011
0,46,0.4,0.4,0.16000000000000003,0.1524,0.1538,-0.007600000000000023,-0.006200000000000039,0.0013999999999999846,6.25,65.93545846556663,0.047500000000000146,0.03875000000000024,-0.008749999999999904
0,47,0.4,0.4,0.16000000000000003,0.1596,0.1664,-0.0004000000000000392,0.006399999999999961,0.0068000000000000005,6.25,3.9483662265491395,0.002500000000000245,-0.03999999999999976,-0.0425
0,48,0.4,0.4,0.16000000000000003,0.1162,0.1222,-0.04380000000000003,-0.03780000000000003,0.006000000000000005,6.25,72.29428861925733,0.2737500000000002,0.23625000000000018,-0.03750000000000003
0,49,0.4,0.4,0.16000000000000003,0.0628,0.0654,-0.09720000000000004,-0.09460000000000003,0.002600000000000005,6.25,99.73712506248684,0.6075000000000003,0.5912500000000002,-0.016250000000000098
1,2,0.4,0.4,0.16000000000000003,0.1114,0.1098,-0.04860000000000003,-0.050200000000000036,-0.0016000000000000042,0.0,70.76239679213414,0.0,0.0,0.0
1,3,0.4,0.4,0.16000000000000003,0.1454,0.1544,-0.01460000000000003,-0.005600000000000022,0.009000000000000008,6.25,8.73117955804656,0.09125000000000019,0.035000000000000135,-0.05625000000000006
1,4,0.4,0.4,0.16000000000000003,0.1474,0.1532,-0.012600000000000028,-0.006800000000000028,0.0058,6.25,1.183268848882137,0.07875000000000018,0.042500000000000177,-0.036250000000000004
1,5,0.4,0.4,0.16000000000000003,0.1594,0.1588,-0.0006000000000000449,-0.0012000000000000344,-0.0005999999999999894,0.0,3.1969964160569413,0.0,0.0,0.0
1,6,0.4,0.4,0.16000000000000003,0.1064,0.1184,-0.053600000000000037,-0.041600000000000026,0.01200000000000001,6.25,41.5754765138896,0.33500000000000024,0.2600000000000002,-0.07500000000000007
1,7,0.4,0.4,0.16000000000000003,0.1526,0.1518,-0.007400000000000018,-0.00820000000000004,-0.0008000000000000229,6.25,0.12860990580128,0.04625000000000011,0.051250000000000254,0.005000000000000143
1,8,0.4,0.4,0.16000000000000003,0.1464,0.1538,-0.013600000000000029,-0.006200000000000039,0.00739999999999999,0.0,1.6581093162000229,0.0,0.0,0.0
1,9,0.4,0.4,0.16000000000000003,0.1504,0.1594,-0.009600000000000025,-0.0006000000000000449,0.00899999999999998,6.25,1.4103127202909824,0.06000000000000016,0.003750000000000281,-0.056249999999999876
1,10,0.4,0.4,0.16000000000000003,0.1584,0.1634,-0.001600000000000018,0.0033999999999999586,0.004999999999999977,6.25,1.6271759547908422,0.010000000000000113,-0.02124999999999974,-0.031249999999999854
1,11,0.4,0.4,0.16000000000000003,0.1204,0.1302,-0.03960000000000004,-0.02980000000000002,0.009800000000000017,6.25,22.01953891254083,0.24750000000000025,0.18625000000000014,-0.06125000000000011
1,12,0.4,0.4,0.16000000000000003,0.0962,0.1098,-0.06380000000000004,-0.050200000000000036,0.013600000000000001,6.25,72.88226179473656,0.3987500000000002,0.31375000000000025,-0.08499999999999996
1,13,0.4,0.4,0.16000000000000003,0.1496,0.156,-0.01040000000000002,-0.004000000000000031,0.006399999999999989,0.0,0.6657649298774686,0.0,0.0,0.0
1,14,0.4,0.4,0.16000000000000003,0.12,0.1136,-0.040000000000000036,-0.046400000000000025,-0.006399999999999989,6.25,55.37315779588803,0.2500000000000002,0.29000000000000015,0.039999999999999925
1,15,0.4,0.4,0.16000000000000003,0.1456,0.154,-0.014400000000000024,-0.006000000000000033,0.00839999999999999,0.0,11.287139762751856,0.0,0.0,0.0
1,16,0.4,0.4,0.16000000000000003,0.1534,0.1546,-0.0066000000000000225,-0.005400000000000044,0.0011999999999999789,0.0,2.9197096152308335,0.0,0.0,0.0
1,17,0.4,0.4,0.16000000000000003,0.1346,0.1414,-0.025400000000000034,-0.018600000000000033,0.0068000000000000005,6.25,15.25464521006667,0.15875000000000022,0.11625000000000021,-0.04250000000000001
1,18,0.4,0.4,0.16000000000000003,0.1478,0.156,-0.012200000000000044,-0.004000000000000031,0.008200000000000013,0.0,1.6400183546729208,0.0,0.0,0.0
1,19,0.4,0.4,0.16000000000000003,0.1546,0.1588,-0.005400000000000044,-0.0012000000000000344,0.004200000000000009,0.0,16.923737489257846,0.0,0.0,0.0
1,20,0.4,0.4,0.16000000000000003,0.1336,0.137,-0.026400000000000035,-0.02300000000000002,0.003400000000000014,6.25,34.95264687895946,0.1650000000000002,0.14375000000000013,-0.021250000000000074
1,21,0.4,0.4,0.16000000000000003,0.1334,0.1506,-0.02660000000000004,-0.00940000000000002,0.01720000000000002,6.25,7.831738276590695,0.16625000000000026,0.05875000000000012,-0.10750000000000014
1,22,0.4,0.4,0.16000000000000003,0.1546,0.1638,-0.005400000000000044,0.00379999999999997,0.009200000000000014,6.25,2.103837396260662,0.03375000000000027,-0.023749999999999813,-0.057500000000000086
1,23,0.4,0.4,0.16000000000000003,0.1554,0.158,-0.004600000000000021,-0.0020000000000000295,0.002599999999999991,0.0,2.0395486753654954,0.0,0.0,0.0
1,24,0.4,0.4,0.16000000000000003,0.1516,0.1634,-0.008400000000000019,0.0033999999999999586,0.011799999999999977,0.0,1.5676070840776415,0.0,-0.0,-0.0
1,25,0.4,0.4,0.16000000000000003,0.1318,0.1398,-0.02820000000000003,-0.020200000000000023,0.008000000000000007,6.25,17.708973502834798,0.17625000000000018,0.12625000000000014,-0.050000000000000044
1,26,0.4,0.4,0.16000000000000003,0.1674,0.1574,0.007399999999999962,-0.002600000000000019,-0.009999999999999981,0.0,5.710507025692628,-0.0,0.0,0.0
1,27,0.4,0.4,0.16000000000000003,0.142,0.1458,-0.018000000000000044,-0.014200000000000018,0.0038000000000000256,6.25,7.709512951136073,0.11250000000000027,0.0887500000000001,-0.02375000000000016
1,28,0.4,0.4,0.16000000000000003,0.1668,0.1716,0.006799999999999973,0.011599999999999971,0.004799999999999999,0.0,13.67770267358213,-0.0,-0.0,0.0
1,29,0.4,0.4,0.16000000000000003,0.151,0.1606,-0.009000000000000036,0.0005999999999999617,0.009599999999999997,6.25,0.24701403563132282,0.05625000000000022,-0.0037499999999997605,-0.059999999999999984
1,30,0.4,0.4,0.16000000000000003,0.1722,0.176,0.012199999999999961,0.01599999999999996,0.003799999999999998,0.0,13.533518104497276,-0.0,-0.0,0.0
1,31,0.4,0.4,0.16000000000000003,0.141,0.148,-0.019000000000000045,-0.012000000000000038,0.007000000000000006,6.25,8.03939437484972,0.11875000000000027,0.07500000000000023,-0.04375000000000004
1,32,0.4,0.4,0.16000000000000003,0.1452,0.1526,-0.014800000000000035,-0.007400000000000018,0.007400000000000018,0.0,2.384513141426403,0.0,0.0,0.0
1,33,0.4,0.4,0.16000000000000003,0.1422,0.1474,-0.017800000000000038,-0.012600000000000028,0.00520000000000001,6.25,6.739635199432466,0.11125000000000024,0.07875000000000018,-0.03250000000000006
1,34,0.4,0.4,0.16000000000000003,0.1552,0.171,-0.0048000000000000265,0.010999999999999982,0.01580000000000001,6.25,11.927734444660292,0.030000000000000165,-0.0687499999999999,-0.09875000000000006
1,35,0.4,0.4,0.16000000000000003,0.158,0.1516,-0.0020000000000000295,-0.008400000000000019,-0.006399999999999989,6.25,591.8959482216695,0.012500000000000185,0.052500000000000116,0.03999999999999993
1,36,0.4,0.4,0.16000000000000003,0.1648,0.1692,0.004799999999999971,0.009199999999999958,0.004399999999999987,0.0,3.61463707837017,-0.0,-0.0,0.0
1,37,0.4,0.4,0.16000000000000003,0.2208,0.2298,0.060799999999999965,0.06979999999999997,0.009000000000000008,6.25,163.074573362388,-0.3799999999999998,-0.4362499999999998,-0.05625000000000002
1,38,0.4,0.4,0.16000000000000003,0.16,0.1628,-2.7755575615628914e-17,0.002799999999999969,0.002799999999999997,6.25,0.7338744241350723,1.734723475976807e-16,-0.017499999999999807,-0.01749999999999998
1,39,0.4,0.4,0.16000000000000003,0.183,0.1964,0.022999999999999965,0.03639999999999996,0.013399999999999995,6.25,42.99066945241174,-0.14374999999999977,-0.22749999999999976,-0.08374999999999999
1,40,0.4,0.4,0.16000000000000003,0.1582,0.1668,-0.0018000000000000238,0.006799999999999973,0.008599999999999997,0.0,0.12709718679335802,0.0,-0.0,-0.0
1,41,0.4,0.4,0.16000000000000003,0.1902,0.1856,0.030199999999999977,0.025599999999999956,-0.004600000000000021,0.0,14.938457220240187,-0.0,-0.0,0.0
1,42,0.4,0.4,0.16000000000000003,0.1728,0.1698,0.012799999999999978,0.009799999999999975,-0.0030000000000000027,6.25,7.155320059932453,-0.07999999999999986,-0.061249999999999846,0.018750000000000017
1,43,0.4,0.4,0.16000000000000003,0.1544,0.1456,-0.005600000000000022,-0.014400000000000024,-0.008800000000000002,0.0,9.14135923384384,0.0,0.0,0.0
1,44,0.4,0.4,0.16000000000000003,0.1676,0.168,0.007599999999999968,0.00799999999999998,0.00040000000000001146,6.25,2.191393330432855,-0.0474999999999998,-0.04999999999999987,-0.0025000000000000716
1,45,0.4,0.4,0.16000000000000003,0.2214,0.2176,0.06139999999999998,0.05759999999999996,-0.0038000000000000256,6.25,129.1967069279756,-0.38374999999999987,-0.3599999999999997,0.02375000000000016
1,46,0.4,0.4,0.16000000000000003,0.1404,0.1404,-0.019600000000000034,-0.019600000000000034,0.0,6.25,23.92421681423826,0.12250000000000022,0.12250000000000022,0.0
1,47,0.4,0.4,0.16000000000000003,0.1614,0.1754,0.0013999999999999568,0.01539999999999997,0.014000000000000012,6.25,7.448652337947054,-0.00874999999999973,-0.09624999999999981,-0.08750000000000008
1,48,0.4,0.4,0.16000000000000003,0.1702,0.1688,0.010199999999999959,0.008799999999999975,-0.0013999999999999846,6.25,35.155210169068226,-0.06374999999999975,-0.05499999999999984,0.00874999999999991
1,49,0.4,0.4,0.16000000000000003,0.1802,0.1844,0.020199999999999968,0.024399999999999977,0.004200000000000009,6.25,54.121672162442444,-0.1262499999999998,-0.15249999999999986,-0.02625000000000005
2,3,0.4,0.4,0.16000000000000003,0.1674,0.169,0.007399999999999962,0.00899999999999998,0.001600000000000018,6.25,118.47282188935402,-0.046249999999999764,-0.056249999999999876,-0.010000000000000113
2,4,0.4,0.4,0.16000000000000003,0.1672,0.172,0.0071999999999999564,0.011999999999999955,0.004799999999999999,6.25,88.30253606472752,-0.04499999999999973,-0.07499999999999972,-0.029999999999999992
2,5,0.4,0.4,0.16000000000000003,0.1592,0.1604,-0.0008000000000000229,0.00039999999999995595,0.0011999999999999789,0.0,75.24048413737954,0.0,-0.0,-0.0
2,6,0.4,0.4,0.16000000000000003,0.1428,0.1574,-0.01720000000000002,-0.002600000000000019,0.014600000000000002,6.25,15.728944654047845,0.10750000000000012,0.01625000000000012,-0.09125
2,7,0.4,0.4,0.16000000000000003,0.1578,0.1602,-0.0022000000000000353,0.00019999999999997797,0.0024000000000000132,6.25,68.39800529510595,0.01375000000000022,-0.0012499999999998623,-0.015000000000000083
2,8,0.4,0.4,0.16000000000000003,0.1538,0.1616,-0.006200000000000039,0.0015999999999999626,0.007800000000000001,0.0,61.56293064298016,0.0,-0.0,-0.0
2,9,0.4,0.4,0.16000000000000003,0.1536,0.1622,-0.0064000000000000445,0.0021999999999999797,0.008600000000000024,6.25,56.79810342436477,0.04000000000000028,-0.013749999999999873,-0.05375000000000015
2,10,0.4,0.4,0.16000000000000003,0.1692,0.1728,0.009199999999999958,0.012799999999999978,0.00360000000000002,6.25,90.86516482018077,-0.05749999999999974,-0.07999999999999986,-0.022500000000000124
2,11,0.4,0.4,0.16000000000000003,0.16,0.1666,-2.7755575615628914e-17,0.006599999999999967,0.006599999999999995,6.25,39.77543041905109,1.734723475976807e-16,-0.041249999999999794,-0.04124999999999997
2,12,0.4,0.4,0.16000000000000003,0.1404,0.1512,-0.019600000000000034,-0.00880000000000003,0.010800000000000004,6.25,25.001566832139456,0.12250000000000022,0.05500000000000019,-0.06750000000000003
2,13,0.4,0.4,0.16000000000000003,0.1628,0.1594,0.002799999999999969,-0.0006000000000000449,-0.003400000000000014,0.0,62.24242463373879,-0.0,0.0,0.0
2,14,0.4,0.4,0.16000000000000003,0.1406,0.1492,-0.01940000000000003,-0.010800000000000032,0.008599999999999997,6.25,27.336537955920065,0.12125000000000018,0.0675000000000002,-0.05374999999999998
2,15,0.4,0.4,0.16000000000000003,0.1526,0.1628,-0.007400000000000018,0.002799999999999969,0.010199999999999987,0.0,25.526830084998515,0.0,-0.0,-0.0
2,16,0.4,0.4,0.16000000000000003,0.1558,0.1552,-0.004200000000000037,-0.0048000000000000265,-0.0005999999999999894,0.0,49.062501319432954,0.0,0.0,0.0
2,17,0.4,0.4,0.16000000000000003,0.1536,0.1616,-0.0064000000000000445,0.0015999999999999626,0.008000000000000007,6.25,44.47191155398183,0.04000000000000028,-0.009999999999999766,-0.050000000000000044
2,18,0.4,0.4,0.16000000000000003,0.1514,0.1658,-0.008600000000000024,0.005799999999999972,0.014399999999999996,0.0,51.01710784716413,0.0,-0.0,-0.0
2,19,0.4,0.4,0.16000000000000003,0.1466,0.1486,-0.013400000000000023,-0.011400000000000021,0.0020000000000000018,0.0,34.29502078309243,0.0,0.0,0.0
2,20,0.4,0.4,0.16000000000000003,0.1448,0.1542,-0.015200000000000019,-0.005800000000000027,0.009399999999999992,6.25,13.333472794565019,0.09500000000000011,0.03625000000000017,-0.05874999999999994
2,21,0.4,0.4,0.16000000000000003,0.1528,0.1608,-0.00720000000000004,0.0007999999999999674,0.008000000000000007,6.25,55.943528554049664,0.04500000000000025,-0.004999999999999796,-0.050000000000000044
2,22,0.4,0.4,0.16000000000000003,0.156,0.1568,-0.004000000000000031,-0.003200000000000036,0.0007999999999999952,6.25,71.15835251066468,0.025000000000000196,0.020000000000000226,-0.00499999999999997
2,23,0.4,0.4,0.16000000000000003,0.1518,0.165,-0.00820000000000004,0.004999999999999977,0.013200000000000017,0.0,48.82073574144597,0.0,-0.0,-0.0
2,24,0.4,0.4,0.16000000000000003,0.1678,0.17,0.007799999999999974,0.009999999999999981,0.0022000000000000075,0.0,92.78449552208252,-0.0,-0.0,0.0
2,25,0.4,0.4,0.16000000000000003,0.1722,0.1732,0.012199999999999961,0.013199999999999962,0.0010000000000000009,6.25,112.28230318119296,-0.07624999999999976,-0.08249999999999977,-0.0062500000000000056
2,26,0.4,0.4,0.16000000000000003,0.153,0.1496,-0.007000000000000034,-0.01040000000000002,-0.0033999999999999864,0.0,48.93607462386831,0.0,0.0,0.0
2,27,0.4,0.4,0.16000000000000003,0.167,0.1798,0.0069999999999999785,0.019799999999999957,0.012799999999999978,6.25,110.71075565849512,-0.043749999999999865,-0.12374999999999972,-0.07999999999999985
2,28,0.4,0.4,0.16000000000000003,0.1416,0.1506,-0.018400000000000027,-0.00940000000000002,0.009000000000000008,0.0,39.938898534547775,0.0,0.0,0.0
2,29,0.4,0.4,0.16000000000000003,0.1558,0.1636,-0.004200000000000037,0.0035999999999999643,0.007800000000000001,6.25,75.35461029829854,0.02625000000000023,-0.022499999999999777,-0.04875000000000001
2,30,0.4,0.4,0.16000000000000003,0.1428,0.1534,-0.01720000000000002,-0.0066000000000000225,0.010599999999999998,0.0,60.29837265412662,0.0,0.0,0.0
2,31,0.4,0.4,0.16000000000000003,0.1744,0.1768,0.014399999999999968,0.01679999999999998,0.0024000000000000132,6.25,101.04957170059662,-0.0899999999999998,-0.10499999999999989,-0.015000000000000083
2,32,0.4,0.4,0.16000000000000003,0.166,0.1736,0.005999999999999978,0.013599999999999973,0.007599999999999996,0.0,94.57214359329505,-0.0,-0.0,0.0
2,33,0.4,0.4,0.16000000000000003,0.1618,0.1754,0.0017999999999999683,0.01539999999999997,0.013600000000000001,6.25,84.4756340084018,-0.011249999999999802,-0.09624999999999981,-0.085
2,34,0.4,0.4,0.16000000000000003,0.143,0.1488,-0.017000000000000043,-0.011200000000000043,0.0058,6.25,26.612245172536877,0.10625000000000026,0.07000000000000027,-0.03624999999999999
2,35,0.4,0.4,0.16000000000000003,0.1442,0.1388,-0.015800000000000036,-0.021200000000000024,-0.005399999999999988,6.25,358.6727934638825,0.09875000000000023,0.13250000000000015,0.03374999999999992
2,36,0.4,0.4,0.16000000000000003,0.1498,0.1568,-0.010200000000000042,-0.003200000000000036,0.007000000000000006,0.0,52.883668973121424,0.0,0.0,0.0
2,37,0.4,0.4,0.16000000000000003,0.1394,0.1352,-0.020600000000000035,-0.024800000000000044,-0.004200000000000009,6.25,50.79277804120678,0.12875000000000023,0.15500000000000028,0.02625000000000005
2,38,0.4,0.4,0.16000000000000003,0.1658,0.1654,0.005799999999999972,0.00539999999999996,-0.00040000000000001146,6.25,71.58083731138893,-0.036249999999999824,-0.03374999999999975,0.0025000000000000716
2,39,0.4,0.4,0.16000000000000003,0.1612,0.161,0.0011999999999999789,0.0009999999999999731,-0.00020000000000000573,6.25,48.079863453115145,-0.007499999999999868,-0.006249999999999832,0.0012500000000000358
2,40,0.4,0.4,0.16000000000000003,0.149,0.164,-0.011000000000000038,0.003999999999999976,0.015000000000000013,0.0,65.44210471195538,0.0,-0.0,-0.0
2,41,0.4,0.4,0.16000000000000003,0.1526,0.155,-0.007400000000000018,-0.005000000000000032,0.0023999999999999855,0.0,20.94750505468444,0.0,0.0,0.0
2,42,0.4,0.4,0.16000000000000003,0.1462,0.156,-0.013800000000000034,-0.004000000000000031,0.009800000000000003,6.25,52.27826133823205,0.08625000000000022,0.025000000000000196,-0.06125000000000002
2,43,0.4,0.4,0.16000000000000003,0.1726,0.1746,0.012599999999999972,0.014599999999999974,0.0020000000000000018,0.0,108.26647115693439,-0.0,-0.0,0.0
2,44,0.4,0.4,0.16000000000000003,0.1612,0.1702,0.0011999999999999789,0.010199999999999959,0.00899999999999998,6.25,66.95607253716821,-0.007499999999999868,-0.06374999999999975,-0.05624999999999988
2,45,0.4,0.4,0.16000000000000003,0.148,0.1558,-0.012000000000000038,-0.004200000000000037,0.007800000000000001,6.25,65.8639527861587,0.07500000000000023,0.02625000000000023,-0.04875
2,46,0.4,0.4,0.16000000000000003,0.173,0.1864,0.012999999999999956,0.02639999999999998,0.013400000000000023,6.25,154.06033345177156,-0.08124999999999973,-0.16499999999999987,-0.08375000000000014
2,47,0.4,0.4,0.16000000000000003,0.1518,0.1542,-0.00820000000000004,-0.005800000000000027,0.0024000000000000132,6.25,41.051511673369646,0.051250000000000254,0.03625000000000017,-0.015000000000000083
2,48,0.4,0.4,0.16000000000000003,0.1798,0.1862,0.019799999999999957,0.026199999999999973,0.006400000000000017,6.25,151.69131955241187,-0.12374999999999972,-0.16374999999999984,-0.04000000000000012
2,49,0.4,0.4,0.16000000000000003,0.1892,0.1864,0.029199999999999976,0.02639999999999998,-0.002799999999999997,6.25,188.48297161759518,-0.18249999999999986,-0.16499999999999987,0.017499999999999988
3,4,0.4,0.4,0.16000000000000003,0.1456,0.1522,-0.014400000000000024,-0.007800000000000029,0.006599999999999995,0.0,3.6198706719718814,0.0,0.0,0.0
3,5,0.4,0.4,0.16000000000000003,0.1626,0.1604,0.0025999999999999635,0.00039999999999995595,-0.0022000000000000075,6.25,18.12755293658419,-0.01624999999999977,-0.0024999999999997247,0.013750000000000047
3,6,0.4,0.4,0.16000000000000003,0.1556,0.1632,-0.004400000000000043,0.0031999999999999806,0.007600000000000023,0.0,66.15786678818445,0.0,-0.0,-0.0
3,7,0.4,0.4,0.16000000000000003,0.1498,0.1536,-0.010200000000000042,-0.0064000000000000445,0.003799999999999998,0.0,8.348585722026993,0.0,0.0,0.0
3,8,0.4,0.4,0.16000000000000003,0.152,0.1606,-0.008000000000000035,0.0005999999999999617,0.008599999999999997,6.25,17.466732581714968,0.05000000000000022,-0.0037499999999997605,-0.05374999999999998
3,9,0.4,0.4,0.16000000000000003,0.1568,0.1624,-0.003200000000000036,0.0023999999999999577,0.005599999999999994,0.0,17.15778596281861,0.0,-0.0,-0.0
3,10,0.4,0.4,0.16000000000000003,0.1552,0.151,-0.0048000000000000265,-0.009000000000000036,-0.004200000000000009,0.0,2.8892777862357475,0.0,0.0,0.0
3,11,0.4,0.4,0.16000000000000003,0.151,0.149,-0.009000000000000036,-0.011000000000000038,-0.0020000000000000018,0.0,32.594983528447365,0.0,0.0,0.0
3,12,0.4,0.4,0.16000000000000003,0.1416,0.1536,-0.018400000000000027,-0.0064000000000000445,0.011999999999999983,0.0,96.6421825085964,0.0,0.0,0.0
3,13,0.4,0.4,0.16000000000000003,0.1564,0.1586,-0.00360000000000002,-0.00140000000000004,0.0021999999999999797,6.25,14.150919173629836,0.022500000000000124,0.00875000000000025,-0.013749999999999873
3,14,0.4,0.4,0.16000000000000003,0.1538,0.1496,-0.006200000000000039,-0.01040000000000002,-0.0041999999999999815,0.0,74.55291927649905,0.0,0.0,0.0
3,15,0.4,0.4,0.16000000000000003,0.1678,0.1586,0.007799999999999974,-0.00140000000000004,-0.009200000000000014,6.25,35.599618506171396,-0.048749999999999835,0.00875000000000025,0.057500000000000086
3,16,0.4,0.4,0.16000000000000003,0.1568,0.153,-0.003200000000000036,-0.007000000000000034,-0.003799999999999998,6.25,21.66753189844226,0.020000000000000226,0.04375000000000021,0.023749999999999986
3,17,0.4,0.4,0.16000000000000003,0.1492,0.1442,-0.010800000000000032,-0.015800000000000036,-0.0050000000000000044,0.0,24.329350107624506,0.0,0.0,0.0
3,18,0.4,0.4,0.16000000000000003,0.1616,0.165,0.0015999999999999626,0.004999999999999977,0.003400000000000014,6.25,16.832851190104677,-0.009999999999999766,-0.031249999999999854,-0.021250000000000088
3,19,0.4,0.4,0.16000000000000003,0.1588,0.1624,-0.0012000000000000344,0.0023999999999999577,0.003599999999999992,6.25,49.961634828658276,0.007500000000000215,-0.014999999999999736,-0.02249999999999995
3,20,0.4,0.4,0.16000000000000003,0.1532,0.1508,-0.006800000000000028,-0.009200000000000041,-0.0024000000000000132,0.0,61.09101585617829,0.0,0.0,0.0
3,21,0.4,0.4,0.16000000000000003,0.15,0.1482,-0.010000000000000037,-0.011800000000000033,-0.001799999999999996,0.0,13.802732829168365,0.0,0.0,0.0
3,22,0.4,0.4,0.16000000000000003,0.1552,0.1584,-0.0048000000000000265,-0.001600000000000018,0.0032000000000000084,0.0,16.612435583846466,0.0,0.0,0.0
3,23,0.4,0.4,0.16000000000000003,0.1496,0.1542,-0.01040000000000002,-0.005800000000000027,0.004599999999999993,6.25,17.69871113028437,0.06500000000000013,0.03625000000000017,-0.028749999999999956
3,24,0.4,0.4,0.16000000000000003,0.152,0.148,-0.008000000000000035,-0.012000000000000038,-0.0040000000000000036,6.25,3.5680329193466416,0.05000000000000022,0.07500000000000023,0.025000000000000015
3,25,0.4,0.4,0.16000000000000003,0.1458,0.14,-0.014200000000000018,-0.020000000000000018,-0.0058,0.0,5.34611531964103,0.0,0.0,0.0
3,26,0.4,0.4,0.16000000000000003,0.1584,0.154,-0.001600000000000018,-0.006000000000000033,-0.004400000000000015,6.25,28.41219806552063,0.010000000000000113,0.03750000000000021,0.027500000000000094
3,27,0.4,0.4,0.16000000000000003,0.1432,0.1462,-0.016800000000000037,-0.013800000000000034,0.0030000000000000027,0.0,0.19129324924537333,0.0,0.0,0.0
3,28,0.4,0.4,0.16000000000000003,0.164,0.1602,0.003999999999999976,0.00019999999999997797,-0.003799999999999998,6.25,44.14622147759336,-0.02499999999999985,-0.0012499999999998623,0.023749999999999986
3,29,0.4,0.4,0.16000000000000003,0.147,0.1516,-0.01300000000000004,-0.008400000000000019,0.004600000000000021,0.0,9.338896947396288,0.0,0.0,0.0
3,30,0.4,0.4,0.16000000000000003,0.1646,0.1578,0.004599999999999965,-0.0022000000000000353,-0.0068000000000000005,6.25,41.31190252699123,-0.028749999999999783,0.01375000000000022,0.0425
3,31,0.4,0.4,0.16000000000000003,0.152,0.1566,-0.008000000000000035,-0.003400000000000042,0.004599999999999993,0.0,1.443572244869092,0.0,0.0,0.0
3,32,0.4,0.4,0.16000000000000003,0.1442,0.1562,-0.015800000000000036,-0.0038000000000000256,0.01200000000000001,6.25,2.0113532210499527,0.09875000000000023,0.02375000000000016,-0.07500000000000007
3,33,0.4,0.4,0.16000000000000003,0.1474,0.1504,-0.012600000000000028,-0.009600000000000025,0.0030000000000000027,0.0,4.15024158786453,0.0,0.0,0.0
3,34,0.4,0.4,0.16000000000000003,0.1542,0.17,-0.005800000000000027,0.009999999999999981,0.01580000000000001,0.0,39.42051940615516,0.0,-0.0,-0.0
3,35,0.4,0.4,0.16000000000000003,0.1598,0.1428,-0.00020000000000003348,-0.01720000000000002,-0.016999999999999987,0.0,624.5956446081225,0.0,0.0,0.0
3,36,0.4,0.4,0.16000000000000003,0.1584,0.1588,-0.001600000000000018,-0.0012000000000000344,0.0003999999999999837,6.25,23.430023178285495,0.010000000000000113,0.007500000000000215,-0.002499999999999898
3,37,0.4,0.4,0.16000000000000003,0.1628,0.1556,0.002799999999999969,-0.004400000000000043,-0.007200000000000012,0.0,197.69720583959477,-0.0,0.0,0.0
3,38,0.4,0.4,0.16000000000000003,0.159,0.1518,-0.0010000000000000286,-0.00820000000000004,-0.007200000000000012,0.0,6.299699072542086,0.0,0.0,0.0
3,39,0.4,0.4,0.16000000000000003,0.1474,0.1518,-0.012600000000000028,-0.00820000000000004,0.004399999999999987,0.0,50.487088965476374,0.0,0.0,0.0
3,40,0.4,0.4,0.16000000000000003,0.1538,0.1506,-0.006200000000000039,-0.00940000000000002,-0.0031999999999999806,6.25,9.811376955310202,0.03875000000000024,0.05875000000000012,0.01999999999999988
3,41,0.4,0.4,0.16000000000000003,0.16,0.1576,-2.7755575615628914e-17,-0.002400000000000041,-0.0024000000000000132,6.25,40.20842240271729,1.734723475976807e-16,0.015000000000000256,0.015000000000000083
3,42,0.4,0.4,0.16000000000000003,0.1586,0.1556,-0.00140000000000004,-0.004400000000000043,-0.0030000000000000027,0.0,31.011491776016182,0.0,0.0,0.0
3,43,0.4,0.4,0.16000000000000003,0.1498,0.1364,-0.010200000000000042,-0.023600000000000038,-0.013399999999999995,6.25,0.855063447661543,0.06375000000000026,0.14750000000000024,0.08374999999999998
3,44,0.4,0.4,0.16000000000000003,0.1496,0.1566,-0.01040000000000002,-0.003400000000000042,0.0069999999999999785,0.0,7.304633591177989,0.0,0.0,0.0
3,45,0.4,0.4,0.16000000000000003,0.1414,0.1504,-0.018600000000000033,-0.009600000000000025,0.009000000000000008,0.0,145.13791001890974,0.0,0.0,0.0
3,46,0.4,0.4,0.16000000000000003,0.1402,0.136,-0.01980000000000004,-0.02400000000000002,-0.0041999999999999815,0.0,3.88058128537437,0.0,0.0,0.0
3,47,0.4,0.4,0.16000000000000003,0.1584,0.155,-0.001600000000000018,-0.005000000000000032,-0.003400000000000014,0.0,32.29473023994017,0.0,0.0,0.0
3,48,0.4,0.4,0.16000000000000003,0.1376,0.141,-0.02240000000000003,-0.019000000000000045,0.0033999999999999864,0.0,11.956643483950266,0.0,0.0,0.0
3,49,0.4,0.4,0.16000000000000003,0.139,0.1422,-0.02100000000000002,-0.017800000000000038,0.0031999999999999806,0.0,22.18760819969016,0.0,0.0,0.0
4,5,0.4,0.4,0.16000000000000003,0.157,0.1662,-0.0030000000000000304,0.0061999999999999555,0.009199999999999986,6.25,5.975332789583367,0.01875000000000019,-0.03874999999999972,-0.05749999999999991
4,6,0.4,0.4,0.16000000000000003,0.1446,0.1636,-0.015400000000000025,0.0035999999999999643,0.01899999999999999,0.0,51.06262197317829,0.0,-0.0,-0.0
4,7,0.4,0.4,0.16000000000000003,0.154,0.1544,-0.006000000000000033,-0.005600000000000022,0.00040000000000001146,0.0,1.281341880978721,0.0,0.0,0.0
4,8,0.4,0.4,0.16000000000000003,0.1516,0.156,-0.008400000000000019,-0.004000000000000031,0.004399999999999987,6.25,5.183548843231527,0.052500000000000116,0.025000000000000196,-0.02749999999999992
4,9,0.4,0.4,0.16000000000000003,0.1538,0.171,-0.006200000000000039,0.010999999999999982,0.01720000000000002,0.0,5.110569219303562,0.0,-0.0,-0.0
4,10,0.4,0.4,0.16000000000000003,0.1534,0.1652,-0.0066000000000000225,0.005199999999999982,0.011800000000000005,0.0,0.04181815909992586,0.0,-0.0,-0.0
4,11,0.4,0.4,0.16000000000000003,0.1566,0.1622,-0.003400000000000042,0.0021999999999999797,0.005600000000000022,0.0,25.935797967310393,0.0,-0.0,-0.0
4,12,0.4,0.4,0.16000000000000003,0.1442,0.1558,-0.015800000000000036,-0.004200000000000037,0.0116,0.0,83.08271709900004,0.0,0.0,0.0
4,13,0.4,0.4,0.16000000000000003,0.1542,0.1638,-0.005800000000000027,0.00379999999999997,0.009599999999999997,6.25,3.50235218950634,0.03625000000000017,-0.023749999999999813,-0.059999999999999984
4,14,0.4,0.4,0.16000000000000003,0.1502,0.1538,-0.009800000000000031,-0.006200000000000039,0.003599999999999992,0.0,63.51565353062909,0.0,0.0,0.0
4,15,0.4,0.4,0.16000000000000003,0.1582,0.1614,-0.0018000000000000238,0.0013999999999999568,0.0031999999999999806,6.25,19.006700949200415,0.011250000000000149,-0.00874999999999973,-0.01999999999999988
4,16,0.4,0.4,0.16000000000000003,0.1592,0.1566,-0.0008000000000000229,-0.003400000000000042,-0.002600000000000019,6.25,7.809262700822748,0.005000000000000143,0.021250000000000262,0.01625000000000012
4,17,0.4,0.4,0.16000000000000003,0.1472,0.159,-0.012800000000000034,-0.0010000000000000286,0.011800000000000005,0.0,18.28679888356104,0.0,0.0,0.0
4,18,0.4,0.4,0.16000000000000003,0.1558,0.171,-0.004200000000000037,0.010999999999999982,0.015200000000000019,6.25,5.446992403665689,0.02625000000000023,-0.0687499999999999,-0.09500000000000013
4,19,0.4,0.4,0.16000000000000003,0.1566,0.1616,-0.003400000000000042,0.0015999999999999626,0.0050000000000000044,6.25,26.83210373465991,0.021250000000000262,-0.009999999999999766,-0.03125000000000003
4,20,0.4,0.4,0.16000000000000003,0.1518,0.1614,-0.00820000000000004,0.0013999999999999568,0.009599999999999997,0.0,44.67490877540476,0.0,-0.0,-0.0
4,21,0.4,0.4,0.16000000000000003,0.146,0.155,-0.01400000000000004,-0.005000000000000032,0.009000000000000008,0.0,9.238891095762051,0.0,0.0,0.0
4,22,0.4,0.4,0.16000000000000003,0.1584,0.1538,-0.001600000000000018,-0.006200000000000039,-0.004600000000000021,0.0,4.896360650017147,0.0,0.0,0.0
4,23,0.4,0.4,0.16000000000000003,0.1566,0.1576,-0.003400000000000042,-0.002400000000000041,0.0010000000000000009,6.25,6.080398658296451,0.021250000000000262,0.015000000000000256,-0.0062500000000000056
4,24,0.4,0.4,0.16000000000000003,0.148,0.1592,-0.012000000000000038,-0.0008000000000000229,0.011200000000000015,6.25,0.09495667286931361,0.07500000000000023,0.005000000000000143,-0.07000000000000009
4,25,0.4,0.4,0.16000000000000003,0.152,0.1568,-0.008000000000000035,-0.003200000000000036,0.004799999999999999,0.0,12.273173866167932,0.0,0.0,0.0
4,26,0.4,0.4,0.16000000000000003,0.1596,0.158,-0.0004000000000000392,-0.0020000000000000295,-0.0015999999999999903,6.25,11.77534243612161,0.002500000000000245,0.012500000000000185,0.00999999999999994
4,27,0.4,0.4,0.16000000000000003,0.1408,0.157,-0.019200000000000023,-0.0030000000000000304,0.016199999999999992,0.0,3.206036794726222,0.0,0.0,0.0
4,28,0.4,0.4,0.16000000000000003,0.144,0.1664,-0.016000000000000042,0.006399999999999961,0.022400000000000003,6.25,22.526447621358695,0.10000000000000026,-0.03999999999999976,-0.14
4,29,0.4,0.4,0.16000000000000003,0.148,0.1628,-0.012000000000000038,0.002799999999999969,0.014800000000000008,0.0,1.3424271129349798,0.0,-0.0,-0.0
4,30,0.4,0.4,0.16000000000000003,0.1554,0.1666,-0.004600000000000021,0.006599999999999967,0.011199999999999988,6.25,20.799216939746803,0.02875000000000013,-0.041249999999999794,-0.06999999999999992
4,31,0.4,0.4,0.16000000000000003,0.1536,0.1564,-0.0064000000000000445,-0.00360000000000002,0.0028000000000000247,0.0,4.203964474280691,0.0,0.0,0.0
4,32,0.4,0.4,0.16000000000000003,0.1512,0.1638,-0.00880000000000003,0.00379999999999997,0.0126,6.25,0.23933623389557462,0.05500000000000019,-0.023749999999999813,-0.07875
4,33,0.4,0.4,0.16000000000000003,0.1464,0.1634,-0.013600000000000029,0.0033999999999999586,0.016999999999999987,0.0,4.6162099105528664,0.0,-0.0,-0.0
4,34,0.4,0.4,0.16000000000000003,0.1554,0.1606,-0.004600000000000021,0.0005999999999999617,0.005199999999999982,0.0,20.474556479009127,0.0,-0.0,-0.0
4,35,0.4,0.4,0.16000000000000003,0.1528,0.1526,-0.00720000000000004,-0.007400000000000018,-0.00019999999999997797,0.0,612.3153023779523,0.0,0.0,0.0
4,36,0.4,0.4,0.16000000000000003,0.1462,0.1582,-0.013800000000000034,-0.0018000000000000238,0.01200000000000001,6.25,8.655951175908344,0.08625000000000022,0.011250000000000149,-0.07500000000000007
4,37,0.4,0.4,0.16000000000000003,0.1506,0.1564,-0.00940000000000002,-0.00360000000000002,0.0058,0.0,178.88928528168336,0.0,0.0,0.0
4,38,0.4,0.4,0.16000000000000003,0.1596,0.157,-0.0004000000000000392,-0.0030000000000000304,-0.002599999999999991,0.0,1.0714652469969956,0.0,0.0,0.0
4,39,0.4,0.4,0.16000000000000003,0.151,0.1542,-0.009000000000000036,-0.005800000000000027,0.0032000000000000084,0.0,46.623637404033154,0.0,0.0,0.0
4,40,0.4,0.4,0.16000000000000003,0.1512,0.1524,-0.00880000000000003,-0.007600000000000023,0.0012000000000000066,6.25,1.7943680063851917,0.05500000000000019,0.047500000000000146,-0.007500000000000041
4,41,0.4,0.4,0.16000000000000003,0.161,0.1588,0.0009999999999999731,-0.0012000000000000344,-0.0022000000000000075,6.25,23.260927961110376,-0.006249999999999832,0.007500000000000215,0.013750000000000047
4,42,0.4,0.4,0.16000000000000003,0.159,0.1616,-0.0010000000000000286,0.0015999999999999626,0.002599999999999991,0.0,13.447024617666035,0.0,-0.0,-0.0
4,43,0.4,0.4,0.16000000000000003,0.1504,0.1496,-0.009600000000000025,-0.01040000000000002,-0.0007999999999999952,6.25,4.597519613439195,0.06000000000000016,0.06500000000000013,0.00499999999999997
4,44,0.4,0.4,0.16000000000000003,0.1596,0.156,-0.0004000000000000392,-0.004000000000000031,-0.003599999999999992,0.0,2.6658805226939117,0.0,0.0,0.0
4,45,0.4,0.4,0.16000000000000003,0.151,0.1538,-0.009000000000000036,-0.006200000000000039,0.002799999999999997,0.0,137.9707688074464,0.0,0.0,0.0
4,46,0.4,0.4,0.16000000000000003,0.1478,0.1566,-0.012200000000000044,-0.003400000000000042,0.008800000000000002,0.0,14.940626607371883,0.0,0.0,0.0
4,47,0.4,0.4,0.16000000000000003,0.1522,0.16,-0.007800000000000029,-2.7755575615628914e-17,0.007800000000000001,0.0,14.491045306870323,0.0,0.0,0.0
4,48,0.4,0.4,0.16000000000000003,0.1512,0.1518,-0.00880000000000003,-0.00820000000000004,0.0005999999999999894,0.0,25.907617107738727,0.0,0.0,0.0
4,49,0.4,0.4,0.16000000000000003,0.1468,0.1528,-0.013200000000000017,-0.00720000000000004,0.005999999999999978,0.0,41.79605249163407,0.0,0.0,0.0
5,6,0.4,0.4,0.16000000000000003,0.1568,0.1626,-0.003200000000000036,0.0025999999999999635,0.0058,6.25,56.125327228973966,0.020000000000000226,-0.01624999999999977,-0.03625
5,7,0.4,0.4,0.16000000000000003,0.1644,0.158,0.0043999999999999595,-0.0020000000000000295,-0.006399999999999989,6.25,4.514961911911847,-0.027499999999999747,0.012500000000000185,0.03999999999999993
5,8,0.4,0.4,0.16000000000000003,0.1616,0.1582,0.0015999999999999626,-0.0018000000000000238,-0.0033999999999999864,0.0,0.9723051168687901,-0.0,0.0,0.0
5,9,0.4,0.4,0.16000000000000003,0.1652,0.1648,0.005199999999999982,0.004799999999999971,-0.00040000000000001146,6.25,2.036813185204171,-0.03249999999999989,-0.02999999999999982,0.0025000000000000716
5,10,0.4,0.4,0.16000000000000003,0.176,0.168,0.01599999999999996,0.00799999999999998,-0.00799999999999998,6.25,6.975698887353651,-0.09999999999999974,-0.04999999999999987,0.04999999999999987
5,11,0.4,0.4,0.16000000000000003,0.1672,0.1612,0.0071999999999999564,0.0011999999999999789,-0.005999999999999978,6.25,38.120733861172425,-0.04499999999999973,-0.007499999999999868,0.03749999999999986
5,12,0.4,0.4,0.16000000000000003,0.1632,0.1566,0.0031999999999999806,-0.003400000000000042,-0.0066000000000000225,6.25,94.3441528338154,-0.01999999999999988,0.021250000000000262,0.04125000000000014
5,13,0.4,0.4,0.16000000000000003,0.1644,0.1558,0.0043999999999999595,-0.004200000000000037,-0.008599999999999997,0.0,1.779546550865818,-0.0,0.0,0.0
5,14,0.4,0.4,0.16000000000000003,0.1696,0.156,0.00959999999999997,-0.004000000000000031,-0.013600000000000001,6.25,75.79300210152964,-0.05999999999999981,0.025000000000000196,0.085
5,15,0.4,0.4,0.16000000000000003,0.1672,0.163,0.0071999999999999564,0.002999999999999975,-0.0041999999999999815,0.0,14.982515230636638,-0.0,-0.0,0.0
5,16,0.4,0.4,0.16000000000000003,0.167,0.1614,0.0069999999999999785,0.0013999999999999568,-0.005600000000000022,0.0,3.1876052591930533,-0.0,-0.0,0.0
5,17,0.4,0.4,0.16000000000000003,0.1654,0.1628,0.00539999999999996,0.002799999999999969,-0.002599999999999991,6.25,29.639020204775328,-0.03374999999999975,-0.017499999999999807,0.016249999999999945
5,18,0.4,0.4,0.16000000000000003,0.1578,0.1586,-0.0022000000000000353,-0.00140000000000004,0.0007999999999999952,0.0,4.473773445722468,0.0,0.0,0.0
5,19,0.4,0.4,0.16000000000000003,0.1598,0.167,-0.00020000000000003348,0.0069999999999999785,0.007200000000000012,0.0,11.251336860077904,0.0,-0.0,-0.0
5,20,0.4,0.4,0.16000000000000003,0.1618,0.1538,0.0017999999999999683,-0.006200000000000039,-0.008000000000000007,6.25,46.81444482092129,-0.011249999999999802,0.03875000000000024,0.050000000000000044
5,21,0.4,0.4,0.16000000000000003,0.1614,0.1548,0.0013999999999999568,-0.005200000000000038,-0.006599999999999995,6.25,19.999230500641833,-0.00874999999999973,0.03250000000000024,0.04124999999999997
5,22,0.4,0.4,0.16000000000000003,0.1636,0.1552,0.0035999999999999643,-0.0048000000000000265,-0.00839999999999999,6.25,0.14681540778295668,-0.022499999999999777,0.030000000000000165,0.05249999999999994
5,23,0.4,0.4,0.16000000000000003,0.1626,0.1602,0.0025999999999999635,0.00019999999999997797,-0.0023999999999999855,0.0,5.139000363493318,-0.0,-0.0,0.0
5,24,0.4,0.4,0.16000000000000003,0.1684,0.1662,0.008399999999999963,0.0061999999999999555,-0.0022000000000000075,0.0,5.648120200818597,-0.0,-0.0,0.0
5,25,0.4,0.4,0.16000000000000003,0.1738,0.159,0.013799999999999979,-0.0010000000000000286,-0.014800000000000008,6.25,34.849631927057935,-0.08624999999999987,0.006250000000000179,0.09250000000000005
5,26,0.4,0.4,0.16000000000000003,0.1664,0.1506,0.006399999999999961,-0.00940000000000002,-0.01579999999999998,0.0,2.9360659794826915,-0.0,0.0,0.0
5,27,0.4,0.4,0.16000000000000003,0.1614,0.1582,0.0013999999999999568,-0.0018000000000000238,-0.0031999999999999806,6.25,17.793726423178704,-0.00874999999999973,0.011250000000000149,0.01999999999999988
5,28,0.4,0.4,0.16000000000000003,0.1644,0.1608,0.0043999999999999595,0.0007999999999999674,-0.003599999999999992,0.0,8.042585023260461,-0.0,-0.0,0.0
5,29,0.4,0.4,0.16000000000000003,0.1624,0.1578,0.0023999999999999577,-0.0022000000000000353,-0.004599999999999993,6.25,1.8875715327433986,-0.014999999999999736,0.01375000000000022,0.028749999999999956
5,30,0.4,0.4,0.16000000000000003,0.1642,0.1554,0.0041999999999999815,-0.004600000000000021,-0.008800000000000002,0.0,4.832388406356956,-0.0,0.0,0.0
5,31,0.4,0.4,0.16000000000000003,0.1718,0.1586,0.011799999999999977,-0.00140000000000004,-0.013200000000000017,6.25,19.996009079567486,-0.07374999999999986,0.00875000000000025,0.0825000000000001
5,32,0.4,0.4,0.16000000000000003,0.1724,0.1674,0.012399999999999967,0.007399999999999962,-0.0050000000000000044,0.0,8.507869802115932,-0.0,-0.0,0.0
5,33,0.4,0.4,0.16000000000000003,0.162,0.1648,0.001999999999999974,0.004799999999999971,0.002799999999999997,6.25,19.029755920349572,-0.012499999999999838,-0.02999999999999982,-0.01749999999999998
5,34,0.4,0.4,0.16000000000000003,0.159,0.1612,-0.0010000000000000286,0.0011999999999999789,0.0022000000000000075,6.25,12.401867036604699,0.006250000000000179,-0.007499999999999868,-0.013750000000000047
5,35,0.4,0.4,0.16000000000000003,0.1682,0.161,0.008199999999999957,0.0009999999999999731,-0.007199999999999984,6.25,656.052083196155,-0.05124999999999973,-0.006249999999999832,0.0449999999999999
5,36,0.4,0.4,0.16000000000000003,0.1704,0.1544,0.010399999999999965,-0.005600000000000022,-0.015999999999999986,0.0,1.975616504287164,-0.0,0.0,0.0
5,37,0.4,0.4,0.16000000000000003,0.164,0.1574,0.003999999999999976,-0.002600000000000019,-0.006599999999999995,6.25,191.81610242006917,-0.02499999999999985,0.01625000000000012,0.04124999999999997
5,38,0.4,0.4,0.16000000000000003,0.1646,0.1598,0.004599999999999965,-0.00020000000000003348,-0.004799999999999999,6.25,6.990731477712896,-0.028749999999999783,0.0012500000000002093,0.029999999999999992
5,39,0.4,0.4,0.16000000000000003,0.1586,0.1586,-0.00140000000000004,-0.00140000000000004,0.0,6.25,65.60402947893559,0.00875000000000025,0.00875000000000025,0.0
5,40,0.4,0.4,0.16000000000000003,0.1666,0.1552,0.006599999999999967,-0.0048000000000000265,-0.011399999999999993,0.0,3.906458628098977,-0.0,0.0,0.0
5,41,0.4,0.4,0.16000000000000003,0.17,0.1582,0.009999999999999981,-0.0018000000000000238,-0.011800000000000005,0.0,19.98382416314026,-0.0,0.0,0.0
5,42,0.4,0.4,0.16000000000000003,0.1598,0.1488,-0.00020000000000003348,-0.011200000000000043,-0.01100000000000001,6.25,2.7301087883614588,0.0012500000000002093,0.07000000000000027,0.06875000000000006
5,43,0.4,0.4,0.16000000000000003,0.1674,0.1594,0.007399999999999962,-0.0006000000000000449,-0.008000000000000007,0.0,21.048735817039258,-0.0,0.0,0.0
5,44,0.4,0.4,0.16000000000000003,0.1606,0.156,0.0005999999999999617,-0.004000000000000031,-0.004599999999999993,6.25,10.575946585033087,-0.0037499999999997605,0.025000000000000196,0.028749999999999956
5,45,0.4,0.4,0.16000000000000003,0.1656,0.162,0.005599999999999966,0.001999999999999974,-0.003599999999999992,6.25,162.56009401441187,-0.03499999999999979,-0.012499999999999838,0.02249999999999995
5,46,0.4,0.4,0.16000000000000003,0.1626,0.1668,0.0025999999999999635,0.006799999999999973,0.004200000000000009,6.25,38.68370372818082,-0.01624999999999977,-0.04249999999999983,-0.026250000000000058
5,47,0.4,0.4,0.16000000000000003,0.1668,0.1556,0.006799999999999973,-0.004400000000000043,-0.011200000000000015,6.25,5.254136209821022,-0.04249999999999983,0.027500000000000267,0.07000000000000009
5,48,0.4,0.4,0.16000000000000003,0.1702,0.1558,0.010199999999999959,-0.004200000000000037,-0.014399999999999996,6.25,56.759642140795215,-0.06374999999999975,0.02625000000000023,0.08999999999999998
5,49,0.4,0.4,0.16000000000000003,0.1666,0.1626,0.006599999999999967,0.0025999999999999635,-0.0040000000000000036,6.25,79.29160713534377,-0.041249999999999794,-0.01624999999999977,0.025000000000000022
6,7,0.4,0.4,0.16000000000000003,0.1558,0.1532,-0.004200000000000037,-0.006800000000000028,-0.002599999999999991,0.0,38.086707575834694,0.0,0.0,0.0
6,8,0.4,0.4,0.16000000000000003,0.1542,0.163,-0.005800000000000027,0.002999999999999975,0.008800000000000002,6.25,42.357862912932426,0.03625000000000017,-0.018749999999999843,-0.055000000000000014
6,9,0.4,0.4,0.16000000000000003,0.1512,0.1644,-0.00880000000000003,0.0043999999999999595,0.01319999999999999,0.0,36.939253583295184,0.0,-0.0,-0.0
6,10,0.4,0.4,0.16000000000000003,0.1546,0.168,-0.005400000000000044,0.00799999999999998,0.013400000000000023,0.0,52.00777250016411,0.0,-0.0,-0.0
6,11,0.4,0.4,0.16000000000000003,0.1518,0.1566,-0.00820000000000004,-0.003400000000000042,0.004799999999999999,0.0,7.013422760402849,0.0,0.0,0.0
6,12,0.4,0.4,0.16000000000000003,0.1374,0.1506,-0.022600000000000037,-0.00940000000000002,0.013200000000000017,0.0,5.24519117650374,0.0,0.0,0.0
6,13,0.4,0.4,0.16000000000000003,0.156,0.1564,-0.004000000000000031,-0.00360000000000002,0.00040000000000001146,6.25,39.5274354270756,0.025000000000000196,0.022500000000000124,-0.0025000000000000716
6,14,0.4,0.4,0.16000000000000003,0.1496,0.1472,-0.01040000000000002,-0.012800000000000034,-0.0024000000000000132,0.0,2.698107571576444,0.0,0.0,0.0
6,15,0.4,0.4,0.16000000000000003,0.1526,0.1608,-0.007400000000000018,0.0007999999999999674,0.008199999999999985,6.25,14.300360186861463,0.04625000000000011,-0.004999999999999796,-0.05124999999999991
6,16,0.4,0.4,0.16000000000000003,0.1514,0.1562,-0.008600000000000024,-0.0038000000000000256,0.004799999999999999,6.25,32.86388059960644,0.05375000000000015,0.02375000000000016,-0.029999999999999992
6,17,0.4,0.4,0.16000000000000003,0.1486,0.15,-0.011400000000000021,-0.010000000000000037,0.0013999999999999846,0.0,10.720666533425025,0.0,0.0,0.0
6,18,0.4,0.4,0.16000000000000003,0.1516,0.1624,-0.008400000000000019,0.0023999999999999577,0.010799999999999976,6.25,29.53143102818468,0.052500000000000116,-0.014999999999999736,-0.06749999999999985
6,19,0.4,0.4,0.16000000000000003,0.15,0.1572,-0.010000000000000037,-0.0028000000000000247,0.007200000000000012,6.25,37.40774752961971,0.06250000000000022,0.017500000000000154,-0.04500000000000007
6,20,0.4,0.4,0.16000000000000003,0.1488,0.1498,-0.011200000000000043,-0.010200000000000042,0.0010000000000000009,0.0,0.6131931485908131,0.0,0.0,0.0
6,21,0.4,0.4,0.16000000000000003,0.1504,0.1608,-0.009600000000000025,0.0007999999999999674,0.010399999999999993,0.0,19.55449576865416,0.0,-0.0,-0.0
6,22,0.4,0.4,0.16000000000000003,0.1462,0.1552,-0.013800000000000034,-0.0048000000000000265,0.009000000000000008,0.0,51.000491970004155,0.0,0.0,0.0
6,23,0.4,0.4,0.16000000000000003,0.1536,0.1622,-0.0064000000000000445,0.0021999999999999797,0.008600000000000024,6.25,27.76129223334222,0.04000000000000028,-0.013749999999999873,-0.05375000000000015
6,24,0.4,0.4,0.16000000000000003,0.1588,0.1668,-0.0012000000000000344,0.006799999999999973,0.008000000000000007,6.25,55.35141300070069,0.007500000000000215,-0.04249999999999983,-0.050000000000000044
6,25,0.4,0.4,0.16000000000000003,0.1568,0.163,-0.003200000000000036,0.002999999999999975,0.006200000000000011,0.0,52.292516237937406,0.0,-0.0,-0.0
6,26,0.4,0.4,0.16000000000000003,0.151,0.1568,-0.009000000000000036,-0.003200000000000036,0.0058,6.25,38.70142778734785,0.05625000000000022,0.020000000000000226,-0.03625
6,27,0.4,0.4,0.16000000000000003,0.1484,0.161,-0.011600000000000027,0.0009999999999999731,0.0126,0.0,59.50591254516846,0.0,-0.0,-0.0
6,28,0.4,0.4,0.16000000000000003,0.1508,0.1556,-0.009200000000000041,-0.004400000000000043,0.004799999999999999,6.25,40.036899751282206,0.05750000000000026,0.027500000000000267,-0.029999999999999992
6,29,0.4,0.4,0.16000000000000003,0.1548,0.163,-0.005200000000000038,0.002999999999999975,0.008200000000000013,0.0,47.27936913290169,0.0,-0.0,-0.0
6,30,0.4,0.4,0.16000000000000003,0.1502,0.1628,-0.009800000000000031,0.002799999999999969,0.0126,6.25,58.61804361502535,0.06125000000000019,-0.017499999999999807,-0.07875
6,31,0.4,0.4,0.16000000000000003,0.1538,0.1622,-0.006200000000000039,0.0021999999999999797,0.008400000000000019,0.0,50.090055015085724,0.0,-0.0,-0.0
6,32,0.4,0.4,0.16000000000000003,0.155,0.1668,-0.005000000000000032,0.006799999999999973,0.011800000000000005,6.25,53.462696344606016,0.0312500000000002,-0.04249999999999983,-0.07375000000000004
6,33,0.4,0.4,0.16000000000000003,0.1528,0.1688,-0.00720000000000004,0.008799999999999975,0.016000000000000014,0.0,38.04315662946062,0.0,-0.0,-0.0
6,34,0.4,0.4,0.16000000000000003,0.1414,0.1578,-0.018600000000000033,-0.0022000000000000353,0.016399999999999998,0.0,20.526489939879344,0.0,0.0,0.0
6,35,0.4,0.4,0.16000000000000003,0.1356,0.1282,-0.024400000000000033,-0.03180000000000002,-0.00739999999999999,0.0,330.39958795780126,0.0,0.0,0.0
6,36,0.4,0.4,0.16000000000000003,0.1512,0.1608,-0.00880000000000003,0.0007999999999999674,0.009599999999999997,6.25,38.77710358311764,0.05500000000000019,-0.004999999999999796,-0.059999999999999984
6,37,0.4,0.4,0.16000000000000003,0.1386,0.148,-0.02140000000000003,-0.012000000000000038,0.009399999999999992,0.0,40.48112948350945,0.0,0.0,0.0
6,38,0.4,0.4,0.16000000000000003,0.1542,0.1564,-0.005800000000000027,-0.00360000000000002,0.0022000000000000075,0.0,37.342273518528906,0.0,0.0,0.0
6,39,0.4,0.4,0.16000000000000003,0.148,0.1502,-0.012000000000000038,-0.009800000000000031,0.0022000000000000075,0.0,8.834748350280647,0.0,0.0,0.0
6,40,0.4,0.4,0.16000000000000003,0.146,0.154,-0.01400000000000004,-0.006000000000000033,0.008000000000000007,6.25,37.108881082875655,0.08750000000000024,0.03750000000000021,-0.05000000000000004
6,41,0.4,0.4,0.16000000000000003,0.1518,0.1594,-0.00820000000000004,-0.0006000000000000449,0.007599999999999996,6.25,10.239162198903319,0.051250000000000254,0.003750000000000281,-0.04749999999999997
6,42,0.4,0.4,0.16000000000000003,0.1584,0.1532,-0.001600000000000018,-0.006800000000000028,-0.00520000000000001,0.0,44.12340945372463,0.0,0.0,0.0
6,43,0.4,0.4,0.16000000000000003,0.159,0.1628,-0.0010000000000000286,0.002799999999999969,0.003799999999999998,6.25,55.356212834534546,0.006250000000000179,-0.017499999999999807,-0.023749999999999986
6,44,0.4,0.4,0.16000000000000003,0.1536,0.1604,-0.0064000000000000445,0.00039999999999995595,0.0068000000000000005,0.0,31.24507938269622,0.0,-0.0,-0.0
6,45,0.4,0.4,0.16000000000000003,0.14,0.1478,-0.020000000000000018,-0.012200000000000044,0.007799999999999974,0.0,31.70188436435618,0.0,0.0,0.0
6,46,0.4,0.4,0.16000000000000003,0.159,0.1698,-0.0010000000000000286,0.009799999999999975,0.010800000000000004,0.0,86.16474589479489,0.0,-0.0,-0.0
6,47,0.4,0.4,0.16000000000000003,0.1518,0.1576,-0.00820000000000004,-0.002400000000000041,0.0058,0.0,33.06174330524298,0.0,0.0,0.0
6,48,0.4,0.4,0.16000000000000003,0.1608,0.1632,0.0007999999999999674,0.0031999999999999806,0.0024000000000000132,0.0,77.07635628344167,-0.0,-0.0,0.0
6,49,0.4,0.4,0.16000000000000003,0.1592,0.1692,-0.0008000000000000229,0.009199999999999958,0.009999999999999981,0.0,102.09221491417826,0.0,-0.0,-0.0
7,8,0.4,0.4,0.16000000000000003,0.1554,0.1606,-0.004600000000000021,0.0005999999999999617,0.005199999999999982,6.25,2.3232560656848964,0.02875000000000013,-0.0037499999999997605,-0.03249999999999989
7,9,0.4,0.4,0.16000000000000003,0.1588,0.1606,-0.0012000000000000344,0.0005999999999999617,0.001799999999999996,0.0,1.7634584623823293,0.0,-0.0,-0.0
7,10,0.4,0.4,0.16000000000000003,0.1638,0.1578,0.00379999999999997,-0.0022000000000000353,-0.006000000000000005,0.0,1.6573364888179403,-0.0,0.0,0.0
7,11,0.4,0.4,0.16000000000000003,0.1592,0.1596,-0.0008000000000000229,-0.0004000000000000392,0.0003999999999999837,0.0,18.94307782482574,0.0,0.0,0.0
7,12,0.4,0.4,0.16000000000000003,0.145,0.156,-0.015000000000000041,-0.004000000000000031,0.01100000000000001,0.0,67.77820260076702,0.0,0.0,0.0
7,13,0.4,0.4,0.16000000000000003,0.1616,0.151,0.0015999999999999626,-0.009000000000000036,-0.010599999999999998,6.25,1.028606239635002,-0.009999999999999766,0.05625000000000022,0.06624999999999999
7,14,0.4,0.4,0.16000000000000003,0.16,0.1532,-2.7755575615628914e-17,-0.006800000000000028,-0.0068000000000000005,0.0,50.77631944136291,0.0,0.0,0.0
7,15,0.4,0.4,0.16000000000000003,0.1658,0.1622,0.005799999999999972,0.0021999999999999797,-0.003599999999999992,6.25,10.42251090349837,-0.036249999999999824,-0.013749999999999873,0.02249999999999995
7,16,0.4,0.4,0.16000000000000003,0.1604,0.1522,0.00039999999999995595,-0.007800000000000029,-0.008199999999999985,6.25,3.1908587712402903,-0.0024999999999997247,0.04875000000000018,0.05124999999999991
7,17,0.4,0.4,0.16000000000000003,0.1526,0.1584,-0.007400000000000018,-0.001600000000000018,0.0058,0.0,12.674970938949025,0.0,0.0,0.0
7,18,0.4,0.4,0.16000000000000003,0.1588,0.16,-0.0012000000000000344,-2.7755575615628914e-17,0.0012000000000000066,6.25,1.4937144057237812,0.007500000000000215,1.734723475976807e-16,-0.007500000000000041
7,19,0.4,0.4,0.16000000000000003,0.1592,0.153,-0.0008000000000000229,-0.007000000000000034,-0.006200000000000011,6.25,17.82164707886116,0.005000000000000143,0.04375000000000021,0.03875000000000007
7,20,0.4,0.4,0.16000000000000003,0.152,0.1566,-0.008000000000000035,-0.003400000000000042,0.004599999999999993,0.0,32.02276108924747,0.0,0.0,0.0
7,21,0.4,0.4,0.16000000000000003,0.159,0.1526,-0.0010000000000000286,-0.007400000000000018,-0.006399999999999989,0.0,5.958905567762191,0.0,0.0,0.0
7,22,0.4,0.4,0.16000000000000003,0.1612,0.1508,0.0011999999999999789,-0.009200000000000041,-0.01040000000000002,0.0,3.1474133413117555,-0.0,0.0,0.0
7,23,0.4,0.4,0.16000000000000003,0.1568,0.1518,-0.003200000000000036,-0.00820000000000004,-0.0050000000000000044,6.25,1.8032399848551357,0.020000000000000226,0.051250000000000254,0.03125000000000003
7,24,0.4,0.4,0.16000000000000003,0.167,0.1658,0.0069999999999999785,0.005799999999999972,-0.0012000000000000066,6.25,1.8611611903481275,-0.043749999999999865,-0.036249999999999824,0.007500000000000041
7,25,0.4,0.4,0.16000000000000003,0.1604,0.151,0.00039999999999995595,-0.009000000000000036,-0.009399999999999992,0.0,15.668525884524584,-0.0,0.0,0.0
7,26,0.4,0.4,0.16000000000000003,0.163,0.1574,0.002999999999999975,-0.002600000000000019,-0.005599999999999994,6.25,6.491276443879153,-0.018749999999999843,0.01625000000000012,0.03499999999999996
7,27,0.4,0.4,0.16000000000000003,0.1504,0.1558,-0.009600000000000025,-0.004200000000000037,0.005399999999999988,0.0,7.093592730192783,0.0,0.0,0.0
7,28,0.4,0.4,0.16000000000000003,0.1618,0.16,0.0017999999999999683,-2.7755575615628914e-17,-0.001799999999999996,6.25,14.710683506937425,-0.011249999999999802,1.734723475976807e-16,0.011249999999999975
7,29,0.4,0.4,0.16000000000000003,0.1558,0.1532,-0.004200000000000037,-0.006800000000000028,-0.002599999999999991,0.0,0.7295135047175039,0.0,0.0,0.0
7,30,0.4,0.4,0.16000000000000003,0.163,0.1528,0.002999999999999975,-0.00720000000000004,-0.010200000000000015,6.25,15.454255400875237,-0.018749999999999843,0.04500000000000025,0.06375000000000008
7,31,0.4,0.4,0.16000000000000003,0.1646,0.1494,0.004599999999999965,-0.010600000000000026,-0.015199999999999991,0.0,6.921711777807105,-0.0,0.0,0.0
7,32,0.4,0.4,0.16000000000000003,0.1538,0.1656,-0.006200000000000039,0.005599999999999966,0.011800000000000005,6.25,2.3201011706442682,0.03875000000000024,-0.03499999999999979,-0.07375000000000004
7,33,0.4,0.4,0.16000000000000003,0.1528,0.1528,-0.00720000000000004,-0.00720000000000004,0.0,0.0,5.317200280277077,0.0,0.0,0.0
7,34,0.4,0.4,0.16000000000000003,0.1568,0.1562,-0.003200000000000036,-0.0038000000000000256,-0.0005999999999999894,0.0,11.659092101192492,0.0,0.0,0.0
7,35,0.4,0.4,0.16000000000000003,0.16,0.1464,-2.7755575615628914e-17,-0.013600000000000029,-0.013600000000000001,0.0,576.028650366069,0.0,0.0,0.0
7,36,0.4,0.4,0.16000000000000003,0.1566,0.1568,-0.003400000000000042,-0.003200000000000036,0.00020000000000000573,6.25,4.284292662559639,0.021250000000000262,0.020000000000000226,-0.0012500000000000358
7,37,0.4,0.4,0.16000000000000003,0.161,0.1554,0.0009999999999999731,-0.004600000000000021,-0.005599999999999994,0.0,155.61182632156908,-0.0,0.0,0.0
7,38,0.4,0.4,0.16000000000000003,0.162,0.1528,0.001999999999999974,-0.00720000000000004,-0.009200000000000014,0.0,0.3044499318912265,-0.0,0.0,0.0
7,39,0.4,0.4,0.16000000000000003,0.159,0.154,-0.0010000000000000286,-0.006000000000000033,-0.0050000000000000044,0.0,38.52152978278517,0.0,0.0,0.0
7,40,0.4,0.4,0.16000000000000003,0.1502,0.1566,-0.009800000000000031,-0.003400000000000042,0.006399999999999989,6.25,0.062300021591175966,0.06125000000000019,0.021250000000000262,-0.03999999999999993
7,41,0.4,0.4,0.16000000000000003,0.1644,0.1514,0.0043999999999999595,-0.008600000000000024,-0.012999999999999984,6.25,13.695666744981537,-0.027499999999999747,0.05375000000000015,0.0812499999999999
7,42,0.4,0.4,0.16000000000000003,0.1624,0.1482,0.0023999999999999577,-0.011800000000000033,-0.01419999999999999,0.0,8.26815566478582,-0.0,0.0,0.0
7,43,0.4,0.4,0.16000000000000003,0.1566,0.1552,-0.003400000000000042,-0.0048000000000000265,-0.0013999999999999846,6.25,8.130275193398186,0.021250000000000262,0.030000000000000165,0.008749999999999904
7,44,0.4,0.4,0.16000000000000003,0.167,0.1596,0.0069999999999999785,-0.0004000000000000392,-0.007400000000000018,0.0,1.275921019540926,-0.0,0.0,0.0
7,45,0.4,0.4,0.16000000000000003,0.1608,0.1522,0.0007999999999999674,-0.007800000000000029,-0.008599999999999997,0.0,121.6702705545649,-0.0,0.0,0.0
7,46,0.4,0.4,0.16000000000000003,0.1598,0.157,-0.00020000000000003348,-0.0030000000000000304,-0.002799999999999997,0.0,22.886678090007752,0.0,0.0,0.0
7,47,0.4,0.4,0.16000000000000003,0.1604,0.1568,0.00039999999999995595,-0.003200000000000036,-0.003599999999999992,0.0,7.969820765073701,-0.0,0.0,0.0
7,48,0.4,0.4,0.16000000000000003,0.153,0.156,-0.007000000000000034,-0.004000000000000031,0.0030000000000000027,0.0,32.64926010838663,0.0,0.0,0.0
7,49,0.4,0.4,0.16000000000000003,0.1518,0.1436,-0.00820000000000004,-0.016400000000000026,-0.008199999999999985,0.0,51.24839789693211,0.0,0.0,0.0
8,9,0.4,0.4,0.16000000000000003,0.1498,0.1674,-0.010200000000000042,0.007399999999999962,0.017600000000000005,6.25,0.19872210260703277,0.06375000000000026,-0.046249999999999764,-0.11000000000000003
8,10,0.4,0.4,0.16000000000000003,0.1596,0.1658,-0.0004000000000000392,0.005799999999999972,0.006200000000000011,6.25,6.149061052137726,0.002500000000000245,-0.036249999999999824,-0.03875000000000007
8,11,0.4,0.4,0.16000000000000003,0.1588,0.165,-0.0012000000000000344,0.004999999999999977,0.006200000000000011,6.25,27.36089911432724,0.007500000000000215,-0.031249999999999854,-0.03875000000000007
8,12,0.4,0.4,0.16000000000000003,0.1508,0.1618,-0.009200000000000041,0.0017999999999999683,0.01100000000000001,6.25,76.16126241146272,0.05750000000000026,-0.011249999999999802,-0.06875000000000006
8,13,0.4,0.4,0.16000000000000003,0.1602,0.1608,0.00019999999999997797,0.0007999999999999674,0.0005999999999999894,0.0,0.2678661317511022,-0.0,-0.0,0.0
8,14,0.4,0.4,0.16000000000000003,0.1584,0.1618,-0.001600000000000018,0.0017999999999999683,0.0033999999999999864,6.25,59.63662559273721,0.010000000000000113,-0.011249999999999802,-0.021249999999999915
8,15,0.4,0.4,0.16000000000000003,0.159,0.1646,-0.0010000000000000286,0.004599999999999965,0.005599999999999994,0.0,8.600633616086352,0.0,-0.0,-0.0
8,16,0.4,0.4,0.16000000000000003,0.1622,0.16,0.0021999999999999797,-2.7755575615628914e-17,-0.0022000000000000075,0.0,0.7229726403235455,-0.0,0.0,0.0
8,17,0.4,0.4,0.16000000000000003,0.1576,0.159,-0.002400000000000041,-0.0010000000000000286,0.0014000000000000123,6.25,20.469136115541954,0.015000000000000256,0.006250000000000179,-0.008750000000000077
8,18,0.4,0.4,0.16000000000000003,0.1514,0.173,-0.008600000000000024,0.012999999999999956,0.02159999999999998,0.0,1.3101545367360234,0.0,-0.0,-0.0
8,19,0.4,0.4,0.16000000000000003,0.1536,0.1598,-0.0064000000000000445,-0.00020000000000003348,0.006200000000000011,0.0,8.651919768438576,0.0,0.0,0.0
8,20,0.4,0.4,0.16000000000000003,0.1522,0.1606,-0.007800000000000029,0.0005999999999999617,0.00839999999999999,6.25,34.40651896723445,0.04875000000000018,-0.0037499999999997605,-0.05249999999999994
8,21,0.4,0.4,0.16000000000000003,0.16,0.16,-2.7755575615628914e-17,-2.7755575615628914e-17,0.0,6.25,13.219670897118947,1.734723475976807e-16,1.734723475976807e-16,0.0
8,22,0.4,0.4,0.16000000000000003,0.1576,0.1564,-0.002400000000000041,-0.00360000000000002,-0.0011999999999999789,6.25,0.4064063554997557,0.015000000000000256,0.022500000000000124,0.007499999999999868
8,23,0.4,0.4,0.16000000000000003,0.1614,0.165,0.0013999999999999568,0.004999999999999977,0.00360000000000002,0.0,1.6616046658857608,-0.0,-0.0,0.0
8,24,0.4,0.4,0.16000000000000003,0.1588,0.161,-0.0012000000000000344,0.0009999999999999731,0.0022000000000000075,0.0,5.461550049799023,0.0,-0.0,-0.0
8,25,0.4,0.4,0.16000000000000003,0.1596,0.165,-0.0004000000000000392,0.004999999999999977,0.005400000000000016,6.25,30.025766542837182,0.002500000000000245,-0.031249999999999854,-0.0337500000000001
8,26,0.4,0.4,0.16000000000000003,0.1588,0.1506,-0.0012000000000000344,-0.00940000000000002,-0.008199999999999985,0.0,1.3758051377492346,0.0,0.0,0.0
8,27,0.4,0.4,0.16000000000000003,0.1564,0.1624,-0.00360000000000002,0.0023999999999999577,0.005999999999999978,6.25,16.318941141229757,0.022500000000000124,-0.014999999999999736,-0.03749999999999986
8,28,0.4,0.4,0.16000000000000003,0.1514,0.1634,-0.008600000000000024,0.0033999999999999586,0.011999999999999983,0.0,6.161356930093918,0.0,-0.0,-0.0
8,29,0.4,0.4,0.16000000000000003,0.155,0.1626,-0.005000000000000032,0.0025999999999999635,0.007599999999999996,6.25,1.2921706034043428,0.0312500000000002,-0.01624999999999977,-0.04749999999999997
8,30,0.4,0.4,0.16000000000000003,0.1526,0.1634,-0.007400000000000018,0.0033999999999999586,0.010799999999999976,0.0,5.793497277914255,0.0,-0.0,-0.0
8,31,0.4,0.4,0.16000000000000003,0.1596,0.1646,-0.0004000000000000392,0.004599999999999965,0.0050000000000000044,6.25,16.99383907463277,0.002500000000000245,-0.028749999999999783,-0.03125000000000003
8,32,0.4,0.4,0.16000000000000003,0.151,0.1734,-0.009000000000000036,0.013399999999999967,0.022400000000000003,0.0,7.632655383391759,0.0,-0.0,-0.0
8,33,0.4,0.4,0.16000000000000003,0.1564,0.165,-0.00360000000000002,0.004999999999999977,0.008599999999999997,6.25,14.644052167517266,0.022500000000000124,-0.031249999999999854,-0.05374999999999998
8,34,0.4,0.4,0.16000000000000003,0.153,0.1594,-0.007000000000000034,-0.0006000000000000449,0.006399999999999989,6.25,7.268583150792626,0.04375000000000021,0.003750000000000281,-0.03999999999999993
8,35,0.4,0.4,0.16000000000000003,0.1582,0.1558,-0.0018000000000000238,-0.004200000000000037,-0.0024000000000000132,6.25,606.540209368591,0.011250000000000149,0.02625000000000023,0.015000000000000083
8,36,0.4,0.4,0.16000000000000003,0.1516,0.163,-0.008400000000000019,0.002999999999999975,0.011399999999999993,0.0,0.4859342047059598,0.0,-0.0,-0.0
8,37,0.4,0.4,0.16000000000000003,0.1508,0.1566,-0.009200000000000041,-0.003400000000000042,0.0058,6.25,165.5899343971487,0.05750000000000026,0.021250000000000262,-0.03625
8,38,0.4,0.4,0.16000000000000003,0.155,0.1602,-0.005000000000000032,0.00019999999999997797,0.00520000000000001,6.25,4.307567930973645,0.0312500000000002,-0.0012499999999998623,-0.032500000000000064
8,39,0.4,0.4,0.16000000000000003,0.1602,0.1556,0.00019999999999997797,-0.004400000000000043,-0.004600000000000021,6.25,51.350767584946155,-0.0012499999999998623,0.027500000000000267,0.02875000000000013
8,40,0.4,0.4,0.16000000000000003,0.1468,0.1588,-0.013200000000000017,-0.0012000000000000344,0.011999999999999983,0.0,1.699789140608404,0.0,0.0,0.0
8,41,0.4,0.4,0.16000000000000003,0.1602,0.1544,0.00019999999999997797,-0.005600000000000022,-0.0058,0.0,12.416106204132264,-0.0,0.0,0.0
8,42,0.4,0.4,0.16000000000000003,0.1552,0.1564,-0.0048000000000000265,-0.00360000000000002,0.0012000000000000066,6.25,1.9472105084498725,0.030000000000000165,0.022500000000000124,-0.007500000000000041
8,43,0.4,0.4,0.16000000000000003,0.156,0.1588,-0.004000000000000031,-0.0012000000000000344,0.002799999999999997,0.0,18.568746849364086,0.0,0.0,0.0
8,44,0.4,0.4,0.16000000000000003,0.1664,0.1582,0.006399999999999961,-0.0018000000000000238,-0.008199999999999985,6.25,6.591292387844874,-0.03999999999999976,0.011250000000000149,0.05124999999999991
8,45,0.4,0.4,0.16000000000000003,0.1564,0.1554,-0.00360000000000002,-0.004600000000000021,-0.0010000000000000009,6.25,138.62667908782512,0.022500000000000124,0.02875000000000013,0.0062500000000000056
8,46,0.4,0.4,0.16000000000000003,0.161,0.1606,0.0009999999999999731,0.0005999999999999617,-0.00040000000000001146,6.25,37.684853848902414,-0.006249999999999832,-0.0037499999999997605,0.0025000000000000716
8,47,0.4,0.4,0.16000000000000003,0.153,0.1574,-0.007000000000000034,-0.002600000000000019,0.004400000000000015,6.25,2.6831115100760297,0.04375000000000021,0.01625000000000012,-0.027500000000000094
8,48,0.4,0.4,0.16000000000000003,0.1608,0.1678,0.0007999999999999674,0.007799999999999974,0.007000000000000006,6.25,52.06528808101867,-0.004999999999999796,-0.048749999999999835,-0.04375000000000004
8,49,0.4,0.4,0.16000000000000003,0.1632,0.1664,0.0031999999999999806,0.006399999999999961,0.0031999999999999806,6.25,74.72393767564034,-0.01999999999999988,-0.03999999999999976,-0.01999999999999988
9,10,0.4,0.4,0.16000000000000003,0.1662,0.1646,0.0061999999999999555,0.004599999999999965,-0.0015999999999999903,0.0,6.0290335092525575,-0.0,-0.0,0.0
9,11,0.4,0.4,0.16000000000000003,0.1602,0.1666,0.00019999999999997797,0.006599999999999967,0.006399999999999989,0.0,22.946279891181423,-0.0,-0.0,0.0
9,12,0.4,0.4,0.16000000000000003,0.1414,0.164,-0.018600000000000033,0.003999999999999976,0.02260000000000001,0.0,68.70219903627351,0.0,-0.0,-0.0
9,13,0.4,0.4,0.16000000000000003,0.1592,0.1646,-0.0008000000000000229,0.004599999999999965,0.005399999999999988,6.25,0.15844380994567087,0.005000000000000143,-0.028749999999999783,-0.033749999999999926
9,14,0.4,0.4,0.16000000000000003,0.1606,0.1644,0.0005999999999999617,0.0043999999999999595,0.003799999999999998,0.0,52.982722545746014,-0.0,-0.0,0.0
9,15,0.4,0.4,0.16000000000000003,0.166,0.1684,0.005999999999999978,0.008399999999999963,0.0023999999999999855,6.25,6.551451324474126,-0.03749999999999986,-0.05249999999999977,-0.01499999999999991
9,16,0.4,0.4,0.16000000000000003,0.1558,0.1612,-0.004200000000000037,0.0011999999999999789,0.005400000000000016,6.25,0.31728632418834457,0.02625000000000023,-0.007499999999999868,-0.0337500000000001
9,17,0.4,0.4,0.16000000000000003,0.1536,0.1634,-0.0064000000000000445,0.0033999999999999586,0.009800000000000003,0.0,16.74166284201743,0.0,-0.0,-0.0
9,18,0.4,0.4,0.16000000000000003,0.158,0.1684,-0.0020000000000000295,0.008399999999999963,0.010399999999999993,6.25,0.4907283034455451,0.012500000000000185,-0.05249999999999977,-0.06499999999999995
9,19,0.4,0.4,0.16000000000000003,0.163,0.1666,0.002999999999999975,0.006599999999999967,0.003599999999999992,6.25,8.563165127709784,-0.018749999999999843,-0.041249999999999794,-0.02249999999999995
9,20,0.4,0.4,0.16000000000000003,0.1544,0.163,-0.005600000000000022,0.002999999999999975,0.008599999999999997,0.0,29.65068900211641,0.0,-0.0,-0.0
9,21,0.4,0.4,0.16000000000000003,0.1586,0.1626,-0.00140000000000004,0.0025999999999999635,0.0040000000000000036,0.0,10.502798728214362,0.0,-0.0,-0.0
9,22,0.4,0.4,0.16000000000000003,0.1654,0.1638,0.00539999999999996,0.00379999999999997,-0.0015999999999999903,0.0,1.133894298528915,-0.0,-0.0,0.0
9,23,0.4,0.4,0.16000000000000003,0.1532,0.172,-0.006800000000000028,0.011999999999999955,0.018799999999999983,6.25,0.7110777770446229,0.042500000000000177,-0.07499999999999972,-0.1174999999999999
9,24,0.4,0.4,0.16000000000000003,0.1662,0.1658,0.0061999999999999555,0.005799999999999972,-0.0003999999999999837,6.25,5.6537104798133395,-0.03874999999999972,-0.036249999999999824,0.002499999999999898
9,25,0.4,0.4,0.16000000000000003,0.1612,0.1642,0.0011999999999999789,0.0041999999999999815,0.0030000000000000027,0.0,27.717332984344992,-0.0,-0.0,0.0
9,26,0.4,0.4,0.16000000000000003,0.1548,0.1568,-0.005200000000000038,-0.003200000000000036,0.0020000000000000018,6.25,1.4883244543967467,0.03250000000000024,0.020000000000000226,-0.012500000000000011
9,27,0.4,0.4,0.16000000000000003,0.1602,0.1694,0.00019999999999997797,0.009399999999999964,0.009199999999999986,0.0,15.669994090167847,-0.0,-0.0,0.0
9,28,0.4,0.4,0.16000000000000003,0.1574,0.164,-0.002600000000000019,0.003999999999999976,0.006599999999999995,6.25,6.332883022813281,0.01625000000000012,-0.02499999999999985,-0.04124999999999997
9,29,0.4,0.4,0.16000000000000003,0.164,0.1622,0.003999999999999976,0.0021999999999999797,-0.001799999999999996,0.0,1.4852769327370527,-0.0,-0.0,0.0
9,30,0.4,0.4,0.16000000000000003,0.162,0.1622,0.001999999999999974,0.0021999999999999797,0.00020000000000000573,6.25,7.193233660424701,-0.012499999999999838,-0.013749999999999873,-0.0012500000000000358
9,31,0.4,0.4,0.16000000000000003,0.1578,0.1702,-0.0022000000000000353,0.010199999999999959,0.012399999999999994,0.0,15.671029628424613,0.0,-0.0,-0.0
9,32,0.4,0.4,0.16000000000000003,0.1628,0.171,0.002799999999999969,0.010999999999999982,0.008200000000000013,6.25,7.447100242462103,-0.017499999999999807,-0.0687499999999999,-0.05125000000000009
9,33,0.4,0.4,0.16000000000000003,0.157,0.1714,-0.0030000000000000304,0.011399999999999966,0.014399999999999996,0.0,12.794844751183465,0.0,-0.0,-0.0
9,34,0.4,0.4,0.16000000000000003,0.1544,0.1604,-0.005600000000000022,0.00039999999999995595,0.005999999999999978,0.0,5.87448925227571,0.0,-0.0,-0.0
9,35,0.4,0.4,0.16000000000000003,0.1568,0.1568,-0.003200000000000036,-0.003200000000000036,0.0,0.0,584.9948269765937,0.0,0.0,0.0
9,36,0.4,0.4,0.16000000000000003,0.1518,0.1606,-0.00820000000000004,0.0005999999999999617,0.008800000000000002,6.25,0.5542609284340408,0.051250000000000254,-0.0037499999999997605,-0.055000000000000014
9,37,0.4,0.4,0.16000000000000003,0.1614,0.1644,0.0013999999999999568,0.0043999999999999595,0.0030000000000000027,0.0,154.74136574555442,-0.0,-0.0,0.0
9,38,0.4,0.4,0.16000000000000003,0.1586,0.1608,-0.00140000000000004,0.0007999999999999674,0.0022000000000000075,0.0,3.4527731302763907,0.0,-0.0,-0.0
9,39,0.4,0.4,0.16000000000000003,0.1544,0.1594,-0.005600000000000022,-0.0006000000000000449,0.004999999999999977,0.0,45.257440772305976,0.0,0.0,0.0
9,40,0.4,0.4,0.16000000000000003,0.1536,0.158,-0.0064000000000000445,-0.0020000000000000295,0.004400000000000015,6.25,1.171940721673275,0.04000000000000028,0.012500000000000185,-0.027500000000000094
9,41,0.4,0.4,0.16000000000000003,0.154,0.1626,-0.006000000000000033,0.0025999999999999635,0.008599999999999997,6.25,9.85014181765328,0.03750000000000021,-0.01624999999999977,-0.05374999999999998
9,42,0.4,0.4,0.16000000000000003,0.1564,0.1592,-0.00360000000000002,-0.0008000000000000229,0.002799999999999997,0.0,2.4457112008980326,0.0,0.0,0.0
9,43,0.4,0.4,0.16000000000000003,0.1604,0.162,0.00039999999999995595,0.001999999999999974,0.001600000000000018,6.25,17.43988899402544,-0.0024999999999997247,-0.012499999999999838,-0.010000000000000113
9,44,0.4,0.4,0.16000000000000003,0.1604,0.1682,0.00039999999999995595,0.008199999999999957,0.007800000000000001,0.0,5.129486419599352,-0.0,-0.0,0.0
9,45,0.4,0.4,0.16000000000000003,0.1588,0.1604,-0.0012000000000000344,0.00039999999999995595,0.0015999999999999903,0.0,128.3314397634144,0.0,-0.0,-0.0
9,46,0.4,0.4,0.16000000000000003,0.166,0.1702,0.005999999999999978,0.010199999999999959,0.0041999999999999815,0.0,36.92169112554345,-0.0,-0.0,0.0
9,47,0.4,0.4,0.16000000000000003,0.1616,0.1592,0.0015999999999999626,-0.0008000000000000229,-0.0023999999999999855,0.0,2.390330976822279,-0.0,0.0,0.0
9,48,0.4,0.4,0.16000000000000003,0.1576,0.1652,-0.002400000000000041,0.005199999999999982,0.007600000000000023,0.0,49.52902039307168,0.0,-0.0,-0.0
9,49,0.4,0.4,0.16000000000000003,0.1572,0.1634,-0.0028000000000000247,0.0033999999999999586,0.006199999999999983,0.0,72.01417944312689,0.0,-0.0,-0.0
10,11,0.4,0.4,0.16000000000000003,0.1612,0.1564,0.0011999999999999789,-0.00360000000000002,-0.004799999999999999,0.0,26.052674925895463,-0.0,0.0,0.0
10,12,0.4,0.4,0.16000000000000003,0.1616,0.1624,0.0015999999999999626,0.0023999999999999577,0.0007999999999999952,0.0,83.7523158522165,-0.0,-0.0,0.0
10,13,0.4,0.4,0.16000000000000003,0.1652,0.1564,0.005199999999999982,-0.00360000000000002,-0.008800000000000002,6.25,4.279163616316511,-0.03249999999999989,0.022500000000000124,0.055000000000000014
10,14,0.4,0.4,0.16000000000000003,0.1666,0.171,0.006599999999999967,0.010999999999999982,0.004400000000000015,0.0,63.96595575567317,-0.0,-0.0,0.0
10,15,0.4,0.4,0.16000000000000003,0.169,0.1686,0.00899999999999998,0.008599999999999969,-0.00040000000000001146,6.25,20.297987757812585,-0.056249999999999876,-0.053749999999999805,0.0025000000000000716
10,16,0.4,0.4,0.16000000000000003,0.163,0.1656,0.002999999999999975,0.005599999999999966,0.002599999999999991,6.25,8.906021754320749,-0.018749999999999843,-0.03499999999999979,-0.016249999999999945
10,17,0.4,0.4,0.16000000000000003,0.164,0.158,0.003999999999999976,-0.0020000000000000295,-0.006000000000000005,0.0,18.377576583888892,-0.0,0.0,0.0
10,18,0.4,0.4,0.16000000000000003,0.1604,0.1694,0.00039999999999995595,0.009399999999999964,0.009000000000000008,6.25,6.261272627780246,-0.0024999999999997247,-0.058749999999999775,-0.05625000000000005
10,19,0.4,0.4,0.16000000000000003,0.1674,0.1654,0.007399999999999962,0.00539999999999996,-0.0020000000000000018,6.25,28.918845408454043,-0.046249999999999764,-0.03374999999999975,0.012500000000000011
10,20,0.4,0.4,0.16000000000000003,0.1588,0.1648,-0.0012000000000000344,0.004799999999999971,0.006000000000000005,0.0,45.79576107544954,0.0,-0.0,-0.0
10,21,0.4,0.4,0.16000000000000003,0.157,0.1602,-0.0030000000000000304,0.00019999999999997797,0.0032000000000000084,0.0,9.231323125418466,0.0,-0.0,-0.0
10,22,0.4,0.4,0.16000000000000003,0.156,0.1606,-0.004000000000000031,0.0005999999999999617,0.004599999999999993,0.0,5.832078805448661,0.0,-0.0,-0.0
10,23,0.4,0.4,0.16000000000000003,0.1598,0.164,-0.00020000000000003348,0.003999999999999976,0.004200000000000009,6.25,6.911697066524349,0.0012500000000002093,-0.02499999999999985,-0.026250000000000058
10,24,0.4,0.4,0.16000000000000003,0.1604,0.1624,0.00039999999999995595,0.0023999999999999577,0.0020000000000000018,6.25,0.1362611267131835,-0.0024999999999997247,-0.014999999999999736,-0.012500000000000011
10,25,0.4,0.4,0.16000000000000003,0.1576,0.152,-0.002400000000000041,-0.008000000000000035,-0.005599999999999994,0.0,11.083575998648119,0.0,0.0,0.0
10,26,0.4,0.4,0.16000000000000003,0.1636,0.1618,0.0035999999999999643,0.0017999999999999683,-0.001799999999999996,6.25,13.192548836193373,-0.022499999999999777,-0.011249999999999802,0.011249999999999975
10,27,0.4,0.4,0.16000000000000003,0.1512,0.155,-0.00880000000000003,-0.005000000000000032,0.003799999999999998,0.0,2.519817909744478,0.0,0.0,0.0
10,28,0.4,0.4,0.16000000000000003,0.1624,0.1624,0.0023999999999999577,0.0023999999999999577,0.0,6.25,24.46948080766597,-0.014999999999999736,-0.014999999999999736,0.0
10,29,0.4,0.4,0.16000000000000003,0.1644,0.1628,0.0043999999999999595,0.002799999999999969,-0.0015999999999999903,0.0,1.8581136826710336,-0.0,-0.0,0.0
10,30,0.4,0.4,0.16000000000000003,0.1704,0.1638,0.010399999999999965,0.00379999999999997,-0.006599999999999995,6.25,22.69508512318341,-0.06499999999999978,-0.023749999999999813,0.04124999999999997
10,31,0.4,0.4,0.16000000000000003,0.161,0.1586,0.0009999999999999731,-0.00140000000000004,-0.0024000000000000132,0.0,3.5066008285814707,-0.0,0.0,0.0
10,32,0.4,0.4,0.16000000000000003,0.1634,0.1628,0.0033999999999999586,0.002799999999999969,-0.0005999999999999894,6.25,0.08106840465937887,-0.02124999999999974,-0.017499999999999807,0.003749999999999934
10,33,0.4,0.4,0.16000000000000003,0.1576,0.1562,-0.002400000000000041,-0.0038000000000000256,-0.0013999999999999846,0.0,4.129901746171246,0.0,0.0,0.0
10,34,0.4,0.4,0.16000000000000003,0.1652,0.1702,0.005199999999999982,0.010199999999999959,0.004999999999999977,0.0,22.049349537513617,-0.0,-0.0,0.0
10,35,0.4,0.4,0.16000000000000003,0.1674,0.1562,0.007399999999999962,-0.0038000000000000256,-0.011199999999999988,0.0,612.0602626974213,-0.0,0.0,0.0
10,36,0.4,0.4,0.16000000000000003,0.161,0.163,0.0009999999999999731,0.002999999999999975,0.0020000000000000018,6.25,9.875343584549922,-0.006249999999999832,-0.018749999999999843,-0.012500000000000011
10,37,0.4,0.4,0.16000000000000003,0.1602,0.161,0.00019999999999997797,0.0009999999999999731,0.0007999999999999952,0.0,179.9190288771008,-0.0,-0.0,0.0
10,38,0.4,0.4,0.16000000000000003,0.166,0.1594,0.005999999999999978,-0.0006000000000000449,-0.0066000000000000225,0.0,1.2380639322303508,-0.0,0.0,0.0
10,39,0.4,0.4,0.16000000000000003,0.1578,0.1668,-0.0022000000000000353,0.006799999999999973,0.009000000000000008,0.0,46.35314287555387,0.0,-0.0,-0.0
10,40,0.4,0.4,0.16000000000000003,0.164,0.1604,0.003999999999999976,0.00039999999999995595,-0.00360000000000002,6.25,2.271749190524382,-0.02499999999999985,-0.0024999999999997247,0.022500000000000124
10,41,0.4,0.4,0.16000000000000003,0.1686,0.1618,0.008599999999999969,0.0017999999999999683,-0.0068000000000000005,6.25,24.560394958925414,-0.053749999999999805,-0.011249999999999802,0.0425
10,42,0.4,0.4,0.16000000000000003,0.1624,0.1624,0.0023999999999999577,0.0023999999999999577,0.0,0.0,14.983162416428675,-0.0,-0.0,0.0
10,43,0.4,0.4,0.16000000000000003,0.1668,0.1534,0.006799999999999973,-0.0066000000000000225,-0.013399999999999995,6.25,3.8080597830778373,-0.04249999999999983,0.04125000000000014,0.08374999999999996
10,44,0.4,0.4,0.16000000000000003,0.1622,0.162,0.0021999999999999797,0.001999999999999974,-0.00020000000000000573,0.0,2.736600713542663,-0.0,-0.0,0.0
10,45,0.4,0.4,0.16000000000000003,0.1598,0.1596,-0.00020000000000003348,-0.0004000000000000392,-0.00020000000000000573,0.0,137.81089708756005,0.0,0.0,0.0
10,46,0.4,0.4,0.16000000000000003,0.1472,0.1648,-0.012800000000000034,0.004799999999999971,0.017600000000000005,0.0,13.404357088385694,0.0,-0.0,-0.0
10,47,0.4,0.4,0.16000000000000003,0.1666,0.1728,0.006599999999999967,0.012799999999999978,0.006200000000000011,0.0,16.007862013171046,-0.0,-0.0,0.0
10,48,0.4,0.4,0.16000000000000003,0.156,0.1572,-0.004000000000000031,-0.0028000000000000247,0.0012000000000000066,0.0,23.968696430083785,0.0,0.0,0.0
10,49,0.4,0.4,0.16000000000000003,0.162,0.1546,0.001999999999999974,-0.005400000000000044,-0.007400000000000018,0.0,39.25414587044825,-0.0,0.0,0.0
11,12,0.4,0.4,0.16000000000000003,0.15,0.153,-0.010000000000000037,-0.007000000000000034,0.0030000000000000027,0.0,17.00041399702472,0.0,0.0,0.0
11,13,0.4,0.4,0.16000000000000003,0.1638,0.155,0.00379999999999997,-0.005000000000000032,-0.008800000000000002,6.25,23.462074084296187,-0.023749999999999813,0.0312500000000002,0.055000000000000014
11,14,0.4,0.4,0.16000000000000003,0.1596,0.1552,-0.0004000000000000392,-0.0048000000000000265,-0.004399999999999987,0.0,8.602519110254587,0.0,0.0,0.0
11,15,0.4,0.4,0.16000000000000003,0.1556,0.1676,-0.004400000000000043,0.007599999999999968,0.01200000000000001,6.25,12.162568542600717,0.027500000000000267,-0.0474999999999998,-0.07500000000000007
11,16,0.4,0.4,0.16000000000000003,0.1678,0.1586,0.007799999999999974,-0.00140000000000004,-0.009200000000000014,6.25,21.854059459307074,-0.048749999999999835,0.00875000000000025,0.057500000000000086
11,17,0.4,0.4,0.16000000000000003,0.1582,0.157,-0.0018000000000000238,-0.0030000000000000304,-0.0012000000000000066,0.0,0.6679410473012467,0.0,0.0,0.0
11,18,0.4,0.4,0.16000000000000003,0.1604,0.1588,0.00039999999999995595,-0.0012000000000000344,-0.0015999999999999903,6.25,16.73387919946094,-0.0024999999999997247,0.007500000000000215,0.00999999999999994
11,19,0.4,0.4,0.16000000000000003,0.1612,0.1676,0.0011999999999999789,0.007599999999999968,0.006399999999999989,6.25,37.152797560756724,-0.007499999999999868,-0.0474999999999998,-0.03999999999999993
11,20,0.4,0.4,0.16000000000000003,0.1572,0.1542,-0.0028000000000000247,-0.005800000000000027,-0.0030000000000000027,0.0,7.132145661463977,0.0,0.0,0.0
11,21,0.4,0.4,0.16000000000000003,0.1562,0.1558,-0.0038000000000000256,-0.004200000000000037,-0.00040000000000001146,0.0,4.304342841550738,0.0,0.0,0.0
11,22,0.4,0.4,0.16000000000000003,0.1608,0.1586,0.0007999999999999674,-0.00140000000000004,-0.0022000000000000075,0.0,33.54694526533032,-0.0,0.0,0.0
11,23,0.4,0.4,0.16000000000000003,0.1598,0.1578,-0.00020000000000003348,-0.0022000000000000353,-0.0020000000000000018,6.25,15.689664978389569,0.0012500000000002093,0.01375000000000022,0.012500000000000011
11,24,0.4,0.4,0.16000000000000003,0.162,0.1634,0.001999999999999974,0.0033999999999999586,0.0013999999999999846,6.25,29.16779853604133,-0.012499999999999838,-0.02124999999999974,-0.008749999999999904
11,25,0.4,0.4,0.16000000000000003,0.1634,0.1536,0.0033999999999999586,-0.0064000000000000445,-0.009800000000000003,0.0,21.08342370852106,-0.0,0.0,0.0
11,26,0.4,0.4,0.16000000000000003,0.1656,0.1658,0.005599999999999966,0.005799999999999972,0.00020000000000000573,6.25,29.526056006701207,-0.03499999999999979,-0.036249999999999824,-0.0012500000000000358
11,27,0.4,0.4,0.16000000000000003,0.1546,0.158,-0.005400000000000044,-0.0020000000000000295,0.003400000000000014,0.0,27.82855799287706,0.0,0.0,0.0
11,28,0.4,0.4,0.16000000000000003,0.1622,0.1586,0.0021999999999999797,-0.00140000000000004,-0.00360000000000002,6.25,37.00714919733561,-0.013749999999999873,0.00875000000000025,0.022500000000000124
11,29,0.4,0.4,0.16000000000000003,0.1658,0.163,0.005799999999999972,0.002999999999999975,-0.002799999999999997,0.0,26.847293397458113,-0.0,-0.0,0.0
11,30,0.4,0.4,0.16000000000000003,0.1592,0.1612,-0.0008000000000000229,0.0011999999999999789,0.0020000000000000018,6.25,50.149570744579336,0.005000000000000143,-0.007499999999999868,-0.012500000000000011
11,31,0.4,0.4,0.16000000000000003,0.1588,0.1596,-0.0012000000000000344,-0.0004000000000000392,0.0007999999999999952,0.0,20.94751913825803,0.0,0.0,0.0
11,32,0.4,0.4,0.16000000000000003,0.1604,0.17,0.00039999999999995595,0.009999999999999981,0.009600000000000025,6.25,26.354449478624826,-0.0024999999999997247,-0.06249999999999988,-0.06000000000000016
11,33,0.4,0.4,0.16000000000000003,0.1582,0.1588,-0.0018000000000000238,-0.0012000000000000344,0.0005999999999999894,0.0,13.546916788455004,0.0,0.0,0.0
11,34,0.4,0.4,0.16000000000000003,0.1588,0.1596,-0.0012000000000000344,-0.0004000000000000392,0.0007999999999999952,0.0,19.232604532793303,0.0,0.0,0.0
11,35,0.4,0.4,0.16000000000000003,0.1432,0.1368,-0.016800000000000037,-0.023200000000000026,-0.006399999999999989,0.0,386.7508209589649,0.0,0.0,0.0
11,36,0.4,0.4,0.16000000000000003,0.1624,0.1636,0.0023999999999999577,0.0035999999999999643,0.0012000000000000066,6.25,27.376921180207376,-0.014999999999999736,-0.022499999999999777,-0.007500000000000041
11,37,0.4,0.4,0.16000000000000003,0.1454,0.148,-0.01460000000000003,-0.012000000000000038,0.002599999999999991,0.0,70.03584812324449,0.0,0.0,0.0
11,38,0.4,0.4,0.16000000000000003,0.159,0.1642,-0.0010000000000000286,0.0041999999999999815,0.00520000000000001,0.0,16.827076222606824,0.0,-0.0,-0.0
11,39,0.4,0.4,0.16000000000000003,0.156,0.1566,-0.004000000000000031,-0.003400000000000042,0.0005999999999999894,0.0,3.773170033348438,0.0,0.0,0.0
11,40,0.4,0.4,0.16000000000000003,0.1522,0.1584,-0.007800000000000029,-0.001600000000000018,0.006200000000000011,6.25,19.06869948531713,0.04875000000000018,0.010000000000000113,-0.03875000000000007
11,41,0.4,0.4,0.16000000000000003,0.1688,0.1602,0.008799999999999975,0.00019999999999997797,-0.008599999999999997,6.25,10.248247377691985,-0.05499999999999984,-0.0012499999999998623,0.05374999999999998
11,42,0.4,0.4,0.16000000000000003,0.163,0.1568,0.002999999999999975,-0.003200000000000036,-0.006200000000000011,0.0,34.861569386441836,-0.0,0.0,0.0
11,43,0.4,0.4,0.16000000000000003,0.1682,0.16,0.008199999999999957,-2.7755575615628914e-17,-0.008199999999999985,6.25,24.3278602164029,-0.05124999999999973,1.734723475976807e-16,0.05124999999999991
11,44,0.4,0.4,0.16000000000000003,0.1584,0.1596,-0.001600000000000018,-0.0004000000000000392,0.0011999999999999789,0.0,11.971813292438906,0.0,0.0,0.0
11,45,0.4,0.4,0.16000000000000003,0.1526,0.1532,-0.007400000000000018,-0.006800000000000028,0.0005999999999999894,0.0,44.6315387617454,0.0,0.0,0.0
11,46,0.4,0.4,0.16000000000000003,0.154,0.1662,-0.006000000000000033,0.0061999999999999555,0.012199999999999989,0.0,44.6269826841327,0.0,-0.0,-0.0
11,47,0.4,0.4,0.16000000000000003,0.1658,0.161,0.005799999999999972,0.0009999999999999731,-0.004799999999999999,0.0,26.70077105448909,-0.0,-0.0,0.0
11,48,0.4,0.4,0.16000000000000003,0.1564,0.1562,-0.00360000000000002,-0.0038000000000000256,-0.00020000000000000573,0.0,37.679090335499765,0.0,0.0,0.0
11,49,0.4,0.4,0.16000000000000003,0.1568,0.1596,-0.003200000000000036,-0.0004000000000000392,0.002799999999999997,0.0,56.06683567236618,0.0,0.0,0.0
12,13,0.4,0.4,0.16000000000000003,0.1582,0.1544,-0.0018000000000000238,-0.005600000000000022,-0.003799999999999998,6.25,71.68252260808647,0.011250000000000149,0.035000000000000135,0.023749999999999986
12,14,0.4,0.4,0.16000000000000003,0.1442,0.1444,-0.015800000000000036,-0.01560000000000003,0.00020000000000000573,0.0,1.449497603359276,0.0,0.0,0.0
12,15,0.4,0.4,0.16000000000000003,0.1508,0.157,-0.009200000000000041,-0.0030000000000000304,0.006200000000000011,6.25,36.821012491894265,0.05750000000000026,0.01875000000000019,-0.03875000000000007
12,16,0.4,0.4,0.16000000000000003,0.1588,0.1606,-0.0012000000000000344,0.0005999999999999617,0.001799999999999996,6.25,63.6526339560143,0.007500000000000215,-0.0037499999999997605,-0.011249999999999975
12,17,0.4,0.4,0.16000000000000003,0.1456,0.1508,-0.014400000000000024,-0.009200000000000041,0.005199999999999982,0.0,24.18861497707932,0.0,0.0,0.0
12,18,0.4,0.4,0.16000000000000003,0.1518,0.1606,-0.00820000000000004,0.0005999999999999617,0.008800000000000002,6.25,58.09434171462621,0.051250000000000254,-0.0037499999999997605,-0.055000000000000014
12,19,0.4,0.4,0.16000000000000003,0.1442,0.1526,-0.015800000000000036,-0.007400000000000018,0.008400000000000019,6.25,70.23855972142972,0.09875000000000023,0.04625000000000011,-0.052500000000000116
12,20,0.4,0.4,0.16000000000000003,0.1404,0.1494,-0.019600000000000034,-0.010600000000000026,0.009000000000000008,0.0,9.303418262032697,0.0,0.0,0.0
12,21,0.4,0.4,0.16000000000000003,0.1476,0.1506,-0.012400000000000022,-0.00940000000000002,0.0030000000000000027,0.0,38.11584421407537,0.0,0.0,0.0
12,22,0.4,0.4,0.16000000000000003,0.1558,0.159,-0.004200000000000037,-0.0010000000000000286,0.0032000000000000084,0.0,87.47829322666166,0.0,0.0,0.0
12,23,0.4,0.4,0.16000000000000003,0.1494,0.1536,-0.010600000000000026,-0.0064000000000000445,0.0041999999999999815,6.25,55.66531547212072,0.06625000000000017,0.04000000000000028,-0.02624999999999989
12,24,0.4,0.4,0.16000000000000003,0.1626,0.1614,0.0025999999999999635,0.0013999999999999568,-0.0012000000000000066,6.25,88.71882327534027,-0.01624999999999977,-0.00874999999999973,0.007500000000000041
12,25,0.4,0.4,0.16000000000000003,0.1538,0.1544,-0.006200000000000039,-0.005600000000000022,0.0006000000000000172,0.0,72.41473622151538,0.0,0.0,0.0
12,26,0.4,0.4,0.16000000000000003,0.1484,0.1478,-0.011600000000000027,-0.012200000000000044,-0.0006000000000000172,6.25,72.26349824194335,0.07250000000000018,0.07625000000000028,0.0037500000000001005
12,27,0.4,0.4,0.16000000000000003,0.1466,0.1576,-0.013400000000000023,-0.002400000000000041,0.010999999999999982,0.0,88.28155341077905,0.0,0.0,0.0
12,28,0.4,0.4,0.16000000000000003,0.1432,0.1576,-0.016800000000000037,-0.002400000000000041,0.014399999999999996,6.25,74.12794599758519,0.10500000000000023,0.015000000000000256,-0.08999999999999997
12,29,0.4,0.4,0.16000000000000003,0.153,0.1584,-0.007000000000000034,-0.001600000000000018,0.005400000000000016,0.0,80.85825615177855,0.0,0.0,0.0
12,30,0.4,0.4,0.16000000000000003,0.1492,0.1562,-0.010800000000000032,-0.0038000000000000256,0.007000000000000006,6.25,98.93075688610286,0.0675000000000002,0.02375000000000016,-0.04375000000000004
12,31,0.4,0.4,0.16000000000000003,0.1592,0.1616,-0.0008000000000000229,0.0015999999999999626,0.0023999999999999855,0.0,75.4360248357832,0.0,-0.0,-0.0
12,32,0.4,0.4,0.16000000000000003,0.1528,0.1664,-0.00720000000000004,0.006399999999999961,0.013600000000000001,6.25,84.82347195284963,0.04500000000000025,-0.03999999999999976,-0.085
12,33,0.4,0.4,0.16000000000000003,0.15,0.1616,-0.010000000000000037,0.0015999999999999626,0.0116,0.0,60.80572743992761,0.0,-0.0,-0.0
12,34,0.4,0.4,0.16000000000000003,0.143,0.1536,-0.017000000000000043,-0.0064000000000000445,0.010599999999999998,0.0,46.50005394965777,0.0,0.0,0.0
12,35,0.4,0.4,0.16000000000000003,0.1244,0.1132,-0.035600000000000034,-0.046800000000000036,-0.011200000000000002,0.0,253.15973172057454,0.0,0.0,0.0
12,36,0.4,0.4,0.16000000000000003,0.1472,0.163,-0.012800000000000034,0.002999999999999975,0.01580000000000001,6.25,72.02839142655209,0.08000000000000021,-0.018749999999999843,-0.09875000000000006
12,37,0.4,0.4,0.16000000000000003,0.132,0.1388,-0.028000000000000025,-0.021200000000000024,0.0068000000000000005,0.0,18.166130681656476,0.0,0.0,0.0
12,38,0.4,0.4,0.16000000000000003,0.1582,0.1602,-0.0018000000000000238,0.00019999999999997797,0.0020000000000000018,0.0,65.4432592071963,0.0,-0.0,-0.0
12,39,0.4,0.4,0.16000000000000003,0.1446,0.1528,-0.015400000000000025,-0.00720000000000004,0.008199999999999985,0.0,10.121169951199462,0.0,0.0,0.0
12,40,0.4,0.4,0.16000000000000003,0.1522,0.147,-0.007800000000000029,-0.01300000000000004,-0.00520000000000001,6.25,67.0069236558317,0.04875000000000018,0.08125000000000024,0.03250000000000006
12,41,0.4,0.4,0.16000000000000003,0.1504,0.1508,-0.009600000000000025,-0.009200000000000041,0.0003999999999999837,6.25,30.13690223651852,0.06000000000000016,0.05750000000000026,-0.002499999999999898
12,42,0.4,0.4,0.16000000000000003,0.1506,0.1582,-0.00940000000000002,-0.0018000000000000238,0.007599999999999996,0.0,79.6989924132271,0.0,0.0,0.0
12,43,0.4,0.4,0.16000000000000003,0.1608,0.1562,0.0007999999999999674,-0.0038000000000000256,-0.004599999999999993,6.25,81.64779311059681,-0.004999999999999796,0.02375000000000016,0.028749999999999956
12,44,0.4,0.4,0.16000000000000003,0.1518,0.153,-0.00820000000000004,-0.007000000000000034,0.0012000000000000066,0.0,56.21924136875956,0.0,0.0,0.0
12,45,0.4,0.4,0.16000000000000003,0.1364,0.141,-0.023600000000000038,-0.019000000000000045,0.004599999999999993,0.0,11.68084017394984,0.0,0.0,0.0
12,46,0.4,0.4,0.16000000000000003,0.1572,0.1658,-0.0028000000000000247,0.005799999999999972,0.008599999999999997,0.0,113.98956774120735,0.0,-0.0,-0.0
12,47,0.4,0.4,0.16000000000000003,0.1452,0.1578,-0.014800000000000035,-0.0022000000000000353,0.0126,0.0,64.60732757822109,0.0,0.0,0.0
12,48,0.4,0.4,0.16000000000000003,0.148,0.167,-0.012000000000000038,0.0069999999999999785,0.019000000000000017,0.0,95.71418968703541,0.0,-0.0,-0.0
12,49,0.4,0.4,0.16000000000000003,0.15,0.1576,-0.010000000000000037,-0.002400000000000041,0.007599999999999996,0.0,119.58560888443975,0.0,0.0,0.0
13,14,0.4,0.4,0.16000000000000003,0.1632,0.1586,0.0031999999999999806,-0.00140000000000004,-0.004600000000000021,6.25,55.16867961830296,-0.01999999999999988,0.00875000000000025,0.02875000000000013
13,15,0.4,0.4,0.16000000000000003,0.1648,0.164,0.004799999999999971,0.003999999999999976,-0.0007999999999999952,0.0,8.279766836694025,-0.0,-0.0,0.0
13,16,0.4,0.4,0.16000000000000003,0.1678,0.156,0.007799999999999974,-0.004000000000000031,-0.011800000000000005,0.0,0.9176634196670861,-0.0,0.0,0.0
13,17,0.4,0.4,0.16000000000000003,0.1676,0.1564,0.007599999999999968,-0.00360000000000002,-0.011199999999999988,6.25,16.893565027263563,-0.0474999999999998,0.022500000000000124,0.06999999999999992
13,18,0.4,0.4,0.16000000000000003,0.1556,0.1618,-0.004400000000000043,0.0017999999999999683,0.006200000000000011,0.0,0.7287581109403455,0.0,-0.0,-0.0
13,19,0.4,0.4,0.16000000000000003,0.1622,0.1588,0.0021999999999999797,-0.0012000000000000344,-0.003400000000000014,0.0,10.949557639020872,-0.0,0.0,0.0
13,20,0.4,0.4,0.16000000000000003,0.1534,0.1604,-0.0066000000000000225,0.00039999999999995595,0.0069999999999999785,6.25,32.27957256836873,0.04125000000000014,-0.0024999999999997247,-0.043749999999999865
13,21,0.4,0.4,0.16000000000000003,0.1564,0.1534,-0.00360000000000002,-0.0066000000000000225,-0.0030000000000000027,6.25,10.002598131808224,0.022500000000000124,0.04125000000000014,0.018750000000000017
13,22,0.4,0.4,0.16000000000000003,0.1642,0.155,0.0041999999999999815,-0.005000000000000032,-0.009200000000000014,6.25,0.9040852499640213,-0.026249999999999885,0.0312500000000002,0.057500000000000086
13,23,0.4,0.4,0.16000000000000003,0.1616,0.1616,0.0015999999999999626,0.0015999999999999626,0.0,0.0,1.042009013200013,-0.0,-0.0,0.0
13,24,0.4,0.4,0.16000000000000003,0.1604,0.1592,0.00039999999999995595,-0.0008000000000000229,-0.0011999999999999789,0.0,3.923718262609958,-0.0,0.0,0.0
13,25,0.4,0.4,0.16000000000000003,0.1658,0.1578,0.005799999999999972,-0.0022000000000000353,-0.008000000000000007,6.25,24.726229184750633,-0.036249999999999824,0.01375000000000022,0.050000000000000044
13,26,0.4,0.4,0.16000000000000003,0.1644,0.1544,0.0043999999999999595,-0.005600000000000022,-0.009999999999999981,0.0,2.477499155630644,-0.0,0.0,0.0
13,27,0.4,0.4,0.16000000000000003,0.1554,0.1608,-0.004600000000000021,0.0007999999999999674,0.005399999999999988,6.25,12.904525795843952,0.02875000000000013,-0.004999999999999796,-0.033749999999999926
13,28,0.4,0.4,0.16000000000000003,0.1556,0.1554,-0.004400000000000043,-0.004600000000000021,-0.00019999999999997797,0.0,8.320496374234374,0.0,0.0,0.0
13,29,0.4,0.4,0.16000000000000003,0.155,0.161,-0.005000000000000032,0.0009999999999999731,0.006000000000000005,6.25,0.679857924246536,0.0312500000000002,-0.006249999999999832,-0.03750000000000003
13,30,0.4,0.4,0.16000000000000003,0.1614,0.158,0.0013999999999999568,-0.0020000000000000295,-0.0033999999999999864,0.0,8.529419303973746,-0.0,0.0,0.0
13,31,0.4,0.4,0.16000000000000003,0.1664,0.1646,0.006399999999999961,0.004599999999999965,-0.001799999999999996,6.25,13.190779958117702,-0.03999999999999976,-0.028749999999999783,0.011249999999999975
13,32,0.4,0.4,0.16000000000000003,0.1632,0.1684,0.0031999999999999806,0.008399999999999963,0.005199999999999982,0.0,5.500011937723244,-0.0,-0.0,0.0
13,33,0.4,0.4,0.16000000000000003,0.1634,0.1682,0.0033999999999999586,0.008199999999999957,0.004799999999999999,6.25,10.965913672139234,-0.02124999999999974,-0.05124999999999973,-0.029999999999999992
13,34,0.4,0.4,0.16000000000000003,0.155,0.1664,-0.005000000000000032,0.006399999999999961,0.011399999999999993,6.25,7.857219189219704,0.0312500000000002,-0.03999999999999976,-0.07124999999999995
13,35,0.4,0.4,0.16000000000000003,0.1604,0.1522,0.00039999999999995595,-0.007800000000000029,-0.008199999999999985,6.25,592.588621452424,-0.0024999999999997247,0.04875000000000018,0.05124999999999991
13,36,0.4,0.4,0.16000000000000003,0.156,0.16,-0.004000000000000031,-2.7755575615628914e-17,0.0040000000000000036,0.0,1.177845559645529,0.0,0.0,0.0
13,37,0.4,0.4,0.16000000000000003,0.1584,0.1626,-0.001600000000000018,0.0025999999999999635,0.0041999999999999815,6.25,159.96788852508092,0.010000000000000113,-0.01624999999999977,-0.026249999999999885
13,38,0.4,0.4,0.16000000000000003,0.1644,0.1538,0.0043999999999999595,-0.006200000000000039,-0.010599999999999998,6.25,2.443990663775651,-0.027499999999999747,0.03875000000000024,0.06624999999999999
13,39,0.4,0.4,0.16000000000000003,0.1586,0.1602,-0.00140000000000004,0.00019999999999997797,0.001600000000000018,6.25,45.78255940046679,0.00875000000000025,-0.0012499999999998623,-0.010000000000000113
13,40,0.4,0.4,0.16000000000000003,0.1548,0.1554,-0.005200000000000038,-0.004600000000000021,0.0006000000000000172,0.0,0.6202304288550687,0.0,0.0,0.0
13,41,0.4,0.4,0.16000000000000003,0.163,0.1564,0.002999999999999975,-0.00360000000000002,-0.006599999999999995,0.0,11.829806546600393,-0.0,0.0,0.0
13,42,0.4,0.4,0.16000000000000003,0.1582,0.1516,-0.0018000000000000238,-0.008400000000000019,-0.006599999999999995,6.25,3.4909741005644674,0.011250000000000149,0.052500000000000116,0.04124999999999997
13,43,0.4,0.4,0.16000000000000003,0.165,0.1594,0.004999999999999977,-0.0006000000000000449,-0.005600000000000022,0.0,14.691713165716262,-0.0,0.0,0.0
13,44,0.4,0.4,0.16000000000000003,0.167,0.1558,0.0069999999999999785,-0.004200000000000037,-0.011200000000000015,6.25,4.2102478372771435,-0.043749999999999865,0.02625000000000023,0.07000000000000009
13,45,0.4,0.4,0.16000000000000003,0.1594,0.1544,-0.0006000000000000449,-0.005600000000000022,-0.004999999999999977,6.25,130.98626950053307,0.003750000000000281,0.035000000000000135,0.031249999999999854
13,46,0.4,0.4,0.16000000000000003,0.154,0.1656,-0.006000000000000033,0.005599999999999966,0.0116,6.25,32.5507238485137,0.03750000000000021,-0.03499999999999979,-0.0725
13,47,0.4,0.4,0.16000000000000003,0.1572,0.1552,-0.0028000000000000247,-0.0048000000000000265,-0.0020000000000000018,6.25,3.758354618103926,0.017500000000000154,0.030000000000000165,0.012500000000000011
13,48,0.4,0.4,0.16000000000000003,0.1634,0.1624,0.0033999999999999586,0.0023999999999999577,-0.0010000000000000009,6.25,45.18058230564158,-0.02124999999999974,-0.014999999999999736,0.0062500000000000056
13,49,0.4,0.4,0.16000000000000003,0.1618,0.156,0.0017999999999999683,-0.004000000000000031,-0.0058,6.25,66.56899733768765,-0.011249999999999802,0.025000000000000196,0.03625
14,15,0.4,0.4,0.16000000000000003,0.165,0.1568,0.004999999999999977,-0.003200000000000036,-0.008200000000000013,6.25,27.235517334816038,-0.031249999999999854,0.020000000000000226,0.05125000000000008
14,16,0.4,0.4,0.16000000000000003,0.1694,0.1592,0.009399999999999964,-0.0008000000000000229,-0.010199999999999987,6.25,49.16969222389348,-0.058749999999999775,0.005000000000000143,0.06374999999999992
14,17,0.4,0.4,0.16000000000000003,0.1578,0.15,-0.0022000000000000353,-0.010000000000000037,-0.007800000000000001,0.0,13.965684037332123,0.0,0.0,0.0
14,18,0.4,0.4,0.16000000000000003,0.157,0.1566,-0.0030000000000000304,-0.003400000000000042,-0.00040000000000001146,6.25,43.50856495168424,0.01875000000000019,0.021250000000000262,0.0025000000000000716
14,19,0.4,0.4,0.16000000000000003,0.1628,0.1586,0.002799999999999969,-0.00140000000000004,-0.004200000000000009,6.25,58.9519803845536,-0.017499999999999807,0.00875000000000025,0.026250000000000058
14,20,0.4,0.4,0.16000000000000003,0.1596,0.1508,-0.0004000000000000392,-0.009200000000000041,-0.008800000000000002,0.0,5.805539823346416,0.0,0.0,0.0
14,21,0.4,0.4,0.16000000000000003,0.153,0.1516,-0.007000000000000034,-0.008400000000000019,-0.0013999999999999846,0.0,24.967150200187042,0.0,0.0,0.0
14,22,0.4,0.4,0.16000000000000003,0.1622,0.1542,0.0021999999999999797,-0.005800000000000027,-0.008000000000000007,0.0,69.51013974084466,-0.0,0.0,0.0
14,23,0.4,0.4,0.16000000000000003,0.1556,0.1544,-0.004400000000000043,-0.005600000000000022,-0.0011999999999999789,6.25,41.47625328504859,0.027500000000000267,0.035000000000000135,0.007499999999999868
14,24,0.4,0.4,0.16000000000000003,0.1712,0.1572,0.01119999999999996,-0.0028000000000000247,-0.013999999999999985,6.25,68.4860708431536,-0.06999999999999976,0.017500000000000154,0.08749999999999991
14,25,0.4,0.4,0.16000000000000003,0.1572,0.1508,-0.0028000000000000247,-0.009200000000000041,-0.006400000000000017,0.0,53.48020492167727,0.0,0.0,0.0
14,26,0.4,0.4,0.16000000000000003,0.1712,0.159,0.01119999999999996,-0.0010000000000000286,-0.012199999999999989,6.25,57.774936825019815,-0.06999999999999976,0.006250000000000179,0.07624999999999993
14,27,0.4,0.4,0.16000000000000003,0.1556,0.16,-0.004400000000000043,-2.7755575615628914e-17,0.004400000000000015,0.0,67.2221030862572,0.0,0.0,0.0
14,28,0.4,0.4,0.16000000000000003,0.1572,0.1572,-0.0028000000000000247,-0.0028000000000000247,0.0,6.25,61.61076806735009,0.017500000000000154,0.017500000000000154,0.0
14,29,0.4,0.4,0.16000000000000003,0.165,0.1566,0.004999999999999977,-0.003400000000000042,-0.008400000000000019,0.0,62.534886692199954,-0.0,0.0,0.0
14,30,0.4,0.4,0.16000000000000003,0.1572,0.1578,-0.0028000000000000247,-0.0022000000000000353,0.0005999999999999894,6.25,83.14941924986556,0.017500000000000154,0.01375000000000022,-0.003749999999999934
14,31,0.4,0.4,0.16000000000000003,0.1608,0.1596,0.0007999999999999674,-0.0004000000000000392,-0.0012000000000000066,0.0,56.01827052233136,-0.0,0.0,0.0
14,32,0.4,0.4,0.16000000000000003,0.1594,0.165,-0.0006000000000000449,0.004999999999999977,0.005600000000000022,6.25,64.73183093546258,0.003750000000000281,-0.031249999999999854,-0.035000000000000135
14,33,0.4,0.4,0.16000000000000003,0.1602,0.161,0.00019999999999997797,0.0009999999999999731,0.0007999999999999952,0.0,43.556043192404026,-0.0,-0.0,0.0
14,34,0.4,0.4,0.16000000000000003,0.1576,0.1582,-0.002400000000000041,-0.0018000000000000238,0.0006000000000000172,0.0,36.41746357043756,0.0,0.0,0.0
14,35,0.4,0.4,0.16000000000000003,0.1258,0.1222,-0.034200000000000036,-0.03780000000000003,-0.003599999999999992,0.0,286.1395815457987,0.0,0.0,0.0
14,36,0.4,0.4,0.16000000000000003,0.1552,0.1556,-0.0048000000000000265,-0.004400000000000043,0.0003999999999999837,6.25,56.85325314506942,0.030000000000000165,0.027500000000000267,-0.002499999999999898
14,37,0.4,0.4,0.16000000000000003,0.145,0.1382,-0.015000000000000041,-0.02180000000000004,-0.0068000000000000005,0.0,29.550592467703737,0.0,0.0,0.0
14,38,0.4,0.4,0.16000000000000003,0.16,0.1526,-2.7755575615628914e-17,-0.007400000000000018,-0.00739999999999999,0.0,48.33586269865932,0.0,0.0,0.0
14,39,0.4,0.4,0.16000000000000003,0.1534,0.1494,-0.0066000000000000225,-0.010600000000000026,-0.0040000000000000036,0.0,4.363810398755649,0.0,0.0,0.0
14,40,0.4,0.4,0.16000000000000003,0.1536,0.1506,-0.0064000000000000445,-0.00940000000000002,-0.002999999999999975,6.25,50.33366081068166,0.04000000000000028,0.05875000000000012,0.018749999999999843
14,41,0.4,0.4,0.16000000000000003,0.1674,0.1516,0.007399999999999962,-0.008400000000000019,-0.01579999999999998,6.25,21.87782620602652,-0.046249999999999764,0.052500000000000116,0.09874999999999988
14,42,0.4,0.4,0.16000000000000003,0.1638,0.1458,0.00379999999999997,-0.014200000000000018,-0.017999999999999988,0.0,64.72364995575917,-0.0,0.0,0.0
14,43,0.4,0.4,0.16000000000000003,0.1678,0.1544,0.007799999999999974,-0.005600000000000022,-0.013399999999999995,6.25,61.373451865557385,-0.048749999999999835,0.035000000000000135,0.08374999999999996
14,44,0.4,0.4,0.16000000000000003,0.1686,0.1496,0.008599999999999969,-0.01040000000000002,-0.01899999999999999,0.0,40.244743778227175,-0.0,0.0,0.0
14,45,0.4,0.4,0.16000000000000003,0.149,0.1462,-0.011000000000000038,-0.013800000000000034,-0.002799999999999997,0.0,16.886248833435843,0.0,0.0,0.0
14,46,0.4,0.4,0.16000000000000003,0.1572,0.1668,-0.0028000000000000247,0.006799999999999973,0.009599999999999997,0.0,89.79030055537231,0.0,-0.0,-0.0
14,47,0.4,0.4,0.16000000000000003,0.163,0.1514,0.002999999999999975,-0.008600000000000024,-0.0116,0.0,51.53461809226114,-0.0,0.0,0.0
14,48,0.4,0.4,0.16000000000000003,0.1648,0.1544,0.004799999999999971,-0.005600000000000022,-0.010399999999999993,0.0,74.33014811182821,-0.0,0.0,0.0
14,49,0.4,0.4,0.16000000000000003,0.1624,0.1528,0.0023999999999999577,-0.00720000000000004,-0.009599999999999997,0.0,96.20577520988255,-0.0,0.0,0.0
15,16,0.4,0.4,0.16000000000000003,0.1616,0.1658,0.0015999999999999626,0.005799999999999972,0.004200000000000009,0.0,4.367626163508841,-0.0,-0.0,0.0
15,17,0.4,0.4,0.16000000000000003,0.1608,0.1628,0.0007999999999999674,0.002799999999999969,0.0020000000000000018,6.25,9.971808710609515,-0.004999999999999796,-0.017499999999999807,-0.012500000000000011
15,18,0.4,0.4,0.16000000000000003,0.163,0.1672,0.002999999999999975,0.0071999999999999564,0.0041999999999999815,0.0,4.38505579958055,-0.0,-0.0,0.0
15,19,0.4,0.4,0.16000000000000003,0.1598,0.1532,-0.00020000000000003348,-0.006800000000000028,-0.006599999999999995,0.0,6.867890120645713,0.0,0.0,0.0
15,20,0.4,0.4,0.16000000000000003,0.1546,0.157,-0.005400000000000044,-0.0030000000000000304,0.0024000000000000132,6.25,9.360360222423129,0.03375000000000027,0.01875000000000019,-0.015000000000000083
15,21,0.4,0.4,0.16000000000000003,0.1644,0.1628,0.0043999999999999595,0.002799999999999969,-0.0015999999999999903,6.25,10.090815133338351,-0.027499999999999747,-0.017499999999999807,0.00999999999999994
15,22,0.4,0.4,0.16000000000000003,0.1678,0.157,0.007799999999999974,-0.0030000000000000304,-0.010800000000000004,6.25,12.698130488135783,-0.048749999999999835,0.01875000000000019,0.06750000000000003
15,23,0.4,0.4,0.16000000000000003,0.1616,0.1682,0.0015999999999999626,0.008199999999999957,0.006599999999999995,0.0,3.748328294685801,-0.0,-0.0,0.0
15,24,0.4,0.4,0.16000000000000003,0.1676,0.1642,0.007599999999999968,0.0041999999999999815,-0.0033999999999999864,0.0,21.02616053941064,-0.0,-0.0,0.0
15,25,0.4,0.4,0.16000000000000003,0.1682,0.1706,0.008199999999999957,0.01059999999999997,0.0024000000000000132,6.25,38.53524804347971,-0.05124999999999973,-0.06624999999999981,-0.015000000000000076
15,26,0.4,0.4,0.16000000000000003,0.1698,0.1574,0.009799999999999975,-0.002600000000000019,-0.012399999999999994,0.0,5.986952215934848,-0.0,0.0,0.0
15,27,0.4,0.4,0.16000000000000003,0.1608,0.1756,0.0007999999999999674,0.015599999999999975,0.014800000000000008,6.25,31.887248705506362,-0.004999999999999796,-0.09749999999999984,-0.09250000000000004
15,28,0.4,0.4,0.16000000000000003,0.1554,0.1622,-0.004600000000000021,0.0021999999999999797,0.0068000000000000005,0.0,7.172586946970756,0.0,-0.0,-0.0
15,29,0.4,0.4,0.16000000000000003,0.1684,0.1664,0.008399999999999963,0.006399999999999961,-0.0020000000000000018,6.25,13.266402173990262,-0.05249999999999977,-0.03999999999999976,0.012500000000000011
15,30,0.4,0.4,0.16000000000000003,0.151,0.164,-0.009000000000000036,0.003999999999999976,0.013000000000000012,0.0,15.211243138297954,0.0,-0.0,-0.0
15,31,0.4,0.4,0.16000000000000003,0.166,0.1706,0.005999999999999978,0.01059999999999997,0.004599999999999993,6.25,28.230565095101113,-0.03749999999999986,-0.06624999999999981,-0.02874999999999995
15,32,0.4,0.4,0.16000000000000003,0.1584,0.1676,-0.001600000000000018,0.007599999999999968,0.009199999999999986,0.0,22.235030187856964,0.0,-0.0,-0.0
15,33,0.4,0.4,0.16000000000000003,0.1642,0.1664,0.0041999999999999815,0.006399999999999961,0.0021999999999999797,6.25,20.83095270360711,-0.026249999999999885,-0.03999999999999976,-0.013749999999999873
15,34,0.4,0.4,0.16000000000000003,0.1564,0.1636,-0.00360000000000002,0.0035999999999999643,0.007199999999999984,6.25,0.8115607074849291,0.022500000000000124,-0.022499999999999777,-0.0449999999999999
15,35,0.4,0.4,0.16000000000000003,0.1524,0.1498,-0.007600000000000023,-0.010200000000000042,-0.002600000000000019,6.25,481.89719358507125,0.047500000000000146,0.06375000000000026,0.01625000000000012
15,36,0.4,0.4,0.16000000000000003,0.153,0.1652,-0.007000000000000034,0.005199999999999982,0.012200000000000016,0.0,6.307217923445223,0.0,-0.0,-0.0
15,37,0.4,0.4,0.16000000000000003,0.1602,0.151,0.00019999999999997797,-0.009000000000000036,-0.009200000000000014,6.25,101.30649062692075,-0.0012499999999998623,0.05625000000000022,0.057500000000000086
15,38,0.4,0.4,0.16000000000000003,0.1656,0.1684,0.005599999999999966,0.008399999999999963,0.002799999999999997,6.25,12.061151017459963,-0.03499999999999979,-0.05249999999999977,-0.01749999999999998
15,39,0.4,0.4,0.16000000000000003,0.159,0.1644,-0.0010000000000000286,0.0043999999999999595,0.005399999999999988,6.25,28.08812489223638,0.006250000000000179,-0.027499999999999747,-0.033749999999999926
15,40,0.4,0.4,0.16000000000000003,0.1598,0.16,-0.00020000000000003348,-2.7755575615628914e-17,0.00020000000000000573,0.0,9.239746181929274,0.0,0.0,0.0
15,41,0.4,0.4,0.16000000000000003,0.1598,0.158,-0.00020000000000003348,-0.0020000000000000295,-0.001799999999999996,0.0,0.3667838950652588,0.0,0.0,0.0
15,42,0.4,0.4,0.16000000000000003,0.162,0.1578,0.001999999999999974,-0.0022000000000000353,-0.004200000000000009,6.25,8.186149557905196,-0.012499999999999838,0.01375000000000022,0.026250000000000058
15,43,0.4,0.4,0.16000000000000003,0.1754,0.168,0.01539999999999997,0.00799999999999998,-0.00739999999999999,0.0,31.774748335281934,-0.0,-0.0,0.0
15,44,0.4,0.4,0.16000000000000003,0.1688,0.1676,0.008799999999999975,0.007599999999999968,-0.0012000000000000066,6.25,11.09381315273208,-0.05499999999999984,-0.0474999999999998,0.007500000000000041
15,45,0.4,0.4,0.16000000000000003,0.1612,0.1586,0.0011999999999999789,-0.00140000000000004,-0.002600000000000019,6.25,86.98860623061631,-0.007499999999999868,0.00875000000000025,0.01625000000000012
15,46,0.4,0.4,0.16000000000000003,0.171,0.1716,0.010999999999999982,0.011599999999999971,0.0005999999999999894,6.25,58.949410668859876,-0.0687499999999999,-0.07249999999999981,-0.00374999999999992
15,47,0.4,0.4,0.16000000000000003,0.1596,0.1582,-0.0004000000000000392,-0.0018000000000000238,-0.0013999999999999846,6.25,3.8829684515052953,0.002500000000000245,0.011250000000000149,0.008749999999999904
15,48,0.4,0.4,0.16000000000000003,0.1704,0.172,0.010399999999999965,0.011999999999999955,0.0015999999999999903,6.25,64.76275529033829,-0.06499999999999978,-0.07499999999999972,-0.00999999999999994
15,49,0.4,0.4,0.16000000000000003,0.1658,0.167,0.005799999999999972,0.0069999999999999785,0.0012000000000000066,6.25,90.8560564864109,-0.036249999999999824,-0.043749999999999865,-0.007500000000000041
16,17,0.4,0.4,0.16000000000000003,0.1632,0.1588,0.0031999999999999806,-0.0012000000000000344,-0.004400000000000015,6.25,16.286364414202684,-0.01999999999999988,0.007500000000000215,0.027500000000000094
16,18,0.4,0.4,0.16000000000000003,0.1634,0.1594,0.0033999999999999586,-0.0006000000000000449,-0.0040000000000000036,0.0,0.564559328302007,-0.0,0.0,0.0
16,19,0.4,0.4,0.16000000000000003,0.1602,0.1566,0.00019999999999997797,-0.003400000000000042,-0.00360000000000002,0.0,5.936699582080074,-0.0,0.0,0.0
16,20,0.4,0.4,0.16000000000000003,0.1574,0.157,-0.002600000000000019,-0.0030000000000000304,-0.00040000000000001146,6.25,25.667838451186064,0.01625000000000012,0.01875000000000019,0.0025000000000000716
16,21,0.4,0.4,0.16000000000000003,0.1616,0.1628,0.0015999999999999626,0.002799999999999969,0.0012000000000000066,6.25,11.139996215734062,-0.009999999999999766,-0.017499999999999807,-0.007500000000000041
16,22,0.4,0.4,0.16000000000000003,0.1556,0.1534,-0.004400000000000043,-0.0066000000000000225,-0.0021999999999999797,6.25,2.17348754061756,0.027500000000000267,0.04125000000000014,0.013749999999999873
16,23,0.4,0.4,0.16000000000000003,0.1604,0.161,0.00039999999999995595,0.0009999999999999731,0.0006000000000000172,0.0,0.6321174639624377,-0.0,-0.0,0.0
16,24,0.4,0.4,0.16000000000000003,0.169,0.1672,0.00899999999999998,0.0071999999999999564,-0.0018000000000000238,0.0,8.573338880749489,-0.0,-0.0,0.0
16,25,0.4,0.4,0.16000000000000003,0.1686,0.1556,0.008599999999999969,-0.004400000000000043,-0.013000000000000012,6.25,31.763373562904786,-0.053749999999999805,0.027500000000000267,0.08125000000000007
16,26,0.4,0.4,0.16000000000000003,0.1606,0.1472,0.0005999999999999617,-0.012800000000000034,-0.013399999999999995,0.0,0.7678130717419515,-0.0,0.0,0.0
16,27,0.4,0.4,0.16000000000000003,0.1574,0.1612,-0.002600000000000019,0.0011999999999999789,0.003799999999999998,6.25,19.78286670449347,0.01625000000000012,-0.007499999999999868,-0.023749999999999986
16,28,0.4,0.4,0.16000000000000003,0.1576,0.162,-0.002400000000000041,0.001999999999999974,0.004400000000000015,0.0,4.29530447903684,0.0,-0.0,-0.0
16,29,0.4,0.4,0.16000000000000003,0.1624,0.156,0.0023999999999999577,-0.004000000000000031,-0.006399999999999989,6.25,3.1733873524583665,-0.014999999999999736,0.025000000000000196,0.03999999999999993
16,30,0.4,0.4,0.16000000000000003,0.1626,0.1528,0.0025999999999999635,-0.00720000000000004,-0.009800000000000003,0.0,6.295432465459623,-0.0,0.0,0.0
16,31,0.4,0.4,0.16000000000000003,0.1616,0.163,0.0015999999999999626,0.002999999999999975,0.0014000000000000123,6.25,19.25473096251148,-0.009999999999999766,-0.018749999999999843,-0.008750000000000077
16,32,0.4,0.4,0.16000000000000003,0.166,0.1718,0.005999999999999978,0.011799999999999977,0.0058,0.0,10.572316755735065,-0.0,-0.0,0.0
16,33,0.4,0.4,0.16000000000000003,0.1638,0.168,0.00379999999999997,0.00799999999999998,0.004200000000000009,6.25,15.39430212703256,-0.023749999999999813,-0.04999999999999987,-0.026250000000000058
16,34,0.4,0.4,0.16000000000000003,0.1498,0.1598,-0.010200000000000042,-0.00020000000000003348,0.010000000000000009,6.25,3.496773067913526,0.06375000000000026,0.0012500000000002093,-0.06250000000000006
16,35,0.4,0.4,0.16000000000000003,0.1624,0.1552,0.0023999999999999577,-0.0048000000000000265,-0.007199999999999984,6.25,570.6802941056256,-0.014999999999999736,0.030000000000000165,0.0449999999999999
16,36,0.4,0.4,0.16000000000000003,0.1588,0.1554,-0.0012000000000000344,-0.004600000000000021,-0.0033999999999999864,0.0,0.31100831343880564,0.0,0.0,0.0
16,37,0.4,0.4,0.16000000000000003,0.1578,0.153,-0.0022000000000000353,-0.007000000000000034,-0.004799999999999999,6.25,145.9489181996568,0.01375000000000022,0.04375000000000021,0.029999999999999992
16,38,0.4,0.4,0.16000000000000003,0.167,0.1572,0.0069999999999999785,-0.0028000000000000247,-0.009800000000000003,6.25,5.17979133618264,-0.043749999999999865,0.017500000000000154,0.06125000000000002
16,39,0.4,0.4,0.16000000000000003,0.1674,0.1668,0.007399999999999962,0.006799999999999973,-0.0005999999999999894,6.25,43.78111614771865,-0.046249999999999764,-0.04249999999999983,0.003749999999999934
16,40,0.4,0.4,0.16000000000000003,0.1608,0.1588,0.0007999999999999674,-0.0012000000000000344,-0.0020000000000000018,0.0,2.362431033690983,-0.0,0.0,0.0
16,41,0.4,0.4,0.16000000000000003,0.161,0.1588,0.0009999999999999731,-0.0012000000000000344,-0.0022000000000000075,0.0,7.217045698422005,-0.0,0.0,0.0
16,42,0.4,0.4,0.16000000000000003,0.1694,0.1484,0.009399999999999964,-0.011600000000000027,-0.02099999999999999,6.25,1.7359384575304386,-0.058749999999999775,0.07250000000000018,0.13124999999999995
16,43,0.4,0.4,0.16000000000000003,0.17,0.1628,0.009999999999999981,0.002799999999999969,-0.007200000000000012,0.0,21.42346749370645,-0.0,-0.0,0.0
16,44,0.4,0.4,0.16000000000000003,0.1736,0.157,0.013599999999999973,-0.0030000000000000304,-0.016600000000000004,6.25,6.602815065562206,-0.08499999999999983,0.01875000000000019,0.10375000000000001
16,45,0.4,0.4,0.16000000000000003,0.1596,0.155,-0.0004000000000000392,-0.005000000000000032,-0.004599999999999993,6.25,123.08754469586647,0.002500000000000245,0.0312500000000002,0.028749999999999956
16,46,0.4,0.4,0.16000000000000003,0.1618,0.1594,0.0017999999999999683,-0.0006000000000000449,-0.0024000000000000132,6.25,43.14814010506015,-0.011249999999999802,0.003750000000000281,0.015000000000000083
16,47,0.4,0.4,0.16000000000000003,0.166,0.1612,0.005999999999999978,0.0011999999999999789,-0.004799999999999999,6.25,1.075375235298813,-0.03749999999999986,-0.007499999999999868,0.029999999999999992
16,48,0.4,0.4,0.16000000000000003,0.1698,0.1624,0.009799999999999975,0.0023999999999999577,-0.007400000000000018,6.25,55.33287315866083,-0.061249999999999846,-0.014999999999999736,0.04625000000000011
16,49,0.4,0.4,0.16000000000000003,0.1634,0.1658,0.0033999999999999586,0.005799999999999972,0.0024000000000000132,6.25,79.24071513692856,-0.02124999999999974,-0.036249999999999824,-0.015000000000000083
17,18,0.4,0.4,0.16000000000000003,0.1572,0.1656,-0.0028000000000000247,0.005599999999999966,0.00839999999999999,6.25,11.56014310632761,0.017500000000000154,-0.03499999999999979,-0.05249999999999994
17,19,0.4,0.4,0.16000000000000003,0.1596,0.1608,-0.0004000000000000392,0.0007999999999999674,0.0012000000000000066,6.25,32.34800202161574,0.002500000000000245,-0.004999999999999796,-0.007500000000000041
17,20,0.4,0.4,0.16000000000000003,0.1496,0.1514,-0.01040000000000002,-0.008600000000000024,0.001799999999999996,0.0,9.827336766673007,0.0,0.0,0.0
17,21,0.4,0.4,0.16000000000000003,0.153,0.1556,-0.007000000000000034,-0.004400000000000043,0.002599999999999991,0.0,1.5891675699561474,0.0,0.0,0.0
17,22,0.4,0.4,0.16000000000000003,0.1596,0.1564,-0.0004000000000000392,-0.00360000000000002,-0.0031999999999999806,0.0,25.613843214521392,0.0,0.0,0.0
17,23,0.4,0.4,0.16000000000000003,0.1508,0.1478,-0.009200000000000041,-0.012200000000000044,-0.0030000000000000027,6.25,10.787370450816585,0.05750000000000026,0.07625000000000028,0.018750000000000017
17,24,0.4,0.4,0.16000000000000003,0.1602,0.1636,0.00019999999999997797,0.0035999999999999643,0.0033999999999999864,6.25,21.016492843621837,-0.0012499999999998623,-0.022499999999999777,-0.021249999999999915
17,25,0.4,0.4,0.16000000000000003,0.1552,0.1524,-0.0048000000000000265,-0.007600000000000023,-0.002799999999999997,0.0,15.968764219248856,0.0,0.0,0.0
17,26,0.4,0.4,0.16000000000000003,0.1636,0.1588,0.0035999999999999643,-0.0012000000000000344,-0.004799999999999999,6.25,23.41902555272143,-0.022499999999999777,0.007500000000000215,0.029999999999999992
17,27,0.4,0.4,0.16000000000000003,0.1476,0.156,-0.012400000000000022,-0.004000000000000031,0.00839999999999999,0.0,20.26721766609491,0.0,0.0,0.0
17,28,0.4,0.4,0.16000000000000003,0.155,0.1652,-0.005000000000000032,0.005199999999999982,0.010200000000000015,6.25,31.512165857780367,0.0312500000000002,-0.03249999999999989,-0.06375000000000008
17,29,0.4,0.4,0.16000000000000003,0.1582,0.1552,-0.0018000000000000238,-0.0048000000000000265,-0.0030000000000000027,0.0,19.347074482319986,0.0,0.0,0.0
17,30,0.4,0.4,0.16000000000000003,0.161,0.1576,0.0009999999999999731,-0.002400000000000041,-0.003400000000000014,6.25,42.26611208117389,-0.006249999999999832,0.015000000000000256,0.021250000000000088
17,31,0.4,0.4,0.16000000000000003,0.1602,0.1558,0.00019999999999997797,-0.004200000000000037,-0.004400000000000015,0.0,14.64567299500588,-0.0,0.0,0.0
17,32,0.4,0.4,0.16000000000000003,0.1498,0.1612,-0.010200000000000042,0.0011999999999999789,0.011400000000000021,6.25,18.64305234911874,0.06375000000000026,-0.007499999999999868,-0.07125000000000013
17,33,0.4,0.4,0.16000000000000003,0.1502,0.1598,-0.009800000000000031,-0.00020000000000003348,0.009599999999999997,0.0,8.53139413897091,0.0,0.0,0.0
17,34,0.4,0.4,0.16000000000000003,0.1528,0.16,-0.00720000000000004,-2.7755575615628914e-17,0.007200000000000012,0.0,16.19270973460655,0.0,0.0,0.0
17,35,0.4,0.4,0.16000000000000003,0.1432,0.1376,-0.016800000000000037,-0.02240000000000003,-0.005599999999999994,0.0,419.31537818989466,0.0,0.0,0.0
17,36,0.4,0.4,0.16000000000000003,0.1556,0.1648,-0.004400000000000043,0.004799999999999971,0.009200000000000014,6.25,21.08125076271225,0.027500000000000267,-0.02999999999999982,-0.057500000000000086
17,37,0.4,0.4,0.16000000000000003,0.1466,0.1474,-0.013400000000000023,-0.012600000000000028,0.0007999999999999952,0.0,84.1320684134735,0.0,0.0,0.0
17,38,0.4,0.4,0.16000000000000003,0.1554,0.1636,-0.004600000000000021,0.0035999999999999643,0.008199999999999985,0.0,10.828868944163181,0.0,-0.0,-0.0
17,39,0.4,0.4,0.16000000000000003,0.1558,0.1532,-0.004200000000000037,-0.006800000000000028,-0.002599999999999991,0.0,7.083812156653555,0.0,0.0,0.0
17,40,0.4,0.4,0.16000000000000003,0.1564,0.1564,-0.00360000000000002,-0.00360000000000002,0.0,6.25,12.879685167144546,0.022500000000000124,0.022500000000000124,0.0
17,41,0.4,0.4,0.16000000000000003,0.1622,0.1596,0.0021999999999999797,-0.0004000000000000392,-0.002600000000000019,6.25,9.046408962426584,-0.013749999999999873,0.002500000000000245,0.01625000000000012
17,42,0.4,0.4,0.16000000000000003,0.161,0.1616,0.0009999999999999731,0.0015999999999999626,0.0005999999999999894,0.0,28.1880095261793,-0.0,-0.0,0.0
17,43,0.4,0.4,0.16000000000000003,0.1566,0.1558,-0.003400000000000042,-0.004200000000000037,-0.0007999999999999952,6.25,17.532341948756017,0.021250000000000262,0.02625000000000023,0.00499999999999997
17,44,0.4,0.4,0.16000000000000003,0.1616,0.1546,0.0015999999999999626,-0.005400000000000044,-0.007000000000000006,0.0,6.990012907307143,-0.0,0.0,0.0
17,45,0.4,0.4,0.16000000000000003,0.1536,0.154,-0.0064000000000000445,-0.006000000000000033,0.00040000000000001146,0.0,56.043726833234935,0.0,0.0,0.0
17,46,0.4,0.4,0.16000000000000003,0.1518,0.1552,-0.00820000000000004,-0.0048000000000000265,0.003400000000000014,0.0,36.11182257832842,0.0,0.0,0.0
17,47,0.4,0.4,0.16000000000000003,0.1586,0.1534,-0.00140000000000004,-0.0066000000000000225,-0.005199999999999982,0.0,21.4975889011341,0.0,0.0,0.0
17,48,0.4,0.4,0.16000000000000003,0.1538,0.152,-0.006200000000000039,-0.008000000000000035,-0.001799999999999996,0.0,31.96418608527514,0.0,0.0,0.0
17,49,0.4,0.4,0.16000000000000003,0.148,0.1538,-0.012000000000000038,-0.006200000000000039,0.0058,0.0,49.85027643781988,0.0,0.0,0.0
18,19,0.4,0.4,0.16000000000000003,0.1586,0.1592,-0.00140000000000004,-0.0008000000000000229,0.0006000000000000172,0.0,9.680053198891668,0.0,0.0,0.0
18,20,0.4,0.4,0.16000000000000003,0.158,0.1602,-0.0020000000000000295,0.00019999999999997797,0.0022000000000000075,6.25,23.316205793782625,0.012500000000000185,-0.0012499999999998623,-0.013750000000000047
18,21,0.4,0.4,0.16000000000000003,0.1528,0.1602,-0.00720000000000004,0.00019999999999997797,0.007400000000000018,6.25,6.813833445625389,0.04500000000000025,-0.0012499999999998623,-0.04625000000000011
18,22,0.4,0.4,0.16000000000000003,0.1548,0.163,-0.005200000000000038,0.002999999999999975,0.008200000000000013,6.25,3.034780607898687,0.03250000000000024,-0.018749999999999843,-0.05125000000000008
18,23,0.4,0.4,0.16000000000000003,0.1522,0.163,-0.007800000000000029,0.002999999999999975,0.010800000000000004,0.0,0.02840297763561608,0.0,-0.0,-0.0
18,24,0.4,0.4,0.16000000000000003,0.1582,0.1618,-0.0018000000000000238,0.0017999999999999683,0.003599999999999992,0.0,6.391665445071814,0.0,-0.0,-0.0
18,25,0.4,0.4,0.16000000000000003,0.161,0.1612,0.0009999999999999731,0.0011999999999999789,0.00020000000000000573,6.25,24.182274846848,-0.006249999999999832,-0.007499999999999868,-0.0012500000000000358
18,26,0.4,0.4,0.16000000000000003,0.1632,0.1586,0.0031999999999999806,-0.00140000000000004,-0.004600000000000021,0.0,2.646817555758911,-0.0,0.0,0.0
18,27,0.4,0.4,0.16000000000000003,0.1558,0.1622,-0.004200000000000037,0.0021999999999999797,0.006400000000000017,6.25,14.847353252898062,0.02625000000000023,-0.013749999999999873,-0.040000000000000105
18,28,0.4,0.4,0.16000000000000003,0.1562,0.161,-0.0038000000000000256,0.0009999999999999731,0.004799999999999999,0.0,7.787614751175274,0.0,-0.0,-0.0
18,29,0.4,0.4,0.16000000000000003,0.1622,0.1622,0.0021999999999999797,0.0021999999999999797,0.0,6.25,2.4112624139022767,-0.013749999999999873,-0.013749999999999873,0.0
18,30,0.4,0.4,0.16000000000000003,0.1494,0.1608,-0.010600000000000026,0.0007999999999999674,0.011399999999999993,0.0,10.49036787554353,0.0,-0.0,-0.0
18,31,0.4,0.4,0.16000000000000003,0.1604,0.1642,0.00039999999999995595,0.0041999999999999815,0.0038000000000000256,6.25,13.82298489330701,-0.0024999999999997247,-0.026249999999999885,-0.02375000000000016
18,32,0.4,0.4,0.16000000000000003,0.1564,0.1686,-0.00360000000000002,0.008599999999999969,0.012199999999999989,0.0,7.53424825875573,0.0,-0.0,-0.0
18,33,0.4,0.4,0.16000000000000003,0.1544,0.167,-0.005600000000000022,0.0069999999999999785,0.0126,6.25,10.23223272236825,0.035000000000000135,-0.043749999999999865,-0.07875
18,34,0.4,0.4,0.16000000000000003,0.1528,0.164,-0.00720000000000004,0.003999999999999976,0.011200000000000015,6.25,4.812184586807172,0.04500000000000025,-0.02499999999999985,-0.07000000000000009
18,35,0.4,0.4,0.16000000000000003,0.158,0.1488,-0.0020000000000000295,-0.011200000000000043,-0.009200000000000014,6.25,552.6800123911688,0.012500000000000185,0.07000000000000027,0.057500000000000086
18,36,0.4,0.4,0.16000000000000003,0.1506,0.165,-0.00940000000000002,0.004999999999999977,0.014399999999999996,0.0,1.5679847126874962,0.0,-0.0,-0.0
18,37,0.4,0.4,0.16000000000000003,0.154,0.1568,-0.006000000000000033,-0.003200000000000036,0.002799999999999997,6.25,139.13947367884882,0.03750000000000021,0.020000000000000226,-0.01749999999999998
18,38,0.4,0.4,0.16000000000000003,0.1536,0.162,-0.0064000000000000445,0.001999999999999974,0.008400000000000019,6.25,2.653690908755688,0.04000000000000028,-0.012499999999999838,-0.052500000000000116
18,39,0.4,0.4,0.16000000000000003,0.153,0.1594,-0.007000000000000034,-0.0006000000000000449,0.006399999999999989,6.25,36.34913078804298,0.04375000000000021,0.003750000000000281,-0.03999999999999993
18,40,0.4,0.4,0.16000000000000003,0.1498,0.159,-0.010200000000000042,-0.0010000000000000286,0.009200000000000014,0.0,0.9904855211933832,0.0,0.0,0.0
18,41,0.4,0.4,0.16000000000000003,0.1608,0.1666,0.0007999999999999674,0.006599999999999967,0.0058,0.0,6.9039481283432,-0.0,-0.0,0.0
18,42,0.4,0.4,0.16000000000000003,0.1612,0.159,0.0011999999999999789,-0.0010000000000000286,-0.0022000000000000075,6.25,4.235815460332392,-0.007499999999999868,0.006250000000000179,0.013750000000000047
18,43,0.4,0.4,0.16000000000000003,0.1654,0.1598,0.00539999999999996,-0.00020000000000003348,-0.005599999999999994,0.0,15.849489193395847,-0.0,0.0,0.0
18,44,0.4,0.4,0.16000000000000003,0.162,0.1662,0.001999999999999974,0.0061999999999999555,0.0041999999999999815,6.25,3.3729618211633596,-0.012499999999999838,-0.03874999999999972,-0.026249999999999885
18,45,0.4,0.4,0.16000000000000003,0.1532,0.1618,-0.006800000000000028,0.0017999999999999683,0.008599999999999997,6.25,113.10000606827654,0.042500000000000177,-0.011249999999999802,-0.05374999999999998
18,46,0.4,0.4,0.16000000000000003,0.1632,0.167,0.0031999999999999806,0.0069999999999999785,0.003799999999999998,6.25,35.59162762686283,-0.01999999999999988,-0.043749999999999865,-0.023749999999999986
18,47,0.4,0.4,0.16000000000000003,0.1602,0.16,0.00019999999999997797,-2.7755575615628914e-17,-0.00020000000000000573,6.25,2.9739049999210905,-0.0012499999999998623,1.734723475976807e-16,0.0012500000000000358
18,48,0.4,0.4,0.16000000000000003,0.1604,0.1674,0.00039999999999995595,0.007399999999999962,0.007000000000000006,6.25,45.35400873476275,-0.0024999999999997247,-0.046249999999999764,-0.04375000000000004
18,49,0.4,0.4,0.16000000000000003,0.1564,0.1614,-0.00360000000000002,0.0013999999999999568,0.004999999999999977,6.25,67.33911569039168,0.022500000000000124,-0.00874999999999973,-0.031249999999999854
19,20,0.4,0.4,0.16000000000000003,0.1494,0.1554,-0.010600000000000026,-0.004600000000000021,0.006000000000000005,6.25,28.496745749705873,0.06625000000000017,0.02875000000000013,-0.03750000000000004
19,21,0.4,0.4,0.16000000000000003,0.1586,0.1664,-0.00140000000000004,0.006399999999999961,0.007800000000000001,6.25,29.055207620776983,0.00875000000000025,-0.03999999999999976,-0.04875000000000001
19,22,0.4,0.4,0.16000000000000003,0.158,0.155,-0.0020000000000000295,-0.005000000000000032,-0.0030000000000000027,6.25,10.807966643166331,0.012500000000000185,0.0312500000000002,0.018750000000000017
19,23,0.4,0.4,0.16000000000000003,0.1542,0.1588,-0.005800000000000027,-0.0012000000000000344,0.004599999999999993,0.0,9.455177989523206,0.0,0.0,0.0
19,24,0.4,0.4,0.16000000000000003,0.162,0.1644,0.001999999999999974,0.0043999999999999595,0.0023999999999999855,0.0,27.773950191145875,-0.0,-0.0,0.0
19,25,0.4,0.4,0.16000000000000003,0.1692,0.1654,0.009199999999999958,0.00539999999999996,-0.003799999999999998,6.25,64.36427748153723,-0.05749999999999974,-0.03374999999999975,0.023749999999999986
19,26,0.4,0.4,0.16000000000000003,0.1518,0.152,-0.00820000000000004,-0.008000000000000035,0.00020000000000000573,0.0,3.130051308514206,0.0,0.0,0.0
19,27,0.4,0.4,0.16000000000000003,0.1502,0.1726,-0.009800000000000031,0.012599999999999972,0.022400000000000003,6.25,47.31565395374089,0.06125000000000019,-0.07874999999999982,-0.14
19,28,0.4,0.4,0.16000000000000003,0.1514,0.1548,-0.008600000000000024,-0.005200000000000038,0.0033999999999999864,0.0,0.2802972426067619,0.0,0.0,0.0
19,29,0.4,0.4,0.16000000000000003,0.1546,0.1632,-0.005400000000000044,0.0031999999999999806,0.008600000000000024,6.25,16.586854112435113,0.03375000000000027,-0.01999999999999988,-0.05375000000000015
19,30,0.4,0.4,0.16000000000000003,0.1458,0.155,-0.014200000000000018,-0.005000000000000032,0.009199999999999986,0.0,3.6503210624498768,0.0,0.0,0.0
19,31,0.4,0.4,0.16000000000000003,0.1688,0.1646,0.008799999999999975,0.004599999999999965,-0.004200000000000009,6.25,46.487611177353656,-0.05499999999999984,-0.028749999999999783,0.026250000000000058
19,32,0.4,0.4,0.16000000000000003,0.16,0.1734,-2.7755575615628914e-17,0.013399999999999967,0.013399999999999995,0.0,31.96351293511301,0.0,-0.0,-0.0
19,33,0.4,0.4,0.16000000000000003,0.1692,0.1662,0.009199999999999958,0.0061999999999999555,-0.0030000000000000027,6.25,39.71168001784287,-0.05749999999999974,-0.03874999999999972,0.018750000000000017
19,34,0.4,0.4,0.16000000000000003,0.1462,0.158,-0.013800000000000034,-0.0020000000000000295,0.011800000000000005,6.25,2.961821016846297,0.08625000000000022,0.012500000000000185,-0.07375000000000004
19,35,0.4,0.4,0.16000000000000003,0.16,0.1554,-2.7755575615628914e-17,-0.004600000000000021,-0.004599999999999993,6.25,579.4358116754219,1.734723475976807e-16,0.02875000000000013,0.028749999999999956
19,36,0.4,0.4,0.16000000000000003,0.15,0.1506,-0.010000000000000037,-0.00940000000000002,0.0006000000000000172,0.0,5.058114620016383,0.0,0.0,0.0
19,37,0.4,0.4,0.16000000000000003,0.1494,0.1532,-0.010600000000000026,-0.006800000000000028,0.003799999999999998,6.25,145.9483912683069,0.06625000000000017,0.042500000000000177,-0.023749999999999993
19,38,0.4,0.4,0.16000000000000003,0.1618,0.1664,0.0017999999999999683,0.006399999999999961,0.004599999999999993,6.25,22.17452443102608,-0.011249999999999802,-0.03999999999999976,-0.028749999999999956
19,39,0.4,0.4,0.16000000000000003,0.1638,0.1648,0.00379999999999997,0.004799999999999971,0.0010000000000000009,6.25,62.7201745028695,-0.023749999999999813,-0.02999999999999982,-0.0062500000000000056
19,40,0.4,0.4,0.16000000000000003,0.1698,0.1578,0.009799999999999975,-0.0022000000000000353,-0.01200000000000001,0.0,15.776906109209037,-0.0,0.0,0.0
19,41,0.4,0.4,0.16000000000000003,0.1572,0.1484,-0.0028000000000000247,-0.011600000000000027,-0.008800000000000002,0.0,9.283231793089188,0.0,0.0,0.0
19,42,0.4,0.4,0.16000000000000003,0.1618,0.156,0.0017999999999999683,-0.004000000000000031,-0.0058,6.25,2.8968073305466286,-0.011249999999999802,0.025000000000000196,0.03625
19,43,0.4,0.4,0.16000000000000003,0.177,0.1706,0.01699999999999996,0.01059999999999997,-0.006399999999999989,0.0,49.905433676924595,-0.0,-0.0,0.0
19,44,0.4,0.4,0.16000000000000003,0.167,0.1628,0.0069999999999999785,0.002799999999999969,-0.004200000000000009,6.25,24.37468723181492,-0.043749999999999865,-0.017499999999999807,0.026250000000000058
19,45,0.4,0.4,0.16000000000000003,0.1678,0.166,0.007799999999999974,0.005999999999999978,-0.001799999999999996,6.25,137.9589779609402,-0.048749999999999835,-0.03749999999999986,0.011249999999999975
19,46,0.4,0.4,0.16000000000000003,0.1726,0.1756,0.012599999999999972,0.015599999999999975,0.0030000000000000027,6.25,80.97819387490024,-0.07874999999999982,-0.09749999999999984,-0.018750000000000017
19,47,0.4,0.4,0.16000000000000003,0.1572,0.158,-0.0028000000000000247,-0.0020000000000000295,0.0007999999999999952,6.25,1.9601423965893965,0.017500000000000154,0.012500000000000185,-0.00499999999999997
19,48,0.4,0.4,0.16000000000000003,0.1758,0.1764,0.01579999999999998,0.01639999999999997,0.0005999999999999894,6.25,96.92860882231444,-0.09874999999999988,-0.10249999999999981,-0.003749999999999934
19,49,0.4,0.4,0.16000000000000003,0.1768,0.1774,0.01679999999999998,0.01739999999999997,0.0005999999999999894,6.25,128.0810334156315,-0.10499999999999989,-0.10874999999999982,-0.003749999999999934
20,21,0.4,0.4,0.16000000000000003,0.1532,0.1564,-0.006800000000000028,-0.00360000000000002,0.0032000000000000084,0.0,17.247407819201047,0.0,0.0,0.0
20,22,0.4,0.4,0.16000000000000003,0.1558,0.1514,-0.004200000000000037,-0.008600000000000024,-0.004399999999999987,0.0,42.28245895513733,0.0,0.0,0.0
20,23,0.4,0.4,0.16000000000000003,0.1554,0.1598,-0.004600000000000021,-0.00020000000000003348,0.004399999999999987,6.25,21.7241605752148,0.02875000000000013,0.0012500000000002093,-0.02749999999999992
20,24,0.4,0.4,0.16000000000000003,0.1646,0.1648,0.004599999999999965,0.004799999999999971,0.00020000000000000573,6.25,48.56128765877164,-0.028749999999999783,-0.02999999999999982,-0.0012500000000000358
20,25,0.4,0.4,0.16000000000000003,0.16,0.1614,-2.7755575615628914e-17,0.0013999999999999568,0.0013999999999999846,0.0,50.83694257314073,0.0,-0.0,-0.0
20,26,0.4,0.4,0.16000000000000003,0.154,0.147,-0.006000000000000033,-0.01300000000000004,-0.007000000000000006,6.25,30.318469739001962,0.03750000000000021,0.08125000000000024,0.04375000000000003
20,27,0.4,0.4,0.16000000000000003,0.155,0.1588,-0.005000000000000032,-0.0012000000000000344,0.003799999999999998,0.0,54.90063779846947,0.0,0.0,0.0
20,28,0.4,0.4,0.16000000000000003,0.1494,0.1508,-0.010600000000000026,-0.009200000000000041,0.0013999999999999846,6.25,30.909243990135106,0.06625000000000017,0.05750000000000026,-0.00874999999999991
20,29,0.4,0.4,0.16000000000000003,0.1528,0.1558,-0.00720000000000004,-0.004200000000000037,0.0030000000000000027,0.0,39.89688949074234,0.0,0.0,0.0
20,30,0.4,0.4,0.16000000000000003,0.147,0.1528,-0.01300000000000004,-0.00720000000000004,0.0058,6.25,47.682078120319446,0.08125000000000024,0.04500000000000025,-0.03624999999999999
20,31,0.4,0.4,0.16000000000000003,0.1672,0.1594,0.0071999999999999564,-0.0006000000000000449,-0.007800000000000001,0.0,46.52303316506065,-0.0,0.0,0.0
20,32,0.4,0.4,0.16000000000000003,0.1552,0.1692,-0.0048000000000000265,0.009199999999999958,0.013999999999999985,6.25,47.49535264632759,0.030000000000000165,-0.05749999999999974,-0.08749999999999991
20,33,0.4,0.4,0.16000000000000003,0.158,0.1628,-0.0020000000000000295,0.002799999999999969,0.004799999999999999,0.0,35.0134351554301,0.0,-0.0,-0.0
20,34,0.4,0.4,0.16000000000000003,0.151,0.1534,-0.009000000000000036,-0.0066000000000000225,0.0024000000000000132,0.0,14.23750791906891,0.0,0.0,0.0
20,35,0.4,0.4,0.16000000000000003,0.1348,0.129,-0.025200000000000028,-0.031000000000000028,-0.0058,0.0,357.0228808904066,0.0,0.0,0.0
20,36,0.4,0.4,0.16000000000000003,0.1554,0.162,-0.004600000000000021,0.001999999999999974,0.006599999999999995,6.25,30.7077327653789,0.02875000000000013,-0.012499999999999838,-0.04124999999999997
20,37,0.4,0.4,0.16000000000000003,0.1438,0.143,-0.01620000000000002,-0.017000000000000043,-0.0008000000000000229,0.0,49.24328904753633,0.0,0.0,0.0
20,38,0.4,0.4,0.16000000000000003,0.1586,0.1624,-0.00140000000000004,0.0023999999999999577,0.003799999999999998,0.0,31.98760139458885,0.0,-0.0,-0.0
20,39,0.4,0.4,0.16000000000000003,0.1626,0.1462,0.0025999999999999635,-0.013800000000000034,-0.016399999999999998,0.0,11.987885915113472,-0.0,0.0,0.0
20,40,0.4,0.4,0.16000000000000003,0.1544,0.155,-0.005600000000000022,-0.005000000000000032,0.0005999999999999894,6.25,30.870074434443016,0.035000000000000135,0.0312500000000002,-0.003749999999999934
20,41,0.4,0.4,0.16000000000000003,0.1508,0.1498,-0.009200000000000041,-0.010200000000000042,-0.0010000000000000009,6.25,6.07455765569044,0.05750000000000026,0.06375000000000026,0.0062500000000000056
20,42,0.4,0.4,0.16000000000000003,0.1508,0.1592,-0.009200000000000041,-0.0008000000000000229,0.008400000000000019,0.0,35.00555522794472,0.0,0.0,0.0
20,43,0.4,0.4,0.16000000000000003,0.1706,0.1628,0.01059999999999997,0.002799999999999969,-0.007800000000000001,6.25,51.60907598048156,-0.06624999999999981,-0.017499999999999807,0.04875
20,44,0.4,0.4,0.16000000000000003,0.163,0.1644,0.002999999999999975,0.0043999999999999595,0.0013999999999999846,0.0,26.93258540355839,-0.0,-0.0,0.0
20,45,0.4,0.4,0.16000000000000003,0.1498,0.1476,-0.010200000000000042,-0.012400000000000022,-0.0021999999999999797,0.0,41.1047517359944,0.0,0.0,0.0
20,46,0.4,0.4,0.16000000000000003,0.163,0.1626,0.002999999999999975,0.0025999999999999635,-0.00040000000000001146,0.0,82.79196555299347,-0.0,-0.0,0.0
20,47,0.4,0.4,0.16000000000000003,0.1514,0.1528,-0.008600000000000024,-0.00720000000000004,0.0013999999999999846,0.0,25.17082082900161,0.0,0.0,0.0
20,48,0.4,0.4,0.16000000000000003,0.1566,0.163,-0.003400000000000042,0.002999999999999975,0.006400000000000017,0.0,76.9005217555675,0.0,-0.0,-0.0
20,49,0.4,0.4,0.16000000000000003,0.1588,0.1638,-0.0012000000000000344,0.00379999999999997,0.0050000000000000044,0.0,102.93122401681258,0.0,-0.0,-0.0
21,22,0.4,0.4,0.16000000000000003,0.162,0.159,0.001999999999999974,-0.0010000000000000286,-0.0030000000000000027,0.0,16.761897138577766,-0.0,0.0,0.0
21,23,0.4,0.4,0.16000000000000003,0.1554,0.1578,-0.004600000000000021,-0.0022000000000000353,0.0023999999999999855,6.25,6.46526703095585,0.02875000000000013,0.01375000000000022,-0.01499999999999991
21,24,0.4,0.4,0.16000000000000003,0.1572,0.1534,-0.0028000000000000247,-0.0066000000000000225,-0.003799999999999998,6.25,11.205329944650398,0.017500000000000154,0.04125000000000014,0.023749999999999986
21,25,0.4,0.4,0.16000000000000003,0.149,0.1498,-0.011000000000000038,-0.010200000000000042,0.0007999999999999952,0.0,9.90560337136655,0.0,0.0,0.0
21,26,0.4,0.4,0.16000000000000003,0.1506,0.156,-0.00940000000000002,-0.004000000000000031,0.005399999999999988,6.25,17.678454705175355,0.05875000000000012,0.025000000000000196,-0.033749999999999926
21,27,0.4,0.4,0.16000000000000003,0.1494,0.1584,-0.010600000000000026,-0.001600000000000018,0.009000000000000008,0.0,10.841415770597418,0.0,0.0,0.0
21,28,0.4,0.4,0.16000000000000003,0.1532,0.1646,-0.006800000000000028,0.004599999999999965,0.011399999999999993,6.25,27.070253411448938,0.042500000000000177,-0.028749999999999783,-0.07124999999999995
21,29,0.4,0.4,0.16000000000000003,0.1608,0.1572,0.0007999999999999674,-0.0028000000000000247,-0.003599999999999992,0.0,10.857752352487768,-0.0,0.0,0.0
21,30,0.4,0.4,0.16000000000000003,0.1618,0.163,0.0017999999999999683,0.002999999999999975,0.0012000000000000066,6.25,34.16351853846169,-0.011249999999999802,-0.018749999999999843,-0.007500000000000041
21,31,0.4,0.4,0.16000000000000003,0.1524,0.1604,-0.007600000000000023,0.00039999999999995595,0.00799999999999998,0.0,7.124946120590405,0.0,-0.0,-0.0
21,32,0.4,0.4,0.16000000000000003,0.1566,0.1632,-0.003400000000000042,0.0031999999999999806,0.0066000000000000225,6.25,9.359929782034728,0.021250000000000262,-0.01999999999999988,-0.04125000000000014
21,33,0.4,0.4,0.16000000000000003,0.1496,0.1616,-0.01040000000000002,0.0015999999999999626,0.011999999999999983,0.0,3.112458475955769,0.0,-0.0,-0.0
21,34,0.4,0.4,0.16000000000000003,0.1564,0.162,-0.00360000000000002,0.001999999999999974,0.005599999999999994,0.0,15.221065391736156,0.0,-0.0,-0.0
21,35,0.4,0.4,0.16000000000000003,0.1462,0.1426,-0.013800000000000034,-0.017400000000000027,-0.003599999999999992,0.0,471.1347467942542,0.0,0.0,0.0
21,36,0.4,0.4,0.16000000000000003,0.1586,0.1598,-0.00140000000000004,-0.00020000000000003348,0.0012000000000000066,6.25,14.915325885647068,0.00875000000000025,0.0012500000000002093,-0.007500000000000041
21,37,0.4,0.4,0.16000000000000003,0.1458,0.1504,-0.014200000000000018,-0.009600000000000025,0.004599999999999993,0.0,108.80387236049621,0.0,0.0,0.0
21,38,0.4,0.4,0.16000000000000003,0.159,0.159,-0.0010000000000000286,-0.0010000000000000286,0.0,0.0,4.375741788925954,0.0,0.0,0.0
21,39,0.4,0.4,0.16000000000000003,0.156,0.1522,-0.004000000000000031,-0.007800000000000029,-0.003799999999999998,0.0,14.461995890515071,0.0,0.0,0.0
21,40,0.4,0.4,0.16000000000000003,0.1478,0.1562,-0.012200000000000044,-0.0038000000000000256,0.008400000000000019,6.25,6.354910163520518,0.07625000000000028,0.02375000000000016,-0.052500000000000116
21,41,0.4,0.4,0.16000000000000003,0.163,0.1598,0.002999999999999975,-0.00020000000000003348,-0.0032000000000000084,6.25,10.673113901000596,-0.018749999999999843,0.0012500000000002093,0.020000000000000052
21,42,0.4,0.4,0.16000000000000003,0.1606,0.1592,0.0005999999999999617,-0.0008000000000000229,-0.0013999999999999846,0.0,21.6704848187875,-0.0,0.0,0.0
21,43,0.4,0.4,0.16000000000000003,0.1544,0.1546,-0.005600000000000022,-0.005400000000000044,0.00019999999999997797,6.25,9.197189672257332,0.035000000000000135,0.03375000000000027,-0.0012499999999998623
21,44,0.4,0.4,0.16000000000000003,0.1632,0.1564,0.0031999999999999806,-0.00360000000000002,-0.0068000000000000005,0.0,2.013287153889384,-0.0,0.0,0.0
21,45,0.4,0.4,0.16000000000000003,0.1496,0.1522,-0.01040000000000002,-0.007800000000000029,0.002599999999999991,0.0,75.8040465466393,0.0,0.0,0.0
21,46,0.4,0.4,0.16000000000000003,0.1444,0.1578,-0.01560000000000003,-0.0022000000000000353,0.013399999999999995,0.0,24.640702509167397,0.0,0.0,0.0
21,47,0.4,0.4,0.16000000000000003,0.152,0.1628,-0.008000000000000035,0.002799999999999969,0.010800000000000004,0.0,17.199686250557406,0.0,-0.0,-0.0
21,48,0.4,0.4,0.16000000000000003,0.149,0.1484,-0.011000000000000038,-0.011600000000000027,-0.0005999999999999894,0.0,24.46341419979078,0.0,0.0,0.0
21,49,0.4,0.4,0.16000000000000003,0.1536,0.1534,-0.0064000000000000445,-0.0066000000000000225,-0.00019999999999997797,0.0,41.164347716303276,0.0,0.0,0.0
22,23,0.4,0.4,0.16000000000000003,0.1638,0.163,0.00379999999999997,0.002999999999999975,-0.0007999999999999952,6.25,3.599154981031731,-0.023749999999999813,-0.018749999999999843,0.00499999999999997
22,24,0.4,0.4,0.16000000000000003,0.1612,0.1572,0.0011999999999999789,-0.0028000000000000247,-0.0040000000000000036,6.25,4.78386388385104,-0.007499999999999868,0.017500000000000154,0.025000000000000022
22,25,0.4,0.4,0.16000000000000003,0.163,0.1514,0.002999999999999975,-0.008600000000000024,-0.0116,0.0,31.568523644976267,-0.0,0.0,0.0
22,26,0.4,0.4,0.16000000000000003,0.1624,0.1582,0.0023999999999999577,-0.0018000000000000238,-0.0041999999999999815,6.25,2.4435247493808854,-0.014999999999999736,0.011250000000000149,0.026249999999999885
22,27,0.4,0.4,0.16000000000000003,0.1544,0.1528,-0.005600000000000022,-0.00720000000000004,-0.001600000000000018,0.0,16.01713063925278,0.0,0.0,0.0
22,28,0.4,0.4,0.16000000000000003,0.1554,0.1608,-0.004600000000000021,0.0007999999999999674,0.005399999999999988,6.25,7.764589512110251,0.02875000000000013,-0.004999999999999796,-0.033749999999999926
22,29,0.4,0.4,0.16000000000000003,0.1622,0.1578,0.0021999999999999797,-0.0022000000000000353,-0.004400000000000015,0.0,1.1744947565119983,-0.0,0.0,0.0
22,30,0.4,0.4,0.16000000000000003,0.154,0.1544,-0.006000000000000033,-0.005600000000000022,0.00040000000000001146,6.25,5.5348224816872875,0.03750000000000021,0.035000000000000135,-0.0025000000000000716
22,31,0.4,0.4,0.16000000000000003,0.1584,0.1558,-0.001600000000000018,-0.004200000000000037,-0.002600000000000019,0.0,17.669758134454455,0.0,0.0,0.0
22,32,0.4,0.4,0.16000000000000003,0.162,0.167,0.001999999999999974,0.0069999999999999785,0.0050000000000000044,6.25,7.274221032494027,-0.012499999999999838,-0.043749999999999865,-0.03125000000000003
22,33,0.4,0.4,0.16000000000000003,0.1538,0.1644,-0.006200000000000039,0.0043999999999999595,0.010599999999999998,0.0,16.343813421322285,0.0,-0.0,-0.0
22,34,0.4,0.4,0.16000000000000003,0.1542,0.1558,-0.005800000000000027,-0.004200000000000037,0.0015999999999999903,0.0,10.738280361976466,0.0,0.0,0.0
22,35,0.4,0.4,0.16000000000000003,0.1658,0.1504,0.005799999999999972,-0.009600000000000025,-0.015399999999999997,0.0,637.4770053609994,-0.0,0.0,0.0
22,36,0.4,0.4,0.16000000000000003,0.1596,0.1572,-0.0004000000000000392,-0.0028000000000000247,-0.0023999999999999855,6.25,1.3845389246490445,0.002500000000000245,0.017500000000000154,0.01499999999999991
22,37,0.4,0.4,0.16000000000000003,0.1596,0.1508,-0.0004000000000000392,-0.009200000000000041,-0.008800000000000002,0.0,182.3174616645638,0.0,0.0,0.0
22,38,0.4,0.4,0.16000000000000003,0.1536,0.16,-0.0064000000000000445,-2.7755575615628914e-17,0.006400000000000017,0.0,5.31771350177786,0.0,0.0,0.0
22,39,0.4,0.4,0.16000000000000003,0.1604,0.1654,0.00039999999999995595,0.00539999999999996,0.0050000000000000044,0.0,59.54693359943616,-0.0,-0.0,0.0
22,40,0.4,0.4,0.16000000000000003,0.1578,0.1592,-0.0022000000000000353,-0.0008000000000000229,0.0014000000000000123,6.25,2.5969495584840376,0.01375000000000022,0.005000000000000143,-0.008750000000000077
22,41,0.4,0.4,0.16000000000000003,0.1664,0.1608,0.006399999999999961,0.0007999999999999674,-0.005599999999999994,6.25,17.283214974553335,-0.03999999999999976,-0.004999999999999796,0.03499999999999996
22,42,0.4,0.4,0.16000000000000003,0.1628,0.151,0.002799999999999969,-0.009000000000000036,-0.011800000000000005,0.0,2.588089996587926,-0.0,0.0,0.0
22,43,0.4,0.4,0.16000000000000003,0.1612,0.1554,0.0011999999999999789,-0.004600000000000021,-0.0058,6.25,18.850468917607927,-0.007499999999999868,0.02875000000000013,0.03625
22,44,0.4,0.4,0.16000000000000003,0.166,0.155,0.005999999999999978,-0.005000000000000032,-0.01100000000000001,0.0,8.38058536889464,-0.0,0.0,0.0
22,45,0.4,0.4,0.16000000000000003,0.1614,0.16,0.0013999999999999568,-2.7755575615628914e-17,-0.0013999999999999846,0.0,153.1326976871604,-0.0,0.0,0.0
22,46,0.4,0.4,0.16000000000000003,0.1646,0.1654,0.004599999999999965,0.00539999999999996,0.0007999999999999952,0.0,36.54501694448923,-0.0,-0.0,0.0
22,47,0.4,0.4,0.16000000000000003,0.164,0.1542,0.003999999999999976,-0.005800000000000027,-0.009800000000000003,0.0,4.464709480417726,-0.0,0.0,0.0
22,48,0.4,0.4,0.16000000000000003,0.1704,0.1602,0.010399999999999965,0.00019999999999997797,-0.010199999999999987,0.0,53.05630041851954,-0.0,-0.0,0.0
22,49,0.4,0.4,0.16000000000000003,0.1616,0.1582,0.0015999999999999626,-0.0018000000000000238,-0.0033999999999999864,0.0,75.2564731201301,-0.0,0.0,0.0
23,24,0.4,0.4,0.16000000000000003,0.1628,0.1626,0.002799999999999969,0.0025999999999999635,-0.00020000000000000573,0.0,7.125826128468152,-0.0,-0.0,0.0
23,25,0.4,0.4,0.16000000000000003,0.1604,0.1572,0.00039999999999995595,-0.0028000000000000247,-0.0031999999999999806,6.25,24.48124304399352,-0.0024999999999997247,0.017500000000000154,0.01999999999999988
23,26,0.4,0.4,0.16000000000000003,0.159,0.154,-0.0010000000000000286,-0.006000000000000033,-0.0050000000000000044,0.0,2.7773191160366633,0.0,0.0,0.0
23,27,0.4,0.4,0.16000000000000003,0.1556,0.1594,-0.004400000000000043,-0.0006000000000000449,0.003799999999999998,6.25,15.565791485026573,0.027500000000000267,0.003750000000000281,-0.023749999999999986
23,28,0.4,0.4,0.16000000000000003,0.155,0.166,-0.005000000000000032,0.005999999999999978,0.01100000000000001,0.0,7.721333200519762,0.0,-0.0,-0.0
23,29,0.4,0.4,0.16000000000000003,0.1612,0.1664,0.0011999999999999789,0.006399999999999961,0.005199999999999982,6.25,2.948064996328665,-0.007499999999999868,-0.03999999999999976,-0.03249999999999989
23,30,0.4,0.4,0.16000000000000003,0.156,0.1546,-0.004000000000000031,-0.005400000000000044,-0.0014000000000000123,0.0,10.909477834507467,0.0,0.0,0.0
23,31,0.4,0.4,0.16000000000000003,0.1632,0.1654,0.0031999999999999806,0.00539999999999996,0.0021999999999999797,6.25,14.290541505314366,-0.01999999999999988,-0.03374999999999975,-0.013749999999999873
23,32,0.4,0.4,0.16000000000000003,0.1572,0.1696,-0.0028000000000000247,0.00959999999999997,0.012399999999999994,0.0,8.208359654087369,0.0,-0.0,-0.0
23,33,0.4,0.4,0.16000000000000003,0.1622,0.1732,0.0021999999999999797,0.013199999999999962,0.010999999999999982,6.25,10.4122153880314,-0.013749999999999873,-0.08249999999999977,-0.0687499999999999
23,34,0.4,0.4,0.16000000000000003,0.1512,0.1598,-0.00880000000000003,-0.00020000000000003348,0.008599999999999997,6.25,4.305702650086219,0.05500000000000019,0.0012500000000002093,-0.05374999999999998
23,35,0.4,0.4,0.16000000000000003,0.1602,0.1438,0.00019999999999997797,-0.01620000000000002,-0.016399999999999998,6.25,545.2948739526943,-0.0012499999999998623,0.10125000000000012,0.10249999999999998
23,36,0.4,0.4,0.16000000000000003,0.156,0.1546,-0.004000000000000031,-0.005400000000000044,-0.0014000000000000123,0.0,1.7641750746945468,0.0,0.0,0.0
23,37,0.4,0.4,0.16000000000000003,0.1518,0.1596,-0.00820000000000004,-0.0004000000000000392,0.007800000000000001,6.25,135.27505302618303,0.051250000000000254,0.002500000000000245,-0.04875000000000001
23,38,0.4,0.4,0.16000000000000003,0.1596,0.151,-0.0004000000000000392,-0.009000000000000036,-0.008599999999999997,6.25,2.9386281371665466,0.002500000000000245,0.05625000000000022,0.05374999999999998
23,39,0.4,0.4,0.16000000000000003,0.157,0.164,-0.0030000000000000304,0.003999999999999976,0.007000000000000006,6.25,34.829807420205036,0.01875000000000019,-0.02499999999999985,-0.04375000000000004
23,40,0.4,0.4,0.16000000000000003,0.154,0.1608,-0.006000000000000033,0.0007999999999999674,0.0068000000000000005,0.0,1.2698694258659233,0.0,-0.0,-0.0
23,41,0.4,0.4,0.16000000000000003,0.159,0.1578,-0.0010000000000000286,-0.0022000000000000353,-0.0012000000000000066,0.0,6.067848979971203,0.0,0.0,0.0
23,42,0.4,0.4,0.16000000000000003,0.1584,0.1488,-0.001600000000000018,-0.011200000000000043,-0.009600000000000025,6.25,4.463110831976801,0.010000000000000113,0.07000000000000027,0.06000000000000016
23,43,0.4,0.4,0.16000000000000003,0.164,0.1642,0.003999999999999976,0.0041999999999999815,0.00020000000000000573,0.0,16.428976260309224,-0.0,-0.0,0.0
23,44,0.4,0.4,0.16000000000000003,0.1662,0.1594,0.0061999999999999555,-0.0006000000000000449,-0.0068000000000000005,6.25,3.4676832219588674,-0.03874999999999972,0.003750000000000281,0.0425
23,45,0.4,0.4,0.16000000000000003,0.1614,0.1588,0.0013999999999999568,-0.0012000000000000344,-0.002599999999999991,6.25,109.94122366917159,-0.00874999999999973,0.007500000000000215,0.016249999999999945
23,46,0.4,0.4,0.16000000000000003,0.1606,0.1618,0.0005999999999999617,0.0017999999999999683,0.0012000000000000066,6.25,36.621046535926766,-0.0037499999999997605,-0.011249999999999802,-0.007500000000000041
23,47,0.4,0.4,0.16000000000000003,0.155,0.1602,-0.005000000000000032,0.00019999999999997797,0.00520000000000001,6.25,2.909201676057201,0.0312500000000002,-0.0012499999999998623,-0.032500000000000064
23,48,0.4,0.4,0.16000000000000003,0.1564,0.171,-0.00360000000000002,0.010999999999999982,0.014600000000000002,6.25,45.878891676308925,0.022500000000000124,-0.0687499999999999,-0.09125000000000003
23,49,0.4,0.4,0.16000000000000003,0.1576,0.161,-0.002400000000000041,0.0009999999999999731,0.003400000000000014,6.25,68.04952884964877,0.015000000000000256,-0.006249999999999832,-0.021250000000000088
24,25,0.4,0.4,0.16000000000000003,0.1576,0.1526,-0.002400000000000041,-0.007400000000000018,-0.004999999999999977,6.25,13.46437673749876,0.015000000000000256,0.04625000000000011,0.031249999999999854
24,26,0.4,0.4,0.16000000000000003,0.1704,0.1576,0.010399999999999965,-0.002400000000000041,-0.012800000000000006,0.0,12.29959303298623,-0.0,0.0,0.0
24,27,0.4,0.4,0.16000000000000003,0.15,0.159,-0.010000000000000037,-0.0010000000000000286,0.009000000000000008,6.25,3.415596112033407,0.06250000000000022,0.006250000000000179,-0.05625000000000004
24,28,0.4,0.4,0.16000000000000003,0.158,0.1678,-0.0020000000000000295,0.007799999999999974,0.009800000000000003,0.0,23.223344799824655,0.0,-0.0,-0.0
24,29,0.4,0.4,0.16000000000000003,0.1626,0.1574,0.0025999999999999635,-0.002600000000000019,-0.005199999999999982,6.25,1.440637161534254,-0.01624999999999977,0.01625000000000012,0.03249999999999989
24,30,0.4,0.4,0.16000000000000003,0.166,0.1616,0.005999999999999978,0.0015999999999999626,-0.004400000000000015,0.0,20.598076747263494,-0.0,-0.0,0.0
24,31,0.4,0.4,0.16000000000000003,0.1576,0.1572,-0.002400000000000041,-0.0028000000000000247,-0.0003999999999999837,6.25,4.891107464201726,0.015000000000000256,0.017500000000000154,0.002499999999999898
24,32,0.4,0.4,0.16000000000000003,0.1644,0.1604,0.0043999999999999595,0.00039999999999995595,-0.0040000000000000036,0.0,0.33307911467029083,-0.0,-0.0,0.0
24,33,0.4,0.4,0.16000000000000003,0.1594,0.1588,-0.0006000000000000449,-0.0012000000000000344,-0.0005999999999999894,6.25,5.766224309187307,0.003750000000000281,0.007500000000000215,0.003749999999999934
24,34,0.4,0.4,0.16000000000000003,0.1652,0.167,0.005199999999999982,0.0069999999999999785,0.001799999999999996,6.25,22.14115809209259,-0.03249999999999989,-0.043749999999999865,-0.011249999999999975
24,35,0.4,0.4,0.16000000000000003,0.1646,0.155,0.004599999999999965,-0.005000000000000032,-0.009599999999999997,6.25,627.6521140696728,-0.028749999999999783,0.0312500000000002,0.059999999999999984
24,36,0.4,0.4,0.16000000000000003,0.1558,0.1624,-0.004200000000000037,0.0023999999999999577,0.006599999999999995,0.0,9.130989491445002,0.0,-0.0,-0.0
24,37,0.4,0.4,0.16000000000000003,0.1654,0.1616,0.00539999999999996,0.0015999999999999626,-0.003799999999999998,6.25,187.09769134300586,-0.03374999999999975,-0.009999999999999766,0.023749999999999986
24,38,0.4,0.4,0.16000000000000003,0.1652,0.1608,0.005199999999999982,0.0007999999999999674,-0.004400000000000015,6.25,1.7767862811870863,-0.03249999999999989,-0.004999999999999796,0.027500000000000094
24,39,0.4,0.4,0.16000000000000003,0.1578,0.16,-0.0022000000000000353,-2.7755575615628914e-17,0.0022000000000000075,6.25,50.89843724510315,0.01375000000000022,1.734723475976807e-16,-0.013750000000000047
24,40,0.4,0.4,0.16000000000000003,0.1618,0.1612,0.0017999999999999683,0.0011999999999999789,-0.0005999999999999894,0.0,2.3927570879117086,-0.0,-0.0,0.0
24,41,0.4,0.4,0.16000000000000003,0.164,0.1606,0.003999999999999976,0.0005999999999999617,-0.003400000000000014,0.0,25.65347942280293,-0.0,-0.0,0.0
24,42,0.4,0.4,0.16000000000000003,0.17,0.1602,0.009999999999999981,0.00019999999999997797,-0.009800000000000003,6.25,13.743709881522571,-0.06249999999999988,-0.0012499999999998623,0.06125000000000002
24,43,0.4,0.4,0.16000000000000003,0.1594,0.1546,-0.0006000000000000449,-0.005400000000000044,-0.004799999999999999,0.0,5.108260737343943,0.0,0.0,0.0
24,44,0.4,0.4,0.16000000000000003,0.1638,0.159,0.00379999999999997,-0.0010000000000000286,-0.004799999999999999,6.25,3.7663300918859384,-0.023749999999999813,0.006250000000000179,0.029999999999999992
24,45,0.4,0.4,0.16000000000000003,0.157,0.1542,-0.0030000000000000304,-0.005800000000000027,-0.002799999999999997,6.25,145.29717234217756,0.01875000000000019,0.03625000000000017,0.01749999999999998
24,46,0.4,0.4,0.16000000000000003,0.1578,0.1574,-0.0022000000000000353,-0.002600000000000019,-0.0003999999999999837,6.25,14.884555060082429,0.01375000000000022,0.01625000000000012,0.002499999999999898
24,47,0.4,0.4,0.16000000000000003,0.167,0.1696,0.0069999999999999785,0.00959999999999997,0.002599999999999991,6.25,15.345984485393704,-0.043749999999999865,-0.05999999999999981,-0.016249999999999945
24,48,0.4,0.4,0.16000000000000003,0.1602,0.1622,0.00019999999999997797,0.0021999999999999797,0.0020000000000000018,6.25,26.955641005769998,-0.0012499999999998623,-0.013749999999999873,-0.012500000000000011
24,49,0.4,0.4,0.16000000000000003,0.1524,0.1544,-0.007600000000000023,-0.005600000000000022,0.0020000000000000018,6.25,42.72181208357853,0.047500000000000146,0.035000000000000135,-0.012500000000000011
25,26,0.4,0.4,0.16000000000000003,0.1632,0.1638,0.0031999999999999806,0.00379999999999997,0.0005999999999999894,6.25,41.85291859692407,-0.01999999999999988,-0.023749999999999813,-0.003749999999999934
25,27,0.4,0.4,0.16000000000000003,0.1446,0.1488,-0.015400000000000025,-0.011200000000000043,0.0041999999999999815,0.0,4.067893511265122,0.0,0.0,0.0
25,28,0.4,0.4,0.16000000000000003,0.1658,0.1696,0.005799999999999972,0.00959999999999997,0.003799999999999998,6.25,59.361316649873245,-0.036249999999999824,-0.05999999999999981,-0.023749999999999986
25,29,0.4,0.4,0.16000000000000003,0.1548,0.1598,-0.005200000000000038,-0.00020000000000003348,0.0050000000000000044,0.0,20.590591274535882,0.0,0.0,0.0
25,30,0.4,0.4,0.16000000000000003,0.1688,0.1724,0.008799999999999975,0.012399999999999967,0.003599999999999992,6.25,62.15760776423092,-0.05499999999999984,-0.07749999999999979,-0.02249999999999995
25,31,0.4,0.4,0.16000000000000003,0.1538,0.1478,-0.006200000000000039,-0.012200000000000044,-0.006000000000000005,0.0,2.125487586197957,0.0,0.0,0.0
25,32,0.4,0.4,0.16000000000000003,0.1558,0.1574,-0.004200000000000037,-0.002600000000000019,0.001600000000000018,6.25,9.566463828386228,0.02625000000000023,0.01625000000000012,-0.010000000000000113
25,33,0.4,0.4,0.16000000000000003,0.1434,0.1508,-0.01660000000000003,-0.009200000000000041,0.00739999999999999,0.0,2.96240007549109,0.0,0.0,0.0
25,34,0.4,0.4,0.16000000000000003,0.1622,0.1718,0.0021999999999999797,0.011799999999999977,0.009599999999999997,0.0,46.238324346819475,-0.0,-0.0,0.0
25,35,0.4,0.4,0.16000000000000003,0.155,0.147,-0.005000000000000032,-0.01300000000000004,-0.008000000000000007,0.0,531.6172938775885,0.0,0.0,0.0
25,36,0.4,0.4,0.16000000000000003,0.1588,0.156,-0.0012000000000000344,-0.004000000000000031,-0.002799999999999997,6.25,36.09999411521588,0.007500000000000215,0.025000000000000196,0.01749999999999998
25,37,0.4,0.4,0.16000000000000003,0.1558,0.1514,-0.004200000000000037,-0.008600000000000024,-0.004399999999999987,0.0,158.58583276816492,0.0,0.0,0.0
25,38,0.4,0.4,0.16000000000000003,0.1496,0.1548,-0.01040000000000002,-0.005200000000000038,0.005199999999999982,0.0,11.638691093103231,0.0,0.0,0.0
25,39,0.4,0.4,0.16000000000000003,0.1496,0.1422,-0.01040000000000002,-0.017800000000000038,-0.007400000000000018,0.0,29.992952095751846,0.0,0.0,0.0
25,40,0.4,0.4,0.16000000000000003,0.1526,0.1514,-0.007400000000000018,-0.008600000000000024,-0.0012000000000000066,6.25,17.570000164594667,0.04625000000000011,0.05375000000000015,0.007500000000000041
25,41,0.4,0.4,0.16000000000000003,0.1676,0.1584,0.007599999999999968,-0.001600000000000018,-0.009199999999999986,6.25,40.741696272170955,-0.0474999999999998,0.010000000000000113,0.05749999999999991
25,42,0.4,0.4,0.16000000000000003,0.1638,0.1586,0.00379999999999997,-0.00140000000000004,-0.00520000000000001,0.0,46.602600003062875,-0.0,0.0,0.0
25,43,0.4,0.4,0.16000000000000003,0.1534,0.1458,-0.0066000000000000225,-0.014200000000000018,-0.007599999999999996,6.25,2.185076038225584,0.04125000000000014,0.0887500000000001,0.047499999999999966
25,44,0.4,0.4,0.16000000000000003,0.15,0.1548,-0.010000000000000037,-0.005200000000000038,0.004799999999999999,0.0,9.521425714767927,0.0,0.0,0.0
25,45,0.4,0.4,0.16000000000000003,0.1486,0.1442,-0.011400000000000021,-0.015800000000000036,-0.004400000000000015,0.0,105.23603199363725,0.0,0.0,0.0
25,46,0.4,0.4,0.16000000000000003,0.1394,0.143,-0.020600000000000035,-0.017000000000000043,0.003599999999999992,0.0,4.800368697994097,0.0,0.0,0.0
25,47,0.4,0.4,0.16000000000000003,0.1698,0.1686,0.009799999999999975,0.008599999999999969,-0.0012000000000000066,0.0,44.11673389343962,-0.0,-0.0,0.0
25,48,0.4,0.4,0.16000000000000003,0.1332,0.1384,-0.026800000000000018,-0.021600000000000036,0.005199999999999982,0.0,3.4072629862369297,0.0,0.0,0.0
25,49,0.4,0.4,0.16000000000000003,0.1338,0.1342,-0.02620000000000003,-0.025800000000000017,0.00040000000000001146,0.0,11.106765638160308,0.0,0.0,0.0
26,27,0.4,0.4,0.16000000000000003,0.164,0.156,0.003999999999999976,-0.004000000000000031,-0.008000000000000007,6.25,26.68998060524271,-0.02499999999999985,0.025000000000000196,0.050000000000000044
26,28,0.4,0.4,0.16000000000000003,0.1526,0.1542,-0.007400000000000018,-0.005800000000000027,0.0015999999999999903,0.0,1.7285205284729792,0.0,0.0,0.0
26,29,0.4,0.4,0.16000000000000003,0.1664,0.1568,0.006399999999999961,-0.003200000000000036,-0.009599999999999997,6.25,5.324306242790592,-0.03999999999999976,0.020000000000000226,0.059999999999999984
26,30,0.4,0.4,0.16000000000000003,0.1576,0.1494,-0.002400000000000041,-0.010600000000000026,-0.008199999999999985,0.0,2.766345196478633,0.0,0.0,0.0
26,31,0.4,0.4,0.16000000000000003,0.168,0.1644,0.00799999999999998,0.0043999999999999595,-0.00360000000000002,6.25,26.812692403941917,-0.04999999999999987,-0.027499999999999747,0.022500000000000124
26,32,0.4,0.4,0.16000000000000003,0.1668,0.1614,0.006799999999999973,0.0013999999999999568,-0.005400000000000016,0.0,15.30503280409706,-0.0,-0.0,0.0
26,33,0.4,0.4,0.16000000000000003,0.1558,0.158,-0.004200000000000037,-0.0020000000000000295,0.0022000000000000075,6.25,22.73129540479593,0.02625000000000023,0.012500000000000185,-0.013750000000000047
26,34,0.4,0.4,0.16000000000000003,0.1512,0.1544,-0.00880000000000003,-0.005600000000000022,0.0032000000000000084,6.25,3.578386436333359,0.05500000000000019,0.035000000000000135,-0.020000000000000052
26,35,0.4,0.4,0.16000000000000003,0.1606,0.1536,0.0005999999999999617,-0.0064000000000000445,-0.007000000000000006,6.25,595.1920301606593,-0.0037499999999997605,0.04000000000000028,0.04375000000000004
26,36,0.4,0.4,0.16000000000000003,0.1574,0.1554,-0.002600000000000019,-0.004600000000000021,-0.0020000000000000018,0.0,0.23999705617394132,0.0,0.0,0.0
26,37,0.4,0.4,0.16000000000000003,0.157,0.1492,-0.0030000000000000304,-0.010800000000000032,-0.007800000000000001,6.25,156.45214790685608,0.01875000000000019,0.0675000000000002,0.04875000000000001
26,38,0.4,0.4,0.16000000000000003,0.1634,0.1504,0.0033999999999999586,-0.009600000000000025,-0.012999999999999984,6.25,9.443922862424113,-0.02124999999999974,0.06000000000000016,0.0812499999999999
26,39,0.4,0.4,0.16000000000000003,0.1654,0.1608,0.00539999999999996,0.0007999999999999674,-0.004599999999999993,6.25,54.268024644834455,-0.03374999999999975,-0.004999999999999796,0.028749999999999956
26,40,0.4,0.4,0.16000000000000003,0.1534,0.1522,-0.0066000000000000225,-0.007800000000000029,-0.0012000000000000066,0.0,5.297242540295273,0.0,0.0,0.0
26,41,0.4,0.4,0.16000000000000003,0.1676,0.1466,0.007599999999999968,-0.013400000000000023,-0.02099999999999999,0.0,9.27998677634874,-0.0,0.0,0.0
26,42,0.4,0.4,0.16000000000000003,0.1614,0.1524,0.0013999999999999568,-0.007600000000000023,-0.00899999999999998,6.25,0.22178070056442184,-0.00874999999999973,0.047500000000000146,0.056249999999999876
26,43,0.4,0.4,0.16000000000000003,0.1696,0.16,0.00959999999999997,-2.7755575615628914e-17,-0.009599999999999997,0.0,29.110414938144643,-0.0,0.0,0.0
26,44,0.4,0.4,0.16000000000000003,0.174,0.1558,0.013999999999999957,-0.004200000000000037,-0.018199999999999994,6.25,11.738126840126382,-0.08749999999999973,0.02625000000000023,0.11374999999999996
26,45,0.4,0.4,0.16000000000000003,0.1654,0.1618,0.00539999999999996,0.0017999999999999683,-0.003599999999999992,6.25,137.03504806503113,-0.03374999999999975,-0.011249999999999802,0.02249999999999995
26,46,0.4,0.4,0.16000000000000003,0.1658,0.1644,0.005799999999999972,0.0043999999999999595,-0.0014000000000000123,6.25,52.98061619145114,-0.036249999999999824,-0.027499999999999747,0.008750000000000077
26,47,0.4,0.4,0.16000000000000003,0.1538,0.1514,-0.006200000000000039,-0.008600000000000024,-0.0023999999999999855,6.25,0.34616548476704834,0.03875000000000024,0.05375000000000015,0.01499999999999991
26,48,0.4,0.4,0.16000000000000003,0.1714,0.1656,0.011399999999999966,0.005599999999999966,-0.0058,6.25,68.11696613341441,-0.07124999999999979,-0.03499999999999979,0.03625
26,49,0.4,0.4,0.16000000000000003,0.1702,0.161,0.010199999999999959,0.0009999999999999731,-0.009199999999999986,6.25,94.18415965094006,-0.06374999999999975,-0.006249999999999832,0.05749999999999992
27,28,0.4,0.4,0.16000000000000003,0.1596,0.1692,-0.0004000000000000392,0.009199999999999958,0.009599999999999997,6.25,41.91207544901528,0.002500000000000245,-0.05749999999999974,-0.059999999999999984
27,29,0.4,0.4,0.16000000000000003,0.1582,0.1584,-0.0018000000000000238,-0.001600000000000018,0.00020000000000000573,0.0,8.673176558212898,0.0,0.0,0.0
27,30,0.4,0.4,0.16000000000000003,0.1604,0.169,0.00039999999999995595,0.00899999999999998,0.008600000000000024,6.25,40.337173950062606,-0.0024999999999997247,-0.056249999999999876,-0.05375000000000015
27,31,0.4,0.4,0.16000000000000003,0.1498,0.1528,-0.010200000000000042,-0.00720000000000004,0.0030000000000000027,0.0,0.6014252890343981,0.0,0.0,0.0
27,32,0.4,0.4,0.16000000000000003,0.1486,0.1604,-0.011400000000000021,0.00039999999999995595,0.011799999999999977,6.25,1.703655916216411,0.07125000000000013,-0.0024999999999997247,-0.07374999999999986
27,33,0.4,0.4,0.16000000000000003,0.1426,0.1636,-0.017400000000000027,0.0035999999999999643,0.02099999999999999,0.0,2.5614563596914426,0.0,-0.0,-0.0
27,34,0.4,0.4,0.16000000000000003,0.1552,0.1708,-0.0048000000000000265,0.010799999999999976,0.015600000000000003,0.0,36.04530314478713,0.0,-0.0,-0.0
27,35,0.4,0.4,0.16000000000000003,0.1568,0.1444,-0.003200000000000036,-0.01560000000000003,-0.012399999999999994,0.0,603.3794135529954,0.0,0.0,0.0
27,36,0.4,0.4,0.16000000000000003,0.1546,0.162,-0.005400000000000044,0.001999999999999974,0.007400000000000018,6.25,21.878753468869515,0.03375000000000027,-0.012499999999999838,-0.04625000000000011
27,37,0.4,0.4,0.16000000000000003,0.1512,0.1622,-0.00880000000000003,0.0021999999999999797,0.01100000000000001,0.0,185.61165486424272,0.0,-0.0,-0.0
27,38,0.4,0.4,0.16000000000000003,0.149,0.1494,-0.011000000000000038,-0.010600000000000026,0.00040000000000001146,0.0,4.981470990674486,0.0,0.0,0.0
27,39,0.4,0.4,0.16000000000000003,0.148,0.157,-0.012000000000000038,-0.0030000000000000304,0.009000000000000008,0.0,44.48907730568214,0.0,0.0,0.0
27,40,0.4,0.4,0.16000000000000003,0.1506,0.1468,-0.00940000000000002,-0.013200000000000017,-0.003799999999999998,6.25,8.477915408583785,0.05875000000000012,0.0825000000000001,0.02374999999999998
27,41,0.4,0.4,0.16000000000000003,0.158,0.1636,-0.0020000000000000295,0.0035999999999999643,0.005599999999999994,6.25,35.978784205781324,0.012500000000000185,-0.022499999999999777,-0.03499999999999996
27,42,0.4,0.4,0.16000000000000003,0.1568,0.164,-0.003200000000000036,0.003999999999999976,0.007200000000000012,0.0,29.54007855662999,0.0,-0.0,-0.0
27,43,0.4,0.4,0.16000000000000003,0.148,0.1472,-0.012000000000000038,-0.012800000000000034,-0.0007999999999999952,6.25,0.30355187939590966,0.07500000000000023,0.08000000000000021,0.004999999999999977
27,44,0.4,0.4,0.16000000000000003,0.1536,0.1562,-0.0064000000000000445,-0.0038000000000000256,0.002600000000000019,0.0,5.4931673886315595,0.0,0.0,0.0
27,45,0.4,0.4,0.16000000000000003,0.1462,0.1486,-0.013800000000000034,-0.011400000000000021,0.0024000000000000132,0.0,134.88621762842232,0.0,0.0,0.0
27,46,0.4,0.4,0.16000000000000003,0.137,0.147,-0.02300000000000002,-0.01300000000000004,0.009999999999999981,0.0,4.498350706777462,0.0,0.0,0.0
27,47,0.4,0.4,0.16000000000000003,0.159,0.162,-0.0010000000000000286,0.001999999999999974,0.0030000000000000027,0.0,30.065811551924675,0.0,-0.0,-0.0
27,48,0.4,0.4,0.16000000000000003,0.1366,0.145,-0.023400000000000032,-0.015000000000000041,0.00839999999999999,0.0,11.26652291128471,0.0,0.0,0.0
27,49,0.4,0.4,0.16000000000000003,0.1346,0.1388,-0.025400000000000034,-0.021200000000000024,0.004200000000000009,0.0,21.98042694265738,0.0,0.0,0.0
28,29,0.4,0.4,0.16000000000000003,0.1636,0.161,0.0035999999999999643,0.0009999999999999731,-0.002599999999999991,6.25,13.09586514327496,-0.022499999999999777,-0.006249999999999832,0.016249999999999945
28,30,0.4,0.4,0.16000000000000003,0.1466,0.1536,-0.013400000000000023,-0.0064000000000000445,0.0069999999999999785,0.0,2.135225268557864,0.0,0.0,0.0
28,31,0.4,0.4,0.16000000000000003,0.1716,0.1666,0.011599999999999971,0.006599999999999967,-0.0050000000000000044,6.25,41.678746619148576,-0.07249999999999981,-0.041249999999999794,0.03125000000000002
28,32,0.4,0.4,0.16000000000000003,0.1614,0.1764,0.0013999999999999568,0.01639999999999997,0.015000000000000013,0.0,27.31407764047728,-0.0,-0.0,0.0
28,33,0.4,0.4,0.16000000000000003,0.1628,0.175,0.002799999999999969,0.014999999999999958,0.012199999999999989,6.25,35.85866427658836,-0.017499999999999807,-0.09374999999999974,-0.07624999999999993
28,34,0.4,0.4,0.16000000000000003,0.146,0.1554,-0.01400000000000004,-0.004600000000000021,0.00940000000000002,6.25,3.2979338818112183,0.08750000000000024,0.02875000000000013,-0.058750000000000115
28,35,0.4,0.4,0.16000000000000003,0.1536,0.1494,-0.0064000000000000445,-0.010600000000000026,-0.0041999999999999815,6.25,594.2107740261899,0.04000000000000028,0.06625000000000017,0.02624999999999989
28,36,0.4,0.4,0.16000000000000003,0.156,0.1552,-0.004000000000000031,-0.0048000000000000265,-0.0007999999999999952,0.0,3.2550044451774083,0.0,0.0,0.0
28,37,0.4,0.4,0.16000000000000003,0.1572,0.1574,-0.0028000000000000247,-0.002600000000000019,0.00020000000000000573,6.25,153.75959408495083,0.017500000000000154,0.01625000000000012,-0.0012500000000000358
28,38,0.4,0.4,0.16000000000000003,0.155,0.165,-0.005000000000000032,0.004999999999999977,0.010000000000000009,6.25,18.866709125521115,0.0312500000000002,-0.031249999999999854,-0.06250000000000006
28,39,0.4,0.4,0.16000000000000003,0.1668,0.169,0.006799999999999973,0.00899999999999998,0.0022000000000000075,6.25,63.252153903533525,-0.04249999999999983,-0.056249999999999876,-0.013750000000000047
28,40,0.4,0.4,0.16000000000000003,0.1588,0.1558,-0.0012000000000000344,-0.004200000000000037,-0.0030000000000000027,0.0,12.8632154615196,0.0,0.0,0.0
28,41,0.4,0.4,0.16000000000000003,0.1508,0.1508,-0.009200000000000041,-0.009200000000000041,0.0,0.0,10.081405629797342,0.0,0.0,0.0
28,42,0.4,0.4,0.16000000000000003,0.1512,0.1578,-0.00880000000000003,-0.0022000000000000353,0.006599999999999995,6.25,1.4062323602858648,0.05500000000000019,0.01375000000000022,-0.04124999999999997
28,43,0.4,0.4,0.16000000000000003,0.172,0.1686,0.011999999999999955,0.008599999999999969,-0.0033999999999999864,0.0,44.71234527612236,-0.0,-0.0,0.0
28,44,0.4,0.4,0.16000000000000003,0.159,0.1698,-0.0010000000000000286,0.009799999999999975,0.010800000000000004,6.25,21.41069185811198,0.006250000000000179,-0.061249999999999846,-0.06750000000000003
28,45,0.4,0.4,0.16000000000000003,0.1628,0.1642,0.002799999999999969,0.0041999999999999815,0.0014000000000000123,6.25,142.60198734298274,-0.017499999999999807,-0.026249999999999885,-0.008750000000000077
28,46,0.4,0.4,0.16000000000000003,0.1624,0.1716,0.0023999999999999577,0.011599999999999971,0.009200000000000014,6.25,73.77934156116592,-0.014999999999999736,-0.07249999999999981,-0.05750000000000008
28,47,0.4,0.4,0.16000000000000003,0.1536,0.156,-0.0064000000000000445,-0.004000000000000031,0.0024000000000000132,6.25,1.1539717515406593,0.04000000000000028,0.025000000000000196,-0.015000000000000083
28,48,0.4,0.4,0.16000000000000003,0.175,0.1724,0.014999999999999958,0.012399999999999967,-0.002599999999999991,6.25,90.46002643250324,-0.09374999999999974,-0.07749999999999979,0.016249999999999945
28,49,0.4,0.4,0.16000000000000003,0.174,0.1778,0.013999999999999957,0.017799999999999983,0.0038000000000000256,6.25,120.42399719687192,-0.08749999999999973,-0.11124999999999989,-0.02375000000000016
29,30,0.4,0.4,0.16000000000000003,0.1608,0.1642,0.0007999999999999674,0.0041999999999999815,0.003400000000000014,6.25,11.637483483352657,-0.004999999999999796,-0.026249999999999885,-0.021250000000000088
29,31,0.4,0.4,0.16000000000000003,0.1614,0.1622,0.0013999999999999568,0.0021999999999999797,0.0008000000000000229,0.0,9.73338623047125,-0.0,-0.0,0.0
29,32,0.4,0.4,0.16000000000000003,0.1588,0.1682,-0.0012000000000000344,0.008199999999999957,0.009399999999999992,6.25,2.7154147202411116,0.007500000000000215,-0.05124999999999973,-0.05874999999999995
29,33,0.4,0.4,0.16000000000000003,0.1596,0.1646,-0.0004000000000000392,0.004599999999999965,0.0050000000000000044,0.0,8.948995876221211,0.0,-0.0,-0.0
29,34,0.4,0.4,0.16000000000000003,0.1582,0.1656,-0.0018000000000000238,0.005599999999999966,0.00739999999999999,0.0,13.128602130571455,0.0,-0.0,-0.0
29,35,0.4,0.4,0.16000000000000003,0.1668,0.1516,0.006799999999999973,-0.008400000000000019,-0.015199999999999991,0.0,615.3121559722283,-0.0,0.0,0.0
29,36,0.4,0.4,0.16000000000000003,0.1584,0.1558,-0.001600000000000018,-0.004200000000000037,-0.002600000000000019,6.25,3.3257802971175927,0.010000000000000113,0.02625000000000023,0.01625000000000012
29,37,0.4,0.4,0.16000000000000003,0.1538,0.157,-0.006200000000000039,-0.0030000000000000304,0.0032000000000000084,0.0,174.61966875562644,0.0,0.0,0.0
29,38,0.4,0.4,0.16000000000000003,0.159,0.163,-0.0010000000000000286,0.002999999999999975,0.0040000000000000036,0.0,1.7058078235911687,0.0,-0.0,-0.0
29,39,0.4,0.4,0.16000000000000003,0.1556,0.1594,-0.004400000000000043,-0.0006000000000000449,0.003799999999999998,0.0,49.72802366326221,0.0,0.0,0.0
29,40,0.4,0.4,0.16000000000000003,0.1584,0.1642,-0.001600000000000018,0.0041999999999999815,0.0058,6.25,0.6680690369842796,0.010000000000000113,-0.026249999999999885,-0.03625
29,41,0.4,0.4,0.16000000000000003,0.1658,0.1646,0.005799999999999972,0.004599999999999965,-0.0012000000000000066,6.25,17.473608307072443,-0.036249999999999824,-0.028749999999999783,0.007500000000000041
29,42,0.4,0.4,0.16000000000000003,0.1652,0.16,0.005199999999999982,-2.7755575615628914e-17,-0.00520000000000001,0.0,6.322556509322302,-0.0,0.0,0.0
29,43,0.4,0.4,0.16000000000000003,0.1646,0.1562,0.004599999999999965,-0.0038000000000000256,-0.00839999999999999,6.25,10.64905927781027,-0.028749999999999783,0.02375000000000016,0.05249999999999994
29,44,0.4,0.4,0.16000000000000003,0.1592,0.156,-0.0008000000000000229,-0.004000000000000031,-0.0032000000000000084,0.0,3.842739165509381,0.0,0.0,0.0
29,45,0.4,0.4,0.16000000000000003,0.1504,0.1588,-0.009600000000000025,-0.0012000000000000344,0.00839999999999999,0.0,140.44287869860898,0.0,0.0,0.0
29,46,0.4,0.4,0.16000000000000003,0.1564,0.1618,-0.00360000000000002,0.0017999999999999683,0.005399999999999988,0.0,25.22447120561122,0.0,-0.0,-0.0
29,47,0.4,0.4,0.16000000000000003,0.1534,0.156,-0.0066000000000000225,-0.004000000000000031,0.002599999999999991,0.0,7.475039112189683,0.0,0.0,0.0
29,48,0.4,0.4,0.16000000000000003,0.1592,0.1546,-0.0008000000000000229,-0.005400000000000044,-0.004600000000000021,0.0,38.47081360245811,0.0,0.0,0.0
29,49,0.4,0.4,0.16000000000000003,0.1506,0.1546,-0.00940000000000002,-0.005400000000000044,0.003999999999999976,0.0,57.775873444923704,0.0,0.0,0.0
30,31,0.4,0.4,0.16000000000000003,0.166,0.1722,0.005999999999999978,0.012199999999999961,0.006199999999999983,6.25,42.355528010998604,-0.03749999999999986,-0.07624999999999976,-0.0387499999999999
30,32,0.4,0.4,0.16000000000000003,0.1616,0.1722,0.0015999999999999626,0.012199999999999961,0.010599999999999998,0.0,25.47408420552304,-0.0,-0.0,0.0
30,33,0.4,0.4,0.16000000000000003,0.1664,0.17,0.006399999999999961,0.009999999999999981,0.00360000000000002,6.25,38.8364340983622,-0.03999999999999976,-0.06249999999999988,-0.022500000000000124
30,34,0.4,0.4,0.16000000000000003,0.1516,0.154,-0.008400000000000019,-0.006000000000000033,0.0023999999999999855,6.25,9.820197918674895,0.052500000000000116,0.03750000000000021,-0.01499999999999991
30,35,0.4,0.4,0.16000000000000003,0.1608,0.1504,0.0007999999999999674,-0.009600000000000025,-0.010399999999999993,6.25,664.3763918486386,-0.004999999999999796,0.06000000000000016,0.06499999999999995
30,36,0.4,0.4,0.16000000000000003,0.1598,0.1566,-0.00020000000000003348,-0.003400000000000042,-0.0032000000000000084,0.0,3.9543821123238674,0.0,0.0,0.0
30,37,0.4,0.4,0.16000000000000003,0.1656,0.1628,0.005599999999999966,0.002799999999999969,-0.002799999999999997,6.25,190.91487769786238,-0.03499999999999979,-0.017499999999999807,0.01749999999999998
30,38,0.4,0.4,0.16000000000000003,0.159,0.1606,-0.0010000000000000286,0.0005999999999999617,0.0015999999999999903,6.25,20.091550844291582,0.006250000000000179,-0.0037499999999997605,-0.00999999999999994
30,39,0.4,0.4,0.16000000000000003,0.1664,0.163,0.006399999999999961,0.002999999999999975,-0.0033999999999999864,6.25,81.11691650381132,-0.03999999999999976,-0.018749999999999843,0.021249999999999915
30,40,0.4,0.4,0.16000000000000003,0.1556,0.161,-0.004400000000000043,0.0009999999999999731,0.005400000000000016,0.0,13.748801914332942,0.0,-0.0,-0.0
30,41,0.4,0.4,0.16000000000000003,0.1662,0.1614,0.0061999999999999555,0.0013999999999999568,-0.004799999999999999,0.0,19.88812555387292,-0.0,-0.0,0.0
30,42,0.4,0.4,0.16000000000000003,0.1554,0.1548,-0.004600000000000021,-0.005200000000000038,-0.0006000000000000172,6.25,1.4319208708734963,0.02875000000000013,0.03250000000000024,0.0037500000000001074
30,43,0.4,0.4,0.16000000000000003,0.1656,0.168,0.005599999999999966,0.00799999999999998,0.0024000000000000132,0.0,44.505974102917506,-0.0,-0.0,0.0
30,44,0.4,0.4,0.16000000000000003,0.1702,0.163,0.010199999999999959,0.002999999999999975,-0.007199999999999984,6.25,24.452109101423336,-0.06374999999999975,-0.018749999999999843,0.04499999999999991
30,45,0.4,0.4,0.16000000000000003,0.1728,0.1696,0.012799999999999978,0.00959999999999997,-0.0032000000000000084,6.25,174.95153033928688,-0.07999999999999986,-0.05999999999999981,0.020000000000000052
30,46,0.4,0.4,0.16000000000000003,0.169,0.1742,0.00899999999999998,0.014199999999999963,0.005199999999999982,6.25,70.49405654785649,-0.056249999999999876,-0.08874999999999977,-0.0324999999999999
30,47,0.4,0.4,0.16000000000000003,0.1568,0.154,-0.003200000000000036,-0.006000000000000033,-0.002799999999999997,6.25,3.808315841158988,0.020000000000000226,0.03750000000000021,0.01749999999999998
30,48,0.4,0.4,0.16000000000000003,0.1686,0.1722,0.008599999999999969,0.012199999999999961,0.003599999999999992,6.25,92.17867009294233,-0.053749999999999805,-0.07624999999999976,-0.022499999999999958
30,49,0.4,0.4,0.16000000000000003,0.1714,0.175,0.011399999999999966,0.014999999999999958,0.003599999999999992,6.25,121.24213646397352,-0.07124999999999979,-0.09374999999999974,-0.02249999999999995
31,32,0.4,0.4,0.16000000000000003,0.1538,0.1638,-0.006200000000000039,0.00379999999999997,0.010000000000000009,6.25,2.6748834728480637,0.03875000000000024,-0.023749999999999813,-0.06250000000000006
31,33,0.4,0.4,0.16000000000000003,0.1514,0.1466,-0.008600000000000024,-0.013400000000000023,-0.004799999999999999,0.0,0.8272254060269422,0.0,0.0,0.0
31,34,0.4,0.4,0.16000000000000003,0.1644,0.1658,0.0043999999999999595,0.005799999999999972,0.0014000000000000123,0.0,33.31826703063666,-0.0,-0.0,0.0
31,35,0.4,0.4,0.16000000000000003,0.1574,0.15,-0.002600000000000019,-0.010000000000000037,-0.007400000000000018,0.0,565.9976858809997,0.0,0.0,0.0
31,36,0.4,0.4,0.16000000000000003,0.1618,0.1682,0.0017999999999999683,0.008199999999999957,0.006399999999999989,6.25,22.095826269130114,-0.011249999999999802,-0.05124999999999973,-0.03999999999999993
31,37,0.4,0.4,0.16000000000000003,0.1636,0.162,0.0035999999999999643,0.001999999999999974,-0.0015999999999999903,0.0,166.3499667787417,-0.0,-0.0,0.0
31,38,0.4,0.4,0.16000000000000003,0.1628,0.1614,0.002799999999999969,0.0013999999999999568,-0.0014000000000000123,0.0,4.462797313576015,-0.0,-0.0,0.0
31,39,0.4,0.4,0.16000000000000003,0.1588,0.156,-0.0012000000000000344,-0.004000000000000031,-0.002799999999999997,0.0,34.9276420219576,0.0,0.0,0.0
31,40,0.4,0.4,0.16000000000000003,0.154,0.163,-0.006000000000000033,0.002999999999999975,0.009000000000000008,6.25,8.274405028221837,0.03750000000000021,-0.018749999999999843,-0.05625000000000005
31,41,0.4,0.4,0.16000000000000003,0.1672,0.163,0.0071999999999999564,0.002999999999999975,-0.0041999999999999815,6.25,31.384935940697453,-0.04499999999999973,-0.018749999999999843,0.026249999999999885
31,42,0.4,0.4,0.16000000000000003,0.171,0.1588,0.010999999999999982,-0.0012000000000000344,-0.012200000000000016,0.0,30.252835934340705,-0.0,0.0,0.0
31,43,0.4,0.4,0.16000000000000003,0.159,0.1476,-0.0010000000000000286,-0.012400000000000022,-0.011399999999999993,6.25,0.13210849226410623,0.006250000000000179,0.07750000000000014,0.07124999999999995
31,44,0.4,0.4,0.16000000000000003,0.1618,0.164,0.0017999999999999683,0.003999999999999976,0.0022000000000000075,0.0,3.9664299679417256,-0.0,-0.0,0.0
31,45,0.4,0.4,0.16000000000000003,0.155,0.1506,-0.005000000000000032,-0.00940000000000002,-0.004399999999999987,0.0,117.6659989185985,0.0,0.0,0.0
31,46,0.4,0.4,0.16000000000000003,0.151,0.1544,-0.009000000000000036,-0.005600000000000022,0.003400000000000014,0.0,5.641473389318103,0.0,0.0,0.0
31,47,0.4,0.4,0.16000000000000003,0.1632,0.171,0.0031999999999999806,0.010999999999999982,0.007800000000000001,0.0,29.371604971782766,-0.0,-0.0,0.0
31,48,0.4,0.4,0.16000000000000003,0.147,0.1432,-0.01300000000000004,-0.016800000000000037,-0.003799999999999998,0.0,9.572808150902954,0.0,0.0,0.0
31,49,0.4,0.4,0.16000000000000003,0.1394,0.1394,-0.020600000000000035,-0.020600000000000035,0.0,0.0,20.504560315904005,0.0,0.0,0.0
32,33,0.4,0.4,0.16000000000000003,0.1546,0.1706,-0.005400000000000044,0.01059999999999997,0.016000000000000014,6.25,3.592007212259659,0.03375000000000027,-0.06624999999999981,-0.10000000000000009
32,34,0.4,0.4,0.16000000000000003,0.1578,0.171,-0.0022000000000000353,0.010999999999999982,0.013200000000000017,6.25,24.381155604013262,0.01375000000000022,-0.0687499999999999,-0.08250000000000011
32,35,0.4,0.4,0.16000000000000003,0.1704,0.15,0.010399999999999965,-0.010000000000000037,-0.0204,6.25,611.8432385297106,-0.06499999999999978,0.06250000000000022,0.1275
32,36,0.4,0.4,0.16000000000000003,0.1586,0.167,-0.00140000000000004,0.0069999999999999785,0.008400000000000019,0.0,11.712408284303631,0.0,-0.0,-0.0
32,37,0.4,0.4,0.16000000000000003,0.1562,0.168,-0.0038000000000000256,0.00799999999999998,0.011800000000000005,6.25,181.49142160867092,0.02375000000000016,-0.04999999999999987,-0.07375000000000004
32,38,0.4,0.4,0.16000000000000003,0.16,0.1628,-2.7755575615628914e-17,0.002799999999999969,0.002799999999999997,6.25,1.6092694772612859,1.734723475976807e-16,-0.017499999999999807,-0.01749999999999998
32,39,0.4,0.4,0.16000000000000003,0.1526,0.1616,-0.007400000000000018,0.0015999999999999626,0.00899999999999998,6.25,46.11548357918886,0.04625000000000011,-0.009999999999999766,-0.056249999999999876
32,40,0.4,0.4,0.16000000000000003,0.1524,0.1646,-0.007600000000000023,0.004599999999999965,0.012199999999999989,0.0,3.0756763933634033,0.0,-0.0,-0.0
32,41,0.4,0.4,0.16000000000000003,0.1632,0.1728,0.0031999999999999806,0.012799999999999978,0.009599999999999997,0.0,26.50879715917185,-0.0,-0.0,0.0
32,42,0.4,0.4,0.16000000000000003,0.1634,0.1632,0.0033999999999999586,0.0031999999999999806,-0.00019999999999997797,6.25,17.261256813939426,-0.02124999999999974,-0.01999999999999988,0.0012499999999998623
32,43,0.4,0.4,0.16000000000000003,0.157,0.1618,-0.0030000000000000304,0.0017999999999999683,0.004799999999999999,0.0,2.8481278381284634,0.0,-0.0,-0.0
32,44,0.4,0.4,0.16000000000000003,0.1568,0.1618,-0.003200000000000036,0.0017999999999999683,0.0050000000000000044,6.25,2.9742797992441132,0.020000000000000226,-0.011249999999999802,-0.03125000000000003
32,45,0.4,0.4,0.16000000000000003,0.1594,0.1614,-0.0006000000000000449,0.0013999999999999568,0.0020000000000000018,6.25,137.72701807891107,0.003750000000000281,-0.00874999999999973,-0.012500000000000011
32,46,0.4,0.4,0.16000000000000003,0.1512,0.158,-0.00880000000000003,-0.0020000000000000295,0.0068000000000000005,6.25,11.404661682843281,0.05500000000000019,0.012500000000000185,-0.0425
32,47,0.4,0.4,0.16000000000000003,0.1672,0.171,0.0071999999999999564,0.010999999999999982,0.0038000000000000256,6.25,18.259010421000724,-0.04499999999999973,-0.0687499999999999,-0.023750000000000167
32,48,0.4,0.4,0.16000000000000003,0.1514,0.1566,-0.008600000000000024,-0.003400000000000042,0.005199999999999982,6.25,21.408287871345067,0.05375000000000015,0.021250000000000262,-0.03249999999999989
32,49,0.4,0.4,0.16000000000000003,0.1424,0.1526,-0.017600000000000032,-0.007400000000000018,0.010200000000000015,6.25,35.85418908618565,0.11000000000000021,0.04625000000000011,-0.0637500000000001
33,34,0.4,0.4,0.16000000000000003,0.1558,0.1644,-0.004200000000000037,0.0043999999999999595,0.008599999999999997,0.0,26.065079780312544,0.0,-0.0,-0.0
33,35,0.4,0.4,0.16000000000000003,0.1538,0.1374,-0.006200000000000039,-0.022600000000000037,-0.016399999999999998,0.0,530.1094207215536,0.0,0.0,0.0
33,36,0.4,0.4,0.16000000000000003,0.1628,0.1668,0.002799999999999969,0.006799999999999973,0.0040000000000000036,6.25,18.630268040696293,-0.017499999999999807,-0.04249999999999983,-0.025000000000000022
33,37,0.4,0.4,0.16000000000000003,0.1548,0.162,-0.005200000000000038,0.001999999999999974,0.007200000000000012,0.0,144.56427090457166,0.0,-0.0,-0.0
33,38,0.4,0.4,0.16000000000000003,0.1594,0.1642,-0.0006000000000000449,0.0041999999999999815,0.0048000000000000265,0.0,3.078537700728075,0.0,-0.0,-0.0
33,39,0.4,0.4,0.16000000000000003,0.1462,0.1628,-0.013800000000000034,0.002799999999999969,0.016600000000000004,0.0,25.964270601411805,0.0,-0.0,-0.0
33,40,0.4,0.4,0.16000000000000003,0.1504,0.161,-0.009600000000000025,0.0009999999999999731,0.010599999999999998,6.25,6.370425304187821,0.06000000000000016,-0.006249999999999832,-0.06624999999999999
33,41,0.4,0.4,0.16000000000000003,0.1666,0.1672,0.006599999999999967,0.0071999999999999564,0.0005999999999999894,6.25,23.058006461770788,-0.041249999999999794,-0.04499999999999973,-0.003749999999999934
33,42,0.4,0.4,0.16000000000000003,0.168,0.1648,0.00799999999999998,0.004799999999999971,-0.0032000000000000084,0.0,26.426187674353436,-0.0,-0.0,0.0
33,43,0.4,0.4,0.16000000000000003,0.1566,0.158,-0.003400000000000042,-0.0020000000000000295,0.0014000000000000123,6.25,1.6191061387505088,0.021250000000000262,0.012500000000000185,-0.008750000000000077
33,44,0.4,0.4,0.16000000000000003,0.1634,0.1606,0.0033999999999999586,0.0005999999999999617,-0.002799999999999997,0.0,1.8623310508037711,-0.0,-0.0,0.0
33,45,0.4,0.4,0.16000000000000003,0.1476,0.1606,-0.012400000000000022,0.0005999999999999617,0.012999999999999984,0.0,101.00822684879327,0.0,-0.0,-0.0
33,46,0.4,0.4,0.16000000000000003,0.1426,0.1528,-0.017400000000000027,-0.00720000000000004,0.010199999999999987,0.0,10.379523061855174,0.0,0.0,0.0
33,47,0.4,0.4,0.16000000000000003,0.1608,0.1652,0.0007999999999999674,0.005199999999999982,0.004400000000000015,0.0,24.23659355898402,-0.0,-0.0,0.0
33,48,0.4,0.4,0.16000000000000003,0.1508,0.151,-0.009200000000000041,-0.009000000000000036,0.00020000000000000573,0.0,12.6374389435669,0.0,0.0,0.0
33,49,0.4,0.4,0.16000000000000003,0.1472,0.1394,-0.012800000000000034,-0.020600000000000035,-0.007800000000000001,0.0,25.3789813290382,0.0,0.0,0.0
34,35,0.4,0.4,0.16000000000000003,0.152,0.1424,-0.008000000000000035,-0.017600000000000032,-0.009599999999999997,0.0,512.8342392499483,0.0,0.0,0.0
34,36,0.4,0.4,0.16000000000000003,0.1482,0.1548,-0.011800000000000033,-0.005200000000000038,0.006599999999999995,6.25,4.479571944184522,0.0737500000000002,0.03250000000000024,-0.04124999999999997
34,37,0.4,0.4,0.16000000000000003,0.1506,0.155,-0.00940000000000002,-0.005000000000000032,0.004399999999999987,0.0,114.56358541984984,0.0,0.0,0.0
34,38,0.4,0.4,0.16000000000000003,0.1618,0.1654,0.0017999999999999683,0.00539999999999996,0.003599999999999992,0.0,14.244269774503827,-0.0,-0.0,0.0
34,39,0.4,0.4,0.16000000000000003,0.1552,0.1664,-0.0048000000000000265,0.006399999999999961,0.011199999999999988,0.0,38.4228054803293,0.0,-0.0,-0.0
34,40,0.4,0.4,0.16000000000000003,0.1562,0.1592,-0.0038000000000000256,-0.0008000000000000229,0.0030000000000000027,6.25,10.166162807207247,0.02375000000000016,0.005000000000000143,-0.018750000000000017
34,41,0.4,0.4,0.16000000000000003,0.1572,0.1576,-0.0028000000000000247,-0.002400000000000041,0.0003999999999999837,6.25,1.8471571692481983,0.017500000000000154,0.015000000000000256,-0.002499999999999898
34,42,0.4,0.4,0.16000000000000003,0.1546,0.153,-0.005400000000000044,-0.007000000000000034,-0.0015999999999999903,0.0,4.94816324697542,0.0,0.0,0.0
34,43,0.4,0.4,0.16000000000000003,0.173,0.1638,0.012999999999999956,0.00379999999999997,-0.009199999999999986,6.25,36.846312930042195,-0.08124999999999973,-0.023749999999999813,0.05749999999999991
34,44,0.4,0.4,0.16000000000000003,0.1606,0.1664,0.0005999999999999617,0.006399999999999961,0.0058,0.0,14.3408175943857,-0.0,-0.0,0.0
34,45,0.4,0.4,0.16000000000000003,0.1544,0.162,-0.005600000000000022,0.001999999999999974,0.007599999999999996,0.0,102.64497279769817,0.0,-0.0,-0.0
34,46,0.4,0.4,0.16000000000000003,0.1646,0.1626,0.004599999999999965,0.0025999999999999635,-0.0020000000000000018,0.0,65.50268895238105,-0.0,-0.0,0.0
34,47,0.4,0.4,0.16000000000000003,0.151,0.1524,-0.009000000000000036,-0.007600000000000023,0.0014000000000000123,0.0,1.7530661840748167,0.0,0.0,0.0
34,48,0.4,0.4,0.16000000000000003,0.1638,0.1692,0.00379999999999997,0.009199999999999958,0.005399999999999988,0.0,74.7470995737976,-0.0,-0.0,0.0
34,49,0.4,0.4,0.16000000000000003,0.166,0.1702,0.005999999999999978,0.010199999999999959,0.0041999999999999815,0.0,102.66299677019748,-0.0,-0.0,0.0
35,36,0.4,0.4,0.16000000000000003,0.1586,0.1456,-0.00140000000000004,-0.014400000000000024,-0.012999999999999984,6.25,595.223157590064,0.00875000000000025,0.09000000000000015,0.0812499999999999
35,37,0.4,0.4,0.16000000000000003,0.084,0.0728,-0.07600000000000003,-0.08720000000000003,-0.011200000000000002,0.0,143.94922836248492,0.0,0.0,0.0
35,38,0.4,0.4,0.16000000000000003,0.156,0.1406,-0.004000000000000031,-0.01940000000000003,-0.015399999999999997,0.0,564.8985599096333,0.0,0.0,0.0
35,39,0.4,0.4,0.16000000000000003,0.123,0.1206,-0.03700000000000003,-0.03940000000000003,-0.0023999999999999994,0.0,322.1695162602816,0.0,0.0,0.0
35,40,0.4,0.4,0.16000000000000003,0.1556,0.141,-0.004400000000000043,-0.019000000000000045,-0.014600000000000002,6.25,575.4609667992081,0.027500000000000267,0.11875000000000027,0.09125
35,41,0.4,0.4,0.16000000000000003,0.1464,0.1334,-0.013600000000000029,-0.02660000000000004,-0.013000000000000012,6.25,456.23721435309653,0.08500000000000019,0.16625000000000026,0.08125000000000007
35,42,0.4,0.4,0.16000000000000003,0.1724,0.1444,0.012399999999999967,-0.01560000000000003,-0.027999999999999997,0.0,615.6106560174293,-0.0,0.0,0.0
35,43,0.4,0.4,0.16000000000000003,0.1484,0.1462,-0.011600000000000027,-0.013800000000000034,-0.0022000000000000075,6.25,580.1783454754674,0.07250000000000018,0.08625000000000022,0.01375000000000004
35,44,0.4,0.4,0.16000000000000003,0.1528,0.145,-0.00720000000000004,-0.015000000000000041,-0.007800000000000001,0.0,534.3892865315968,0.0,0.0,0.0
35,45,0.4,0.4,0.16000000000000003,0.1172,0.1066,-0.04280000000000003,-0.05340000000000003,-0.010599999999999998,0.0,169.01823178262214,0.0,0.0,0.0
35,46,0.4,0.4,0.16000000000000003,0.1582,0.1512,-0.0018000000000000238,-0.00880000000000003,-0.007000000000000006,0.0,632.9993670468177,0.0,0.0,0.0
35,47,0.4,0.4,0.16000000000000003,0.16,0.1458,-2.7755575615628914e-17,-0.014200000000000018,-0.01419999999999999,0.0,571.7667442620766,0.0,0.0,0.0
35,48,0.4,0.4,0.16000000000000003,0.1512,0.1484,-0.00880000000000003,-0.011600000000000027,-0.002799999999999997,0.0,553.7153361733107,0.0,0.0,0.0
35,49,0.4,0.4,0.16000000000000003,0.1592,0.1454,-0.0008000000000000229,-0.01460000000000003,-0.013800000000000007,0.0,576.9801485519379,0.0,0.0,0.0
36,37,0.4,0.4,0.16000000000000003,0.1452,0.1536,-0.014800000000000035,-0.0064000000000000445,0.00839999999999999,6.25,157.71839996477465,0.09250000000000022,0.04000000000000028,-0.05249999999999994
36,38,0.4,0.4,0.16000000000000003,0.1626,0.1648,0.0025999999999999635,0.004799999999999971,0.0022000000000000075,6.25,6.773726375997201,-0.01624999999999977,-0.02999999999999982,-0.013750000000000047
36,39,0.4,0.4,0.16000000000000003,0.1528,0.1622,-0.00720000000000004,0.0021999999999999797,0.00940000000000002,6.25,51.46684596895706,0.04500000000000025,-0.013749999999999873,-0.05875000000000012
36,40,0.4,0.4,0.16000000000000003,0.1524,0.1604,-0.007600000000000023,0.00039999999999995595,0.00799999999999998,0.0,3.3345909799898537,0.0,-0.0,-0.0
36,41,0.4,0.4,0.16000000000000003,0.1642,0.1562,0.0041999999999999815,-0.0038000000000000256,-0.008000000000000007,0.0,9.713881333901451,-0.0,0.0,0.0
36,42,0.4,0.4,0.16000000000000003,0.1538,0.1562,-0.006200000000000039,-0.0038000000000000256,0.0024000000000000132,6.25,0.6853718214821896,0.03875000000000024,0.02375000000000016,-0.015000000000000083
36,43,0.4,0.4,0.16000000000000003,0.1644,0.158,0.0043999999999999595,-0.0020000000000000295,-0.006399999999999989,0.0,24.13128553445175,-0.0,0.0,0.0
36,44,0.4,0.4,0.16000000000000003,0.1638,0.1656,0.00379999999999997,0.005599999999999966,0.001799999999999996,6.25,8.941173884610217,-0.023749999999999813,-0.03499999999999979,-0.011249999999999975
36,45,0.4,0.4,0.16000000000000003,0.16,0.1616,-2.7755575615628914e-17,0.0015999999999999626,0.0015999999999999903,6.25,135.26659161417555,1.734723475976807e-16,-0.009999999999999766,-0.00999999999999994
36,46,0.4,0.4,0.16000000000000003,0.1614,0.1686,0.0013999999999999568,0.008599999999999969,0.007200000000000012,6.25,46.09306090107793,-0.00874999999999973,-0.053749999999999805,-0.045000000000000075
36,47,0.4,0.4,0.16000000000000003,0.1518,0.1496,-0.00820000000000004,-0.01040000000000002,-0.0021999999999999797,6.25,0.9051802305414265,0.051250000000000254,0.06500000000000013,0.013749999999999873
36,48,0.4,0.4,0.16000000000000003,0.1646,0.1584,0.004599999999999965,-0.001600000000000018,-0.006199999999999983,6.25,60.556743508569426,-0.028749999999999783,0.010000000000000113,0.038749999999999896
36,49,0.4,0.4,0.16000000000000003,0.1664,0.1658,0.006399999999999961,0.005799999999999972,-0.0005999999999999894,6.25,85.16780898087039,-0.03999999999999976,-0.036249999999999824,0.003749999999999934
37,38,0.4,0.4,0.16000000000000003,0.1556,0.1574,-0.004400000000000043,-0.002600000000000019,0.0018000000000000238,0.0,152.46271661974623,0.0,0.0,0.0
37,39,0.4,0.4,0.16000000000000003,0.1534,0.149,-0.0066000000000000225,-0.011000000000000038,-0.004400000000000015,0.0,50.68007318933731,0.0,0.0,0.0
37,40,0.4,0.4,0.16000000000000003,0.153,0.1524,-0.007000000000000034,-0.007600000000000023,-0.0005999999999999894,6.25,154.16108800266818,0.04375000000000021,0.047500000000000146,0.003749999999999934
37,41,0.4,0.4,0.16000000000000003,0.1554,0.1454,-0.004600000000000021,-0.01460000000000003,-0.010000000000000009,6.25,89.5387182043983,0.02875000000000013,0.09125000000000019,0.06250000000000006
37,42,0.4,0.4,0.16000000000000003,0.151,0.1474,-0.009000000000000036,-0.012600000000000028,-0.003599999999999992,0.0,166.4650810643607,0.0,0.0,0.0
37,43,0.4,0.4,0.16000000000000003,0.1664,0.1556,0.006399999999999961,-0.004400000000000043,-0.010800000000000004,6.25,175.3379308155102,-0.03999999999999976,0.027500000000000267,0.06750000000000003
37,44,0.4,0.4,0.16000000000000003,0.1614,0.1586,0.0013999999999999568,-0.00140000000000004,-0.002799999999999997,0.0,138.2962461917067,-0.0,0.0,0.0
37,45,0.4,0.4,0.16000000000000003,0.1562,0.1526,-0.0038000000000000256,-0.007400000000000018,-0.003599999999999992,0.0,10.474701189819763,0.0,0.0,0.0
37,46,0.4,0.4,0.16000000000000003,0.166,0.1632,0.005999999999999978,0.0031999999999999806,-0.002799999999999997,0.0,218.50422749651463,-0.0,-0.0,0.0
37,47,0.4,0.4,0.16000000000000003,0.1526,0.1566,-0.007400000000000018,-0.003400000000000042,0.003999999999999976,0.0,143.90006053917216,0.0,0.0,0.0
37,48,0.4,0.4,0.16000000000000003,0.1742,0.1674,0.014199999999999963,0.007399999999999962,-0.0068000000000000005,0.0,186.9873121564268,-0.0,-0.0,0.0
37,49,0.4,0.4,0.16000000000000003,0.1638,0.1676,0.00379999999999997,0.007599999999999968,0.003799999999999998,0.0,215.05974077505945,-0.0,-0.0,0.0
38,39,0.4,0.4,0.16000000000000003,0.149,0.1554,-0.011000000000000038,-0.004600000000000021,0.006400000000000017,0.0,34.73790400716689,0.0,0.0,0.0
38,40,0.4,0.4,0.16000000000000003,0.1598,0.1568,-0.00020000000000003348,-0.003200000000000036,-0.0030000000000000027,6.25,0.6086044724500947,0.0012500000000002093,0.020000000000000226,0.018750000000000017
38,41,0.4,0.4,0.16000000000000003,0.1716,0.159,0.011599999999999971,-0.0010000000000000286,-0.0126,6.25,15.105737083249736,-0.07249999999999981,0.006250000000000179,0.07874999999999999
38,42,0.4,0.4,0.16000000000000003,0.158,0.1606,-0.0020000000000000295,0.0005999999999999617,0.002599999999999991,0.0,11.670979356603803,0.0,-0.0,-0.0
38,43,0.4,0.4,0.16000000000000003,0.1606,0.1552,0.0005999999999999617,-0.0048000000000000265,-0.005399999999999988,6.25,5.5581760590607985,-0.0037499999999997605,0.030000000000000165,0.033749999999999926
38,44,0.4,0.4,0.16000000000000003,0.163,0.16,0.002999999999999975,-2.7755575615628914e-17,-0.0030000000000000027,0.0,0.4672361459387846,-0.0,0.0,0.0
38,45,0.4,0.4,0.16000000000000003,0.1622,0.164,0.0021999999999999797,0.003999999999999976,0.001799999999999996,0.0,116.12674701152068,-0.0,-0.0,0.0
38,46,0.4,0.4,0.16000000000000003,0.1512,0.15,-0.00880000000000003,-0.010000000000000037,-0.0012000000000000066,0.0,18.820183339316813,0.0,0.0,0.0
38,47,0.4,0.4,0.16000000000000003,0.1644,0.159,0.0043999999999999595,-0.0010000000000000286,-0.005399999999999988,0.0,10.951490469676964,-0.0,0.0,0.0
38,48,0.4,0.4,0.16000000000000003,0.1538,0.1576,-0.006200000000000039,-0.002400000000000041,0.003799999999999998,0.0,26.835901047384766,0.0,0.0,0.0
38,49,0.4,0.4,0.16000000000000003,0.1562,0.148,-0.0038000000000000256,-0.012000000000000038,-0.008200000000000013,0.0,44.00452762599957,0.0,0.0,0.0
39,40,0.4,0.4,0.16000000000000003,0.1496,0.1608,-0.01040000000000002,0.0007999999999999674,0.011199999999999988,6.25,39.01796305959227,0.06500000000000013,-0.004999999999999796,-0.06999999999999992
39,41,0.4,0.4,0.16000000000000003,0.1552,0.1548,-0.0048000000000000265,-0.005200000000000038,-0.00040000000000001146,6.25,24.15864127018252,0.030000000000000165,0.03250000000000024,0.0025000000000000716
39,42,0.4,0.4,0.16000000000000003,0.1586,0.1604,-0.00140000000000004,0.00039999999999995595,0.001799999999999996,0.0,61.41081832780472,0.0,-0.0,-0.0
39,43,0.4,0.4,0.16000000000000003,0.159,0.1532,-0.0010000000000000286,-0.006800000000000028,-0.0058,6.25,38.849150509826025,0.006250000000000179,0.042500000000000177,0.03625
39,44,0.4,0.4,0.16000000000000003,0.1636,0.1554,0.0035999999999999643,-0.004600000000000021,-0.008199999999999985,0.0,27.26072130449778,-0.0,0.0,0.0
39,45,0.4,0.4,0.16000000000000003,0.1488,0.1554,-0.011200000000000043,-0.004600000000000021,0.0066000000000000225,0.0,24.579844094642485,0.0,0.0,0.0
39,46,0.4,0.4,0.16000000000000003,0.1472,0.1494,-0.012800000000000034,-0.010600000000000026,0.0022000000000000075,0.0,58.78356782069215,0.0,0.0,0.0
39,47,0.4,0.4,0.16000000000000003,0.162,0.1584,0.001999999999999974,-0.001600000000000018,-0.003599999999999992,0.0,50.08750553077691,-0.0,0.0,0.0
39,48,0.4,0.4,0.16000000000000003,0.1572,0.1522,-0.0028000000000000247,-0.007800000000000029,-0.0050000000000000044,0.0,43.88070328168038,0.0,0.0,0.0
39,49,0.4,0.4,0.16000000000000003,0.1512,0.1442,-0.00880000000000003,-0.015800000000000036,-0.007000000000000006,0.0,60.1281516223645,0.0,0.0,0.0
40,41,0.4,0.4,0.16000000000000003,0.1566,0.154,-0.003400000000000042,-0.006000000000000033,-0.002599999999999991,0.0,12.46773226681411,0.0,0.0,0.0
40,42,0.4,0.4,0.16000000000000003,0.1556,0.1488,-0.004400000000000043,-0.011200000000000043,-0.0068000000000000005,6.25,6.951523969864734,0.027500000000000267,0.07000000000000027,0.0425
40,43,0.4,0.4,0.16000000000000003,0.1582,0.1522,-0.0018000000000000238,-0.007800000000000029,-0.006000000000000005,0.0,9.611227347466217,0.0,0.0,0.0
40,44,0.4,0.4,0.16000000000000003,0.1564,0.1568,-0.00360000000000002,-0.003200000000000036,0.0003999999999999837,6.25,1.6589060868023737,0.022500000000000124,0.020000000000000226,-0.002499999999999898
40,45,0.4,0.4,0.16000000000000003,0.1602,0.1568,0.00019999999999997797,-0.003200000000000036,-0.003400000000000014,6.25,121.74428253609433,-0.0012499999999998623,0.020000000000000226,0.021250000000000088
40,46,0.4,0.4,0.16000000000000003,0.1536,0.1546,-0.0064000000000000445,-0.005400000000000044,0.0010000000000000009,6.25,25.326068338006007,0.04000000000000028,0.03375000000000027,-0.0062500000000000056
40,47,0.4,0.4,0.16000000000000003,0.153,0.1546,-0.007000000000000034,-0.005400000000000044,0.0015999999999999903,6.25,6.623842940034227,0.04375000000000021,0.03375000000000027,-0.00999999999999994
40,48,0.4,0.4,0.16000000000000003,0.1556,0.153,-0.004400000000000043,-0.007000000000000034,-0.002599999999999991,6.25,35.47218294304318,0.027500000000000267,0.04375000000000021,0.016249999999999945
40,49,0.4,0.4,0.16000000000000003,0.1498,0.1544,-0.010200000000000042,-0.005600000000000022,0.004600000000000021,6.25,54.81348357906329,0.06375000000000026,0.035000000000000135,-0.02875000000000013
41,42,0.4,0.4,0.16000000000000003,0.1522,0.1468,-0.007800000000000029,-0.013200000000000017,-0.005399999999999988,6.25,11.915994575487048,0.04875000000000018,0.0825000000000001,0.03374999999999992
41,43,0.4,0.4,0.16000000000000003,0.1808,0.1604,0.020799999999999957,0.00039999999999995595,-0.0204,0.0,35.28352281076778,-0.0,-0.0,0.0
41,44,0.4,0.4,0.16000000000000003,0.1696,0.1548,0.00959999999999997,-0.005200000000000038,-0.014800000000000008,6.25,13.37046685177451,-0.05999999999999981,0.03250000000000024,0.09250000000000005
41,45,0.4,0.4,0.16000000000000003,0.1552,0.1498,-0.0048000000000000265,-0.010200000000000042,-0.005400000000000016,6.25,77.05535577254983,0.030000000000000165,0.06375000000000026,0.0337500000000001
41,46,0.4,0.4,0.16000000000000003,0.1668,0.172,0.006799999999999973,0.011999999999999955,0.005199999999999982,6.25,63.63561106795926,-0.04249999999999983,-0.07499999999999972,-0.03249999999999989
41,47,0.4,0.4,0.16000000000000003,0.1594,0.1596,-0.0006000000000000449,-0.0004000000000000392,0.00020000000000000573,6.25,6.517888868059143,0.003750000000000281,0.002500000000000245,-0.0012500000000000358
41,48,0.4,0.4,0.16000000000000003,0.1732,0.1676,0.013199999999999962,0.007599999999999968,-0.005599999999999994,6.25,67.31469892798344,-0.08249999999999977,-0.0474999999999998,0.03499999999999997
41,49,0.4,0.4,0.16000000000000003,0.1688,0.161,0.008799999999999975,0.0009999999999999731,-0.007800000000000001,6.25,93.69986557456077,-0.05499999999999984,-0.006249999999999832,0.04875000000000001
42,43,0.4,0.4,0.16000000000000003,0.1718,0.1598,0.011799999999999977,-0.00020000000000003348,-0.01200000000000001,6.25,32.47014272774337,-0.07374999999999986,0.0012500000000002093,0.07500000000000007
42,44,0.4,0.4,0.16000000000000003,0.1662,0.159,0.0061999999999999555,-0.0010000000000000286,-0.007199999999999984,0.0,14.57722508639566,-0.0,0.0,0.0
42,45,0.4,0.4,0.16000000000000003,0.1618,0.155,0.0017999999999999683,-0.005000000000000032,-0.0068000000000000005,0.0,147.6881282788186,-0.0,0.0,0.0
42,46,0.4,0.4,0.16000000000000003,0.1644,0.1704,0.0043999999999999595,0.010399999999999965,0.006000000000000005,0.0,56.726446664733416,-0.0,-0.0,0.0
42,47,0.4,0.4,0.16000000000000003,0.1544,0.152,-0.005600000000000022,-0.008000000000000035,-0.0024000000000000132,0.0,0.8230932626609593,0.0,0.0,0.0
42,48,0.4,0.4,0.16000000000000003,0.1732,0.1666,0.013199999999999962,0.006599999999999967,-0.006599999999999995,0.0,73.76560319740959,-0.0,-0.0,0.0
42,49,0.4,0.4,0.16000000000000003,0.1728,0.165,0.012799999999999978,0.004999999999999977,-0.007800000000000001,0.0,100.54772193275936,-0.0,-0.0,0.0
43,44,0.4,0.4,0.16000000000000003,0.1644,0.151,0.0043999999999999595,-0.009000000000000036,-0.013399999999999995,6.25,5.322623389961934,-0.027499999999999747,0.05625000000000022,0.08374999999999996
43,45,0.4,0.4,0.16000000000000003,0.1672,0.1554,0.0071999999999999564,-0.004600000000000021,-0.011799999999999977,6.25,124.53414408337709,-0.04499999999999973,0.02875000000000013,0.07374999999999986
43,46,0.4,0.4,0.16000000000000003,0.1392,0.1416,-0.02080000000000004,-0.018400000000000027,0.0024000000000000132,6.25,4.166455063948129,0.13000000000000025,0.11500000000000017,-0.015000000000000083
43,47,0.4,0.4,0.16000000000000003,0.1702,0.1668,0.010199999999999959,0.006799999999999973,-0.0033999999999999864,6.25,32.08462867040734,-0.06374999999999975,-0.04249999999999983,0.02124999999999992
43,48,0.4,0.4,0.16000000000000003,0.15,0.146,-0.010000000000000037,-0.01400000000000004,-0.0040000000000000036,6.25,8.678972505100155,0.06250000000000022,0.08750000000000024,0.025000000000000022
43,49,0.4,0.4,0.16000000000000003,0.1498,0.1364,-0.010200000000000042,-0.023600000000000038,-0.013399999999999995,6.25,18.83697200463291,0.06375000000000026,0.14750000000000024,0.08374999999999998
44,45,0.4,0.4,0.16000000000000003,0.1616,0.159,0.0015999999999999626,-0.0010000000000000286,-0.002599999999999991,0.0,102.41914337385842,-0.0,0.0,0.0
44,46,0.4,0.4,0.16000000000000003,0.1562,0.1546,-0.0038000000000000256,-0.005400000000000044,-0.001600000000000018,0.0,18.900021786534435,0.0,0.0,0.0
44,47,0.4,0.4,0.16000000000000003,0.1604,0.1628,0.00039999999999995595,0.002799999999999969,0.0024000000000000132,0.0,12.672101428306927,-0.0,-0.0,0.0
44,48,0.4,0.4,0.16000000000000003,0.1578,0.1522,-0.0022000000000000353,-0.007800000000000029,-0.005599999999999994,0.0,24.14838460730531,0.0,0.0,0.0
44,49,0.4,0.4,0.16000000000000003,0.1592,0.1522,-0.0008000000000000229,-0.007800000000000029,-0.007000000000000006,0.0,40.87280970665143,0.0,0.0,0.0
45,46,0.4,0.4,0.16000000000000003,0.1616,0.1574,0.0015999999999999626,-0.002600000000000019,-0.0041999999999999815,0.0,154.4885459863155,-0.0,0.0,0.0
45,47,0.4,0.4,0.16000000000000003,0.1504,0.1446,-0.009600000000000025,-0.015400000000000025,-0.0058,0.0,127.42006514100916,0.0,0.0,0.0
45,48,0.4,0.4,0.16000000000000003,0.1532,0.1502,-0.006800000000000028,-0.009800000000000031,-0.0030000000000000027,0.0,122.34113047813271,0.0,0.0,0.0
45,49,0.4,0.4,0.16000000000000003,0.1578,0.1634,-0.0022000000000000353,0.0033999999999999586,0.005599999999999994,0.0,141.29081512912512,0.0,-0.0,-0.0
46,47,0.4,0.4,0.16000000000000003,0.1772,0.1762,0.017199999999999965,0.016199999999999964,-0.0010000000000000009,0.0,57.821461619002555,-0.0,-0.0,0.0
46,48,0.4,0.4,0.16000000000000003,0.1226,0.1222,-0.03740000000000003,-0.03780000000000003,-0.0003999999999999976,0.0,4.1931203061154605,0.0,0.0,0.0
46,49,0.4,0.4,0.16000000000000003,0.1362,0.1348,-0.023800000000000043,-0.025200000000000028,-0.0013999999999999846,0.0,8.61591012925546,0.0,0.0,0.0
47,48,0.4,0.4,0.16000000000000003,0.1704,0.1722,0.010399999999999965,0.012199999999999961,0.001799999999999996,0.0,71.51407537405257,-0.0,-0.0,0.0
47,49,0.4,0.4,0.16000000000000003,0.1652,0.1548,0.005199999999999982,-0.005200000000000038,-0.01040000000000002,0.0,98.50548769126088,-0.0,0.0,0.0
48,49,0.4,0.4,0.16000000000000003,0.1282,0.1256,-0.03180000000000002,-0.03440000000000004,-0.002600000000000019,0.0,2.210657936591461,0.0,0.0,0.0
