i,j,pi_i,pi_j,pi_i_pi_j,pi_ij_cube,pi_ij_sphere,cov_cube,cov_sphere,delta,contrast_sq,aux_dist_sq,syg_contrib_cube,syg_contrib_sphere,syg_contrib_delta
0,1,0.40144579354837306,0.2302522375803923,0.0924337922317491,0.1078,0.101,0.0153662077682509,0.0085662077682509,-0.0068000000000000005,0.42308073485007763,140.7500047064385,-0.006501146474450562,-0.003624197477470034,0.0028769489969805283
0,2,0.40144579354837306,0.7432447021158329,0.29837245924151473,0.3118,0.3072,0.01342754075848529,0.008827540758485242,-0.0046000000000000485,26.315201846176016,35.85397502871016,-0.3533484453572958,-0.23229851686488487,0.12104992849241095
0,3,0.40144579354837306,0.5881609198522387,0.23611472720422302,0.2568,0.2582,0.02068527279577695,0.02208527279577696,0.0014000000000000123,1.000525530955464,189.50153103506113,-0.020696143546953344,-0.022096879290291006,-0.0014007357433376624
0,4,0.40144579354837306,0.35347646367044305,0.14190163945885367,0.1518,0.1572,0.009898360541146317,0.015298360541146333,0.005400000000000016,7.8829681671872205,286.793718593156,-0.07802846105319848,-0.12059648915600961,-0.04256802810281113
0,5,0.40144579354837306,0.2462007942881967,0.09883627323526488,0.0968,0.0948,-0.002036273235264882,-0.004036273235264884,-0.0020000000000000018,6.153025670579347,109.7276422135325,0.012529241488898477,0.024835292830057185,0.012306051341158707
0,6,0.40144579354837306,0.2523668605643421,0.10131161460456393,0.0932,0.0996,-0.00811161460456393,-0.0017116146045639408,0.006399999999999989,0.8637424692113864,29.399832465646952,0.007006346027837193,0.0014783942248843289,-0.005527951802952864
0,7,0.40144579354837306,0.2498529618398943,0.10030242053622775,0.1282,0.1254,0.027897579463772262,0.025097579463772265,-0.002799999999999997,36.09553208372312,196.31612305507267,-1.006977974592807,-0.9059104847583823,0.1010674898344246
0,8,0.40144579354837306,0.23864506254115914,0.09580305650823676,0.0666,0.064,-0.02920305650823675,-0.031803056508236754,-0.002600000000000005,0.9335583358928663,150.5956848238216,0.02726275683681484,0.029690008510136295,0.002427251673321456
0,9,0.40144579354837306,0.22570946894001767,0.09061011687000725,0.1,0.0964,0.009389883129992754,0.005789883129992748,-0.003600000000000006,2.7795248704144684,85.71412198213997,-0.026099413690100114,-0.01609312415660801,0.010006289533492103
0,10,0.40144579354837306,0.37881171658931956,0.15207237017162079,0.2062,0.2102,0.05412762982837921,0.05812762982837921,0.0040000000000000036,0.7768751933437634,121.36791533621273,-0.042050412888161755,-0.04515791366153681,-0.0031075007733750576
0,11,0.40144579354837306,0.3151854739406006,0.12652988270100446,0.1296,0.1286,0.003070117298995534,0.002070117298995533,-0.0010000000000000009,17.946701472004033,112.82586960224477,-0.0550984786491082,-0.03715177717710415,0.01794670147200405
0,12,0.40144579354837306,0.17558587433166223,0.07048821065695905,0.1026,0.1016,0.032111789343040945,0.031111789343040944,-0.0010000000000000009,7.515919893245414,199.70788861913385,-0.2413496363310675,-0.23383371643782208,0.007515919893245432
0,13,0.40144579354837306,0.18220018902510304,0.07314349946784607,0.0592,0.0622,-0.013943499467846066,-0.01094349946784607,0.0029999999999999957,24.678824976451818,204.92662155684684,0.3441091829262221,0.2700727079968668,-0.07403647492935533
0,14,0.40144579354837306,0.20557322827031327,0.08252650775527674,0.1032,0.102,0.020673492244723257,0.01947349224472325,-0.0012000000000000066,2.077344232249502,286.4702788956553,-0.042945959875030665,-0.04045314679633125,0.0024928130786994115
0,15,0.40144579354837306,0.34595507175101126,0.13888220831116904,0.126,0.1222,-0.012882208311169041,-0.01668220831116904,-0.003799999999999998,15.719715148493469,76.98701364697757,0.20250464513513244,0.26223956269940757,0.059734917564275125
0,16,0.40144579354837306,0.2808089832005398,0.11272958509645246,0.1068,0.1142,-0.005929585096452458,0.0014704149035475317,0.00739999999999999,42.012991487743236,88.6737493419339,0.24911960818310627,-0.061776528826193236,-0.3108961370092995
0,17,0.40144579354837306,0.32558160642689904,0.13070336635680058,0.1748,0.1836,0.044096633643199434,0.05289663364319944,0.008800000000000002,0.028651909073635448,176.1351564076478,-0.001263452737598364,-0.001515589537446356,-0.0002521367998479919
0,18,0.40144579354837306,0.1961441939672069,0.07874126159707139,0.0882,0.0862,0.009458738402928615,0.0074587384029286136,-0.0020000000000000018,1.7017497263389358,143.7832836128365,-0.016096405488695353,-0.01269290603601748,0.0034034994526778734
0,19,0.40144579354837306,0.5815475634811581,0.23345982310781638,0.201,0.2048,-0.032459823107816366,-0.028659823107816368,0.003799999999999998,17.526412328333876,34.81617314732434,0.5689042438923696,0.5023038770447009,-0.06660036684766868
0,20,0.40144579354837306,0.30358985466230565,0.12187487011814453,0.1206,0.118,-0.0012748701181445332,-0.0038748701181445383,-0.002600000000000005,10.030076540254527,80.66944320752874,0.012787044863873,0.03886524386853482,0.026078199004661823
0,21,0.40144579354837306,0.3591545639587549,0.14418108893494228,0.1644,0.1618,0.020218911065057715,0.017618911065057724,-0.002599999999999991,3.799137515928581,124.03189354452417,-0.07681442355848427,-0.06693666601706999,0.009877757541414275
0,22,0.40144579354837306,0.22768425877375342,0.09140288794190257,0.073,0.0718,-0.018402887941902576,-0.01960288794190257,-0.0011999999999999927,7.552066053538276,124.39140158428408,0.13897982531311132,0.1480423045773572,0.009062479264245887
0,23,0.40144579354837306,0.20179848513594068,0.08101115300225727,0.0946,0.0954,0.013588846997742737,0.014388846997742732,0.0007999999999999952,12.095976503448277,198.75369109867307,-0.16437037399364982,-0.17404715519640837,-0.009676781202758555
0,24,0.40144579354837306,0.35457382493066114,0.14234217052077117,0.1686,0.1686,0.026257829479228834,0.026257829479228834,0.0,0.3818616826032621,243.54725526282846,-0.010026858946447859,-0.010026858946447859,0.0
0,25,0.40144579354837306,0.7210253586494617,0.28945259727153344,0.3088,0.3154,0.01934740272846658,0.025947402728466573,0.006599999999999995,0.555767131977702,150.64198834405798,-0.010752650525617437,-0.014420713596670267,-0.0036680630710528295
0,26,0.40144579354837306,0.3766803921978068,0.15121675895996095,0.1384,0.143,-0.012816758959960955,-0.008216758959960963,0.004599999999999993,36.866648750648984,43.29741375306558,0.47251095069861376,0.30292436644562865,-0.16958658425298512
0,27,0.40144579354837306,0.5734241788507295,0.2301987245185553,0.2536,0.268,0.02340127548144469,0.03780127548144471,0.014400000000000024,0.45651481815643935,154.0967405294166,-0.010683029021040465,-0.017256842402493203,-0.006573813381452739
0,28,0.40144579354837306,0.5368048429729841,0.21549804616789942,0.2014,0.2058,-0.01409804616789942,-0.009698046167899405,0.004400000000000015,2.1022768153910176,29.440291530484682,0.029637995601087132,0.020387977613366623,-0.009250017987720509
0,29,0.40144579354837306,0.20992975486519724,0.08427541703127454,0.077,0.0744,-0.007275417031274545,-0.00987541703127455,-0.002600000000000005,5.158443305431712,412.2017175732747,0.03752982627920204,0.05094177887332452,0.013411952594122478
0,30,0.40144579354837306,0.518065685771502,0.20797529033472273,0.1704,0.1714,-0.03757529033472273,-0.03657529033472273,0.0010000000000000009,3.0617331805494463,40.00157253709239,0.1150455131865995,0.11198378000605005,-0.0030617331805494474
0,31,0.40144579354837306,0.5744315312620573,0.23060312190670365,0.2218,0.2234,-0.008803121906703654,-0.007203121906703663,0.0015999999999999903,0.16094860478653497,133.3302183843348,0.0014168501886497346,0.0011593324209912801,-0.00025751776765845446
0,32,0.40144579354837306,0.41408676958317514,0.16623339181320004,0.1504,0.1528,-0.015833391813200037,-0.013433391813200052,0.0023999999999999855,10.652505427635328,201.94145308320117,0.16866529222799015,0.14309927920166554,-0.025566013026324608
0,33,0.40144579354837306,0.5082093407162553,0.20401850207253264,0.2052,0.2112,0.0011814979274673565,0.007181497927467362,0.006000000000000005,0.39175976907137045,112.58343838827892,-0.0004628633552229144,-0.0028134219696511393,-0.002350558614428225
0,34,0.40144579354837306,0.430076829107486,0.17265253394782276,0.1386,0.1478,-0.03405253394782276,-0.024852533947822775,0.009199999999999986,27.329473701316363,62.13748326266623,0.9306378309902048,0.6792066729380947,-0.25143115805211014
0,35,0.40144579354837306,0.36780900467919186,0.14765537775767543,0.1684,0.1684,0.020744622242324567,0.020744622242324567,0.0,1.3569500034069988,196.7522867740996,-0.028149415222399225,-0.028149415222399225,0.0
0,36,0.40144579354837306,0.31652023366573906,0.12706571637805908,0.1222,0.1274,-0.004865716378059076,0.00033428362194093397,0.00520000000000001,25.02068719663518,57.08767823688115,0.12174356748296082,-0.008364005939542361,-0.13010757342250318
0,37,0.40144579354837306,0.29742640159246664,0.11940057780952486,0.123,0.1212,0.0035994221904751406,0.0017994221904751445,-0.001799999999999996,14.785830749360402,81.40483998097005,-0.053220447303857506,-0.026605951955008842,0.026614495348848664
0,38,0.40144579354837306,0.3126547933069382,0.12551395160580636,0.1042,0.1038,-0.02131395160580636,-0.02171395160580636,-0.0003999999999999976,3.5988750925181443,54.721422824374706,0.07670624955727362,0.07814579959428086,0.0014395500370072423
0,39,0.40144579354837306,0.4273457371252059,0.17155614855974272,0.1458,0.1418,-0.025756148559742703,-0.029756148559742707,-0.0040000000000000036,0.001543145855862209,95.61887931372974,3.974549391293835e-05,4.5918077336387196e-05,6.1725834234488424e-06
0,40,0.40144579354837306,0.21905177326219738,0.08793741294542112,0.0968,0.0936,0.008862587054578874,0.00566258705457888,-0.0031999999999999945,7.353013102339333,650.8743903229031,-0.06516671873294143,-0.04163707680545559,0.023529641927485835
0,41,0.40144579354837306,0.3502829106424205,0.14061960102928037,0.1402,0.1386,-0.00041960102928037535,-0.0020196010292803657,-0.0015999999999999903,53.195907080577086,114.85813711648916,0.022321057364513352,0.10743450869343618,0.08511345132892283
0,42,0.40144579354837306,0.41157518975916685,0.16522512865769096,0.1724,0.1754,0.0071748713423090416,0.010174871342309044,0.0030000000000000027,39.39362707365618,53.28599561596155,-0.2826442059603853,-0.4008250871813539,-0.11818088122096859
0,43,0.40144579354837306,0.6032014180886877,0.24215267195411716,0.2218,0.2268,-0.020352671954117163,-0.015352671954117159,0.0050000000000000044,0.0667532125265188,130.09371825644212,0.0013586062364357016,0.0010248401738031073,-0.0003337660626325943
0,44,0.40144579354837306,0.33973613686845183,0.13638564306221432,0.099,0.0978,-0.03738564306221431,-0.03858564306221432,-0.0012000000000000066,4.229334109805287,78.97845002810847,0.15811637542002838,0.16319157635179476,0.005075200931766388
0,45,0.40144579354837306,0.37870641253843484,0.15203009630334952,0.1464,0.1422,-0.005630096303349513,-0.009830096303349523,-0.004200000000000009,0.4523272568837675,290.00739456235465,0.002546646016885525,0.004446420495797353,0.001899774478911828
0,46,0.40144579354837306,0.8322142840240537,0.3340889236523274,0.2926,0.298,-0.04148892365232737,-0.03608892365232741,0.00539999999999996,0.36560112723278904,156.93623670606686,0.015168397254966009,0.013194151167908962,-0.0019742460870570463
0,47,0.40144579354837306,0.40849133535173493,0.16398712827791181,0.1834,0.182,0.019412871722088193,0.01801287172208818,-0.0014000000000000123,5.515413243242044,39.208252685097264,-0.1070700097853642,-0.09934843124482527,0.007721578540538926
0,48,0.40144579354837306,0.9486986627935283,0.3808510875234284,0.3566,0.352,-0.024251087523428416,-0.02885108752342841,-0.004599999999999993,0.7943914450167294,138.91887821852305,0.019264856460963476,0.022919057108040427,0.003654200647076951
0,49,0.40144579354837306,0.96,0.38538796180643814,0.3664,0.3686,-0.018987961806438136,-0.016787961806438156,0.0021999999999999797,0.5146806006385318,192.49344470667816,0.009772735587439081,0.008640438266034322,-0.0011322973214047596
1,2,0.2302522375803923,0.7432447021158329,0.17113375573194267,0.1766,0.1616,0.005466244268057335,-0.009533755731942678,-0.015000000000000013,33.411649028272414,128.56370072079213,-0.18263623498713752,0.31853850043694915,0.5011747354240866
1,3,0.2302522375803923,0.5881609198522387,0.13542536785331974,0.1378,0.1334,0.0023746321466802667,-0.0020253678533197483,-0.004400000000000015,2.7248411821414074,47.00609629009471,-0.006470495465711245,0.005518805735710988,0.011989301201422234
1,4,0.2302522375803923,0.35347646367044305,0.08138874669212376,0.0618,0.0618,-0.019588746692123758,-0.019588746692123758,0.0,11.958517637001826,88.82680351948646,0.23425237280452313,0.23425237280452313,0.0
1,5,0.2302522375803923,0.2462007942881967,0.05668828377892715,0.0334,0.0306,-0.023288283778927152,-0.026088283778927152,-0.0028000000000000004,9.80300995047697,118.9014046049546,0.22829527761435428,0.2557437054756898,0.027448427861335528
1,6,0.2302522375803923,0.2523668605643421,0.05810803433607863,0.0588,0.0562,0.000691965663921365,-0.001908034336078633,-0.002599999999999998,2.4958439625187774,169.31141419590725,-0.0017270383245684363,0.00476215597798038,0.006489194302548817
1,7,0.2302522375803923,0.2498529618398943,0.05752920352972403,0.0442,0.0404,-0.013329203529724026,-0.01712920352972403,-0.0038000000000000048,44.334321164919324,100.30594645678181,0.5909411901593613,0.7594116105860549,0.16847042042669358
1,8,0.2302522375803923,0.23864506254115914,0.05494855963761455,0.0324,0.0326,-0.022548559637614554,-0.022348559637614555,0.0001999999999999988,2.613572715411539,24.12282827504436,0.058932300240699294,0.05840958569761699,-0.0005227145430823019
1,9,0.2302522375803923,0.22570946894001767,0.051970110266521125,0.0282,0.028,-0.023770110266521125,-0.023970110266521124,-0.0001999999999999988,5.371442551380155,160.4571777787203,0.12767978173658984,0.12875407024686586,0.0010742885102760225
1,10,0.2302522375803923,0.37881171658931956,0.08722224536636024,0.099,0.0948,0.011777754633639767,0.007577754633639758,-0.004200000000000009,2.3465699481441913,50.7021501587462,-0.027637325079915075,-0.017781731297709453,0.009855593782205622
1,11,0.2302522375803923,0.3151854739406006,0.07257216062765971,0.0816,0.0782,0.009027839372340293,0.005627839372340293,-0.0034000000000000002,12.858737424996344,136.781883484631,-0.11608661600396764,-0.07236690875898005,0.04371970724498758
1,12,0.2302522375803923,0.17558587433166223,0.0404290404523748,0.0634,0.0566,0.0229709595476252,0.0161709595476252,-0.0068000000000000005,11.505422314609072,281.8543566790988,-0.2642905905672293,-0.18605371882788763,0.07823687173934168
1,13,0.2302522375803923,0.18220018902510304,0.04195200121060041,0.058,0.0566,0.016047998789399595,0.01464799878939959,-0.0014000000000000054,31.564454869729605,512.4545230784656,-0.5065463335374789,-0.4623560967198572,0.044190236817621686
1,14,0.2302522375803923,0.20557322827031327,0.04733369579586439,0.0278,0.0248,-0.019533695795864392,-0.02253369579586439,-0.002999999999999999,4.375401579558189,130.62629776889463,0.08546776343983421,0.09859396817850878,0.013126204738674568
1,15,0.2302522375803923,0.34595507175101126,0.0796569293729555,0.08,0.0722,0.00034307062704450053,-0.007456929372955501,-0.007800000000000001,21.30058945682379,68.9202984015568,-0.007307606581370015,0.15883699118185557,0.16614459776322557
1,16,0.2302522375803923,0.2808089832005398,0.06465689671459908,0.0788,0.0802,0.014143103285400915,0.015543103285400914,0.0013999999999999985,50.868127087662565,292.9488578472697,-0.7194331753357117,-0.7906485532584392,-0.07121537792272747
1,17,0.2302522375803923,0.32558160642689904,0.07496589339481213,0.04,0.039,-0.03496589339481213,-0.03596589339481213,-0.0010000000000000009,0.6719331956553679,46.68087302922595,0.02349474448772104,0.024166677683376405,0.0006719331956553665
1,18,0.2302522375803923,0.1961441939672069,0.04516263954935187,0.0842,0.0806,0.03903736045064813,0.03543736045064814,-0.003599999999999992,3.821860248494346,381.17854694348665,-0.14919533611247743,-0.1354366392178978,0.01375869689457962
1,19,0.2302522375803923,0.5815475634811581,0.13390262775096187,0.124,0.1178,-0.009902627750961873,-0.01610262775096187,-0.006199999999999997,23.395624683759046,126.47828046402009,0.23167816224448093,0.37673103528378693,0.145052873039306
1,20,0.2302522375803923,0.30358985466230565,0.06990224334270197,0.0906,0.0844,0.020697756657298033,0.014497756657298036,-0.006199999999999997,14.573124339659081,254.02734999599411,-0.3016309813188108,-0.21127761041292448,0.0903533709058863
1,21,0.2302522375803923,0.3591545639587549,0.08269614198871343,0.0888,0.0816,0.006103858011286573,-0.0010961419887134255,-0.007199999999999998,6.757838010944257,71.58439390880315,-0.04124888368207902,0.007407549996719617,0.048656433678798634
1,22,0.2302522375803923,0.22768425877375342,0.05242481004448979,0.0546,0.0538,0.0021751899555102136,0.0013751899555102115,-0.0008000000000000021,4.40015942865277,75.87879942862848,-0.009571182591849066,-0.00605105504892684,0.003520127542922226
1,23,0.2302522375803923,0.20179848513594068,0.04646455274288387,0.0312,0.028,-0.015264552742883873,-0.01846455274288387,-0.003199999999999998,17.043468637721784,76.00118298603984,0.2601609259421913,0.314700025582901,0.05453909964070969
1,24,0.2302522375803923,0.35457382493066114,0.08164141657772302,0.0832,0.075,0.0015585834222769795,-0.006641416577723019,-0.008199999999999999,0.0010560541236083216,54.971698820607486,-1.6459484500831742e-06,7.013695363505062e-06,8.659643813588236e-06
1,25,0.2302522375803923,0.7210253586494617,0.16601770218124343,0.1582,0.1502,-0.007817702181243419,-0.015817702181243426,-0.008000000000000007,0.009034757816262418,28.819907425721784,7.063104588720073e-05,0.00014290910841730013,7.22780625300994e-05
1,26,0.2302522375803923,0.3766803921978068,0.08673150315620476,0.0758,0.0794,-0.010931503156204753,-0.0073315031562047606,0.003599999999999992,45.188480993144886,117.91116959936653,0.4939780226006618,0.33129949102534056,-0.16267853157532125
1,27,0.2302522375803923,0.5734241788507295,0.13203220026307952,0.1182,0.1168,-0.01383220026307952,-0.015232200263079518,-0.0013999999999999985,1.7585554491009314,29.227484753129147,0.024324691145693828,0.026786668774435127,0.0024619776287412992
1,28,0.2302522375803923,0.5368048429729841,0.12360051623852072,0.1124,0.0988,-0.011200516238520725,-0.024800516238520726,-0.013600000000000001,4.4115524711481715,114.99742847219353,0.04941166509018133,0.10940877869779646,0.05999711360761513
1,29,0.2302522375803923,0.20992975486519724,0.048336795792414906,0.074,0.0658,0.02566320420758509,0.01746320420758509,-0.008199999999999999,8.536139402283766,248.31384129484124,-0.2190646886252216,-0.14906834552649476,0.06999634309872685
1,30,0.2302522375803923,0.518065685771502,0.11928578336250874,0.1058,0.1038,-0.013485783362508733,-0.015485783362508734,-0.0020000000000000018,5.761091863227271,88.70748492873219,0.07769283679899477,0.08921502052544933,0.011522183726454555
1,31,0.2302522375803923,0.5744315312620573,0.13226414540981976,0.134,0.1224,0.001735854590180247,-0.009864145409819766,-0.011600000000000013,0.06213182484589457,51.898064193198394,-0.0001078518133550212,0.0006128773548573567,0.0007207291682123779
1,32,0.2302522375803923,0.41408676958317514,0.0953444052489624,0.1154,0.1092,0.020055594751037603,0.013855594751037606,-0.006199999999999997,15.321464080804962,74.43066847270443,-0.30728107459720316,-0.21228799729621245,0.09499307730099071
1,33,0.2302522375803923,0.5082093407162553,0.11701633785917376,0.1082,0.1102,-0.008816337859173753,-0.006816337859173752,0.0020000000000000018,0.0006021825844770479,36.888578416223325,5.309045117660094e-06,4.104679948705997e-06,-1.2043651689540968e-06
1,34,0.2302522375803923,0.430076829107486,0.09902615223347865,0.0908,0.0878,-0.00822615223347864,-0.011226152233478642,-0.0030000000000000027,34.55331139892252,77.21006379294279,0.2842407997383294,0.38790073393509705,0.10365993419676767
1,35,0.2302522375803923,0.36780900467919186,0.0846888463296009,0.0744,0.0724,-0.010288846329600906,-0.012288846329600894,-0.001999999999999988,3.2954176916076037,65.40300746274309,0.033906046220798784,0.040496881604013955,0.006590835383215171
1,36,0.2302522375803923,0.31652023366573906,0.07287949204100504,0.0892,0.0836,0.016320507958994965,0.010720507958994957,-0.005600000000000008,31.950924215333483,99.98238736253613,-0.521455312953595,-0.3425301373477273,0.17892517560586774
1,37,0.2302522375803923,0.29742640159246664,0.0684830944821498,0.0852,0.075,0.016716905517850197,0.006516905517850197,-0.0102,20.211151038173593,81.01115516747139,-0.33786790231214786,-0.13171416172277722,0.20615374058937064
1,38,0.2302522375803923,0.3126547933069382,0.07198946574915757,0.043,0.0414,-0.028989465749157575,-0.030589465749157572,-0.0015999999999999973,6.48984133425562,177.02704328372454,0.18813703307687038,0.19852077921167938,0.010383746134808997
1,39,0.2302522375803923,0.4273457371252059,0.09839731219352078,0.0672,0.0594,-0.031197312193520788,-0.03899731219352078,-0.0077999999999999944,0.3735210321481917,30.536353639452035,0.011652852250773251,0.014566316301529145,0.0029134640507558936
1,40,0.2302522375803923,0.21905177326219738,0.05043716093957369,0.0734,0.074,0.022962839060426316,0.023562839060426305,0.0005999999999999894,11.3036528723864,266.03105362582784,-0.2595639617035345,-0.26634615342696627,-0.006782191723431752
1,41,0.2302522375803923,0.3502829106424205,0.08065342396158993,0.0702,0.066,-0.010453423961589936,-0.014653423961589931,-0.004199999999999995,63.107120078136624,414.7233278843788,0.6596854811717268,0.9247353854999003,0.26504990432817355
1,42,0.2302522375803923,0.41157518975916685,0.09476610837462272,0.0894,0.0854,-0.00536610837462273,-0.00936610837462272,-0.00399999999999999,47.98167803275872,220.61413562693613,0.25747488432003807,0.44940159645107247,0.1919267121310344
1,43,0.2302522375803923,0.6032014180886877,0.13888847622658604,0.1362,0.1296,-0.0026884762265860507,-0.009288476226586045,-0.006599999999999995,0.15372683225212916,40.71068341120127,0.000413290933898231,0.0014278880267622827,0.0010145970928640516
1,44,0.2302522375803923,0.33973613686845183,0.07822500570087944,0.076,0.063,-0.00222500570087944,-0.015225005700879438,-0.012999999999999998,1.9770832516726033,38.14230359783451,0.004399021506084803,0.030101103777828642,0.02570208227174384
1,45,0.2302522375803923,0.37870641253843484,0.08719799887301775,0.0768,0.0738,-0.01039799887301776,-0.01339799887301775,-0.002999999999999989,0.0004886852029989626,61.539127606646595,5.081348190043668e-06,6.547403799040551e-06,1.4660556089968825e-06
1,46,0.2302522375803923,0.8322142840240537,0.19161920104290248,0.1932,0.1804,0.0015807989570975345,-0.011219201042902471,-0.012800000000000006,0.0020973629432888764,37.70938274239178,-3.3155091534060713e-06,2.353073652069156e-05,2.684624567409763e-05
1,47,0.2302522375803923,0.40849133535173493,0.09405604399693937,0.0852,0.0896,-0.008856043996939372,-0.004456043996939371,0.004400000000000001,8.993630693823643,109.19562999808323,0.07964798911672656,0.040076014063902515,-0.039571975052824046
1,48,0.2302522375803923,0.9486986627935283,0.21843998989773594,0.2124,0.2014,-0.006039989897735937,-0.017039989897735947,-0.01100000000000001,2.3769405344436674,33.01388372468047,0.01435669681555881,0.040503042694439176,0.026146345878880366
1,49,0.2302522375803923,0.96,0.2210421480771766,0.224,0.2142,0.0029578519228234124,-0.006842148077176591,-0.009800000000000003,1.871038243445148,55.39042359634691,-0.005534254066050371,0.012801920719712085,0.018336174785762455
2,3,0.7432447021158329,0.5881609198522387,0.4371474876717515,0.4372,0.4292,5.2512328248488505e-05,-0.007947487671751463,-0.007999999999999952,17.05336287389043,170.14283444023275,-0.0008955117889743214,0.13553139120214827,0.1364269029911226
2,4,0.7432447021158329,0.35347646367044305,0.2627195089456965,0.2556,0.2602,-0.007119508945696518,-0.0025195089456965247,0.004599999999999993,5.392483181314813,227.79377456885345,0.03839183224888883,0.013586409614840728,-0.0248054226340481
2,5,0.7432447021158329,0.2462007942881967,0.1829874360114122,0.1554,0.1612,-0.027587436011412197,-0.021787436011412198,0.0058,7.018817897984393,54.37478834273483,0.1936311896363991,0.15292204582808963,-0.04070914380830948
2,6,0.7432447021158329,0.2523668605643421,0.18757033210405238,0.195,0.2034,0.0074296678959476226,0.015829667895947613,0.00839999999999999,17.643839193698994,23.180891672722165,-0.1310878656186878,-0.27929611484575917,-0.14820824922707138
2,7,0.7432447021158329,0.2498529618398943,0.1857018901954508,0.2072,0.2132,0.021498109804549193,0.027498109804549198,0.006000000000000005,0.7710969248584187,187.15111151308216,-0.016577126360556502,-0.02120370790970702,-0.004626581549150518
2,8,0.7432447021158329,0.23864506254115914,0.17737167841981813,0.1668,0.1718,-0.010571678419818126,-0.005571678419818121,0.0050000000000000044,17.33578362722906,147.40655812526896,0.18326832966261383,0.09658941152646847,-0.08667891813614537
2,9,0.7432447021158329,0.22570946894001767,0.16775736700704627,0.156,0.1516,-0.011757367007046271,-0.01615736700704626,-0.004399999999999987,11.989901900016301,50.982052497983844,0.14096967701697305,0.19372524537704464,0.052755568360071586
2,10,0.7432447021158329,0.37881171658931956,0.28154980145441616,0.3354,0.3436,0.053850198545583816,0.06205019854558386,0.00820000000000004,18.04915107009414,90.53552548057095,-0.971950368703806,-1.1199534074785789,-0.14800303877477283
2,11,0.7432447021158329,0.3151854739406006,0.2342599336902193,0.2816,0.2876,0.047340066309780715,0.05334006630978072,0.006000000000000005,87.72550057882336,93.55192780115064,-4.152931014460204,-4.679284017933145,-0.5263530034729405
2,12,0.7432447021158329,0.17558587433166223,0.13050327086338437,0.146,0.1416,0.015496729136615622,0.011096729136615635,-0.004399999999999987,5.704056549434556,124.92473697493409,-0.08839421932652565,-0.06329637050901368,0.025097848817511967
2,13,0.7432447021158329,0.18220018902510304,0.13541932521741115,0.1054,0.1036,-0.030019325217411158,-0.031819325217411154,-0.001799999999999996,0.026262085226227545,185.82924607815946,0.0007883700772934936,0.000835641830700703,4.727175340720944e-05
2,14,0.7432447021158329,0.20557322827031327,0.1527912128087591,0.1458,0.142,-0.006991212808759084,-0.01079121280875911,-0.0038000000000000256,13.605290379596848,202.52598741133804,0.09511748036872422,0.1468175838111926,0.051700103442468365
2,15,0.7432447021158329,0.34595507175101126,0.257129274249042,0.2514,0.2414,-0.00572927424904196,-0.01572927424904197,-0.010000000000000009,1.3572829879086468,63.50369536826017,0.00777624647128774,0.02134907635037422,0.01357282987908648
2,16,0.7432447021158329,0.2808089832005398,0.20870978907033516,0.1996,0.2034,-0.009109789070335161,-0.0053097890703351636,0.003799999999999998,1.827656459044687,67.60792341895136,0.016649564834932754,0.009704470290562947,-0.006945094544369807
2,17,0.7432447021158329,0.32558160642689904,0.24198680408315493,0.239,0.2558,-0.002986804083154937,0.0138131959168451,0.016800000000000037,24.60721243298301,126.03899970652338,0.0734969225698946,-0.33990424630422095,-0.41340116887411554
2,18,0.7432447021158329,0.1961441939672069,0.14578313301690685,0.1624,0.1498,0.016616866983093143,0.0040168669830931425,-0.0126,14.63309748779273,104.7801886734345,-0.24315623450528623,-0.058779206159097826,0.1843770283461884
2,19,0.7432447021158329,0.5815475634811581,0.4322321455857418,0.4112,0.4234,-0.02103214558574179,-0.008832145585741802,0.012199999999999989,0.889963307079255,11.278509674140619,0.018717837840459117,0.007860285494092217,-0.0108575523463669
2,20,0.7432447021158329,0.30358985466230565,0.22564155109387438,0.2252,0.2242,-0.000441551093874365,-0.0014415510938743659,-0.0010000000000000009,3.8526029847716208,50.29118089992866,0.0017011210621895527,0.005553724046961177,0.0038526029847716237
2,21,0.7432447021158329,0.3591545639587549,0.26693972690306667,0.2804,0.2726,0.013460273096933317,0.005660273096933344,-0.007799999999999974,10.116832460189011,101.88776393080688,-0.13617532779006386,-0.05726403460058983,0.07891129318947403
2,22,0.7432447021158329,0.22768425877375342,0.1692251190887626,0.179,0.1686,0.009774880911237405,-0.0006251190887625879,-0.010399999999999993,62.06188742575249,136.62010699073394,-0.6066475587133527,0.03879607051447271,0.6454436292278255
2,23,0.7432447021158329,0.20179848513594068,0.14998565497228858,0.1288,0.1218,-0.02118565497228858,-0.028185654972288574,-0.006999999999999992,2.728798203964512,130.00728096318684,0.05781137723819291,0.07691296466594447,0.01910158742775156
2,24,0.7432447021158329,0.35457382493066114,0.2635351168886607,0.2616,0.2602,-0.001935116888660715,-0.0033351168886607274,-0.0014000000000000123,33.03702165325462,219.54927954040073,0.06393049855226275,0.11018232886681963,0.046251830314556874
2,25,0.7432447021158329,0.7210253586494617,0.5358982779073808,0.546,0.5398,0.01010172209261928,0.0039017220926191865,-0.006200000000000094,34.5195307403319,131.43296083452185,-0.34870670630646117,-0.13468561571640011,0.21402109059006105
2,26,0.7432447021158329,0.3766803921978068,0.27996570589193404,0.273,0.2794,-0.006965705891934015,-0.0005657058919340541,0.006399999999999961,0.8872825105014281,17.622744141748534,0.006180549011209803,0.0005019409440006971,-0.005678608067209105
2,27,0.7432447021158329,0.5734241788507295,0.42619448299592655,0.437,0.4476,0.01080551700407345,0.02140551700407345,0.010599999999999998,19.83968100788721,123.73946076261791,-0.21437801048611835,-0.42467862916972277,-0.21030061868360442
2,28,0.7432447021158329,0.5368048429729841,0.3989773556097921,0.3874,0.3844,-0.011577355609792062,-0.014577355609792064,-0.0030000000000000027,13.54174826154287,9.838276542570995,0.15677763520216523,0.19740287998679387,0.040625244784628645
2,29,0.7432447021158329,0.20992975486519724,0.15602917812003336,0.1316,0.1276,-0.024429178120033368,-0.02842917812003337,-0.0040000000000000036,8.171672978034868,350.4495383938851,0.19962725471907733,0.23231394663121682,0.03268669191213949
2,30,0.7432447021158329,0.518065685771502,0.3850495762976747,0.3776,0.3666,-0.0074495762976747315,-0.01844957629767474,-0.01100000000000001,11.424762272956276,29.361683893031525,0.08510963823518357,0.2107820232377027,0.12567238500251915
2,31,0.7432447021158329,0.5744315312620573,0.4269431923388095,0.4322,0.4194,0.005256807661190466,-0.007543192338809512,-0.012799999999999978,30.59216552470466,117.73965713336436,-0.16081713010267432,0.23076258861354468,0.391579718716219
2,32,0.7432447021158329,0.41408676958317514,0.30776779770895457,0.3068,0.3172,-0.0009677977089545542,0.00943220229104541,0.010399999999999965,3.4820189580123535,193.48477271327647,0.00336988997010068,-0.03284310719322767,-0.036212997163328355
2,33,0.7432447021158329,0.5082093407162553,0.37772390005313705,0.3782,0.3824,0.000476099946862929,0.004676099946862966,0.004200000000000037,33.12856185142665,105.81770041978214,-0.015772506537109487,-0.15491246631310265,-0.13913995977599317
2,34,0.7432447021158329,0.430076829107486,0.3196523247369154,0.3188,0.3202,-0.000852324736915433,0.0005476752630845794,0.0014000000000000123,0.009589389273178093,49.67951884974271,8.173273689441193e-06,-5.251871293008256e-06,-1.3425144982449448e-05
2,35,0.7432447021158329,0.36780900467919186,0.273372094118307,0.2872,0.2744,0.013827905881693026,0.001027905881692992,-0.012800000000000034,15.720848450401078,144.3085302771446,-0.21738641275250575,-0.016159552587371426,0.20122686016513433
2,36,0.7432447021158329,0.31652023366573906,0.23525198678452605,0.2324,0.2242,-0.002851986784526056,-0.011051986784526041,-0.008199999999999985,0.01632420017104724,21.840881868827953,4.655640315578471e-05,0.00018041484455837183,0.0001338584414025871
2,37,0.7432447021158329,0.29742640159246664,0.22106059725297697,0.2138,0.2074,-0.00726059725297698,-0.01366059725297697,-0.006399999999999989,1.6501963239025816,59.428386649502976,0.011981410896199795,0.0225426673691763,0.010561256472976505
2,38,0.7432447021158329,0.3126547933069382,0.2323790187165026,0.223,0.2276,-0.009379018716502596,-0.004779018716502603,0.004599999999999993,10.450765352143389,63.858703067478594,0.09801792383952969,0.049944403219670176,-0.04807352061985951
2,39,0.7432447021158329,0.4273457371252059,0.31762245509009474,0.3136,0.3114,-0.004022455090094745,-0.006222455090094725,-0.0021999999999999797,26.719774493061777,109.14752431930096,0.10747909291580009,0.16626259680053546,0.05878350388473537
2,40,0.7432447021158329,0.21905177326219738,0.16280906996620687,0.1612,0.154,-0.0016090699662068553,-0.008809069966206867,-0.007200000000000012,5.847645294704412,577.8949144009267,0.009409270416739704,0.05151231653861154,0.04210304612187184
2,41,0.7432447021158329,0.3502829106424205,0.26034591757669273,0.2406,0.2386,-0.019745917576692723,-0.021745917576692725,-0.0020000000000000018,4.681675353704863,107.46083740261463,0.09244397565508998,0.10180732636249971,0.009363350707409734
2,42,0.7432447021158329,0.41157518975916685,0.3059010793108194,0.2954,0.293,-0.010501079310819394,-0.012901079310819408,-0.0024000000000000132,1.3146910532143499,25.678765311286583,0.013805675019028569,0.016960933546743027,0.0031552585277144583
2,43,0.7432447021158329,0.6032014180886877,0.4483262583031747,0.4374,0.4434,-0.010926258303174674,-0.004926258303174669,0.006000000000000005,29.0327091110552,93.90600260221164,0.3172188789883219,0.14302262432199053,-0.17419625466633137
2,44,0.7432447021158329,0.33973613686845183,0.2525070838447763,0.25,0.239,-0.0025070838447763255,-0.013507083844776335,-0.01100000000000001,51.64389905295114,79.96873316634412,0.1294755849969132,0.6975584745793763,0.568082889582463
2,45,0.7432447021158329,0.37870641253843484,0.28147153477648473,0.2928,0.2958,0.011328465223515272,0.014328465223515274,0.0030000000000000027,33.667698105460644,264.5448254897407,-0.3814033471435219,-0.4824064414599039,-0.10100309431638199
2,46,0.7432447021158329,0.8322142840240537,0.618538857625999,0.6126,0.6124,-0.0059388576259989945,-0.0061388576259989724,-0.00019999999999997797,32.88430761460003,133.53450606739503,0.1952952210526642,0.20187208257558348,0.006576861522919281
2,47,0.7432447021158329,0.40849133535173493,0.30360902086039904,0.3226,0.3302,0.01899097913960096,0.026590979139600956,0.007599999999999996,7.735867714856379,34.129184852768894,-0.14691170239955006,-0.2057042970324585,-0.058792594632908424
2,48,0.7432447021158329,0.9486986627935283,0.705115255025665,0.697,0.6912,-0.008115255025665014,-0.01391525502566493,-0.005799999999999916,17.965289879671303,118.8794319191797,0.14579290898353134,0.2499915902856234,0.10419868130209206
2,49,0.7432447021158329,0.96,0.7135149140311996,0.7072,0.7062,-0.006314914031199548,-0.007314914031199549,-0.0010000000000000009,19.469468357345367,171.49220187598294,0.12294801890979587,0.14241748726714126,0.019469468357345393
3,4,0.5881609198522387,0.35347646367044305,0.20790104201852422,0.1892,0.1964,-0.01870104201852421,-0.011501042018524227,0.007199999999999984,3.266693573167608,26.345877940299644,0.06109057377345043,0.0375703800466437,-0.023520193726806728
3,5,0.5881609198522387,0.2462007942881967,0.14480568563689758,0.1506,0.145,0.005794314363102432,0.00019431436310241024,-0.005600000000000022,2.191189152655668,143.76987271521764,-0.012696438779506986,-0.0004257795246351961,0.01227065925487179
3,6,0.5881609198522387,0.2523668605643421,0.1484323248497451,0.166,0.1678,0.017567675150254897,0.019367675150254893,0.001799999999999996,0.005024721177781776,194.2623393854989,-8.827266937187642e-05,-9.731716749188359e-05,-9.044498120007173e-06
3,7,0.5881609198522387,0.2498529618398943,0.14695374786355853,0.1424,0.1448,-0.004553747863558527,-0.002153747863558514,0.0024000000000000132,25.076989197669374,92.15045351378508,0.11419428598336717,0.05400951190896035,-0.060184774074406824
3,8,0.5881609198522387,0.23864506254115914,0.1403616995024032,0.1332,0.1316,-0.007161699502403196,-0.008761699502403214,-0.001600000000000018,0.0011597093117657299,36.5248435594244,8.30548960100498e-06,1.0161024499830168e-05,1.8555348988251876e-06
3,9,0.5881609198522387,0.22570946894001767,0.1327534888711211,0.1496,0.146,0.016846511128878916,0.013246511128878896,-0.00360000000000002,0.44479293198298675,228.99149689325836,-0.007493209078698069,-0.0058919545235593075,0.0016012545551387612
3,10,0.5881609198522387,0.37881171658931956,0.22280224767997975,0.2764,0.286,0.05359775232002023,0.06319775232002023,0.009599999999999997,0.014127103664701303,50.165145935796005,-0.0007571810032199106,-0.000892801198401043,-0.00013562019518113247
3,11,0.5881609198522387,0.3151854739406006,0.18537977827696747,0.1212,0.1224,-0.06417977827696747,-0.06297977827696748,0.0011999999999999927,27.422162523463722,129.8802883109896,1.7599483106308684,1.7270417156027122,-0.03290659502815618
3,12,0.5881609198522387,0.17558587433166223,0.10327274935997005,0.12,0.1162,0.016727250640029945,0.012927250640029947,-0.003799999999999998,3.0319692443608757,306.0650782920859,-0.05071650948328656,-0.039195026354715244,0.01152148312857132
3,13,0.5881609198522387,0.18220018902510304,0.10716303077425637,0.0992,0.0966,-0.007963030774256377,-0.010563030774256368,-0.002599999999999991,15.741182776296801,628.4722149902921,0.12534752287084586,0.1662745980892174,0.04092707521837155
3,14,0.5881609198522387,0.20557322827031327,0.1209101390364617,0.13,0.1306,0.00908986096353831,0.0096898609635383,0.0005999999999999894,0.19451342660783738,89.45233634291414,-0.001768100003406655,-0.0018848080593713555,-0.00011670805596470041
3,15,0.5881609198522387,0.34595507175101126,0.20347725322862203,0.2032,0.2022,-0.00027725322862204305,-0.001277253228622044,-0.0010000000000000009,8.788538126928428,81.96443408142186,0.002436650570558829,0.011225188697487265,0.008788538126928435
3,16,0.5881609198522387,0.2808089832005398,0.16516086986200135,0.221,0.2262,0.055839130137998655,0.061039130137998665,0.00520000000000001,30.046625237658553,358.4333108921722,-1.6777774168532906,-1.8340198680891155,-0.15624245123582492
3,17,0.5881609198522387,0.32558160642689904,0.1914943771230145,0.1714,0.1828,-0.020094377123014512,-0.008694377123014518,0.011399999999999993,0.6905509996037432,36.810587381766624,0.013876192208712262,0.0060039108132295925,-0.00787228139548267
3,18,0.5881609198522387,0.1961441939672069,0.11536434954742834,0.103,0.0986,-0.01236434954742835,-0.01676434954742835,-0.004400000000000001,0.09256719048035159,398.96166473796137,0.001144533099722449,0.001551828737835996,0.00040729563811354704
3,19,0.5881609198522387,0.5815475634811581,0.34204354987490615,0.3664,0.3532,0.024356450125093854,0.011156450125093864,-0.01319999999999999,10.151826397213,156.31825762182038,-0.24726245332232966,-0.11325834487911816,0.13400410844321148
3,20,0.5881609198522387,0.30358985466230565,0.17855968817598916,0.1988,0.1964,0.020240311824010843,0.01784031182401083,-0.0024000000000000132,4.694878700998156,304.6744420638572,-0.09502580888410964,-0.083758100001714,0.01126770888239563
3,21,0.5881609198522387,0.3591545639587549,0.211240678707111,0.229,0.2126,0.017759321292889013,0.0013593212928890153,-0.016399999999999998,0.9003635814429689,35.94816047480523,-0.01598984612326193,-0.0012238833875972406,0.01476596273566469
3,22,0.5881609198522387,0.22768425877375342,0.13391498307624597,0.1084,0.1024,-0.025514983076245973,-0.031514983076245964,-0.0059999999999999915,14.05024013565709,46.257992363902275,0.35849163927848254,0.44279308009242496,0.08430144081394242
3,23,0.5881609198522387,0.20179848513594068,0.11868998264234319,0.1236,0.1244,0.00491001735765681,0.005710017357656805,0.0007999999999999952,6.138820433888407,101.89761749660859,-0.030141714885930385,-0.03505277123304108,-0.004911056347110698
3,24,0.5881609198522387,0.35457382493066114,0.20854646702674431,0.1884,0.1772,-0.020146467026744302,-0.03134646702674432,-0.011200000000000015,2.6186110812108203,13.880506082035861,0.05275576180348104,0.08208420591304226,0.029328444109561223
3,25,0.5881609198522387,0.7210253586494617,0.4240789381800577,0.4156,0.414,-0.008478938180057682,-0.010078938180057728,-0.0016000000000000458,3.047680211237879,11.222298264475688,0.025841092103671113,0.03071738044165186,0.004876288337980747
3,26,0.5881609198522387,0.3766803921978068,0.2215486859653641,0.2444,0.2428,0.022851314034635917,0.0212513140346359,-0.001600000000000018,25.720401324840722,157.00953141047282,-0.587744967770801,-0.5465923256510554,0.041152642119745564
3,27,0.5881609198522387,0.5734241788507295,0.3372656924983597,0.3376,0.3356,0.00033430750164031853,-0.0016656924983596832,-0.0020000000000000018,0.10536771000876806,18.203465073449852,-3.522521588659283e-05,0.00017551020413094346,0.0002107354200175363
3,28,0.5881609198522387,0.5368048429729841,0.3157276302241269,0.339,0.3162,0.023272369775873103,0.0004723697758730605,-0.022800000000000042,0.20219439149669893,158.5137707359968,-0.004705542645518829,-9.551051939408552e-05,0.0046100321261247435
3,29,0.5881609198522387,0.20992975486519724,0.1234724777258694,0.1136,0.1102,-0.009872477725869397,-0.013272477725869397,-0.0034000000000000002,1.6153340680235393,120.10923999734166,0.01594734960640039,0.021439485437680428,0.0054921358312800365
3,30,0.5881609198522387,0.518065685771502,0.3047059902872475,0.317,0.309,0.012294009712752518,0.004294009712752511,-0.008000000000000007,0.5617774782381496,121.60153356602336,-0.006906497773865428,-0.002412277947960227,0.004494219825905201
3,31,0.5881609198522387,0.5744315312620573,0.3378581778192216,0.3488,0.3334,0.010941822180778382,-0.004458177819221643,-0.015400000000000025,1.9640529499667179,17.919297146031685,-0.021490318132169048,0.008756097297318455,0.030246415429487503
3,32,0.5881609198522387,0.41408676958317514,0.24354965529668232,0.2582,0.261,0.014650344703317664,0.01745034470331769,0.0028000000000000247,5.123680715575552,29.259261698783774,-0.07506368863292315,-0.08940999463653482,-0.01434630600361167
3,33,0.5881609198522387,0.5082093407162553,0.29890887331317256,0.293,0.2876,-0.00590887331317258,-0.01130887331317254,-0.00539999999999996,2.644428504228531,28.076583125286135,0.01562559301722885,0.02990550694006281,0.01427991392283396
3,34,0.5881609198522387,0.430076829107486,0.25295438341499304,0.276,0.2826,0.02304561658500698,0.029645616585006973,0.006599999999999995,17.871732418742365,104.11321307847159,-0.41186509303217594,-0.5298185269958754,-0.11795343396369945
3,35,0.5881609198522387,0.36780900467919186,0.21633088252204988,0.2188,0.2024,0.002469117477950117,-0.013930882522049881,-0.016399999999999998,0.02709949377261318,40.269735582094135,-6.691183371755956e-05,0.00037751986415329654,0.0004444316978708561
3,36,0.5881609198522387,0.31652023366573906,0.18616483178468662,0.2138,0.2014,0.027635168215313366,0.015235168215313372,-0.012399999999999994,16.014447747381713,105.29296462073927,-0.4425619573742398,-0.24398280530670668,0.19857915206753313
3,37,0.5881609198522387,0.29742640159246664,0.17493458594896655,0.1832,0.1724,0.008265414051033454,-0.00253458594896655,-0.010800000000000004,8.093866134434249,112.52186410252109,-0.06689915487473666,0.020514599377153254,0.08741375425188991
3,38,0.5881609198522387,0.3126547933069382,0.18389133082762033,0.1626,0.168,-0.02129133082762033,-0.015891330827620315,0.005400000000000016,0.8042635177636657,242.75508897899525,0.017123840629291905,0.0127808176333681,-0.004343022995923805
3,39,0.5881609198522387,0.4273457371252059,0.2513480618424941,0.2656,0.2538,0.014251938157505917,0.0024519381575059396,-0.011799999999999977,1.0806551088916347,85.14828341303442,-0.015401429781516401,-0.0026496994965951354,0.012751730284921266
3,40,0.5881609198522387,0.21905177326219738,0.12883769245715804,0.1262,0.1176,-0.0026376924571580307,-0.011237692457158041,-0.00860000000000001,2.928825797267237,180.38754095583565,0.007725341713781647,0.032913243570279915,0.025187901856498267
3,41,0.5881609198522387,0.3502829106424205,0.20602271893196558,0.211,0.2062,0.0049772810680344115,0.0001772810680344128,-0.004799999999999999,39.60549526310262,475.3466787151069,-0.19712768176316722,-0.007021304500274709,0.1901063772628925
3,42,0.5881609198522387,0.41157518975916685,0.24207244219711127,0.2578,0.2506,0.015727557802888703,0.008527557802888719,-0.007199999999999984,27.83798604883015,254.16939452363368,-0.4378235346989855,-0.23739003514740883,0.20043349955157666
3,43,0.5881609198522387,0.6032014180886877,0.35477950091921734,0.3458,0.346,-0.008979500919217343,-0.008779500919217365,0.00019999999999997797,1.5841473666584263,22.662066234860387,0.01422485273508507,0.013908023261753421,-0.0003168294733316493
3,44,0.5881609198522387,0.33973613686845183,0.1998195187675947,0.2046,0.189,0.0047804812324052925,-0.01081951876759471,-0.015600000000000003,9.344009251944568,50.423332034571494,-0.04466886086434242,0.10109768346599286,0.14576654433033528
3,45,0.5881609198522387,0.37870641253843484,0.22274031195254723,0.245,0.2418,0.022259688047452764,0.019059688047452755,-0.0032000000000000084,2.798311771025653,43.05485287602896,-0.0622895470825461,-0.05333494941526399,0.008954597667282113
3,46,0.5881609198522387,0.8322142840240537,0.4894759188057597,0.5046,0.4948,0.015124081194240357,0.0053240811942403266,-0.009800000000000031,2.5757435594301334,8.707411687888605,-0.038955754728363004,-0.013713467845947614,0.02524228688241539
3,47,0.5881609198522387,0.40849133535173493,0.24025863955214574,0.258,0.2552,0.017741360447854265,0.01494136044785424,-0.0028000000000000247,1.8177213404749941,143.6528101605289,-0.032248849495123695,-0.027159229741793668,0.005089619753330027
3,48,0.5881609198522387,0.9486986627935283,0.5579874781712305,0.5642,0.5506,0.006212521828769524,-0.007387478171230533,-0.013600000000000056,0.011875840931454627,18.120367431378554,-7.377892102165647e-05,8.773251564612714e-05,0.00016151143666778362
3,49,0.5881609198522387,0.96,0.5646344830581491,0.5798,0.5706,0.015165516941850865,0.005965516941850879,-0.009199999999999986,0.08000429042134145,6.920375122137675,-0.0012133064218056108,-0.00047726694992927045,0.0007360394718763403
4,5,0.35347646367044305,0.2462007942881967,0.08702618611784597,0.0854,0.0868,-0.0016261861178459708,-0.0002261861178459723,0.0013999999999999985,0.10701605860950666,219.76961591493236,0.0001740280288973705,2.4205546844061356e-05,-0.00014982248205330914
4,6,0.35347646367044305,0.2523668605643421,0.08920574541989544,0.0834,0.0914,-0.005805745419895439,0.0021942545801045543,0.007999999999999993,3.527954313502876,261.6219001371987,0.02048240459721968,-0.007741229910803304,-0.028223634508022982
4,7,0.35347646367044305,0.2498529618398943,0.08831714138875199,0.0818,0.0822,-0.006517141388751993,-0.006117141388751995,0.0003999999999999976,10.241877397182114,108.2195467459655,0.06674776308369909,0.06265101212482627,-0.004096750958872825
4,8,0.35347646367044305,0.23864506254115914,0.08435541277946065,0.1378,0.137,0.05344458722053935,0.05264458722053936,-0.0007999999999999952,3.3909534848429392,59.75591011490266,-0.18122810928148034,-0.178515346493606,0.002712762787874329
4,9,0.35347646367044305,0.22570946894001767,0.07978298489785116,0.0862,0.0836,0.006417015102148843,0.003817015102148838,-0.002600000000000005,1.300675676985763,275.09947251462984,-0.008346455462215312,-0.004964698702052322,0.0033817567601629904
4,10,0.35347646367044305,0.37881171658931956,0.13390102597692277,0.1248,0.1378,-0.009101025976922777,0.003898974023077234,0.013000000000000012,3.7104666648221993,69.02894136309277,0.03376905350305286,-0.014467013139635778,-0.04823606664268863
4,11,0.35347646367044305,0.3151854739406006,0.11141064672881608,0.1556,0.159,0.04418935327118391,0.04758935327118392,0.003400000000000014,49.618177487294716,170.8658501255718,-2.1925951736583706,-2.3612969771151735,-0.16870180345680286
4,12,0.35347646367044305,0.17558587433166223,0.062065473929238786,0.0236,0.0236,-0.03846547392923878,-0.03846547392923878,0.0,0.004375107359676544,326.74871766576996,0.00016829057808125884,0.00016829057808125884,0.0
4,13,0.35347646367044305,0.18220018902510304,0.0644034784966797,0.0994,0.0992,0.034996521503320305,0.0347965215033203,-0.00020000000000000573,4.666102315630883,757.0140911561015,-0.16329735002566886,-0.16236412956254265,0.0009332204631262164
4,14,0.35347646367044305,0.20557322827031327,0.07266529775430708,0.048,0.044,-0.024665297754307078,-0.02866529775430708,-0.0040000000000000036,1.8669475973008895,58.7456483999284,0.04604881837911463,0.05351660876831819,0.00746779038920356
4,15,0.35347646367044305,0.34595507175101126,0.12228697535140184,0.1168,0.1122,-0.005486975351401843,-0.01008697535140185,-0.004600000000000007,1.3389896317633911,114.44326416660766,0.007347003105268358,0.013506355411379966,0.006159352306111608
4,16,0.35347646367044305,0.2808089832005398,0.09925936634861966,0.1182,0.125,0.018940633651380337,0.025740633651380337,0.0068000000000000005,13.49886776526501,430.25189467194036,-0.2556771090503117,-0.3474694098541138,-0.09179230080380207
4,17,0.35347646367044305,0.32558160642689904,0.11508543487592227,0.1188,0.1204,0.003714565124077737,0.0053145651240777275,0.0015999999999999903,6.961121076457889,63.6364966404306,-0.025857537575092952,-0.03699533129742551,-0.011137793722332555
4,18,0.35347646367044305,0.1961441939672069,0.06933235605301774,0.0708,0.072,0.001467643946982261,0.002667643946982254,0.0011999999999999927,2.259463243686496,485.2935671031594,-0.0033160875530253917,-0.00602744344544917,-0.0027113558924237785
4,19,0.35347646367044305,0.5815475634811581,0.20556337619548226,0.2,0.203,-0.00556337619548225,-0.0025633761954822476,0.0030000000000000027,1.9010712862858572,202.22249765639768,0.01057637474003756,0.004873160881179984,-0.005703213858857577
4,20,0.35347646367044305,0.30358985466230565,0.10731186823225557,0.0966,0.0978,-0.010711868232255561,-0.009511868232255569,0.0011999999999999927,0.12914478855131656,348.9515990883892,0.0013833819578442095,0.0012284082115826306,-0.00015497374626157888
4,21,0.35347646367044305,0.3591545639587549,0.12695268517924063,0.1124,0.1136,-0.014552685179240632,-0.013352685179240625,0.0012000000000000066,0.7370647785176404,53.156874410807404,0.010726271678473944,0.009841793944252771,-0.0008844777342211733
4,22,0.35347646367044305,0.22768425877375342,0.08048102662477241,0.0828,0.0782,0.002318973375227587,-0.002281026624772406,-0.004599999999999993,30.86652103133937,100.2558546026146,-0.07157864045757836,0.07040735628658253,0.1419859967441609
4,23,0.35347646367044305,0.20179848513594068,0.07133101489990477,0.0472,0.0482,-0.024131014899904775,-0.023131014899904774,0.0010000000000000009,0.44925468561757326,84.51576938089761,0.010840971512489696,0.010391716826872122,-0.0004492546856175745
4,24,0.35347646367044305,0.35457382493066114,0.12533350174659288,0.1126,0.1168,-0.012733501746592879,-0.008533501746592884,0.004199999999999995,11.734817451053676,17.800026197090006,0.14942531850894059,0.1001390852145152,-0.049286233294425386
4,25,0.35347646367044305,0.7210253586494617,0.2548654939921246,0.2524,0.2578,-0.00246549399212459,0.0029345060078753704,0.00539999999999996,12.624948198552227,41.2171853655796,0.03112673393441468,-0.03704798633776685,-0.06817472027218152
4,26,0.35347646367044305,0.3766803921978068,0.1331476529680763,0.1296,0.1432,-0.003547652968076298,0.010052347031923703,0.013600000000000001,10.654537006961176,195.28193811472357,0.03779859983622457,-0.10710310345844744,-0.144901703294672
4,27,0.35347646367044305,0.5734241788507295,0.20269195092328351,0.2054,0.2144,0.0027080490767164844,0.011708049076716492,0.009000000000000008,4.545439348601209,40.80464993230099,-0.012309272831250283,-0.0532182269686612,-0.04090895413741091
4,28,0.35347646367044305,0.5368048429729841,0.1897478775752579,0.2044,0.2106,0.014652122424742092,0.020852122424742103,0.006200000000000011,1.8434561829732983,221.5686449706732,-0.027010545677572526,-0.038439974012006994,-0.011429428334434468
4,29,0.35347646367044305,0.20992975486519724,0.07420522736895291,0.0436,0.0448,-0.03060522736895291,-0.02940522736895291,0.0011999999999999997,0.28776973875198025,90.93351052281051,0.008807258284408535,0.008461934597906158,-0.0003453236865023773
4,30,0.35347646367044305,0.518065685771502,0.1831240265555135,0.193,0.1942,0.009875973444486513,0.01107597344448652,0.0012000000000000066,1.119113284176875,177.91700569558233,-0.011052333075902906,-0.012395269016915162,-0.001342935941012256
4,31,0.35347646367044305,0.5744315312620573,0.20304802629130955,0.195,0.195,-0.008048026291309546,-0.008048026291309546,0.0,10.296695259162814,43.53144190579019,0.08286807415934468,0.08286807415934468,0.0
4,32,0.35347646367044305,0.41408676958317514,0.14636992696497833,0.1236,0.1332,-0.02276992696497833,-0.013169926964978318,0.009600000000000011,0.2080775782752571,42.83691012560827,0.004737911260377166,0.0027403665089346953,-0.0019975447514424707
4,33,0.35347646367044305,0.5082093407162553,0.17964004056066923,0.1748,0.1852,-0.004840040560669223,0.005559959439330769,0.010399999999999993,11.789399920256093,62.591436348439544,0.05706117379999,-0.06554858537067329,-0.12260975917066329
4,34,0.35347646367044305,0.430076829107486,0.15202203665951164,0.1492,0.1638,-0.0028220366595116397,0.011777963340488362,0.014600000000000002,5.856871956580075,140.98515500303583,0.016528307371534635,-0.06898202319453446,-0.0855103305660691
4,35,0.35347646367044305,0.36780900467919186,0.13001182628014618,0.1234,0.1204,-0.006611826280146185,-0.009611826280146188,-0.0030000000000000027,2.698727550738547,31.24103983134374,0.017843517742927674,0.02593970039514332,0.008096182652215646
4,36,0.35347646367044305,0.31652023366573906,0.11188245287630776,0.1136,0.1134,0.0017175471236922507,0.001517547123692245,-0.00020000000000000573,4.8154172067414915,140.55369597654393,-0.008270705972817021,-0.007307622531468695,0.0009630834413483259
4,37,0.35347646367044305,0.29742640159246664,0.10513323263713013,0.0874,0.0932,-0.017733232637130128,-0.011933232637130128,0.0058,1.076556501955661,138.89975936665883,0.019090826896194773,0.01284679918485194,-0.006244027711342833
4,38,0.35347646367044305,0.3126547933069382,0.11051611068774982,0.1134,0.1124,0.0028838893122501846,0.0018838893122501837,-0.0010000000000000009,0.8291782800857596,344.42828059515915,-0.002391258379889312,-0.001562080099803552,0.0008291782800857602
4,39,0.35347646367044305,0.4273457371252059,0.15105665992365655,0.1572,0.1512,0.0061433400763434565,0.00014334007634345114,-0.006000000000000005,8.105097528923304,139.3152799243502,-0.04979237047210685,-0.0011617852985669837,0.04863058517353987
4,40,0.35347646367044305,0.21905177326219738,0.07742964617346124,0.0784,0.0732,0.0009703538265387612,-0.004229646173461235,-0.005199999999999996,0.009219536491980294,114.7916173980791,-8.946212513906826e-06,3.899537724439067e-05,4.7941589758297496e-05
4,41,0.35347646367044305,0.3502829106424205,0.1238167645380726,0.1356,0.1442,0.011783235461927402,0.0203832354619274,0.008599999999999997,20.123209356909186,574.8680724016727,-0.23711651410212164,-0.4101761145715406,-0.17305960046941893
4,42,0.35347646367044305,0.41157518975916685,0.14548214261056186,0.1588,0.1548,0.013317857389438137,0.009317857389438133,-0.0040000000000000036,12.032378228024038,315.5686639658333,-0.1602454972966045,-0.1121159843845083,0.0481295129120962
4,43,0.35347646367044305,0.6032014180886877,0.21321750414698573,0.1972,0.2122,-0.016017504146985745,-0.0010175041469857316,0.015000000000000013,9.400532807024723,44.35995113473938,0.15057307322039404,0.009565081115023076,-0.14100799210537096
4,44,0.35347646367044305,0.33973613686845183,0.12008872824131799,0.1098,0.1088,-0.01028872824131799,-0.011288728241317991,-0.0010000000000000009,23.66041141329602,96.90207835900554,0.24343554310918128,0.2670959545224773,0.02366041141329603
4,45,0.35347646367044305,0.37870641253843484,0.13386380347340587,0.13,0.1348,-0.003863803473405869,0.0009361965265941297,0.004799999999999999,12.11189779507372,72.60845161798,0.046797992770142724,-0.011339116646211114,-0.05813710941635384
4,46,0.35347646367044305,0.8322142840240537,0.2941681621328522,0.2842,0.2922,-0.009968162132852176,-0.0019681621328521692,0.008000000000000007,11.64387313818059,35.43277017903903,0.1160680152957464,0.022917030190301592,-0.09315098510544481
4,47,0.35347646367044305,0.40849133535173493,0.1443920726601483,0.1478,0.1546,0.0034079273398516796,0.01020792733985168,0.0068000000000000005,0.21083773840908676,200.41917789278642,-0.0007185196929968234,-0.0021522163141786134,-0.00143369662118179
4,48,0.35347646367044305,0.9486986627935283,0.3353426484131345,0.3356,0.3352,0.0002573515868655174,-0.00014264841313449406,-0.00040000000000001146,3.67249698737488,36.562192548314854,-0.0009451229274597574,0.0005238758674902367,0.001468998794949994
4,49,0.35347646367044305,0.96,0.3393374051236253,0.3292,0.335,-0.01013740512362532,-0.004337405123625293,0.005800000000000027,4.369144930864768,21.155715676320764,0.04429179220801009,0.018950751608994322,-0.02534104059901577
5,6,0.2462007942881967,0.2523668605643421,0.06213292152295961,0.0776,0.0842,0.015467078477040395,0.02206707847704039,0.006599999999999995,2.4060720596625917,108.98179478847679,-0.03721490536821553,-0.05309498096198862,-0.015880075593773094
5,7,0.2462007942881967,0.2498529618398943,0.061513997660240474,0.0802,0.0856,0.01868600233975952,0.02408600233975952,0.005400000000000002,12.4427371479599,195.9576174962429,-0.23250501545979138,-0.29969579605877483,-0.06719078059898345
5,8,0.2462007942881967,0.23864506254115914,0.058754603950589755,0.0814,0.0812,0.022645396049410245,0.02244539604941024,-0.00020000000000000573,2.293168353419729,168.2850537039342,-0.05192970557116373,-0.051471071900479774,0.0004586336706839528
5,9,0.2462007942881967,0.22570946894001767,0.05556985053139941,0.0792,0.0768,0.0236301494686006,0.021230149468600586,-0.0024000000000000132,0.6615196790821137,140.17668007182027,-0.01563180889313105,-0.014044161663333967,0.0015876472297970817
5,10,0.2462007942881967,0.37881171658931956,0.09326374550996573,0.0892,0.0986,-0.00406374550996573,0.005336254490034262,0.009399999999999992,2.5571978063256844,124.55371552570546,0.010391801103550214,-0.013645858275911199,-0.024037659379461413
5,11,0.2462007942881967,0.3151854739406006,0.07759891403227759,0.0804,0.0784,0.002801085967722411,0.0008010859677224091,-0.0020000000000000018,45.116531358207126,150.88867636472165,-0.12637528289978212,-0.036142220183367775,0.09023306271641435
5,12,0.2462007942881967,0.17558587433166223,0.04322938172624273,0.033,0.0318,-0.010229381726242728,-0.011429381726242728,-0.0011999999999999997,0.06811499489890348,181.99185204994615,0.0006967742841019599,0.000778512277980644,8.173799387868413e-05
5,13,0.2462007942881967,0.18220018902510304,0.044857831257439945,0.0204,0.0234,-0.024457831257439944,-0.021457831257439944,0.002999999999999999,6.186409397190027,291.8849905262108,0.15130615712591444,0.13274692893434437,-0.018559228191570076
5,14,0.2462007942881967,0.20557322827031327,0.0506122920845399,0.0506,0.0512,-1.2292084539899939e-05,0.0005877079154601034,0.0006000000000000033,1.0799986152211538,224.20068706972177,1.3275434281273289e-05,-0.0006347237348514226,-0.0006479991691326958
5,15,0.2462007942881967,0.34595507175101126,0.08517441345312905,0.0912,0.0884,0.006025586546870951,0.003225586546870954,-0.002799999999999997,2.203087965717692,112.86569404087089,-0.013274897207801815,-0.007106250903792285,0.00616864630400953
5,16,0.2462007942881967,0.2808089832005398,0.06913539470723379,0.088,0.096,0.018864605292766207,0.026864605292766214,0.008000000000000007,16.00971045982777,180.24184879582532,-0.30201686867612143,-0.4300945523547437,-0.12807768367862227
5,17,0.2462007942881967,0.32558160642689904,0.08015845010792959,0.0678,0.0722,-0.012358450107929589,-0.007958450107929588,0.004400000000000001,5.341925397062941,107.51502352245458,0.06601791849988431,0.04251344675280737,-0.02350447174707694
5,18,0.2462007942881967,0.1961441939672069,0.048290856349744456,0.0366,0.038,-0.011690856349744455,-0.010290856349744457,0.0013999999999999985,1.3830183708658212,197.1645815301204,0.01616866910284992,0.01423244338363777,-0.0019362257192121497
5,19,0.2462007942881967,0.5815475634811581,0.1431774720454266,0.1656,0.1596,0.02242252795457339,0.016422527954573385,-0.006000000000000005,2.9101852468860896,96.9552194676881,-0.06525371005129041,-0.04779259856997385,0.017461111481316557
5,20,0.2462007942881967,0.30358985466230565,0.07474406335569785,0.1102,0.1112,0.03545593664430216,0.03645593664430215,0.000999999999999987,0.4712826561086113,193.49873814282563,-0.016709767996545364,-0.01718105065265397,-0.0004712826561086049
5,21,0.2462007942881967,0.3591545639587549,0.08842413891887639,0.1374,0.1264,0.0489758610811236,0.03797586108112362,-0.010999999999999982,0.2823771161608467,142.66071334362343,-0.01382966241358193,-0.010723514135812623,0.003106148277769307
5,22,0.2462007942881967,0.22768425877375342,0.05605604535701741,0.0648,0.071,0.008743954642982589,0.014943954642982586,0.006199999999999997,27.33858816389152,136.0217308559199,-0.2390473749082481,-0.40854662152437543,-0.16949924661612734
5,23,0.2462007942881967,0.20179848513594068,0.04968294732662345,0.0466,0.0458,-0.003082947326623446,-0.003882947326623448,-0.0008000000000000021,0.9948022289195508,187.0374038455098,0.0030669228721665748,0.0038627646553022173,0.0007958417831356425
5,24,0.2462007942881967,0.35457382493066114,0.08729635733173277,0.0924,0.0868,0.005103642668267225,-0.0004963573317327691,-0.005599999999999994,9.600571443671056,197.3078265251639,-0.04899788605966747,0.004765314024890384,0.05376320008455785
5,25,0.2462007942881967,0.7210253586494617,0.17751701600142936,0.1822,0.1782,0.0046829839985706445,0.000682983998570641,-0.0040000000000000036,10.407251632893306,124.91132090109727,-0.048736992865937565,-0.007107986334364303,0.04162900653157326
5,26,0.2462007942881967,0.3766803921978068,0.09273901175188948,0.1214,0.1214,0.028660988248110517,0.028660988248110517,0.0,12.897162165377214,111.68222878388335,-0.36964541325585193,-0.36964541325585193,0.0
5,27,0.2462007942881967,0.5734241788507295,0.14117748829710655,0.1522,0.1496,0.01102251170289345,0.00842251170289346,-0.002599999999999991,3.2575575561322005,127.94097429283879,-0.03590646628531617,-0.027436816639372474,0.008469649645943697
5,28,0.2462007942881967,0.5368048429729841,0.1321617787176994,0.1314,0.128,-0.0007617787176994184,-0.004161778717699405,-0.0033999999999999864,1.0621492937285282,69.49124019011161,0.0008091227269818611,0.004420430325658842,0.003611307598676981
5,29,0.2462007942881967,0.20992975486519724,0.05168487239253799,0.0524,0.0524,0.0007151276074620141,0.0007151276074620141,0.0,0.04381011029285625,337.6277283935312,-3.132981935637725e-05,-3.132981935637725e-05,0.0
5,30,0.2462007942881967,0.518065685771502,0.12754818333040313,0.1274,0.1216,-0.0001481833304031177,-0.005948183330403131,-0.0058000000000000135,0.5339932497811115,81.73442853849737,7.912889816534901e-05,0.003176289746895803,0.0030971608487304543
5,31,0.2462007942881967,0.5744315312620573,0.1414254992609036,0.1534,0.1574,0.011974500739096422,0.015974500739096426,0.0040000000000000036,8.30427163696337,127.48751588904966,-0.09943950685447532,-0.13265659340232883,-0.033217086547853505
5,32,0.2462007942881967,0.41408676958317514,0.1019484915756112,0.1196,0.1296,0.017651508424388798,0.027651508424388793,0.009999999999999995,0.6135405655808328,208.14996312423636,-0.010829916462054338,-0.016965322117862662,-0.006135405655808324
5,33,0.2462007942881967,0.5082093407162553,0.12512154334902284,0.1374,0.1402,0.012278456650977154,0.015078456650977151,0.002799999999999997,9.649947538991993,112.96632831342967,-0.11848646254171687,-0.14550631565089442,-0.027019853109177552
5,34,0.2462007942881967,0.430076829107486,0.10588525693121209,0.1126,0.118,0.006714743068787915,0.012114743068787903,0.005399999999999988,7.547275968375721,101.83832281354424,-0.05067801899688047,-0.09143330922610927,-0.0407552902292288
5,35,0.2462007942881967,0.36780900467919186,0.09055486909836809,0.1152,0.1226,0.02464513090163191,0.03204513090163191,0.007400000000000004,1.7309279307483665,181.36535917814345,-0.042658945434584344,-0.05546781212212226,-0.012808866687537918
5,36,0.2462007942881967,0.31652023366573906,0.07792753293679057,0.0628,0.0634,-0.015127532936790575,-0.014527532936790571,0.0006000000000000033,6.358158824120324,76.75869959992447,0.09618325702922584,0.09236836173475363,-0.003814895294472209
5,37,0.2462007942881967,0.29742640159246664,0.07322661631434546,0.0654,0.0636,-0.007826616314345461,-0.009626616314345457,-0.001799999999999996,1.8624210965722285,125.90799039709451,0.014576455338613367,0.01792881331244337,0.0033523579738300047
5,38,0.2462007942881967,0.3126547933069382,0.07697585845018014,0.0652,0.068,-0.011775858450180143,-0.008975858450180133,0.002800000000000011,0.34042461331678536,94.34788899785924,0.004008792059375775,0.003055603142088772,-0.0009531889172870031
5,39,0.2462007942881967,0.4273457371252059,0.1052128599159006,0.1266,0.1316,0.021387140084099393,0.026387140084099397,0.0050000000000000044,6.349453562524463,134.60755319185955,-0.13579665279919464,-0.16754392061181697,-0.031747267812622326
5,40,0.2462007942881967,0.21905177326219738,0.05393072056739096,0.0318,0.0332,-0.02213072056739096,-0.02073072056739096,0.0013999999999999985,0.05341399188799841,483.86552406454365,0.0011820901288621803,0.0011073105402189826,-7.477958864319763e-05
5,41,0.2462007942881967,0.3502829106424205,0.08623993082574535,0.0884,0.0898,0.002160069174254653,0.0035600691742546514,0.0013999999999999985,23.165191549531393,218.31982057008068,-0.050038416181847144,-0.08246968435119105,-0.032431268169343906
5,42,0.2462007942881967,0.41157518975916685,0.10133013862802215,0.1034,0.101,0.0020698613719778575,-0.0003301386280221419,-0.0023999999999999994,14.408894402220211,116.07042169096502,-0.029824413936063596,0.004756932629264901,0.0345813465653285
5,43,0.2462007942881967,0.6032014180886877,0.1485086682492015,0.144,0.151,-0.004508668249201514,0.0024913317507984922,0.007000000000000006,7.501549892716099,107.07889061554152,0.0338219998210901,-0.018688849427922642,-0.05251084924901274
5,44,0.2462007942881967,0.33973613686845183,0.08364330674541634,0.101,0.1004,0.017356693254583666,0.016756693254583663,-0.0006000000000000033,20.584947951449614,125.37542706751353,-0.35728662725488136,-0.34493565848401153,0.01235096877086983
5,45,0.2462007942881967,0.37870641253843484,0.09323781956899616,0.0886,0.0842,-0.004637819568996157,-0.009037819568996158,-0.004400000000000001,9.94192675287658,194.35614526430965,0.04610886244801742,0.08985334016067438,0.04374447771265696
5,46,0.2462007942881967,0.8322142840240537,0.20489181774470494,0.2102,0.2068,0.0053081822552950575,0.0019081822552950711,-0.0033999999999999864,9.51832886372208,126.84920732772974,-0.050525024374472316,-0.01816270623781737,0.032362318136654945
5,47,0.2462007942881967,0.40849133535173493,0.10057089122344326,0.11,0.116,0.009429108776556741,0.015429108776556746,0.006000000000000005,0.01743393235793113,119.03053555862381,-0.00016438644460606497,-0.0002689900387536518,-0.00010460359414758683
5,48,0.2462007942881967,0.9486986627935283,0.23357036431991673,0.241,0.2392,0.0074296356800832575,0.005629635680083261,-0.001799999999999996,2.525693038416878,139.11594181400037,-0.01876497911515993,-0.01421873164600956,0.004546247469150371
5,49,0.2462007942881967,0.96,0.2363527625166688,0.2408,0.2408,0.004447237483331173,0.004447237483331173,0.0,3.1085811270971586,170.48072989802859,-0.01382459850840235,-0.01382459850840235,0.0
6,7,0.2523668605643421,0.2498529618398943,0.0630546075822365,0.0482,0.0554,-0.014854607582236494,-0.007654607582236496,0.007199999999999998,25.791957236856515,170.2075705555768,0.3831294035313282,0.19742731142596134,-0.18570209210536684
6,8,0.2523668605643421,0.23864506254115914,0.06022610522269341,0.0522,0.0518,-0.008026105222693404,-0.008426105222693409,-0.0004000000000000045,0.0013565050804716817,171.27685887105687,1.08874525109839e-05,1.143005454317258e-05,5.426020321886794e-07
6,9,0.2523668605643421,0.22570946894001767,0.05696159007603714,0.063,0.065,0.006038409923962859,0.008038409923962861,0.0020000000000000018,0.5443683901237888,63.61375022028717,-0.0032871194892151716,-0.00437585626946275,-0.0010887367802475782
6,10,0.2523668605643421,0.37881171658931956,0.09559952366063589,0.1278,0.1332,0.03220047633936411,0.03760047633936413,0.005400000000000016,0.0023013344087012572,128.39303982324805,-7.410406417634933e-05,-8.653126998333616e-05,-1.2427205806986831e-05
6,11,0.2523668605643421,0.3151854739406006,0.07954236855387363,0.0708,0.075,-0.008742368553873628,-0.0045423685538736325,0.004199999999999995,26.684789182218864,118.58853939132916,0.23328826181337736,0.12121214724805826,-0.1120761145653191
6,12,0.2523668605643421,0.17558587433166223,0.044312055864526696,0.0458,0.0462,0.0014879441354733042,0.0018879441354733018,0.0003999999999999976,3.2838526301427025,130.19647451283092,-0.00488618926277942,-0.0061997303148364925,-0.0013135410520570727
6,13,0.2523668605643421,0.18220018902510304,0.04598128969849495,0.0272,0.0256,-0.018781289698494952,-0.02038128969849495,-0.0015999999999999973,16.308684357298677,162.25511531795223,0.30629812551573943,0.3323920204874173,0.026093894971677856
6,14,0.2523668605643421,0.20557322827031327,0.05187987023465582,0.0712,0.0742,0.019320129765344182,0.022320129765344185,0.0030000000000000027,0.2620641658593555,246.67764845339605,-0.0050631136912494285,-0.005849306188827496,-0.0007861924975780671
6,15,0.2523668605643421,0.34595507175101126,0.08730759535411442,0.0908,0.0926,0.0034924046458855856,0.005292404645885582,0.001799999999999996,9.21384824470295,81.40002036806055,-0.03217848641628533,-0.048763413256750605,-0.016584926840465274
6,16,0.2523668605643421,0.2808089832005398,0.07086688150858532,0.0766,0.0822,0.005733118491414682,0.011333118491414676,0.005599999999999994,30.828762342349904,73.61163874267133,-0.17674494745235483,-0.3493860165695141,-0.1726410691171593
6,17,0.2523668605643421,0.32558160642689904,0.08216600787145174,0.0688,0.0742,-0.013366007871451743,-0.007966007871451741,0.005400000000000002,0.5777652589023302,152.30829257358076,0.0077224149983399,0.004602482600267316,-0.003119932398072584
6,18,0.2523668605643421,0.1961441939672069,0.04950029444942737,0.0208,0.0266,-0.02870029444942737,-0.022900294449427372,0.0058,0.14072539389058858,66.04844636480323,0.00403886024117154,0.0032226529566061262,-0.000816207284565414
6,19,0.2523668605643421,0.5815475634811581,0.14676333286458232,0.1304,0.1358,-0.01636333286458233,-0.010963332864582315,0.005400000000000016,10.608559418474984,16.749172835647382,0.1735913889782061,0.11630516811844104,-0.05728622085976508
6,20,0.2523668605643421,0.30358985466230565,0.07661601852031097,0.065,0.0692,-0.011616018520310967,-0.007416018520310971,0.004199999999999995,5.007087122498868,42.17060909523032,0.0581624167477574,0.03713265083326218,-0.02102976591449522
6,21,0.2523668605643421,0.3591545639587549,0.09063870976362619,0.0698,0.0658,-0.020838709763626187,-0.02483870976362619,-0.0040000000000000036,1.039910805650986,97.05309019577282,0.021670399459019576,0.025830042681623526,0.00415964322260395
6,22,0.2523668605643421,0.22768425877375342,0.05745996158665141,0.047,0.0464,-0.010459961586651412,-0.011059961586651415,-0.0006000000000000033,13.523857144574103,146.0171198139287,0.14145902623560636,0.14957334052235088,0.008114314286744528
6,23,0.2523668605643421,0.20179848513594068,0.050927250160397404,0.0596,0.06,0.008672749839602596,0.009072749839602594,0.0003999999999999976,6.495104950891208,190.23557431741472,-0.056330420421043755,-0.05892846240140022,-0.002598041980356465
6,24,0.2523668605643421,0.35457382493066114,0.08948268303604161,0.0898,0.093,0.00031731696395839726,0.0035173169639583918,0.0031999999999999945,2.394220976746195,251.8958645668498,-0.000759726931386611,-0.008421234056974421,-0.007661507125587811
6,25,0.2523668605643421,0.7210253586494617,0.18196290614964344,0.1798,0.1886,-0.0021629061496434565,0.006637093850356546,0.008800000000000002,2.8052075118188924,149.29004236477243,0.006067400578339101,-0.018618425525667157,-0.024685826104006256
6,26,0.2523668605643421,0.3766803921978068,0.09506164801510561,0.0876,0.0926,-0.0074616480151056125,-0.002461648015105608,0.0050000000000000044,26.444419356802335,28.167020879711846,0.1973189492043046,0.06509685242029278,-0.1322220967840118
6,27,0.2523668605643421,0.5734241788507295,0.14471325978824442,0.141,0.147,-0.0037132597882444385,0.002286740211755567,0.006000000000000005,0.06437315853104492,143.2259340248073,0.0002390342610156135,-0.00014720469017065634,-0.00038623895118626984
6,28,0.2523668605643421,0.5368048429729841,0.13547175295682665,0.1392,0.1324,0.003728247043173344,-0.0030717529568266566,-0.0068000000000000005,0.27096769512090574,22.72118033374706,-0.001010234508130013,0.0008323458186921463,0.001842580326822159
6,29,0.2523668605643421,0.20992975486519724,0.05297931317437175,0.0474,0.046,-0.0055793131743717556,-0.006979313174371754,-0.0013999999999999985,1.8005431758810806,376.6355498359775,0.010045794262218475,0.012566554708451983,0.002520760446233509
6,30,0.2523668605643421,0.518065685771502,0.13074261068426693,0.1266,0.1246,-0.00414261068426694,-0.006142610684266928,-0.001999999999999988,0.673061790834383,40.25031530094124,0.0027882329658823553,0.0041343565475511134,0.0013461235816687581
6,31,0.2523668605643421,0.5744315312620573,0.14496748215377311,0.1452,0.1474,0.00023251784622688176,0.0024325178462268893,0.0022000000000000075,1.7703938172259437,129.42353238377342,-0.0004116481573547642,-0.004306514555251853,-0.003894866397897089
6,32,0.2523668605643421,0.41408676958317514,0.10450177804093602,0.1068,0.112,0.002298221959063984,0.00749822195906398,0.005199999999999996,5.449610824677841,201.88339221475417,-0.012524415265627403,-0.04086239155395216,-0.028337976288324757
6,33,0.2523668605643421,0.5082093407162553,0.12825519582603545,0.1318,0.1376,0.0035448041739645497,0.00934480417396455,0.0058,2.418910249730827,125.13745167669794,-0.008574563149691466,-0.022604242598130264,-0.014029679448438798
6,34,0.2523668605643421,0.430076829107486,0.1085371391633233,0.0894,0.1044,-0.01913713916332331,-0.004137139163323297,0.015000000000000013,18.47609167878172,52.32118925029705,0.3535795376511656,0.07643816246943955,-0.2771413751817261
6,35,0.2523668605643421,0.36780900467919186,0.09282280379818307,0.0902,0.0884,-0.002622803798183068,-0.004422803798183064,-0.001799999999999996,0.055462372569745705,161.7416888862897,0.00014546692143217345,0.0002452991920577155,9.983227062554208e-05
6,36,0.2523668605643421,0.31652023366573906,0.07987921767531454,0.079,0.0804,-0.000879217675314542,0.0005207823246854565,0.0013999999999999985,16.586810585547056,35.746550943303426,0.01458341704390732,-0.008638117775858534,-0.023221534819765854
6,37,0.2523668605643421,0.29742640159246664,0.07506056721884005,0.074,0.07,-0.0010605672188400556,-0.005060567218840045,-0.00399999999999999,8.502224070588545,85.87986891489534,0.009017180136499069,0.043026076418853164,0.034008896282354095
6,38,0.2523668605643421,0.3126547933069382,0.07890370862726527,0.072,0.0752,-0.006903708627265276,-0.0037037086272652675,0.0032000000000000084,0.9364291046019322,61.01906808194106,0.006464833688262657,0.0034682605535364657,-0.002996573134726191
6,39,0.2523668605643421,0.4273457371252059,0.10784790205384283,0.1108,0.114,0.0029520979461571673,0.006152097946157176,0.0032000000000000084,0.9383028900614784,129.92943956938498,-0.0027699620346238246,-0.005772531282820563,-0.0030025692481967384
6,40,0.2523668605643421,0.21905177326219738,0.055281408319232846,0.05,0.0498,-0.005281408319232843,-0.005481408319232849,-0.00020000000000000573,3.1764739551494086,638.5448949245621,0.01677625597255254,0.017411550763582438,0.0006352947910298994
6,41,0.2523668605643421,0.3502829106424205,0.08839979846816765,0.0832,0.0758,-0.005199798468167649,-0.012599798468167639,-0.00739999999999999,40.50272303472362,89.20645012394831,0.21060599719257445,0.5103261476495289,0.29972015045695444
6,42,0.2523668605643421,0.41157518975916685,0.1038679385256943,0.1,0.0952,-0.003867938525694295,-0.008667938525694294,-0.004799999999999999,28.59101643321203,17.068834385904275,0.1105882939507795,0.2478251728301972,0.1372368788794177
6,43,0.2523668605643421,0.6032014180886877,0.15222804817100127,0.1514,0.1654,-0.0008280481710012666,0.013171951828998718,0.013999999999999985,1.4107355576976086,121.88004962005175,0.0011681569983179566,-0.018582140809448543,-0.0197502978077665
6,44,0.2523668605643421,0.33973613686845183,0.08573814228174882,0.0876,0.0898,0.0018618577182511753,0.004061857718251183,0.0022000000000000075,8.915670194416125,94.24871105276493,-0.01659970936485562,-0.03621418379257116,-0.01961447442771554
6,45,0.2523668605643421,0.37870641253843484,0.0955729484079094,0.104,0.107,0.00842705159209059,0.011427051592090592,0.0030000000000000027,2.5661805399871045,289.54361653019254,-0.02162533580509022,-0.029323877425051537,-0.007698541619961318
6,46,0.2523668605643421,0.8322142840240537,0.21002330617595216,0.212,0.2196,0.0019766938240478316,0.009576693824047827,0.007599999999999996,2.3532390015108846,149.09166448367725,-0.004651633000795051,-0.022536249412277765,-0.017884616411482715
6,47,0.2523668605643421,0.40849133535173493,0.1030896758704532,0.1028,0.1082,-0.00028967587045319876,0.005110324129546803,0.005400000000000002,2.013885203795777,25.009881229873248,0.0005833739494023592,-0.01029160615109484,-0.010874980100497198
6,48,0.2523668605643421,0.9486986627935283,0.23942010315079218,0.239,0.2452,-0.0004201031507921893,0.005779896849207822,0.006200000000000011,0.001450929177383593,131.3433247025136,6.095399189951667e-07,-8.386220980783125e-06,-8.995760899778292e-06
6,49,0.2523668605643421,0.96,0.2422721861417684,0.24,0.2482,-0.002272186141768412,0.005927813858231601,0.008200000000000013,0.044929173574835994,187.38461268409964,0.00010208744555784988,-0.00026633177775580585,-0.00036841922331365575
7,8,0.2498529618398943,0.23864506254115914,0.05962617570437542,0.0624,0.0668,0.0027738242956245746,0.007173824295624576,0.004400000000000001,25.419217919842676,89.7563722813075,-0.07050844424183518,-0.18235300308914298,-0.1118445588473078
7,9,0.2498529618398943,0.22570946894001767,0.056394179329973045,0.0648,0.0646,0.008405820670026952,0.00820582067002696,-0.00019999999999999185,18.8422409626149,264.8679035829548,-0.15838449855317685,-0.154616050360654,0.0037684481925228386
7,10,0.2498529618398943,0.37881171658931956,0.09464722936949611,0.1302,0.135,0.035552770630503897,0.040352770630503895,0.004799999999999999,26.281519974033507,122.41066531215363,-0.93438085145782,-1.0605321473331808,-0.12615129587536078
7,11,0.2498529618398943,0.3151854739406006,0.07875002419296988,0.1308,0.135,0.05204997580703012,0.05624997580703013,0.004200000000000009,104.94589703016571,263.0268504147286,-5.4624314014671995,-5.903204168993897,-0.44077276752669725
7,12,0.2498529618398943,0.17558587433166223,0.04387065075901328,0.0368,0.0362,-0.0070706507590132806,-0.007670650759013277,-0.0005999999999999964,10.669616712652568,310.660400324853,0.07544113350769766,0.08184290353528917,0.0064017700275915135
7,13,0.2498529618398943,0.18220018902510304,0.0455232568757106,0.0192,0.0176,-0.0263232568757106,-0.027923256875710598,-0.0015999999999999973,1.081968308304601,550.0528588934442,0.028480929710880055,0.030212079004167416,0.001731149293287361
7,14,0.2498529618398943,0.20557322827031327,0.05136307995832646,0.055,0.0626,0.0036369200416735414,0.011236920041673544,0.007600000000000003,20.8543491979872,206.35394175250192,-0.0758456005542182,-0.23433865445892096,-0.15849305390470275
7,15,0.2498529618398943,0.34595507175101126,0.08643789934052332,0.079,0.0818,-0.007437899340523316,-0.004637899340523319,0.002799999999999997,4.1744461268852735,109.8847182508641,0.031049110094210085,0.019360660938931334,-0.011688449155278752
7,16,0.2498529618398943,0.2808089832005398,0.070160956163904,0.071,0.0758,0.0008390438360959956,0.005639043836096008,0.004800000000000013,0.22447431414994412,377.4294257857562,-0.00018834378964938675,-0.0012658204975691213,-0.0010774767079197345
7,17,0.2498529618398943,0.32558160642689904,0.08134752868635149,0.102,0.1054,0.0206524713136485,0.024052471313648502,0.0034000000000000002,34.09026570217903,129.71820529468417,-0.7040482344889079,-0.8199551378763166,-0.11590690338740872
7,18,0.2498529618398943,0.1961441939672069,0.04900720781040537,0.0508,0.051,0.001792792189594626,0.001992792189594625,0.0001999999999999988,22.122389549439134,374.3532545432288,-0.03966084719940426,-0.04408532510929206,-0.0044244779098878
7,19,0.2498529618398943,0.5815475634811581,0.14530138118654132,0.1376,0.143,-0.007701381186541317,-0.002301381186541329,0.005399999999999988,3.3178619331990435,173.80002782664073,0.02555211947188072,0.007635665032605923,-0.017916454439274795
7,20,0.2498529618398943,0.30358985466230565,0.0758528243719201,0.0616,0.0648,-0.014252824371920103,-0.011052824371920109,0.0031999999999999945,8.070861242818703,286.22533529367234,0.11503256782403178,0.08920581184701197,-0.025826755977019805
7,21,0.2498529618398943,0.3591545639587549,0.08973583156341067,0.063,0.0646,-0.026735831563410667,-0.025135831563410663,0.0016000000000000042,16.474004357462167,71.83396160157629,0.4404462056760019,0.4140877987040623,-0.026358406971939585
7,22,0.2498529618398943,0.22768425877375342,0.05688758641894323,0.05,0.0532,-0.006887586418943228,-0.003687586418943234,0.0031999999999999945,76.66855163856945,108.7801989355287,0.5280612750258585,0.2827219097824367,-0.24533936524342181
7,23,0.2498529618398943,0.20179848513594068,0.050419949206018666,0.0538,0.0524,0.0033800507939813346,0.001980050793981336,-0.0013999999999999985,6.40104517915553,172.94167210515334,-0.021635857840115045,-0.012674394589297311,0.008961463250817734
7,24,0.2498529618398943,0.35457382493066114,0.08859132034982584,0.061,0.065,-0.027591320349825837,-0.023591320349825834,0.0040000000000000036,43.90262120148297,85.55656112349743,1.2113312857671723,1.0357208009612404,-0.1756104848059319
7,25,0.2498529618398943,0.7210253586494617,0.18015032142024007,0.176,0.1796,-0.004150321420240077,-0.0005503214202400575,0.00360000000000002,45.6091360848071,79.5642108347397,0.18929257445141956,0.025099684546113096,-0.16419288990530645
7,26,0.2498529618398943,0.3766803921978068,0.09411471165763505,0.0906,0.0974,-0.0035147116576350473,0.003285288342364953,0.0068000000000000005,0.004074970845156801,179.9799266772487,1.432234753399555e-05,-1.33874542130707e-05,-2.770980174706625e-05
7,27,0.2498529618398943,0.5734241788507295,0.14327172947646405,0.1456,0.1514,0.002328270523535958,0.008128270523535958,0.0058,28.433390543722556,81.68893521006875,-0.06620062508713527,-0.23111429024072608,-0.1649136651535908
7,28,0.2498529618398943,0.5368048429729841,0.13412227994679946,0.1384,0.1402,0.00427772005320054,0.006077720053200536,0.001799999999999996,20.775662046465495,176.76430808722566,-0.08887246615468282,-0.1262686578383206,-0.037396191683637794
7,29,0.2498529618398943,0.20992975486519724,0.052451571031392495,0.0444,0.0418,-0.008051571031392493,-0.010651571031392498,-0.002600000000000005,13.963188970784461,238.33292390069596,0.11242560782302734,0.148729899147067,0.03630429132403966
7,30,0.2498529618398943,0.518065685771502,0.12944024601762577,0.121,0.1188,-0.008440246017625774,-0.010640246017625768,-0.0021999999999999936,18.13205294664569,134.2972275519057,0.15303898767430596,0.19292950415692636,0.0398905164826204
7,31,0.2498529618398943,0.5744315312620573,0.14352341946005084,0.1328,0.139,-0.010723419460050843,-0.0045234194600508315,0.006200000000000011,41.077072157573525,90.66748809645588,0.4404866749364366,0.18580882755948028,-0.2546778473769563
7,32,0.2498529618398943,0.41408676958317514,0.10346080583907016,0.111,0.1188,0.007539194160929838,0.01533919416092984,0.007800000000000001,7.530294004866609,125.6866422669917,-0.0567723485915753,-0.11550864182953487,-0.058736293237959564
7,33,0.2498529618398943,0.5082093407162553,0.1269776090126564,0.1046,0.11,-0.022377609012656396,-0.016977609012656394,0.005400000000000002,44.00813683554147,85.58026906394518,0.9847968794812287,0.7471529405693047,-0.23764393891192404
7,34,0.2498529618398943,0.430076829107486,0.10745596957121545,0.0712,0.0764,-0.03625596957121545,-0.031055969571215453,0.005199999999999996,0.6087055177638868,84.89651532588299,0.022069208729878425,0.018903940037506214,-0.0031652686923722105
7,35,0.2498529618398943,0.36780900467919186,0.09189816921047964,0.0844,0.0874,-0.007498169210479633,-0.00449816921047963,0.0030000000000000027,23.45536347164564,104.49492411046354,0.17587228420370202,0.10550619378876502,-0.070366090414937
7,36,0.2498529618398943,0.31652023366573906,0.07908351786364033,0.0892,0.0912,0.01011648213635967,0.012116482136359671,0.0020000000000000018,1.011809543203558,145.2470631283343,-0.010235953169217034,-0.01225957225562415,-0.0020236190864071166
7,37,0.2498529618398943,0.29742640159246664,0.07431286736725964,0.0714,0.0752,-0.002912867367259639,0.0008871326327403589,0.003799999999999998,4.677361785640098,141.45749036914546,0.013624534510258317,-0.004149440275174047,-0.017773974785432363
7,38,0.2498529618398943,0.3126547933069382,0.07811772614117847,0.0504,0.058,-0.02771772614117847,-0.020117726141178467,0.007600000000000003,16.89938040571075,185.35564072028222,0.4684123980410881,0.33997710695768635,-0.12843529108340174
7,39,0.2498529618398943,0.4273457371252059,0.10677359815038558,0.0876,0.097,-0.01917359815038558,-0.009773598150385573,0.009400000000000006,36.56909502047821,128.15565896217714,0.7011611326459155,0.3574116394534201,-0.3437494931924954
7,40,0.2498529618398943,0.21905177326219738,0.054730734345840984,0.0278,0.0276,-0.026930734345840986,-0.027130734345840984,-0.0001999999999999988,10.865671135572315,245.41080394854683,0.29262050284137037,0.2947936370684848,0.0021731342271144594
7,41,0.2498529618398943,0.3502829106424205,0.0875192227059078,0.0874,0.089,-0.00011922270590779271,0.0014807772940921976,0.0015999999999999903,1.6527588741515185,447.51635148432746,0.00019704638518946107,-0.0024473678134529523,-0.0026444141986424136
7,42,0.2498529618398943,0.41157518975916685,0.10283328018114438,0.1014,0.1048,-0.0014332801811443724,0.001966719818855628,0.0034000000000000002,0.0720807220174492,247.89661089362951,0.00010331187031018674,-0.00014176258454914054,-0.00024507445485932725
7,43,0.2498529618398943,0.6032014180886877,0.15071166089548302,0.1456,0.1578,-0.005111660895483011,0.0070883391045169775,0.012199999999999989,39.266793453393085,104.00402787004099,0.20071853258671774,-0.27833634754467745,-0.4790548801313952
7,44,0.2498529618398943,0.33973613686845183,0.0848840800406264,0.0812,0.091,-0.0036840800406264113,0.006115919959373592,0.009800000000000003,65.03600255374148,114.00419247208684,0.23959783893036732,-0.39775498609629945,-0.6373528250266668
7,45,0.2498529618398943,0.37870641253843484,0.09462091884048883,0.0974,0.1052,0.002779081159511171,0.010579081159511172,0.007800000000000001,44.62919413460979,109.36617713584307,-0.12402815258366053,-0.47213586683361697,-0.34810771424995646
7,46,0.2498529618398943,0.8322142840240537,0.20793120374887686,0.199,0.2096,-0.008931203748876848,0.0016687962511231502,0.010599999999999998,43.72654915717026,80.76622420696779,0.3905307197579668,-0.07297070130803787,-0.46350142106600467
7,47,0.2498529618398943,0.40849133535173493,0.1020627700235645,0.105,0.1138,0.0029372299764355014,0.011737229976435504,0.008800000000000002,13.39167703904284,142.02115102579984,-0.039334435233819645,-0.15718119317739668,-0.11784675794357703
7,48,0.2498529618398943,0.9486986627935283,0.23703517079251019,0.2244,0.2304,-0.012635170792510197,-0.006635170792510192,0.006000000000000005,26.180305068563687,71.27106401332726,0.3307926259413226,0.17371079552994032,-0.15708183041138227
7,49,0.2498529618398943,0.96,0.23985884336629854,0.2314,0.2362,-0.00845884336629854,-0.003658843366298542,0.004799999999999999,27.989848392008795,96.25573813098814,0.23676174339444547,0.1024104711128033,-0.13435127228164218
8,9,0.23864506254115914,0.22570946894001767,0.05386445033132233,0.0466,0.0456,-0.007264450331322329,-0.00826445033132233,-0.0010000000000000009,0.49137644584823525,178.48766432030567,0.0035695797848462013,0.004060956230694437,0.0004913764458482355
8,10,0.23864506254115914,0.37881171658931956,0.09040154579678202,0.0712,0.0758,-0.019201545796782016,-0.014601545796782009,0.004600000000000007,0.007191546787333073,61.56376636965983,0.00013808881498667658,0.00010500769976494439,-3.30811152217322e-05
8,11,0.23864506254115914,0.3151854739406006,0.07521745714061952,0.1188,0.125,0.043582542859380485,0.04978254285938048,0.006199999999999997,27.066661401019527,140.86407282795645,-1.179633930570273,-1.347447231256594,-0.16781330068632094
8,12,0.23864506254115914,0.17558587433166223,0.04190270196122364,0.0184,0.0164,-0.023502701961223643,-0.02550270196122364,-0.0019999999999999983,3.1517241131973464,304.73085111386126,0.07407403249647912,0.0803774807228738,0.006303448226394684
8,13,0.23864506254115914,0.18220018902510304,0.04348117550490673,0.0724,0.0656,0.028918824495093275,0.022118824495093274,-0.0068000000000000005,16.012566068916005,592.0479898132409,-0.4630645878630676,-0.3541791385944387,0.10888544926862886
8,14,0.23864506254115914,0.20557322827031327,0.04905903591735689,0.0274,0.0292,-0.021659035917356892,-0.019859035917356892,0.0017999999999999995,0.22571171325612616,108.42666977629771,0.004888698104382596,0.0044824170205215695,-0.0004062810838610263
8,15,0.23864506254115914,0.34595507175101126,0.08256046973445128,0.0976,0.0902,0.015039530265548731,0.007639530265548727,-0.007400000000000004,8.991610188537988,58.55723352451314,-0.1352295935665334,-0.06869167817135226,0.06653791539518115
8,16,0.23864506254115914,0.2808089832005398,0.06701367735801213,0.12,0.1206,0.05298632264198787,0.05358632264198787,0.0006000000000000033,30.421123137222786,332.33087906820236,-1.6119034456805288,-1.6301561195628624,-0.018252673882333648
8,17,0.23864506254115914,0.32558160642689904,0.07769844282799838,0.0712,0.0698,-0.006498442827998385,-0.007898442827998384,-0.0013999999999999985,0.6351125314010485,55.53302045530785,0.004127242474655043,0.00501640001861651,0.0008891575439614668
8,18,0.23864506254115914,0.1961441939672069,0.04680884343638934,0.0638,0.0644,0.01699115656361066,0.017591156563610662,0.0006000000000000033,0.1144489684884667,400.0005854883613,-0.0019446203421312803,-0.0020132897232243607,-6.866938109308042e-05
8,19,0.23864506254115914,0.5815475634811581,0.13878345465761968,0.138,0.1358,-0.0007834546576196699,-0.0029834546576196774,-0.0022000000000000075,10.369994563542248,126.4692905869411,0.00812442054029783,0.030938408580090854,0.022813988039793023
8,20,0.23864506254115914,0.30358985466230565,0.07245021985274734,0.0852,0.0834,0.012749780147252657,0.01094978014725266,-0.001799999999999996,4.843614757292197,261.3060593799793,-0.06175502327346404,-0.05303651671033811,0.008718506563125936
8,21,0.23864506254115914,0.3591545639587549,0.0857104633778798,0.0958,0.094,0.010089536622120199,0.008289536622120203,-0.001799999999999996,0.9661502210353584,52.235058596521384,-0.009748008037605773,-0.008008937639742131,0.0017390703978636419
8,22,0.23864506254115914,0.22768425877375342,0.05433572417469985,0.0542,0.0504,-0.0001357241746998486,-0.003935724174699846,-0.003799999999999998,13.79610241593467,62.94429110673162,0.0018724646144773203,0.05429765379502903,0.05242518918055171
8,23,0.23864506254115914,0.20179848513594068,0.04815821210597773,0.0384,0.0362,-0.009758212105977736,-0.01195821210597773,-0.0021999999999999936,6.308731406548786,75.14062760066096,0.06156193918474631,0.0754411482791536,0.013879209094407291
8,24,0.23864506254115914,0.35457382493066114,0.08461729262603564,0.0874,0.0866,0.0027827073739643687,0.0019827073739643597,-0.000800000000000009,2.5095559520520214,39.20426551096946,-0.0069833598531513314,-0.004975715091509692,0.0020076447616416398
8,25,0.23864506254115914,0.7210253586494617,0.17206914180866248,0.1664,0.165,-0.005669141808662487,-0.007069141808662471,-0.0013999999999999846,2.929937891630761,27.63651515962119,0.016610233398228366,0.020712146446511384,0.004101913048283019
8,26,0.23864506254115914,0.3766803921978068,0.08989291575407396,0.0864,0.0954,-0.0034929157540739553,0.005507084245926039,0.008999999999999994,26.06697781960895,121.47614980466955,0.09104975748720846,-0.14355304288927195,-0.2346028003764804
8,27,0.23864506254115914,0.5734241788507295,0.13684484902444516,0.1348,0.1322,-0.0020448490244451556,-0.004644849024445147,-0.002599999999999991,0.08441896713983156,27.21675213471307,0.0001726240426005522,0.00039211335716411353,0.00021948931456356133
8,28,0.23864506254115914,0.5368048429729841,0.12810582532368492,0.1264,0.132,-0.0017058253236849064,0.0038941746763150875,0.005599999999999994,0.23398001915260758,134.09517946307804,0.0003991290419067974,-0.0009111590653478036,-0.001310288107254601
8,29,0.23864506254115914,0.20992975486519724,0.0500986994790552,0.0586,0.06,0.008501300520944798,0.009901300520944796,0.0013999999999999985,1.7030574639550256,193.800752392497,-0.014478203305519785,-0.016862483755056817,-0.0023842804495370316
8,30,0.23864506254115914,0.518065685771502,0.1236338179813686,0.1168,0.104,-0.006833817981368603,-0.01963381798136861,-0.012800000000000006,0.6139861277016188,96.09728394747866,0.004195869439798202,0.012054891874378925,0.007859022434580722
8,31,0.23864506254115914,0.5744315312620573,0.13708524870364747,0.1436,0.1416,0.006514751296352539,0.004514751296352537,-0.0020000000000000018,1.869761509576086,38.54711900604113,-0.012181031218380886,-0.00844150819922871,0.003739523019152176
8,32,0.23864506254115914,0.41408676958317514,0.09881976302464339,0.074,0.0782,-0.024819763024643393,-0.020619763024643384,0.004200000000000009,5.279008907222293,34.57467784288417,0.131023750082239,0.10885191267190532,-0.02217183741033367
8,33,0.23864506254115914,0.5082093407162553,0.12128164989923201,0.1312,0.1322,0.009918350100767998,0.010918350100767998,0.0010000000000000009,2.5348313923390253,42.482026568287516,-0.025141345195635656,-0.027676176587974683,-0.002534831392339027
8,34,0.23864506254115914,0.430076829107486,0.1026357117798594,0.079,0.0866,-0.023635711779859403,-0.016035711779859407,0.007599999999999996,18.160822775977554,65.94774226592995,0.4292439728181116,0.2912217197206823,-0.13802225309742933
8,35,0.23864506254115914,0.36780900467919186,0.08777580292486724,0.099,0.0956,0.011224197075132766,0.007824197075132766,-0.0034000000000000002,0.03947125646852526,45.173051633613696,-0.00044303316140583657,-0.0003088308894128506,0.00013420227199298595
8,36,0.23864506254115914,0.31652023366573906,0.0755359909587026,0.074,0.0732,-0.0015359909587026044,-0.0023359909587025995,-0.0007999999999999952,16.28816647177406,88.72799256018763,0.025018476434487853,0.03804900961190702,0.013030533177419167
8,37,0.23864506254115914,0.29742640159246664,0.07097934220942612,0.057,0.06,-0.013979342209426114,-0.010979342209426118,0.0029999999999999957,8.288794075655055,71.94340680800063,0.11587188888704582,0.09100550666008068,-0.024866382226965134
8,38,0.23864506254115914,0.3126547933069382,0.07461352270252744,0.0908,0.093,0.016186477297472565,0.01838647729747256,0.0021999999999999936,0.8665038914681501,235.6438048912265,-0.014025645567420843,-0.01593195412865077,-0.001906308561229926
8,39,0.23864506254115914,0.4273457371252059,0.10198395016294251,0.1002,0.1006,-0.001783950162942513,-0.0013839501629425155,0.0003999999999999976,1.01101239472542,55.013386059360556,0.0018035957263073132,0.0013991907684171476,-0.00040440495789016554
8,40,0.23864506254115914,0.21905177326219738,0.0522756241299089,0.0618,0.053,0.009524375870091098,0.0007243758700910957,-0.008800000000000002,3.046545989584703,216.0436768731125,-0.02901644911032335,-0.0022068444019779578,0.026809604708345394
8,41,0.23864506254115914,0.3502829106424205,0.0835932871173597,0.1092,0.0998,0.025606712882640312,0.016206712882640306,-0.009400000000000006,40.03528470378501,447.2055697839609,-1.0251720405845843,-0.6488403643690049,0.3763316762155794
8,42,0.23864506254115914,0.41157518975916685,0.0982203869004658,0.1042,0.1026,0.005979613099534195,0.004379613099534191,-0.0016000000000000042,28.198500578015715,225.52238953777106,-0.16861612344352533,-0.12349852251870008,0.04511760092482525
8,43,0.23864506254115914,0.6032014180886877,0.14395104014469073,0.1522,0.1562,0.008248959855309268,0.012248959855309272,0.0040000000000000036,1.4995830897744262,46.03333439280742,-0.012370000707249876,-0.018368333066347588,-0.005998332359097712
8,44,0.23864506254115914,0.33973613686845183,0.08107635163046349,0.0726,0.0712,-0.008476351630463494,-0.009876351630463492,-0.0013999999999999985,9.136973528657967,43.928772508744295,0.07744820046714174,0.09023996340726288,0.012791762940121146
8,45,0.23864506254115914,0.37870641253843484,0.0903764155049728,0.0872,0.088,-0.0031764155049728016,-0.0023764155049728064,0.0007999999999999952,2.6855376711659154,59.08154056353602,0.008530383497879962,0.0063819533609472436,-0.0021484301369327184
8,46,0.23864506254115914,0.8322142840240537,0.19860382985856628,0.2044,0.2034,0.005796170141433715,0.004796170141433714,-0.0010000000000000009,2.4675942793477645,30.757547336379115,-0.014302596283128159,-0.011835002003780392,0.002467594279347767
8,47,0.23864506254115914,0.40849133535173493,0.09748444027253639,0.0856,0.0876,-0.011884440272536392,-0.00988444027253639,0.0020000000000000018,1.9107075898445036,99.92741843369562,0.022707690229788965,0.018886275050099956,-0.0038214151796890083
8,48,0.23864506254115914,0.9486986627935283,0.2264022517150756,0.2298,0.2272,0.0033977482849243956,0.0007977482849244044,-0.002599999999999991,0.005613280155637576,28.4923820345331,-1.9072513021617717e-05,-4.47798461696007e-06,1.4594528404657648e-05
8,49,0.23864506254115914,0.96,0.22909926003951275,0.2274,0.2282,-0.0016992600395127622,-0.000899260039512767,0.0007999999999999952,0.06189934602920277,38.06872209239817,0.00010518308517939724,5.5663608356035326e-05,-4.9519476823361914e-05
9,10,0.22570946894001767,0.37881171658931956,0.0855013913796318,0.1,0.1018,0.014498608620368211,0.016298608620368207,0.001799999999999996,0.6174588114654682,145.53524610430276,-0.008952293646635547,-0.010063719507273389,-0.0011114258606378415
9,11,0.22570946894001767,0.3151854739406006,0.07114034594074074,0.0346,0.0286,-0.036540345940740744,-0.04254034594074074,-0.005999999999999998,34.85184888917221,104.8903750680272,1.2734986150847736,1.4826097084198069,0.2091110933350333
9,12,0.22570946894001767,0.17558587433166223,0.03963139444876816,0.0134,0.0158,-0.02623139444876816,-0.02383139444876816,0.002400000000000001,1.154178709700293,98.39833137257244,0.03027571699851866,0.027505688095237957,-0.0027700289032807045
9,13,0.22570946894001767,0.18220018902510304,0.04112430790562684,0.0352,0.0352,-0.005924307905626841,-0.005924307905626841,0.0,10.893880909450445,244.70588579711898,0.06453870479481459,0.06453870479481459,0.0
9,14,0.22570946894001767,0.20557322827031327,0.04639982418117743,0.0482,0.0496,0.0018001758188225664,0.003200175818822565,0.0013999999999999985,0.051026842269007944,249.3791186737182,-9.185728756354132e-05,-0.00016329486674015236,-7.143757917661104e-05
9,15,0.22570946894001767,0.34595507175101126,0.07808533552202646,0.0494,0.0424,-0.028685335522026456,-0.035685335522026455,-0.006999999999999999,5.279052545037733,79.48013144980024,0.15143139349281506,0.18838476130807918,0.03695336781526412
9,16,0.22570946894001767,0.2808089832005398,0.06338124647178019,0.0484,0.0466,-0.014981246471780188,-0.016781246471780184,-0.001799999999999996,23.179913116466192,69.24846377167748,0.3472639915922304,0.3889878352018695,0.0417238436096391
9,17,0.22570946894001767,0.32558160642689904,0.07348685148325322,0.0542,0.0516,-0.019286851483253223,-0.02188685148325322,-0.002599999999999998,2.2437702102314243,146.15375986366416,0.04327526280728134,0.04910906535388304,0.0058338025466017004
9,18,0.22570946894001767,0.1961441939672069,0.044271601856006086,0.0284,0.0318,-0.015871601856006085,-0.012471601856006084,0.0034000000000000002,0.1315363574658547,132.91119593509663,0.0020876926952873394,0.0016404690799034333,-0.000447223615383906
9,19,0.22570946894001767,0.5815475634811581,0.13126079171669341,0.1228,0.1282,-0.008460791716693408,-0.0030607917166934062,0.005400000000000002,6.346696681335839,41.68747850051873,0.05369807870981181,0.019425916630598266,-0.03427216207921355
9,20,0.22570946894001767,0.30358985466230565,0.06852310487140616,0.0528,0.0518,-0.015723104871406157,-0.016723104871406158,-0.0010000000000000009,2.2495167148347495,62.1019438920363,0.035369387217327825,0.03761890393216258,0.002249516714834754
9,21,0.22570946894001767,0.3591545639587549,0.08106458589851417,0.1038,0.0972,0.02273541410148583,0.01613541410148582,-0.006600000000000009,0.0794940667353369,156.54902396941682,-0.0018073305258390342,-0.00128266968538581,0.0005246608404532243
9,22,0.22570946894001767,0.22768425877375342,0.051390493133825446,0.067,0.0694,0.015609506866174558,0.018009506866174557,0.0023999999999999994,19.49481206475743,207.00360580715733,-0.3043044027796137,-0.3510919517350315,-0.04678754895541781
9,23,0.22570946894001767,0.20179848513594068,0.04554782891293322,0.0422,0.0448,-0.003347828912933219,-0.0007478289129332211,0.002599999999999998,3.278766053388534,171.0233406578352,0.010976747792278077,0.002451956053467895,-0.008524791738810182
9,24,0.22570946894001767,0.35457382493066114,0.08003066972513033,0.0858,0.0814,0.005769330274869672,0.0013693302748696706,-0.004400000000000001,5.2218661514162035,269.45844875530815,-0.03012667047868268,-0.007150459412451379,0.0229762110662313
9,25,0.22570946894001767,0.7210253586494617,0.1627422507930558,0.1554,0.1574,-0.007342250793055782,-0.0053422507930557805,0.0020000000000000018,5.821066381124837,159.63399600918373,0.04273972925324419,0.0310975964909945,-0.011642132762249686
9,26,0.22570946894001767,0.3766803921978068,0.08502033128308455,0.077,0.0808,-0.008020331283084547,-0.00422033128308455,0.003799999999999998,19.400505729757587,36.072713246731446,0.15559848301203577,0.081876561238957,-0.07372192177307878
9,27,0.22570946894001767,0.5734241788507295,0.12942726688576386,0.1332,0.1314,0.0037727331142361487,0.001972733114236125,-0.0018000000000000238,0.9831355265803787,157.62020129766563,-0.003709107956911788,-0.001939464009067083,0.0017696439478447053
9,28,0.22570946894001767,0.5368048429729841,0.12116193603186183,0.1186,0.1126,-0.0025619360318618334,-0.008561936031861825,-0.0059999999999999915,0.047205242305755964,49.64725235109678,0.00012093681115588478,0.0004041682649904202,0.0002832314538345354
9,29,0.22570946894001767,0.20992975486519724,0.04738313348533176,0.0786,0.0852,0.03121686651466824,0.037816866514668236,0.006599999999999995,0.36485218305418843,482.2101994042919,-0.011389541895987901,-0.013797566304145545,-0.002408024408157643
9,30,0.22570946894001767,0.518065685771502,0.11693233081153179,0.1256,0.1222,0.008667669188468202,0.005267669188468216,-0.0033999999999999864,0.006821138318315513,100.46949321673794,-5.912337043194318e-05,-3.5931500149670525e-05,2.3191870282272654e-05
9,31,0.22570946894001767,0.5744315312620573,0.1296546358635601,0.1346,0.1354,0.004945364136439895,0.00574536413643989,0.0007999999999999952,4.2781739646420185,153.26465414952884,-0.021157128094191516,-0.02457966726590511,-0.0034225391717135935
9,32,0.22570946894001767,0.41408676958317514,0.09346330485770592,0.074,0.0794,-0.01946330485770592,-0.014063304857705919,0.005400000000000002,2.549217468943986,197.07809393675885,0.049616196746646274,0.03585042241434874,-0.013765774332297531
9,33,0.22570946894001767,0.5082093407162553,0.11470766040342249,0.1246,0.1244,0.00989233959657751,0.009692339596577504,-0.00020000000000000573,5.258297836724134,136.18650808401657,-0.052016867900824014,-0.05096520833347916,0.001051659567344855
9,34,0.22570946894001767,0.430076829107486,0.0970724127012574,0.1014,0.1056,0.004327587298742608,0.008527587298742603,0.004199999999999995,12.67765303007548,103.93009421115862,-0.054863650230820384,-0.10810979295713734,-0.053246142726316954
9,35,0.22570946894001767,0.36780900467919186,0.08301797511749687,0.0806,0.079,-0.0024179751174968622,-0.004017975117496866,-0.0016000000000000042,0.2523140726296571,166.85054993629075,0.000610089149412807,0.0010137916656202594,0.00040370251620745247
9,36,0.22570946894001767,0.31652023366573906,0.07144161384946426,0.071,0.0622,-0.0004416138494642702,-0.009241613849464266,-0.008799999999999995,11.121408472318,51.814097017914214,0.0049113680069249,0.10277976256332325,0.09786839455639834
9,37,0.22570946894001767,0.29742640159246664,0.06713195515217607,0.0506,0.0536,-0.01653195515217607,-0.013531955152176069,0.0030000000000000027,4.743876095541135,65.30970874333242,0.07842554685896617,0.06419391857234276,-0.014231628286623416
9,38,0.22570946894001767,0.3126547933069382,0.07056914735886001,0.0746,0.0784,0.00403085264113999,0.007830852641139988,0.003799999999999998,0.05284454853006309,126.68086894969039,-0.00021300858801225517,-0.0004138178724264948,-0.00020080928441423962
9,39,0.22570946894001767,0.4273457371252059,0.09645597938031061,0.0976,0.101,0.0011440206196893926,0.004544020619689393,0.0034000000000000002,2.9120521723358035,117.8128120659937,-0.003331447730763448,-0.013232425116705181,-0.009900977385941733
9,40,0.22570946894001767,0.21905177326219738,0.04944205941337973,0.0394,0.0404,-0.010042059413379732,-0.009042059413379731,0.0010000000000000009,1.0908826396998763,641.7478067362155,0.010954708280890674,0.009863825641190796,-0.0010908826396998778
9,41,0.22570946894001767,0.3502829106424205,0.0790621697398644,0.0816,0.0802,0.0025378302601356123,0.0011378302601356,-0.0014000000000000123,31.65594620521798,126.92594899833873,-0.08033741819282729,-0.03601909350552173,0.04431832468730556
9,42,0.22570946894001767,0.41157518975916685,0.09289641750942855,0.0902,0.0908,-0.0026964175094285475,-0.002096417509428544,0.0006000000000000033,21.24512612345774,53.55384882037519,0.057285730069309294,0.04453865439523458,-0.012747075674074716
9,43,0.22570946894001767,0.6032014180886877,0.13614827174066327,0.1374,0.1372,0.0012517282593367263,0.0010517282593367205,-0.00020000000000000573,3.7077703101781725,134.61051656701585,-0.004641120876379717,-0.003899566814344062,0.0007415540620356554
9,44,0.22570946894001767,0.33973613686845183,0.07668166303231141,0.081,0.0772,0.004318336967688588,0.0005183369676885902,-0.003799999999999998,13.86612938279133,125.51764770645586,-0.05987861911246074,-0.0071873274578537205,0.05269129165460702
9,45,0.22570946894001767,0.37870641253843484,0.08547762325822938,0.0732,0.0682,-0.012277623258229384,-0.017277623258229388,-0.0050000000000000044,5.474399660863387,302.3812015147869,0.06721261660105937,0.09458461490537633,0.027371998304316955
9,46,0.22570946894001767,0.8322142840240537,0.1878386440913662,0.1838,0.186,-0.0040386440913662,-0.0018386440913661928,0.0022000000000000075,5.16125836016228,168.07709852799763,0.020844485580283796,0.00948971718792674,-0.011354768392357056
9,47,0.22570946894001767,0.40849133535173493,0.09220036236883876,0.0872,0.0878,-0.005000362368838759,-0.004400362368838756,0.0006000000000000033,0.4641710298505884,83.76329262239102,0.002321023350370015,0.00204252073245966,-0.00027850261791035474
9,48,0.22570946894001767,0.9486986627935283,0.21413027136323218,0.2188,0.213,0.004669728636767817,-0.0011302713632321826,-0.0058,0.6020275030638929,148.50274689716787,-0.002811305071179285,0.0006804544465912932,0.0034917595177705782
9,49,0.22570946894001767,0.96,0.21668109018241696,0.219,0.2158,0.002318909817583037,-0.0008810901824169715,-0.0032000000000000084,0.9020787772554862,206.26481696326042,-0.0020918393328110485,0.0007948127544065149,0.0028866520872175634
10,11,0.37881171658931956,0.3151854739406006,0.11939595042745715,0.1172,0.1258,-0.002195950427457155,0.0064040495725428415,0.008599999999999997,26.19146717765338,69.38674042146438,0.05751516354449798,-0.167731454183321,-0.22524661772781898
10,12,0.37881171658931956,0.17558587433166223,0.0665139864644135,0.086,0.0828,0.01948601353558649,0.016286013535586494,-0.0031999999999999945,3.460018774686767,239.51904705548844,-0.06742197267692972,-0.05634991259793208,0.011072060078997636
10,13,0.37881171658931956,0.18220018902510304,0.06901956636749779,0.0522,0.0468,-0.016819566367497783,-0.022219566367497785,-0.005400000000000002,16.698447878105476,452.3189213022296,0.2808606523199976,0.3710322708617672,0.09017161854176964
10,14,0.37881171658931956,0.20557322827031327,0.0778735474858854,0.0708,0.081,-0.007073547485885401,0.0031264525141146,0.0102,0.3134815783761357,83.78498868873235,0.002217426830593902,-0.0009800852688426826,-0.0031975120994365844
10,15,0.37881171658931956,0.34595507175101126,0.1310518345927818,0.139,0.1386,0.00794816540721821,0.007548165407218199,-0.00040000000000001146,9.507382448150066,58.75263443893954,-0.07556624828757993,-0.0717632953083198,0.0038029529792601297
10,16,0.37881171658931956,0.2808089832005398,0.10637373295989788,0.0918,0.1022,-0.014573732959897875,-0.004173732959897883,0.010399999999999993,31.363782332546524,214.70893900264792,0.45708738832689594,0.13090405206841232,-0.3261833362584836
10,17,0.37881171658931956,0.32558160642689904,0.12333412722048186,0.1466,0.1558,0.02326587277951815,0.03246587277951814,0.009199999999999986,0.5071383801020375,72.69711573141274,-0.011799017033064924,-0.01646469013000366,-0.004665673096938737
10,18,0.37881171658931956,0.1961441939672069,0.0743017188157461,0.1006,0.0992,0.026298281184253897,0.024898281184253898,-0.0013999999999999985,0.17901873803136503,313.5202578803487,-0.004707885109999125,-0.004457258876755214,0.0002506262332439106
10,19,0.37881171658931956,0.5815475634811581,0.2202970308006338,0.2258,0.2334,0.005502969199366214,0.01310296919936621,0.007599999999999996,10.923359346906048,81.73072865628095,-0.06011091003963303,-0.14312844107611894,-0.0830175310364859
10,20,0.37881171658931956,0.30358985466230565,0.11500339398373004,0.0992,0.1082,-0.01580339398373004,-0.006803393983730033,0.009000000000000008,5.224078762998661,163.73643082794132,0.08255817489370491,0.03554146602671692,-0.04701670886698799
10,21,0.37881171658931956,0.3591545639587549,0.13605195689410451,0.1248,0.125,-0.01125195689410452,-0.011051956894104514,0.00020000000000000573,1.140052469556779,34.319136598080604,0.012827821244470284,0.012599810750558922,-0.00022801049391136217
10,22,0.37881171658931956,0.22768425877375342,0.08624946490645238,0.0956,0.1,0.009350535093547621,0.013750535093547622,0.004400000000000001,13.173324706306952,86.39630829590544,-0.12317763496502106,-0.18114026367277167,-0.05796262870775061
10,23,0.37881171658931956,0.20179848513594068,0.07644363055946997,0.0428,0.0428,-0.03364363055946997,-0.03364363055946997,0.0,6.7419254748259005,33.89283191821598,0.22682284993452176,0.22682284993452176,0.0
10,24,0.37881171658931956,0.35457382493066114,0.13431671927962463,0.1172,0.1162,-0.01711671927962463,-0.018116719279624632,-0.0010000000000000009,2.248064867881473,65.90178622459963,0.03847949526591361,0.04072756013379509,0.002248064867881476
10,25,0.37881171658931956,0.7210253586494617,0.27313285381443236,0.2678,0.2794,-0.005332853814432381,0.006267146185567618,0.0116,2.6468138485394754,42.224718247646656,0.014115071328276193,-0.01658796931478172,-0.030703040643057913
10,26,0.37881171658931956,0.3766803921978068,0.14269094597398932,0.1488,0.1576,0.0061090540260106685,0.01490905402601067,0.008800000000000002,26.940106755805218,71.00972186546662,-0.16457856763770906,-0.40165150708879505,-0.23707293945108598
10,27,0.37881171658931956,0.5734241788507295,0.21721979752426582,0.2144,0.226,-0.00281979752426581,0.008780202475734189,0.0116,0.04233159543560551,35.91594050229571,0.00011936652800754229,-0.0003716799790454816,-0.0004910465070530239
10,28,0.37881171658931956,0.5368048429729841,0.20334796404005626,0.211,0.2166,0.007652035959943737,0.013252035959943731,0.005599999999999994,0.32321248877816977,91.6459753777317,-0.002473233586833467,-0.004283223523991215,-0.0018099899371577482
10,29,0.37881171658931956,0.20992975486519724,0.07952385080366042,0.06,0.0564,-0.019523850803660425,-0.023123850803660424,-0.003599999999999999,1.9315869192311614,174.0610006864352,0.03771201482537127,0.04466572773460346,0.006953712909232183
10,30,0.37881171658931956,0.518065685771502,0.19624935173312572,0.1972,0.1914,0.0009506482668742711,-0.0048493517331257285,-0.0058,0.7540762819179185,69.99668245775001,-0.0007168613104962635,0.0036567811246276637,0.004373642435123927
10,31,0.37881171658931956,0.5744315312620573,0.2176013944204113,0.2154,0.2218,-0.0022013944204112845,0.0041986055795887045,0.006399999999999989,1.6450351624675759,34.801102633757225,0.0036213712280364924,-0.006906853811755975,-0.010528225039792467
10,32,0.37881171658931956,0.41408676958317514,0.1568609200027286,0.1914,0.1936,0.03453907999727138,0.036739079997271384,0.0022000000000000075,5.675888737369735,79.17005563217245,-0.1960399751556249,-0.20852693037783834,-0.012486955222213436
10,33,0.37881171658931956,0.5082093407162553,0.19251565274345106,0.1758,0.179,-0.016715652743451048,-0.013515652743451068,0.0031999999999999806,2.2719906554563742,29.99905973245739,0.03797780683297449,0.030707436735514133,-0.0072703700974603575
10,34,0.37881171658931956,0.430076829107486,0.16291814189949821,0.1678,0.1856,0.00488185810050179,0.022681858100501773,0.017799999999999983,18.89079895649725,72.5414862669692,-0.09222219991072686,-0.4284784213363776,-0.3362562214256507
10,35,0.37881171658931956,0.36780900467919186,0.13933036043953373,0.1386,0.1344,-0.0007303604395337282,-0.0049303604395337375,-0.004200000000000009,0.08035905750752391,42.692809808807255,5.86910765617113e-05,0.0003961991180933125,0.0003375080415316012
10,36,0.37881171658931956,0.31652023366573906,0.11990157305017114,0.1388,0.145,0.018898426949828864,0.025098426949828848,0.006199999999999983,16.979864004690462,62.09985244079702,-0.3208927195106713,-0.4261678763397519,-0.10527515682908062
10,37,0.37881171658931956,0.29742640159246664,0.11266860574622661,0.1192,0.111,0.006531394253773387,-0.0016686057462266118,-0.008199999999999999,8.784285736739497,57.66245736403928,-0.05737363338444387,0.01465750965681999,0.07203114304126386
10,38,0.37881171658931956,0.3126547933069382,0.11843729895248015,0.0728,0.0806,-0.04563729895248014,-0.03783729895248014,0.007800000000000001,1.0315751808053033,160.65565217705145,0.04707830491837038,0.03903201850808902,-0.008046286410281364
10,39,0.37881171658931956,0.4273457371252059,0.16188357225752736,0.1522,0.1564,-0.009683572257527362,-0.005483572257527353,0.004200000000000009,0.8476666383882867,58.17509242571357,0.00820844114312829,0.004648241261897479,-0.0035601998812308114
10,40,0.37881171658931956,0.21905177326219738,0.0829793782513874,0.0776,0.0758,-0.005379378251387401,-0.007179378251387397,-0.001799999999999996,3.349773872140876,319.3723660057661,0.01801970071486039,0.02404929368471395,0.006029592969853562
10,41,0.37881171658931956,0.3502829106424205,0.13269127067235856,0.14,0.1428,0.0073087293276414556,0.010108729327641452,0.002799999999999997,41.11563164116863,331.4352986964947,-0.30050302280031216,-0.4156267913955842,-0.11512376859527207
10,42,0.37881171658931956,0.41157518975916685,0.15590950413824492,0.1676,0.175,0.01169049586175508,0.01909049586175507,0.00739999999999999,29.106338195664275,162.8544032824913,-0.340267526227257,-0.5556544288751724,-0.21538690264791538
10,43,0.37881171658931956,0.6032014180886877,0.2284997646352876,0.2044,0.2144,-0.024099764635287596,-0.014099764635287587,0.010000000000000009,1.2990794565348145,11.876835929538036,0.03130750914502635,0.018316714579678196,-0.012990794565348154
10,44,0.37881171658931956,0.33973613686845183,0.12869602919456224,0.1124,0.1096,-0.016296029194562245,-0.019096029194562242,-0.002799999999999997,8.631489846373453,16.9556153982346,0.14065901052906937,0.16482718209891503,0.02416817156984566
10,45,0.37881171658931956,0.37870641253843484,0.1434584262170675,0.1662,0.1786,0.022741573782932484,0.035141573782932506,0.012400000000000022,2.4147855559543814,150.87300346769916,-0.0549160238906962,-0.08485936478453059,-0.029943340893834387
10,46,0.37881171658931956,0.8322142840240537,0.31525252150130334,0.311,0.3282,-0.004252521501303341,0.012947478498696652,0.017199999999999993,2.208358952775184,42.58261246482483,0.0093910939292722,-0.02859268005846095,-0.03798377398773315
10,47,0.37881171658931956,0.40849133535173493,0.1547413039564541,0.1684,0.1794,0.013658696043545887,0.024658696043545897,0.01100000000000001,2.1523426737940214,88.95780257297558,-0.029398194362905375,-0.05307396377463963,-0.023675769411734257
10,48,0.37881171658931956,0.9486986627935283,0.3593781689788085,0.342,0.3506,-0.01737816897880845,-0.008778168978808454,0.008599999999999997,9.763734500274875e-05,23.796683951274243,1.6967582800999866e-06,8.570771130763477e-07,-8.396811670236388e-07
10,49,0.37881171658931956,0.96,0.3636592479257468,0.3578,0.3682,-0.005859247925746769,0.0045407520742532514,0.01040000000000002,0.026893639679662993,42.973627671570384,0.0001575765025088464,-0.00012211735015964928,-0.00027969385266849567
11,12,0.3151854739406006,0.17558587433166223,0.0553421170184997,0.0438,0.043,-0.0115421170184997,-0.012342117018499701,-0.0008000000000000021,48.69070528205774,136.12589225174855,0.5619938180787919,0.6009463823044382,0.0389525642256463
11,13,0.3151854739406006,0.18220018902510304,0.057426852929944115,0.0604,0.0634,0.002973147070055887,0.005973147070055883,0.0029999999999999957,84.71607192043652,398.95713876584836,-0.25187334101688963,-0.5060215567781988,-0.2541482157613092
11,14,0.3151854739406006,0.20557322827031327,0.06479369538187796,0.0286,0.0324,-0.03619369538187796,-0.03239369538187796,0.003799999999999998,32.235757589287715,103.9614499299493,1.16673119059074,1.044235311751447,-0.12249587883929314
11,15,0.3151854739406006,0.34595507175101126,0.10904001325199697,0.1358,0.136,0.026759986748003034,0.02695998674800304,0.00020000000000000573,67.25909647757064,117.28261155022436,-1.7998525304224477,-1.8133043497179624,-0.013451819295514644
11,16,0.3151854739406006,0.2808089832005398,0.0885069124568403,0.0718,0.0736,-0.016706912456840292,-0.014906912456840296,0.001799999999999996,114.877617763089,128.00922860288267,1.9192503032182893,1.7124705912447296,-0.2067797119735597
11,17,0.3151854739406006,0.32558160642689904,0.10261859292800427,0.1018,0.1076,-0.0008185929280042636,0.004981407071995736,0.0058,19.409518307085193,106.06494965664862,0.01588849442214923,-0.09668671175894489,-0.11257520618109412
11,18,0.3151854739406006,0.1961441939672069,0.061821800736251195,0.1022,0.1018,0.040378199263748804,0.039978199263748807,-0.0003999999999999976,30.70119643537245,270.19883384318734,-1.2396590273029633,-1.2273785487288142,0.012280478574149045
11,19,0.3151854739406006,0.5815475634811581,0.18329534441481032,0.175,0.1834,-0.008295344414810335,0.00010465558518968354,0.008400000000000019,70.94373769853621,73.20758074907803,0.5885027382833218,-0.00742465838438372,-0.5959273966677054
11,20,0.3151854739406006,0.30358985466230565,0.09568711222529686,0.1112,0.106,0.015512887774703138,0.010312887774703142,-0.005199999999999996,54.81009979017484,161.57288404835015,-0.8502629269652623,-0.5652504080563533,0.285012518908909
11,21,0.3151854739406006,0.3591545639587549,0.1132003014592699,0.1112,0.1094,-0.0020003014592699098,-0.003800301459269906,-0.001799999999999996,38.260315891481355,83.76464028611625,0.07653216570985787,0.14540073431452416,0.0688685686046663
11,22,0.3151854739406006,0.22768425877375342,0.07176277101041982,0.0888,0.0852,0.017037228989580183,0.013437228989580177,-0.003600000000000006,2.214895428341032,138.46554172486077,-0.03773568060062044,-0.029762057058592715,0.007973623542027727
11,23,0.3151854739406006,0.20179848513594068,0.0636039511780667,0.0612,0.0606,-0.0024039511780667086,-0.003003951178066705,-0.0005999999999999964,59.510143378486994,137.10501131347337,0.14305947928163254,0.17876556530872453,0.03570608602709199
11,24,0.3151854739406006,0.35457382493066114,0.11175651905770197,0.1198,0.1278,0.008043480942298037,0.01604348094229803,0.007999999999999993,13.092855897214882,184.6425272502363,-0.10531213688950238,-0.21005498406722134,-0.10474284717771896
11,25,0.3151854739406006,0.7210253586494617,0.22725671938912212,0.23,0.229,0.0027432806108778907,0.0017432806108778898,-0.0010000000000000009,12.18608140699779,120.93783730140939,-0.0334298408463966,-0.021243759439398803,0.012186081406997798
11,26,0.3151854739406006,0.3766803921978068,0.11872418793899704,0.1112,0.1202,-0.007524187938997048,0.0014758120610029596,0.009000000000000008,106.25787332866024,63.859332279448815,0.7995042089229816,-0.15681665103496148,-0.956320859957943
11,27,0.3151854739406006,0.5734241788507295,0.1807349715800669,0.1842,0.1908,0.003465028419933097,0.010065028419933092,0.006599999999999995,24.1278770343443,121.84510018709162,-0.0836037796366541,-0.24284776806332636,-0.15924398842667226
11,28,0.3151854739406006,0.5368048429729841,0.1691930888460497,0.1748,0.1746,0.005606911153950317,0.005406911153950311,-0.00020000000000000573,32.33375495078425,86.10068854239252,-0.18129249128264846,-0.17482574029249143,0.006466750990157033
11,29,0.3151854739406006,0.20992975486519724,0.0661668092814213,0.043,0.0366,-0.0231668092814213,-0.029566809281421295,-0.006399999999999996,42.34853762410816,228.39563358046095,0.981080494484808,1.2521111352791001,0.27103064079429207
11,30,0.3151854739406006,0.518065685771502,0.16328677870225314,0.162,0.1558,-0.001286778702253133,-0.007486778702253144,-0.006200000000000011,35.833819825054114,77.0023625152986,0.046110196171255724,0.2682798790865916,0.2221696829153359
11,31,0.3151854739406006,0.5744315312620573,0.18105247442725644,0.1548,0.1532,-0.02625247442725645,-0.02785247442725644,-0.0015999999999999903,14.708534566873615,68.51062306913052,0.3861354275792671,0.40966908288626475,0.023533655306997636
11,32,0.3151854739406006,0.41408676958317514,0.13051413472360532,0.1074,0.1148,-0.023114134723605323,-0.01571413472360532,0.007400000000000004,56.25258534341538,123.28211934643767,1.3002298361788094,0.8839607046375353,-0.4162691315412741
11,33,0.3151854739406006,0.5082093407162553,0.1601802019146931,0.1418,0.1472,-0.018380201914693084,-0.012980201914693096,0.005399999999999988,13.035331740765189,72.55663578001447,0.23959202942027186,0.16920123802014,-0.07039079140013185
11,34,0.3151854739406006,0.430076829107486,0.13555396921311366,0.1272,0.1316,-0.008353969213113654,-0.003953969213113667,0.004399999999999987,89.5694661282499,94.41969324920447,0.7482605624704259,0.35415491150612755,-0.3941056509642984
11,35,0.3151854739406006,0.36780900467919186,0.11592805545943166,0.1262,0.1216,0.010271944540568345,0.005671944540568338,-0.004600000000000007,29.17335798038478,130.8823285883041,-0.2996671152366594,-0.1654696685268892,0.13419744670977019
11,36,0.3151854739406006,0.31652023366573906,0.09976257985972561,0.095,0.101,-0.004762579859725613,0.0012374201402743923,0.006000000000000005,85.34846009173587,61.76699397887818,0.4064788570914965,-0.10561190345891917,-0.5120907605504157
11,37,0.3151854739406006,0.29742640159246664,0.093744481348369,0.0968,0.0974,0.0030555186516309923,0.0036555186516309957,0.0006000000000000033,65.31208964465358,115.99738174795984,-0.1995623080862344,-0.2387495618730268,-0.039187253786792386
11,38,0.3151854739406006,0.3126547933069382,0.09854424920824782,0.1126,0.1158,0.014055750791752183,0.017255750791752178,0.0031999999999999945,37.61890066633187,204.55777781857478,-0.5287618928256409,-0.6491423749579026,-0.12038048213226171
11,39,0.3151854739406006,0.4273457371252059,0.13469316869230333,0.1032,0.1008,-0.03149316869230333,-0.03389316869230333,-0.0023999999999999994,17.615412059338837,77.16310639537745,0.5547651435691924,0.5970421325116055,0.04227698894241316
11,40,0.3151854739406006,0.21905177326219738,0.06904193697317466,0.0828,0.0818,0.013758063026825335,0.012758063026825334,-0.0010000000000000009,48.27468626681066,488.1938337900952,-0.6641661762590005,-0.6158914899921898,0.04827468626681075
11,41,0.3151854739406006,0.3502829106424205,0.11040408520412436,0.096,0.0986,-0.014404085204124353,-0.011804085204124362,0.002599999999999991,132.9387593682293,219.8017650577186,1.9148612168705597,1.5692204425131646,-0.34564077435739504
11,42,0.3151854739406006,0.41157518975916685,0.12972252124643563,0.1222,0.1222,-0.007522521246435626,-0.007522521246435626,0.0,110.51873262063648,109.7017665221468,0.831379514267876,0.831379514267876,0.0
11,43,0.3151854739406006,0.6032014180886877,0.1901203248419254,0.179,0.1894,-0.011120324841925405,-0.0007203248419253849,0.01040000000000002,15.824390978275597,74.50987757145955,0.1759723681040584,0.011398701929991857,-0.16457366617406655
11,44,0.3151854739406006,0.33973613686845183,0.10707989531363174,0.0892,0.0888,-0.01787989531363174,-0.018279895313631736,-0.0003999999999999976,4.751616315269686,76.34866199076556,0.08495840228756657,0.08685904881367443,0.0019006465261078576
11,45,0.3151854739406006,0.37870641253843484,0.1193627601202712,0.1392,0.1436,0.019837239879728796,0.02423723987972881,0.004400000000000015,12.70068432127485,259.36648643806905,-0.2519465215178397,-0.30782953253144923,-0.05588301101360954
11,46,0.3151854739406006,0.8322142840240537,0.262301853530259,0.2594,0.2594,-0.0029018535302589576,-0.0029018535302589576,0.0,13.189282283729565,117.32038115751214,0.03827336535662256,0.03827336535662256,0.0
11,47,0.3151854739406006,0.40849133535173493,0.12875053513346538,0.1378,0.1416,0.009049464866534629,0.012849464866534627,0.003799999999999998,43.3602025601826,120.54598755950299,-0.3923866296741973,-0.557155399402891,-0.16476876972869375
11,48,0.3151854739406006,0.9486986627935283,0.2990160376593923,0.2888,0.291,-0.010216037659392274,-0.008016037659392294,0.0021999999999999797,26.292703636762386,91.82061532650478,0.26860725052040474,0.21076330251952802,-0.05784394800087672
11,49,0.3151854739406006,0.96,0.3025780549829766,0.2844,0.2902,-0.018178054982976588,-0.01237805498297656,0.005800000000000027,24.53980920244892,114.29156172454023,0.44608600095387135,0.30375510757966695,-0.1423308933742044
12,13,0.17558587433166223,0.18220018902510304,0.031991779493366845,0.0206,0.0186,-0.011391779493366845,-0.013391779493366847,-0.0020000000000000018,4.9562374522607175,319.49382922085243,0.05646036417292038,0.06637283907744182,0.009912474904521441
12,14,0.17558587433166223,0.20557322827031327,0.036095755025025336,0.0266,0.0262,-0.009495755025025338,-0.009895755025025335,-0.0003999999999999976,1.6905676640881764,246.8355543279703,0.01605321639141065,0.016729443457045915,0.000676227065635266
12,15,0.17558587433166223,0.34595507175101126,0.06074482375287425,0.0534,0.0496,-0.007344823752874249,-0.011144823752874254,-0.0038000000000000048,1.4964428027698045,197.4153418568959,0.010991108642601376,0.01667759129312664,0.0056864826505252635
12,16,0.17558587433166223,0.2808089832005398,0.049306090835451837,0.0134,0.0124,-0.035906090835451834,-0.036906090835451835,-0.0010000000000000009,13.989284005481203,95.97512397749175,0.5023005022237416,0.5162897862292227,0.013989284005481162
12,17,0.17558587433166223,0.32558160642689904,0.0571675310307742,0.0304,0.039,-0.026767531030774203,-0.018167531030774203,0.0086,6.616465227865459,196.43696070295508,0.17710643830092718,0.12020483734128423,-0.056901600959642945
12,18,0.17558587433166223,0.1961441939672069,0.03444014979281117,0.0286,0.025,-0.005840149792811167,-0.009440149792811166,-0.003599999999999999,2.064987710952946,199.04207062161905,0.012059837552279453,0.01949379331171006,0.007433955759430606
12,19,0.17558587433166223,0.5815475634811581,0.102111537399287,0.0856,0.0892,-0.016511537399287,-0.012911537399286993,0.003600000000000006,2.087845856099775,111.51735042475121,0.034473544936937814,0.026957299854978613,-0.007516245081959201
12,20,0.17558587433166223,0.30358985466230565,0.0533060900691032,0.046,0.0506,-0.0073060900691032035,-0.0027060900691032036,0.0046,0.18106029199073717,179.8628675963256,0.001322842801222451,0.0004899654580650601,-0.0008328773431573909
12,21,0.17558587433166223,0.3591545639587549,0.06306246813290488,0.061,0.0566,-0.0020624681329048794,-0.0064624681329048805,-0.004400000000000001,0.6278663407701769,205.87242985581898,0.0012949543195620854,0.004057566218950865,0.0027626118993887795
12,22,0.17558587433166223,0.22768425877375342,0.03997813964834593,0.039,0.0414,-0.0009781396483459284,0.001421860351654071,0.0023999999999999994,30.13592853851024,267.30841800638626,0.029477146543236434,-0.04284908194918812,-0.07232622849242455
12,23,0.17558587433166223,0.20179848513594068,0.03543296345139909,0.0514,0.0522,0.01596703654860091,0.016767036548600914,0.0008000000000000021,0.5422985581973568,306.8960431218111,-0.008658900898990775,-0.009092739745548662,-0.0004338388465578869
12,24,0.17558587433166223,0.35457382493066114,0.06225815506557187,0.0678,0.0656,0.005541844934428129,0.0033418449344281356,-0.0021999999999999936,11.286021128622966,357.36749251136484,-0.06254537902150803,-0.03771613253853757,0.02482924648297046
12,25,0.17558587433166223,0.7210253586494617,0.12660186801376608,0.127,0.1322,0.0003981319862339239,0.005598131986233934,0.00520000000000001,12.159278611105032,262.8140598388221,-0.004840997744610913,-0.0680692465223572,-0.06322824877774628
12,26,0.17558587433166223,0.3766803921978068,0.06613975600764535,0.0456,0.0504,-0.02053975600764535,-0.01573975600764535,0.004799999999999999,11.090721068712037,111.58408497011266,0.22780070470019692,0.17456524357037914,-0.05323546112981778
12,27,0.17558587433166223,0.5734241788507295,0.10068518580642079,0.112,0.1108,0.011314814193579215,0.010114814193579208,-0.0012000000000000066,4.267773429533676,269.84794867387404,-0.04828906337546788,-0.04316773526002744,0.005121328115440436
12,28,0.17558587433166223,0.5368048429729841,0.09425534769888207,0.08,0.0748,-0.014255347698882065,-0.01945534769888206,-0.005199999999999996,1.6682170513276253,113.73222955124177,0.023781014103879086,0.03245574277078273,0.008674728666903646
12,29,0.17558587433166223,0.20992975486519724,0.03686069955623718,0.038,0.0296,0.001139300443762821,-0.007260699556237177,-0.008399999999999998,0.22117940376382147,431.418672776442,-0.00025198979285931796,0.001605917198756782,0.0018579069916160999
12,30,0.17558587433166223,0.518065685771502,0.09096501639742137,0.0878,0.0896,-0.0031650163974213663,-0.0013650163974213703,0.001799999999999996,0.9835421051847651,146.68417126296663,0.003112926890464112,0.0013425511011315385,-0.0017703757893325735
12,31,0.17558587433166223,0.5744315312620573,0.1008620626603239,0.095,0.095,-0.005862062660323894,-0.005862062660323894,0.0,9.876574678870849,207.91596626126906,0.05789709963690926,0.05789709963690926,0.0
12,32,0.17558587433166223,0.41408676958317514,0.07270778748643536,0.0792,0.0816,0.006492212513564646,0.008892212513564646,0.0023999999999999994,0.27279708865943125,297.69553577315986,-0.0017710566726587638,-0.002425769685441399,-0.0006547130127826351
12,33,0.17558587433166223,0.5082093407162553,0.08923438143318133,0.065,0.0702,-0.024234381433181323,-0.019034381433181327,0.005199999999999996,11.33955089634451,193.89709134782154,0.27480700170298605,0.21584133704199462,-0.05896566466099143
12,34,0.17558587433166223,0.430076829107486,0.07551541606862681,0.0654,0.0686,-0.010115416068626815,-0.00691541606862682,0.0031999999999999945,6.181399800001254,148.4154471880702,0.06252743086353926,0.04274695150353529,-0.019780479360003975
12,35,0.17558587433166223,0.36780900467919186,0.06458206567365435,0.0642,0.06,-0.0003820656736543554,-0.004582065673654351,-0.004199999999999995,2.485780567467767,273.80845954410717,0.0009497314270664783,0.011390009810431088,0.01044027838336461
12,36,0.17558587433166223,0.31652023366573906,0.055576481971860825,0.0568,0.0554,0.0012235180281391783,-0.0001764819718608271,-0.0014000000000000054,5.110088488799546,122.72218030332073,-0.006252285391432734,0.0009018384928866579,0.007154123884319392
12,37,0.17558587433166223,0.29742640159246664,0.05222387477293335,0.0668,0.0594,0.014576125227066646,0.007176125227066649,-0.007399999999999997,1.2181912213622008,216.34062539785313,-0.017756507793088704,-0.008741892755008421,0.009014615038080282
12,38,0.17558587433166223,0.3126547933069382,0.05489776524678388,0.0454,0.0538,-0.009497765246783876,-0.0010977652467838786,0.008399999999999998,0.7130918749912559,222.3038190058648,0.006772779228055903,0.0007828074781293547,-0.005989971749926548
12,39,0.17558587433166223,0.4273457371252059,0.07503587489503796,0.0576,0.0532,-0.017435874895037964,-0.021835874895037966,-0.004400000000000001,7.732852552645963,200.50344801812093,0.13482904968971,0.16885360092135224,0.03402455123164225
12,40,0.17558587433166223,0.21905177326219738,0.03846239713214396,0.02,0.0196,-0.018462397132143957,-0.01886239713214396,-0.00040000000000000105,0.0008924453082755465,648.1745350755804,1.647667970010178e-05,1.6833657823412e-05,3.5697812331021955e-07
12,41,0.17558587433166223,0.3502829106424205,0.06150473112858892,0.0392,0.0358,-0.02230473112858892,-0.02570473112858892,-0.0034000000000000002,20.72101921673193,147.3459593794791,0.4621767623395298,0.5326282276764184,0.07045146533688856
12,42,0.17558587433166223,0.41157518975916685,0.0722667895470831,0.0562,0.0646,-0.0160667895470831,-0.007666789547083094,0.008400000000000005,12.495634350636426,95.43516018710962,0.20076472736897782,0.0958013988236318,-0.10496332854534603
12,43,0.17558587433166223,0.6032014180886877,0.10591364839320076,0.0968,0.1038,-0.009113648393200766,-0.0021136483932007594,0.007000000000000006,8.999305447582755,220.61394444657037,0.08201650563228546,0.01902136749920613,-0.06299513813307933
12,44,0.17558587433166223,0.33973613686845183,0.05965286663410838,0.075,0.0744,0.015347133365891615,0.014747133365891611,-0.0006000000000000033,23.021305860162204,255.7927770929982,-0.35331105129289153,-0.33949826777679415,0.013812783516097382
12,45,0.17558587433166223,0.37870641253843484,0.06649549656056826,0.0654,0.0658,-0.0010954965605682598,-0.0006954965605682623,0.0003999999999999976,11.655878058053586,388.53215646843074,0.012768974323000752,0.008106623099779345,-0.004662351223221407
12,46,0.17558587433166223,0.8322142840240537,0.14612507269166175,0.1428,0.142,-0.00332507269166174,-0.004125072691661763,-0.0008000000000000229,11.196836260488944,263.6382899873617,0.037230294482759746,0.046187763491151154,0.008957469008391408
12,47,0.17558587433166223,0.40849133535173493,0.07172530827464262,0.0948,0.1004,0.02307469172535738,0.028674691725357387,0.005600000000000008,0.15446952544426495,209.0231721768895,-0.003564336680588662,-0.0044293660230765464,-0.0008650293424878846
12,48,0.17558587433166223,0.9486986627935283,0.16657808418388045,0.158,0.1536,-0.008578084183880452,-0.012978084183880467,-0.004400000000000015,3.4233562680266068,230.33639820329762,0.029365838258547047,0.04442860583786417,0.015062767579317123
12,49,0.17558587433166223,0.96,0.16856243935839574,0.166,0.1658,-0.0025624393583957294,-0.002762439358395735,-0.00020000000000000573,4.097002565774547,289.80758519253357,0.010498320625988988,0.01131772113914392,0.0008194005131549314
13,14,0.18220018902510304,0.20557322827031327,0.03745548104935174,0.0226,0.0224,-0.014855481049351738,-0.015055481049351737,-0.0001999999999999988,12.436055420951291,657.703814023162,0.18474358563462986,0.1872307967188201,0.0024872110841902273
13,15,0.18220018902510304,0.34595507175101126,0.06303307946722733,0.104,0.103,0.04096692053277266,0.03996692053277266,-0.0010000000000000009,1.0059469719502119,416.6212536032533,-0.041210549660067625,-0.04020460268811741,0.0010059469719502154
13,16,0.18220018902510304,0.2808089832005398,0.05116344981908534,0.0654,0.0648,0.014236550180914659,0.013636550180914656,-0.0006000000000000033,2.292087779574795,148.6738429538519,-0.03263142269297783,-0.03125617002523294,0.0013752526677448876
13,17,0.18220018902510304,0.32558160642689904,0.059321030234077705,0.0462,0.0398,-0.013121030234077707,-0.019521030234077703,-0.006399999999999996,23.025697531068445,509.20905867015415,0.3021208734658775,0.44948533766471543,0.14736446419883792
13,18,0.18220018902510304,0.1961441939672069,0.03573750921700157,0.0178,0.0196,-0.01793750921700157,-0.01613750921700157,0.0017999999999999995,13.419527885493416,96.82546034943121,0.24071290513384774,0.2165577549399596,-0.024155150193888142
13,19,0.18220018902510304,0.5815475634811581,0.10595807599335512,0.1002,0.1036,-0.005758075993355122,-0.0023580759933551215,0.0034000000000000002,0.6104654065733354,224.2030080449282,0.003515106202363696,0.001439523820014356,-0.00207558238234934
13,20,0.18220018902510304,0.30358985466230565,0.055314128905575646,0.0466,0.0452,-0.008714128905575644,-0.01011412890557565,-0.0014000000000000054,3.2426972055818877,150.4877363552437,0.028257281451190493,0.03279705753900515,0.004539776087814657
13,21,0.18220018902510304,0.3591545639587549,0.0654380294425136,0.0596,0.0638,-0.005838029442513604,-0.0016380294425136083,0.004199999999999995,9.112193742643315,454.3682312266154,0.0531972553554399,0.01492604163633802,-0.03827121371910188
13,22,0.18220018902510304,0.22768425877375342,0.04148411498661835,0.0666,0.0612,0.025115885013381654,0.019715885013381645,-0.005400000000000009,59.53481868488065,546.2762067708752,-1.495269660381988,-1.173781639483632,0.32148802089835593
13,23,0.18220018902510304,0.20179848513594068,0.03676772213674784,0.0246,0.027,-0.012167722136747838,-0.009767722136747838,0.0023999999999999994,2.2196578947332894,527.3641581264096,0.027008180501753347,0.021681001554393453,-0.005327178947359894
13,24,0.18220018902510304,0.35457382493066114,0.06460341792572026,0.083,0.0854,0.018396582074279744,0.020796582074279743,0.0023999999999999994,31.200360145545815,740.7144069769201,-0.5739799861646203,-0.6488608505139302,-0.07488086434930985
13,25,0.18220018902510304,0.7210253586494617,0.13137095663782464,0.1288,0.132,-0.0025709566378246396,0.0006290433621753688,0.0032000000000000084,32.64152933720156,540.2152248246044,0.08391995651822606,-0.02053293736081921,-0.10445289387904527
13,26,0.18220018902510304,0.3766803921978068,0.06863123866049035,0.067,0.0762,-0.00163123866049035,0.00756876133950965,0.0092,1.2188437205906637,241.0142621227178,0.001988224998123389,-0.009225137231310717,-0.011213362229434105
13,27,0.18220018902510304,0.5734241788507295,0.10447799377816741,0.0912,0.0914,-0.013277993778167407,-0.013077993778167415,0.00019999999999999185,18.422293006021274,513.4516768600398,0.24461109191352742,0.2409266333123233,-0.003684458601204116
13,28,0.18220018902510304,0.5368048429729841,0.09780594385926847,0.09,0.0922,-0.0078059438592684716,-0.005605943859268464,0.0022000000000000075,12.375308293518986,207.97893886392498,0.09660096178034872,0.06937528353460685,-0.02722567824574186
13,29,0.18220018902510304,0.20992975486519724,0.03824924101843248,0.0486,0.0522,0.010350758981567516,0.013950758981567522,0.003600000000000006,7.271425112553579,891.2788013187462,-0.07526476879255954,-0.10144189919775247,-0.026177130405192928
13,30,0.18220018902510304,0.518065685771502,0.0943916658749873,0.0836,0.0856,-0.01079166587498731,-0.008791665874987309,0.0020000000000000018,10.355509720212263,265.01627851401514,0.11175320086571407,0.09104218142528953,-0.02071101944042454
13,31,0.18220018902510304,0.5744315312620573,0.10466153357792622,0.1116,0.109,0.006938466422073783,0.004338466422073778,-0.002600000000000005,28.825760258451925,518.7363976576889,-0.20000656964401758,-0.12505959297204242,0.07494697667197517
13,32,0.18220018902510304,0.41408676958317514,0.0754466876908488,0.097,0.0968,0.02155331230915121,0.021353312309151204,-0.00020000000000000573,2.9034832964350383,672.002563448633,-0.06257968227246824,-0.06199898561318122,0.0005806966592870194
13,33,0.18220018902510304,0.5082093407162553,0.09259583794282472,0.1036,0.1062,0.011004162057175276,0.013604162057175281,0.002600000000000005,31.28932120037559,495.7721913632407,-0.344312761147943,-0.42566499626891974,-0.08135223512097672
13,34,0.18220018902510304,0.430076829107486,0.07836007955870089,0.0686,0.0706,-0.009760079558700896,-0.007760079558700894,0.0020000000000000018,0.06759024311822104,328.1075092811054,0.000659686150225773,0.0005245056639893308,-0.0001351804862364422
13,35,0.18220018902510304,0.36780900467919186,0.06701487017768376,0.0606,0.0596,-0.00641487017768376,-0.0074148701776837606,-0.0010000000000000009,14.462023360634044,556.2780359751016,0.0927720023650972,0.10723402572573125,0.014462023360634055
13,36,0.18220018902510304,0.31652023366573906,0.05767004640416744,0.071,0.07,0.013329953595832555,0.012329953595832568,-0.000999999999999987,0.0011757777383705837,294.5940695938746,-1.5673062691492833e-05,-1.4497284953122262e-05,1.1757777383705703e-06
13,37,0.18220018902510304,0.29742640159246664,0.05419114659120363,0.07,0.0686,0.015808853408796376,0.014408853408796364,-0.0014000000000000123,1.260104730157015,385.1425277499475,-0.019920810958783165,-0.01815666433656333,0.0017641466222198358
13,38,0.18220018902510304,0.3126547933069382,0.05696576244012866,0.0288,0.025,-0.02816576244012866,-0.03196576244012866,-0.003799999999999998,9.429250952889657,152.08862942737744,0.26558204232744687,0.3014131959484275,0.03583115362098066
13,39,0.18220018902510304,0.4273457371252059,0.0778624740832845,0.0662,0.065,-0.01166247408328451,-0.012862474083284503,-0.0011999999999999927,25.070665580613323,434.3483847911029,0.2923859875845959,0.3224707862813317,0.030084798696735804
13,40,0.18220018902510304,0.21905177326219738,0.039911274494656375,0.0706,0.0684,0.03068872550534362,0.028488725505343628,-0.0021999999999999936,5.090143744381565,1327.8974268938957,-0.15621002415406782,-0.1450117079164284,0.011198316237639422
13,41,0.18220018902510304,0.3502829106424205,0.0638216125313123,0.0654,0.0668,0.0015783874686877003,0.0029783874686876988,0.0013999999999999985,5.409223563535096,88.209048488807,-0.008537850688014022,-0.01611076367696315,-0.007572912988949127
13,42,0.18220018902510304,0.41157518975916685,0.07498907737216286,0.075,0.0708,1.0922627837139931e-05,-0.0041890773721628555,-0.004199999999999995,1.712579447981084,140.99570090433613,-1.8705867951831925e-05,0.007174127813568713,0.007192833681520545
13,43,0.18220018902510304,0.6032014180886877,0.1099034123959691,0.1058,0.1078,-0.004103412395969092,-0.00210341239596909,0.0020000000000000018,27.3125926794383,469.4858385368,0.11207483136686179,0.05744964600798513,-0.05462518535887666
13,44,0.18220018902510304,0.33973613686845183,0.0618999883560902,0.0446,0.0408,-0.0172999883560902,-0.0210999883560902,-0.003799999999999998,49.340975462158134,398.1203039571104,0.853598300973468,1.0410940077296689,0.18749570675620086
13,45,0.18220018902510304,0.37870641253843484,0.06900037994952148,0.0614,0.0602,-0.007600379949521473,-0.00880037994952148,-0.0012000000000000066,31.813339062424713,753.4146085876306,0.24179346433738105,0.27996947121229093,0.03817600687490988
13,46,0.18220018902510304,0.8322142840240537,0.15162959985857338,0.1488,0.1482,-0.002829599858573395,-0.0034295998585733845,-0.0005999999999999894,31.05195678780816,543.1738140619035,0.08786461253520914,0.1064957866078937,0.018631174072684567
13,47,0.18220018902510304,0.40849133535173493,0.07442719851620286,0.0586,0.0564,-0.01582719851620286,-0.01802719851620286,-0.0022000000000000006,6.860664288315508,233.98375092904917,0.10858509564419315,0.12367855707848728,0.015093461434294131
13,48,0.18220018902510304,0.9486986627935283,0.17285307568884334,0.17,0.1698,-0.002853075688843326,-0.003053075688843332,-0.00020000000000000573,16.617789286799432,512.014649439835,0.04741181061648854,0.05073536847384852,0.0033235578573599794
13,49,0.18220018902510304,0.96,0.17491218146409893,0.177,0.1762,0.002087818535901065,0.0012878185359010696,-0.0007999999999999952,18.06561319239951,625.6537436278263,-0.03771772208551051,-0.023265231531590987,0.014452490553919523
14,15,0.20557322827031327,0.34595507175101126,0.07111910093634324,0.102,0.1022,0.03088089906365675,0.031080899063656756,0.00020000000000000573,6.368103243574883,179.48523543558386,-0.19665275349178113,-0.19792637414049613,-0.0012736206487150015
14,16,0.20557322827031327,0.2808089832005398,0.05772680920383914,0.0466,0.0526,-0.011126809203839134,-0.005126809203839136,0.005999999999999998,25.406070088546496,354.01637611336116,0.2826884944946213,0.13025207396334235,-0.15243642053127895
14,17,0.20557322827031327,0.32558160642689904,0.0669308618986122,0.0416,0.0472,-0.02533086189861221,-0.019730861898612208,0.005600000000000001,1.618062219333474,74.18311604148299,0.04098691062129821,0.03192576219303075,-0.009061148428267461
14,18,0.20557322827031327,0.1961441939672069,0.040321995160317224,0.0378,0.037,-0.002521995160317224,-0.003321995160317226,-0.0008000000000000021,0.018711010673501453,451.69090770735727,4.7189078363214584e-05,6.215788690201579e-05,1.4968808538801202e-05
14,19,0.20557322827031327,0.5815475634811581,0.11955061001755661,0.1122,0.1096,-0.007350610017556616,-0.009950610017556608,-0.002599999999999991,7.535883249632366,176.08442492938033,0.05539333890588478,0.07498663535492886,0.019593296449044083
14,20,0.20557322827031327,0.30358985466230565,0.06240994649304539,0.0598,0.0612,-0.002609946493045391,-0.0012099464930453926,0.0013999999999999985,2.9781444266113746,317.5462179624354,0.007772797602017034,0.0036033954047611145,-0.004169402197255919
14,21,0.20557322827031327,0.3591545639587549,0.07383256316101795,0.0628,0.0586,-0.011032563161017958,-0.015232563161017953,-0.004199999999999995,0.25789957605069186,68.45176444487939,0.0028452933619790123,0.003928471581391917,0.0010831782194129043
14,22,0.20557322827031327,0.22768425877375342,0.04680578810245389,0.063,0.0584,0.016194211897546114,0.011594211897546114,-0.0046,17.551087092597054,161.4279539937223,-0.28422602340980324,-0.2034910227838568,0.08073500062594643
14,23,0.20557322827031327,0.20179848513594068,0.04148436604945415,0.0224,0.0162,-0.01908436604945415,-0.02528436604945415,-0.006200000000000001,4.14785176454959,85.01791161553815,0.07915912139353869,0.10487580233374615,0.02571668094020746
14,24,0.20557322827031327,0.35457382493066114,0.07289088585114889,0.0806,0.0822,0.007709114148851115,0.009309114148851105,0.0015999999999999903,4.240506747247986,113.5726315075456,-0.032690550563508065,-0.0394753613591048,-0.0067848107955967366
14,25,0.20557322827031327,0.7210253586494617,0.14822351064233028,0.1558,0.1528,0.007576489357669719,0.004576489357669716,-0.0030000000000000027,4.78208288203541,108.40686119723973,-0.03623140006323582,-0.02188515141712958,0.014346248646106244
14,26,0.20557322827031327,0.3766803921978068,0.07743540425023086,0.0632,0.0684,-0.014235404250230857,-0.00903540425023086,0.005199999999999996,21.441453722033625,163.86895360660566,0.3052277614457657,0.19373220209119094,-0.11149555935457475
14,27,0.20557322827031327,0.5734241788507295,0.11788065961459795,0.1158,0.1156,-0.0020806596145979545,-0.00228065961459796,-0.00020000000000000573,0.5862056680673801,90.39212248496963,0.0012196944593962115,0.0013369355930096909,0.00011724113361347935
14,28,0.20557322827031327,0.5368048429729841,0.11035270452109494,0.1078,0.112,-0.002552704521094934,0.0016472954789050614,0.004199999999999995,7.4365501710658e-05,200.2642300451738,1.8983315243028972e-07,-1.2250195475447354e-07,-3.1233510718476323e-07
14,29,0.20557322827031327,0.20992975486519724,0.0431559374176341,0.0092,0.0118,-0.0339559374176341,-0.0313559374176341,0.0026,0.6887691482386972,71.44856764397704,0.023387802092790344,0.021597002307369734,-0.0017907997854206097
14,30,0.20557322827031327,0.518065685771502,0.10650043548012138,0.0922,0.0868,-0.014300435480121373,-0.019700435480121375,-0.005400000000000002,0.09516077458958344,142.7834336333807,0.0013608405172567115,0.0018747087000404623,0.0005138681827837508
14,31,0.20557322827031327,0.5744315312620573,0.1180877443018005,0.1102,0.1132,-0.00788774430180049,-0.004887744301800501,0.002999999999999989,3.3947454402012736,72.85463471432996,0.026776884002010788,0.016592647681407006,-0.010184236320603782
14,32,0.20557322827031327,0.41408676958317514,0.08512515400723868,0.0818,0.0894,-0.0033251540072386787,0.004274845992761317,0.007599999999999996,3.3215723023438097,100.86081448777753,0.011044739451471523,-0.014199210046341417,-0.02524394949781294
14,33,0.20557322827031327,0.5082093407162553,0.10447423480816817,0.1114,0.1078,0.006925765191831829,0.0033257651918318365,-0.003599999999999992,4.273343338778971,106.69078659449215,-0.029596172548461804,-0.014212136528857545,0.01538403601960426
14,34,0.20557322827031327,0.430076829107486,0.08841228216388573,0.0788,0.0778,-0.009612282163885738,-0.010612282163885739,-0.0010000000000000009,14.337282497615096,127.96165959063819,0.13781400483041675,0.15215128732803188,0.014337282497615123
14,35,0.20557322827031327,0.36780900467919186,0.07561168447879223,0.0652,0.058,-0.010411684478792232,-0.017611684478792224,-0.007199999999999991,0.07640664788440801,67.34258610793478,0.0007955219098546342,0.0013456497746223712,0.000550127864767737
14,36,0.20557322827031327,0.31652023366573906,0.06506808624753987,0.0532,0.0568,-0.011868086247539877,-0.008268086247539871,0.003600000000000006,12.67907442987133,129.33179247835403,0.15047634887269043,0.10483168092515358,-0.045644667947536854
14,37,0.20557322827031327,0.29742640159246664,0.06114290554818601,0.0684,0.067,0.007257094451813995,0.005857094451813996,-0.0013999999999999985,5.7789050054317395,186.01398805366307,-0.0419380594524788,-0.03384759244487437,0.008090467007604428
14,38,0.20557322827031327,0.3126547933069382,0.06427345519429481,0.0904,0.0942,0.026126544805705185,0.029926544805705196,0.0038000000000000117,0.2077268758274597,378.8735149989838,-0.005427185528655283,-0.006216547656799632,-0.0007893621281443493
14,39,0.20557322827031327,0.4273457371252059,0.08785084276838524,0.09,0.0872,0.002149157231614754,-0.000650842768385243,-0.002799999999999997,2.1921242120984616,144.36713425941093,-0.004711219603029204,0.0014267281908464824,0.006137947793875686
14,40,0.20557322827031327,0.21905177326219738,0.0450311801878466,0.0266,0.0246,-0.018431180187846605,-0.020431180187846603,-0.0019999999999999983,1.6137751255157085,236.4589331975399,0.029743780121044793,0.03297133037207621,0.003227550251031417
14,41,0.20557322827031327,0.3502829106424205,0.07200878874868405,0.0762,0.0712,0.004191211251315954,-0.00080878874868405,-0.0050000000000000044,34.248864448699756,495.7255352828495,-0.14354422602218542,0.027700096221313524,0.17124432224349895
14,42,0.20557322827031327,0.41157518975916685,0.0846088404347587,0.0776,0.0726,-0.0070088404347587036,-0.012008840434758708,-0.0050000000000000044,23.37852824380403,258.76430079965354,0.16385637406032208,0.2807490152793423,0.11689264121902024
14,43,0.20557322827031327,0.6032014180886877,0.12400206281372246,0.1114,0.1166,-0.012602062813722462,-0.007402062813722465,0.005199999999999996,2.8888642566737825,74.06314054317951,0.036405648822920654,0.021383554688216996,-0.015022094134703658
14,44,0.20557322827031327,0.33973613686845183,0.06984065441613264,0.069,0.07,-0.0008406544161326385,0.00015934558386736242,0.0010000000000000009,12.234842583794416,116.87882946913119,0.010285274448754437,-0.00194956813503999,-0.012234842583794427
14,45,0.20557322827031327,0.37870641253843484,0.07785189979219509,0.082,0.0828,0.004148100207804914,0.004948100207804909,0.0007999999999999952,4.468371484673305,163.8121462646356,-0.01853525268412289,-0.022109949871861514,-0.003574697187738625
14,46,0.20557322827031327,0.8322142840240537,0.17108097697949212,0.1696,0.166,-0.0014809769794921213,-0.005080976979492113,-0.003599999999999992,4.1859076573659255,95.88985199392296,0.00619923287883873,0.02126850044535603,0.015069267566517299
14,47,0.20557322827031327,0.40849133535173493,0.08397488252870729,0.0854,0.0888,0.0014251174712927167,0.004825117471292717,0.0034000000000000002,0.8229976897025765,190.01491742324453,-0.0011728683864286836,-0.003971060531417444,-0.0027981921449887603
14,48,0.20557322827031327,0.9486986627935283,0.19502704676619495,0.196,0.19,0.0009729532338050573,-0.005027046766194948,-0.006000000000000005,0.3025144050097134,78.7971555743764,-0.00029433236862681344,0.0015207540614314684,0.001815086430058282
14,49,0.20557322827031327,0.96,0.19735029913950072,0.198,0.1942,0.000649700860499286,-0.003150299139500712,-0.003799999999999998,0.5240124758774056,79.86574853429367,-0.0003404513564899118,0.0016507960518442285,0.00199124740833414
15,16,0.34595507175101126,0.2808089832005398,0.09714729193147127,0.0922,0.0992,-0.004947291931471268,0.0020527080685287247,0.006999999999999992,6.334953427622442,172.87671172523721,0.03134086397872276,-0.013003810014634286,-0.044344673993357044
15,17,0.34595507175101126,0.32558160642689904,0.11263660801222737,0.136,0.1306,0.02336339198777264,0.017963391987772623,-0.005400000000000016,14.406130343573507,84.80637098751514,-0.33657607024385355,-0.2587829663885564,0.07779310385529714
15,18,0.34595507175101126,0.1961441939672069,0.06785707869746933,0.0704,0.0654,0.0025429213025306707,-0.0024570786974693337,-0.0050000000000000044,7.077187045602415,230.6641622221087,-0.01799672970025648,0.017389205527755622,0.0353859352280121
15,19,0.34595507175101126,0.5815475634811581,0.20118932905074982,0.1894,0.1892,-0.011789329050749808,-0.011989329050749814,-0.00020000000000000573,0.04912704748417112,48.69057591715989,0.0005791749280827039,0.0005890003375795383,9.825409496834426e-06
15,20,0.34595507175101126,0.30358985466230565,0.10502844995257703,0.0886,0.0908,-0.01642844995257703,-0.014228449952577021,0.0022000000000000075,0.6364529118837737,122.6429465450988,0.010455934810054494,0.009055738403910187,-0.0014001964061443068
15,21,0.34595507175101126,0.3591545639587549,0.12425134294405421,0.1422,0.1326,0.017948657055945783,0.008348657055945785,-0.009599999999999997,4.062933466865102,66.55927965632985,-0.07292419943788658,-0.03392003815598161,0.039004161281904974
15,22,0.34595507175101126,0.22768425877375342,0.07876852408064967,0.0544,0.05,-0.024368524080649677,-0.02876852408064967,-0.004399999999999994,45.06318566748362,61.20293982056209,1.098123325088862,1.2964013420257898,0.19827801693692781
15,23,0.34595507175101126,0.20179848513594068,0.06981320940444974,0.0658,0.0622,-0.004013209404449741,-0.00761320940444974,-0.003599999999999999,0.2370546241931164,91.06523740516211,0.0009513498471801139,0.0018047464942753328,0.0008533966470952189
15,24,0.34595507175101126,0.35457382493066114,0.12266661304491738,0.1098,0.1042,-0.012866613044917388,-0.018466613044917382,-0.005599999999999994,21.001681677586323,86.78485972445311,0.27022051143803466,0.38782992883251793,0.11760941739448327
15,25,0.34595507175101126,0.7210253586494617,0.24944237968587316,0.2496,0.2448,0.00015762031412683286,-0.004642379685873166,-0.004799999999999999,22.186996808435946,48.95847526879996,-0.003497121406476712,0.1030004632740158,0.1064975846804925
15,26,0.34595507175101126,0.3766803921978068,0.13031449210999133,0.1186,0.1198,-0.011714492109991329,-0.010514492109991322,0.0012000000000000066,4.439371600982659,48.7262700679195,0.05200498359303093,0.04667773767185171,-0.0053272459211792175
15,27,0.34595507175101126,0.5734241788507295,0.19837900293806884,0.206,0.2072,0.007620997061931145,0.008820997061931152,0.0012000000000000066,10.818512951918533,58.346046554070035,-0.08244785542103518,-0.0954300709633375,-0.01298221554230232
15,28,0.34595507175101126,0.5368048429729841,0.18571035796700905,0.179,0.1692,-0.006710357967009056,-0.01651035796700906,-0.009800000000000003,6.3246544110022915,54.47087990454948,0.0424406951154482,0.10442230834327068,0.06198161322782248
15,29,0.34595507175101126,0.20992975486519724,0.07262626340706152,0.0954,0.085,0.02277373659293848,0.012373736592938486,-0.010399999999999993,2.8682434767755542,294.1964646916117,-0.06532062142450053,-0.03549088926603478,0.029829732158465745
15,30,0.34595507175101126,0.518065685771502,0.17922745149281682,0.201,0.1836,0.021772548507183187,0.004372548507183188,-0.0174,4.906352155116305,72.16807830250991,-0.10682379029059251,-0.021453262791568818,0.08537052749902369
15,31,0.34595507175101126,0.5744315312620573,0.19872750161380828,0.2244,0.2072,0.025672498386191706,0.008472498386191712,-0.017199999999999993,19.061900129780046,61.59676686324257,-0.48936660031952567,-0.16150191808730904,0.32786468223221665
15,32,0.34595507175101126,0.41408676958317514,0.1432554180822918,0.147,0.1502,0.003744581917708184,0.0069445819177081924,0.0032000000000000084,0.491389759463891,84.35011636819598,-0.0018400492078354603,-0.003412496438119916,-0.0015724472302844556
15,33,0.34595507175101126,0.5082093407162553,0.17581759893202625,0.1796,0.174,0.0037824010679737563,-0.0018175989320262653,-0.005600000000000022,21.074680323929368,42.90853726385553,-0.07971289336443595,0.038305316449568964,0.1180182098140049
15,34,0.34595507175101126,0.430076829107486,0.14878726027232772,0.1632,0.161,0.014412739727672291,0.012212739727672284,-0.0022000000000000075,1.5950434965192053,64.30400993181765,-0.02298894676964767,-0.019479851077305408,0.0035090956923422637
15,35,0.34595507175101126,0.36780900467919186,0.12724539060445786,0.129,0.117,0.001754609395542145,-0.010245390604457852,-0.011999999999999997,7.839594723608766,71.7838034978157,-0.013755426559286564,0.0803197101240186,0.09407513668330517
15,36,0.34595507175101126,0.31652023366573906,0.1095017801484776,0.113,0.1144,0.003498219851522405,0.0048982198515224035,0.0013999999999999985,1.075905598004143,40.10469706154432,-0.0037637543213021774,-0.005270022158507976,-0.0015062678372057985
15,37,0.34595507175101126,0.29742640159246664,0.10289617210356689,0.0872,0.0762,-0.015696172103566886,-0.02669617210356688,-0.010999999999999996,0.014298129762696921,17.52922656329934,0.00022442590551442282,0.0003817053329040889,0.00015727942738966605
15,38,0.34595507175101126,0.3126547933069382,0.1081645114517994,0.1176,0.1184,0.009435488548200602,0.01023548854820061,0.000800000000000009,4.275546491903748,128.42043085809274,-0.040341869961657076,-0.04376230715518011,-0.0034204371935230363
15,39,0.34595507175101126,0.4273457371252059,0.1478424251496394,0.1684,0.162,0.020557574850360583,0.014157574850360594,-0.006399999999999989,16.032756694260037,79.52912574480825,-0.3295945957998704,-0.22698495295660634,0.10260964284326404
15,40,0.34595507175101126,0.21905177326219738,0.07578207193610974,0.0666,0.0672,-0.009182071936109731,-0.008582071936109742,0.0005999999999999894,1.5704240531971847,369.22559343810707,0.014419746626653565,0.013477492194735272,-0.0009422544319182928
15,41,0.34595507175101126,0.3502829106424205,0.12118214948445165,0.1396,0.1268,0.018417850515548354,0.005617850515548348,-0.012800000000000006,11.080528855846076,265.5585691526737,-0.20407952410019306,-0.06224875474536322,0.14183076935482986
15,42,0.34595507175101126,0.41157518975916685,0.14238652430406865,0.15,0.1454,0.007613475695931349,0.0030134756959313558,-0.004599999999999993,5.343608597632205,122.74104446693858,-0.04068343418664259,-0.016102834637534483,0.024580599549108104
15,43,0.34595507175101126,0.6032014180886877,0.20868058987518368,0.2178,0.2154,0.009119410124816318,0.006719410124816333,-0.0023999999999999855,17.835215769719966,47.75305004534884,-0.16264664726866793,-0.11984212942134026,0.04280451784732767
15,44,0.34595507175101126,0.33973613686845183,0.11753343960673664,0.1318,0.1184,0.014266560393263364,0.0008665603932633686,-0.013399999999999995,36.25658462989263,49.92757874836758,-0.5172567542758274,-0.03141852023526636,0.48583823404056103
15,45,0.34595507175101126,0.37870641253843484,0.1310154041223023,0.1362,0.1338,0.005184595877697679,0.002784595877697693,-0.0023999999999999855,21.505129928421375,147.10089824243474,-0.11149540797624644,-0.05988309614803545,0.05161231182821099
15,46,0.34595507175101126,0.8322142840240537,0.28790875234175795,0.3,0.286,0.012091247658242044,-0.0019087523417579688,-0.014000000000000012,20.87995727503687,57.26143556260651,-0.25246473450598345,0.03985466734453296,0.2923194018505164
15,47,0.34595507175101126,0.40849133535173493,0.14131964923127585,0.1476,0.144,0.006280350768724158,0.002680350768724138,-0.00360000000000002,2.6124835623893383,66.46931170302156,-0.016407313149331106,-0.0070023723247294375,0.009404940824601669
15,48,0.34595507175101126,0.9486986627935283,0.3282071139568235,0.3372,0.3224,0.008992886043176496,-0.005807113956823484,-0.01479999999999998,9.446544854957617,50.75303663998926,-0.08495170138238908,0.054857162470983455,0.13980886385337254
15,49,0.34595507175101126,0.96,0.3321168688809708,0.3422,0.329,0.010083131119029198,-0.003116868880970791,-0.01319999999999999,10.545588340019528,77.68839853324681,-0.10633254995972237,0.032869216128535286,0.13920176608825766
16,17,0.2808089832005398,0.32558160642689904,0.09142623984953586,0.0714,0.0772,-0.02002623984953586,-0.01422623984953586,0.0058,39.847330372639846,273.4392958720625,0.7979921954061807,0.5668776792448695,-0.23111451616131118
16,18,0.2808089832005398,0.1961441939672069,0.05507905166862082,0.0628,0.0564,0.007720948331379172,0.0013209483313791764,-0.006399999999999996,26.803727434069213,117.57590749659418,-0.20695019460681885,-0.035406339028775984,0.17154385557804286
16,19,0.2808089832005398,0.5815475634811581,0.1633037799838954,0.1448,0.1454,-0.01850377998389538,-0.01790377998389539,0.0005999999999999894,5.268342947103149,61.88791848695626,0.09748425877290365,0.09432325300464181,-0.0031610057682618375
16,20,0.2808089832005398,0.30358985466230565,0.08525075839772171,0.078,0.0806,-0.007250758397721713,-0.004650758397721708,0.002600000000000005,10.987324444078766,63.62849123571836,0.07966643498139717,0.05109939142679231,-0.028567043554604855
16,21,0.2808089832005398,0.3591545639587549,0.1008538279170912,0.1102,0.1158,0.009346172082908805,0.014946172082908799,0.005599999999999994,20.544510824074962,238.20983173996393,-0.19201253352098716,-0.3070617941358068,-0.11504926061481965
16,22,0.2808089832005398,0.22768425877375342,0.06393578519702628,0.0444,0.0484,-0.019535785197026277,-0.01553578519702628,0.003999999999999997,85.19004241550586,270.11971594674134,1.66425436955488,1.3234941998928569,-0.34076016966202305
16,23,0.2808089832005398,0.20179848513594068,0.05666682742243275,0.0546,0.0516,-0.0020668274224327488,-0.005066827422432751,-0.0030000000000000027,9.022909929954244,287.8462560451321,0.018648797673370184,0.04571752746323294,0.027068729789862755
16,24,0.2808089832005398,0.35457382493066114,0.09956751524830518,0.0974,0.095,-0.002167515248305177,-0.004567515248305176,-0.0023999999999999994,50.405633811633884,422.0480006447498,0.10925497988720344,0.2302285010351247,0.12097352114792127
16,25,0.2808089832005398,0.7210253586494617,0.2024703978241599,0.2038,0.215,0.0013296021758401055,0.012529602175840093,0.011199999999999988,52.233010227568634,299.5324281194918,-0.06944912404925374,-0.6544588385980218,-0.585009714548768
16,26,0.2808089832005398,0.3766803921978068,0.10577523792464669,0.0838,0.0952,-0.021975237924646687,-0.01057523792464668,0.011400000000000007,0.16806040054026605,60.9537608723209,0.0036931672875837674,0.0017772787214247329,-0.0019158885661590345
16,27,0.2808089832005398,0.5734241788507295,0.16102266060567783,0.1796,0.1874,0.018577339394322184,0.026377339394322186,0.007800000000000001,33.71061295816787,301.3801927455768,-0.6262534981145199,-0.8891962791882293,-0.2629427810737094
16,28,0.2808089832005398,0.5368048429729841,0.15073962213236913,0.1298,0.1304,-0.020939622132369134,-0.020339622132369145,0.0005999999999999894,25.319211487950625,58.75764334659284,0.5301747212472258,0.5149831943544556,-0.015191526892770146
16,29,0.2808089832005398,0.20992975486519724,0.05895016100723462,0.0708,0.0694,0.011849838992765385,0.010449838992765387,-0.0013999999999999985,17.728497801012733,555.7504542873236,-0.21007984452559605,-0.18525994760417827,0.024819896921417783
16,30,0.2808089832005398,0.518065685771502,0.14547749845258584,0.1358,0.1404,-0.009677498452585837,-0.0050774984525858435,0.004599999999999993,22.39146475688093,112.4842637617832,0.21669336553584548,0.11369262765419337,-0.10300073788165211
16,31,0.2808089832005398,0.5744315312620573,0.1613055342120274,0.1666,0.1682,0.005294465787972602,0.006894465787972592,0.0015999999999999903,47.37468325590974,258.8506444292352,-0.2508236397144526,-0.3266231329239077,-0.07579949320945512
16,32,0.2808089832005398,0.41408676958317514,0.11627928472344763,0.1448,0.1548,0.02852071527655238,0.03852071527655236,0.009999999999999981,10.355043367614195,369.26131391699806,-0.2953332435640766,-0.39888367724021834,-0.10355043367614175
16,33,0.2808089832005398,0.5082093407162553,0.14270974821954838,0.1238,0.1286,-0.018909748219548383,-0.014109748219548385,0.004799999999999999,50.518689842541214,223.06229165830212,0.9552957053039107,0.712805994059713,-0.24248971124419771
16,34,0.2808089832005398,0.430076829107486,0.12076943707978548,0.137,0.1414,0.016230562920214534,0.02063056292021452,0.004399999999999987,1.5724734234438404,164.4290956647522,-0.025522128839570404,-0.032441011902723284,-0.006918883063152879
16,35,0.2808089832005398,0.36780900467919186,0.10328407261596646,0.1086,0.1202,0.005315927384033539,0.01691592738403354,0.0116,28.269010534095788,317.43179919614795,-0.15027600721773238,-0.4781965294132435,-0.3279205221955111
16,36,0.2808089832005398,0.31652023366573906,0.08888172497807345,0.1048,0.1082,0.015918275021926553,0.019318275021926554,0.0034000000000000002,2.189437052303793,117.89170748369858,-0.03485206114176797,-0.04229614711960087,-0.007444085977832901
16,37,0.2808089832005398,0.29742640159246664,0.08352000540817597,0.0906,0.097,0.0070799945918240265,0.01347999459182403,0.006400000000000003,6.951175094551737,175.12114062899747,-0.049214282076248166,-0.0937018026813793,-0.044487520605131135
16,38,0.2808089832005398,0.3126547933069382,0.08779627460129626,0.0786,0.0824,-0.009196274601296253,-0.005396274601296255,0.003799999999999998,21.019224702869202,125.67485744329818,0.19329856227393483,0.11342550840303191,-0.07987305387090292
16,39,0.2808089832005398,0.4273457371252059,0.12000252191721425,0.1072,0.1098,-0.012802521917214246,-0.010202521917214255,0.002599999999999991,42.52377789062539,204.53639274616236,0.5444115984474821,0.4338497759318565,-0.11056182251562563
16,40,0.2808089832005398,0.21905177326219738,0.06151170571803284,0.083,0.0786,0.021488294281967163,0.017088294281967162,-0.004400000000000001,14.21364609863299,894.2160313169674,-0.3054270101871602,-0.242886967353175,0.06254004283398518
16,41,0.2808089832005398,0.3502829106424205,0.09836258797002365,0.0892,0.0928,-0.009162587970023645,-0.0055625879700236525,0.003599999999999992,0.6590346581260302,45.756365931353095,0.00603846303037421,0.0036659382611205064,-0.0023725247692537037
16,42,0.2808089832005398,0.41157518975916685,0.11557401054684087,0.127,0.1262,0.011425989453159133,0.010625989453159138,-0.0007999999999999952,0.042151650668696104,52.45192378943311,-0.00048162431597376977,-0.0004479029954388131,3.372132053495666e-05
16,43,0.2808089832005398,0.6032014180886877,0.16938437687860808,0.1656,0.1706,-0.003784376878608081,0.0012156231213919233,0.0050000000000000044,45.4290742747704,233.0146616451662,0.1719207383020103,-0.055224633071841916,-0.2271453713738522
16,44,0.2808089832005398,0.33973613686845183,0.09540095915050939,0.094,0.096,-0.00140095915050939,0.0005990408494906119,0.0020000000000000018,72.90218140766662,205.11235379702381,0.10213297813516606,-0.0436713846801673,-0.14580436281533335
16,45,0.2808089832005398,0.37870641253843484,0.10634416263644206,0.1162,0.1218,0.00985583736355794,0.015455837363557948,0.005600000000000008,51.1839473508086,502.9859326691879,-0.5044606607144818,-0.7910907658790104,-0.2866301051645286
16,46,0.2808089832005398,0.8322142840240537,0.23369324690175977,0.2436,0.2512,0.00990675309824024,0.017506753098240208,0.007599999999999968,50.216959038240645,307.9814509711525,-0.49748701453629374,-0.879135903226921,-0.3816488886906273
16,47,0.2808089832005398,0.40849133535173493,0.1147080365263514,0.1358,0.1388,0.021091963473648598,0.0240919634736486,0.0030000000000000027,17.083765817724096,141.4046866836841,-0.3603301646198031,-0.4115814620729754,-0.051251297453172306
16,48,0.2808089832005398,0.9486986627935283,0.2664031068627625,0.266,0.2712,-0.000403106862762459,0.004796893137237523,0.005199999999999982,31.253204291692676,265.5191983756954,0.012598381133298454,-0.14991828118350292,-0.16251666231680137
16,49,0.2808089832005398,0.96,0.26957662387251824,0.2746,0.2836,0.005023376127481771,0.01402337612748178,0.009000000000000008,33.22750613426392,345.4622440649149,-0.1669142610906155,-0.465961816298991,-0.29904755520837556
17,18,0.32558160642689904,0.1961441939672069,0.0638609417631525,0.0416,0.038,-0.022260941763152506,-0.025860941763152505,-0.003599999999999999,1.2887756469329656,303.7081249664565,0.028689359622143945,0.033328951951102616,0.004639592328958671
17,19,0.32558160642689904,0.5815475634811581,0.1893411899318445,0.182,0.1886,-0.007341189931844516,-0.0007411899318445214,0.006599999999999995,16.137791966573904,113.72978417844205,0.11847059590721365,0.011961168927825977,-0.10650942697938767
17,20,0.32558160642689904,0.30358985466230565,0.09884327257586228,0.1146,0.1206,0.01575672742413771,0.021756727424137715,0.006000000000000005,8.986570175502928,252.18747554109268,-0.14159893673328502,-0.19551835778630264,-0.05391942105301761
17,21,0.32558160642689904,0.3591545639587549,0.11693411988924388,0.1208,0.122,0.0038658801107561286,0.005065880110756121,0.0011999999999999927,3.1679332507805213,48.544548911232326,-0.012246850146395424,-0.016048370047332026,-0.003801519900936603
17,22,0.32558160642689904,0.22768425877375342,0.07412980672967642,0.0568,0.0578,-0.01732980672967642,-0.016329806729676426,0.000999999999999994,8.511053622218848,68.06992992422437,0.14749491433896506,0.13898386071674626,-0.008511053622218795
17,23,0.32558160642689904,0.20179848513594068,0.06570187496507428,0.0736,0.071,0.007898125034925721,0.005298125034925716,-0.002600000000000005,10.947219700249692,103.7319213816814,-0.08646250997737413,-0.05799973875672488,0.028462771220649254
17,24,0.32558160642689904,0.35457382493066114,0.11544271551785472,0.1162,0.1212,0.000757284482145279,0.005757284482145283,0.0050000000000000044,0.6197126950081892,65.64316468384979,-0.0004692988073181317,-0.0035678622823590803,-0.0030985634750409488
17,25,0.32558160642689904,0.7210253586494617,0.23475259454362277,0.2162,0.2194,-0.018552594543622764,-0.015352594543622755,0.0032000000000000084,0.8367980364653003,27.668921926622332,0.015524774685440373,0.012847020968751404,-0.0026777537166889683
17,26,0.32558160642689904,0.3766803921978068,0.1226402072012763,0.1224,0.1272,-0.00024020720127630735,0.004559792798723705,0.004800000000000013,34.83977165934024,113.30154153008627,0.008368764043395729,-0.15886213992143786,-0.1672309039648336
17,27,0.32558160642689904,0.5734241788507295,0.18669636531424597,0.1636,0.185,-0.02309636531424597,-0.0016963653142459678,0.021400000000000002,0.2564308877944016,27.874969444865172,0.005922621462355918,0.00043500046355572256,-0.005487620998800195
17,28,0.32558160642689904,0.5368048429729841,0.17477378311288347,0.1562,0.1656,-0.018573783112883463,-0.009173783112883471,0.009399999999999992,1.6400754096660446,108.50708081709868,0.030462404947910606,0.015045696097049801,-0.015416708850860805
17,29,0.32558160642689904,0.20992975486519724,0.06834926682581605,0.074,0.0682,0.00565073317418395,-0.00014926682581604955,-0.0058,4.418201857663886,172.7627135477465,-0.024966079807342476,0.0006594909671080619,0.02562557077445054
17,30,0.32558160642689904,0.518065685771502,0.16867265820813873,0.1622,0.1614,-0.006472658208138721,-0.007272658208138744,-0.0008000000000000229,2.4980186466274126,92.84180880992238,0.0161688208971765,0.01816723581447849,0.0019984149173019883
17,31,0.32558160642689904,0.5744315312620573,0.18702434073056406,0.191,0.1922,0.003975659269435938,0.005175659269435945,0.0012000000000000066,0.32541634194912755,38.716895593253625,-0.001293744496295984,-0.001684244106634939,-0.00039049961033895504
17,32,0.32558160642689904,0.41408676958317514,0.13481903564101536,0.1328,0.1328,-0.0020190356410153543,-0.0020190356410153543,0.0,9.576232693271203,61.22450801453168,0.019334755114371015,0.019334755114371015,0.0
17,33,0.32558160642689904,0.5082093407162553,0.16546361355155367,0.1714,0.1756,0.005936386448446324,0.010136386448446333,0.004200000000000009,0.6323047198631456,47.446595771902835,-0.0037536051702842265,-0.006409284993709444,-0.0026556798234252175
17,34,0.32558160642689904,0.430076829107486,0.14002510490780223,0.15,0.1612,0.00997489509219776,0.021174895092197776,0.011200000000000015,25.58833285922344,89.52374152227651,-0.2552409358549906,-0.5418302638782935,-0.2865893280233029
17,35,0.32558160642689904,0.36780900467919186,0.11975184660173012,0.1072,0.1084,-0.012551846601730116,-0.011351846601730123,0.0011999999999999927,0.9912456871457898,45.221402258470775,0.012441963809680514,0.011252468985105573,-0.0011894948245749406
17,36,0.32558160642689904,0.31652023366573906,0.10305316614350878,0.105,0.1108,0.0019468338564912202,0.00774683385649122,0.0058,23.35595143064104,79.96822561492334,-0.045470156995736526,-0.18093467529345453,-0.135464518297718
17,37,0.32558160642689904,0.29742640159246664,0.09683656562424729,0.1168,0.1232,0.01996343437575271,0.026363434375752712,0.006400000000000003,13.512726493541644,115.73667739211308,-0.2697604285913136,-0.35624187814998015,-0.08648144955866655
17,38,0.32558160642689904,0.3126547933069382,0.10179464986194302,0.1196,0.1236,0.01780535013805698,0.021805350138056984,0.0040000000000000036,2.985297628491479,226.39499827593667,-0.05315426954160193,-0.06509546005556785,-0.011941190513965923
17,39,0.32558160642689904,0.4273457371252059,0.13913591159291186,0.1336,0.1358,-0.005535911592911863,-0.0033359115929118555,0.0022000000000000075,0.043493787914187794,78.1238626410825,0.0002407777647338021,0.00014509143132258862,-9.568633341121348e-05
17,40,0.32558160642689904,0.21905177326219738,0.07131922822936708,0.073,0.0682,0.0016807717706329162,-0.0031192282293670825,-0.004799999999999999,6.463671846241297,262.3562842204533,-0.010863957173797116,0.020161667688161102,0.031025624861958218
17,41,0.32558160642689904,0.3502829106424205,0.1140456727508492,0.1414,0.1408,0.027354327249150795,0.026754327249150806,-0.0005999999999999894,50.755418011284156,393.0847876883314,-1.3883803139481092,-1.3579270631413394,0.03045325080676986
17,42,0.32558160642689904,0.41157518975916685,0.13400131144724534,0.1422,0.151,0.008198688552754657,0.01699868855275466,0.008800000000000002,37.29747064220109,191.58068401090634,-0.305790345600917,-0.6340080872522866,-0.32821774165136963
17,43,0.32558160642689904,0.6032014180886877,0.19639128670029848,0.188,0.196,-0.008391286700298484,-0.00039128670029847656,0.008000000000000007,0.18287184614572938,32.584941292144634,0.0015345300904216895,7.155532125585313e-05,-0.0014629747691658364
17,44,0.32558160642689904,0.33973613686845183,0.11061183720289938,0.1078,0.1118,-0.0028118372028993754,0.0011881627971006142,0.00399999999999999,4.954200055957077,63.728186473920104,0.013930404027946278,-0.00588639619588198,-0.019816800223828257
17,45,0.32558160642689904,0.37870641253843484,0.12329984215843155,0.0808,0.0824,-0.042499842158431556,-0.04089984215843155,0.0016000000000000042,0.7086635038971097,52.32744914705307,0.03011808705906821,0.028984225452832833,-0.0011338616062353778
17,46,0.32558160642689904,0.8322142840240537,0.27095366348396305,0.2504,0.264,-0.020553663483963036,-0.006953663483963035,0.013600000000000001,0.5989495947014546,27.51315473294474,0.012310608413349747,0.004164893925409964,-0.008145714487939784
17,47,0.32558160642689904,0.40849133535173493,0.13299726517528698,0.1332,0.1378,0.00020273482471303006,0.004802734824713023,0.004599999999999993,4.749012654051834,116.73503270956714,-0.0009627902479791601,-0.022808248456617563,-0.021845458208638403
17,48,0.32558160642689904,0.9486986627935283,0.30887883464736793,0.303,0.313,-0.0058788346473679365,0.004121165352632072,0.010000000000000009,0.5213094882317696,34.43486428409932,0.0030646922814185746,-0.002148402600899126,-0.0052130948823177
17,49,0.32558160642689904,0.96,0.3125583421698231,0.3042,0.3156,-0.008358342169823063,0.0030416578301769026,0.011399999999999966,0.30046150056155424,42.84382093449221,0.002511360030551955,-0.0009139010758497533,-0.0034252611064017084
18,19,0.1961441939672069,0.5815475634811581,0.11406717809260483,0.105,0.1034,-0.009067178092604836,-0.010667178092604826,-0.0015999999999999903,8.305604225401225,113.79595795886911,0.07530839267840414,0.08859735943904602,0.013288966760641882
18,20,0.1961441939672069,0.30358985466230565,0.05954738733935943,0.044,0.0378,-0.015547387339359432,-0.02174738733935943,-0.006199999999999997,3.468974456827848,77.99832666994719,0.05393348955064655,0.0754411311829792,0.021507641632332646
18,21,0.1961441939672069,0.3591545639587549,0.07044608245733364,0.058,0.0584,-0.012446082457333633,-0.012046082457333636,0.0003999999999999976,0.41554311308394815,266.1567508400173,0.005171883850019933,0.005005666604786355,-0.000166217245233578
18,22,0.1961441939672069,0.22768425877375342,0.04465894541619882,0.05,0.0458,0.005341054583801186,0.0011410545838011835,-0.004200000000000002,16.423676682266414,338.63830355506457,-0.08771975362668769,-0.018740311561168704,0.06897944206551898
18,23,0.1961441939672069,0.20179848513594068,0.03958160121079247,0.056,0.0496,0.016418398789207533,0.01001839878920753,-0.006400000000000003,4.723735992951975,378.139320051323,-0.07755618130721875,-0.0473242709523261,0.03023191035489265
18,24,0.1961441939672069,0.35457382493066114,0.06954759709289406,0.0842,0.0796,0.01465240290710594,0.010052402907105948,-0.004599999999999993,3.695855824493918,489.75536942079657,-0.05415316862705911,-0.03715223183438711,0.017000936792672
18,25,0.1961441939672069,0.7210253586494617,0.14142493780221493,0.1318,0.1246,-0.009624937802214933,-0.01682493780221493,-0.007199999999999998,4.2025377474088135,328.6467071522152,0.04044916443027028,0.07070743621161373,0.030258271781343445
18,26,0.1961441939672069,0.3766803921978068,0.07388367191089018,0.074,0.074,0.00011632808910981562,0.00011632808910981562,0.0,22.726957958846832,137.30729266351614,-0.0026437835906317677,-0.0026437835906317677,0.0
18,27,0.1961441939672069,0.5734241788507295,0.11247382336198382,0.0996,0.0976,-0.012873823361983824,-0.014873823361983812,-0.001999999999999988,0.3954554602580721,315.49441081630926,0.005091023742894434,0.005881934663410574,0.0007909109205161396
18,28,0.1961441939672069,0.5368048429729841,0.10529115324262904,0.0984,0.0992,-0.006891153242629039,-0.006091153242629044,0.0007999999999999952,0.0211445740865781,117.94720090715941,0.00014571050028073262,0.00012879484101147026,-1.691565926926236e-05
18,29,0.1961441939672069,0.20992975486519724,0.04117650255776744,0.0422,0.0388,0.0010234974422325613,-0.002376502557767439,-0.0034000000000000002,0.9345269988749937,621.7382313157852,-0.0009564859930458277,0.002220905803129151,0.0031773917961749787
18,30,0.1961441939672069,0.518065685771502,0.10161557635771955,0.1138,0.1058,0.01218442364228045,0.004184423642280458,-0.007999999999999993,0.1982650141157449,183.31563243237116,-0.0024157449254289497,-0.0008296248125029916,0.001586120112925958
18,31,0.1961441939672069,0.5744315312620573,0.11267140968874463,0.1162,0.1054,0.003528590311255367,-0.007271409688744637,-0.010800000000000004,2.909396461724966,319.2862609236941,-0.01026606816644336,0.021155413620186282,0.031421481786629644
18,32,0.1961441939672069,0.41408676958317514,0.08122071565237642,0.0794,0.0818,-0.0018207156523764173,0.000579284347623582,0.0023999999999999994,3.8388812464344557,411.6241226612608,0.006989511172997504,-0.0022238038184451874,-0.009213314991442692
18,33,0.1961441939672069,0.5082093407162553,0.09968231150139552,0.1206,0.1162,0.02091768849860448,0.01651768849860448,-0.004400000000000001,3.726515410657167,323.1090416702415,-0.07795008854537577,-0.06155342073848424,0.016396667806891536
18,34,0.1961441939672069,0.430076829107486,0.08435707298926003,0.1026,0.0992,0.01824292701073997,0.01484292701073997,-0.0034000000000000002,15.391879690920417,218.88069506835524,-0.28079293775955205,-0.22846054681042263,0.05233239094912942
18,35,0.1961441939672069,0.36780900467919186,0.07214360075668072,0.0584,0.0496,-0.01374360075668072,-0.022543600756680722,-0.008800000000000002,0.019496349283562055,329.1857847677907,0.00026795004076607507,0.0004395179144614212,0.00017156787369534612
18,36,0.1961441939672069,0.31652023366573906,0.062083606106678374,0.0608,0.0514,-0.001283606106678374,-0.010683606106678373,-0.009399999999999999,13.671927723761078,146.06328709416084,0.01754936991628508,0.14606549051963919,0.1285161206033541
18,37,0.1961441939672069,0.29742640159246664,0.05833846180492115,0.0696,0.0662,0.011261538195078843,0.007861538195078843,-0.0034000000000000002,6.45527596847511,229.32845563326077,-0.07269633687875703,-0.05074839858594165,0.021947938292815376
18,38,0.1961441939672069,0.3126547933069382,0.061325422423173064,0.054,0.0568,-0.007325422423173064,-0.00452542242317306,0.002800000000000004,0.3511259739958089,135.6392481348663,0.002572146083267381,0.0015889933560791145,-0.0009831527271882664
18,39,0.1961441939672069,0.4273457371252059,0.08382138515374539,0.115,0.1084,0.031178614846254615,0.024578614846254607,-0.006600000000000009,1.805782833418609,342.917890925919,-0.05630180745913717,-0.04438364075857433,0.011918166700562838
18,40,0.1961441939672069,0.21905177326219738,0.04296573350360107,0.0672,0.063,0.024234266496398926,0.02003426649639893,-0.004199999999999995,1.980022399610198,979.626332683028,-0.047984390500992825,-0.039668296422630006,0.00831609407836282
18,41,0.1961441939672069,0.3502829106424205,0.06870595916844473,0.0548,0.054,-0.013905959168444726,-0.014705959168444728,-0.0008000000000000021,35.86861370782946,86.43679244182232,0.49878747764979325,0.5274823686160569,0.028694890966263653
18,42,0.1961441939672069,0.41157518975916685,0.080728083852212,0.0674,0.0652,-0.013328083852212,-0.015528083852212007,-0.0022000000000000075,24.720017983518144,65.7054688375231,0.32947047251251843,0.38385451207625854,0.054384039563740105
18,43,0.1961441939672069,0.6032014180886877,0.11831445595088182,0.1116,0.1104,-0.006714455950881812,-0.007914455950881819,-0.0012000000000000066,2.4425867946259916,286.5437599168847,0.01640064143872182,0.019331745592273027,0.002931104153551207
18,44,0.1961441939672069,0.33973613686845183,0.06663727072759516,0.0718,0.0604,0.00516272927240484,-0.006237270727595161,-0.0114,11.296628790370987,265.8649579125388,-0.05832143613553957,0.07046013207468968,0.12878156821022924
18,45,0.1961441939672069,0.37870641253843484,0.07428106403756383,0.0676,0.0564,-0.006681064037563841,-0.017881064037563836,-0.011199999999999995,3.908782412196573,504.15549429655243,0.026114825604788568,0.06989318862139016,0.04377836301660159
18,46,0.1961441939672069,0.8322142840240537,0.1632339999478942,0.1588,0.1466,-0.004433999947894202,-0.01663399994789419,-0.012199999999999989,3.6448952975955438,324.95312047420504,0.016161465559618463,0.06062918819028405,0.04446772263066559
18,47,0.1961441939672069,0.40849133535173493,0.08012320371515405,0.0772,0.0686,-0.0029232037151540463,-0.011523203715154057,-0.00860000000000001,1.0898950703184416,130.10126666829936,0.003185985318682949,0.012559082923421557,0.009373097604738609
18,48,0.1961441939672069,0.9486986627935283,0.18608173453140361,0.185,0.1748,-0.0010817345314036164,-0.011281734531403603,-0.010199999999999987,0.17075481707970439,321.38877029080163,0.00018471138203862426,0.0019264105162516067,0.0017416991342129825
18,49,0.1961441939672069,0.96,0.1882984262085186,0.1866,0.1754,-0.001698426208518622,-0.01289842620851861,-0.011199999999999988,0.3446850758403577,388.77582050112056,0.0005854221664924924,0.004445895015904494,0.0038604728494120014
19,20,0.5815475634811581,0.30358985466230565,0.17655194027646276,0.1634,0.1582,-0.01315194027646277,-0.018351940276462753,-0.005199999999999982,1.0392297998800148,42.8759462166739,0.013667888261542312,0.01907188322091837,0.00540399495937606
19,21,0.5815475634811581,0.3591545639587549,0.20886546158335167,0.2174,0.2102,0.008534538416648335,0.0013345384166483232,-0.007200000000000012,5.005592663410984,76.88251593595996,-0.0427204228839741,-0.0066801557074149575,0.03604026717655914
19,22,0.5815475634811581,0.22768425877375342,0.13240922593288978,0.1208,0.115,-0.01160922593288978,-0.01740922593288978,-0.0058,48.08809581329635,113.23835046378402,0.5582655689790085,0.8371765246961272,0.27891095571711877
19,23,0.5815475634811581,0.20179848513594068,0.117355417344995,0.1082,0.109,-0.00915541734499499,-0.008355417344994995,0.0007999999999999952,0.5020130297240512,119.94164065231462,0.0045961387997490635,0.004194528375969825,-0.0004016104237792384
19,24,0.5815475634811581,0.35457382493066114,0.2062015439626207,0.2108,0.2084,0.004598456037379295,0.0021984560373793094,-0.0023999999999999855,23.08231123604333,199.10958501057192,-0.10614299346005139,-0.05074544649354773,0.05539754696650366
19,25,0.5815475634811581,0.7210253586494617,0.41931054053072264,0.4192,0.4286,-0.00011054053072262482,0.009289459469277339,0.009399999999999964,24.324167577434764,118.52565832073827,0.002688806393395702,-0.2259583688344902,-0.22864717522788588
19,26,0.5815475634811581,0.3766803921978068,0.21905756429376158,0.2058,0.2056,-0.01325756429376157,-0.013457564293761576,-0.00020000000000000573,3.5544896133042014,2.831248057017742,0.047123874579888154,0.047834772502549014,0.0007108979226608594
19,27,0.5815475634811581,0.5734241788507295,0.33347343405182556,0.3412,0.341,0.007726565948174446,0.0075265659481744684,-0.00019999999999997797,12.325695690378906,112.82845891652958,-0.09523530060884218,-0.09277016147076667,0.0024651391380755144
19,28,0.5815475634811581,0.5368048429729841,0.3121775484958246,0.2926,0.2974,-0.019577548495824548,-0.014777548495824577,0.004799999999999971,7.48861166541536,7.551787976740932,0.14660865804606665,0.11066332205207313,-0.03594533599399352
19,29,0.5815475634811581,0.20992975486519724,0.12208413744405225,0.115,0.1152,-0.007084137444052244,-0.006884137444052252,0.00019999999999999185,3.6681257000120255,316.3363411853053,0.025985506620945537,0.025251881480943164,-0.0007336251400023724
19,30,0.5815475634811581,0.518065685771502,0.3012798372836123,0.2908,0.2844,-0.010479837283612292,-0.01687983728361231,-0.006400000000000017,5.937384687458288,23.307361392341118,0.062222825414774086,0.10022208741450724,0.03799926199973315
19,31,0.5815475634811581,0.5744315312620573,0.3340592573922001,0.3462,0.3484,0.012140742607799904,0.014340742607799883,0.0021999999999999797,21.046439146653924,99.49459227265413,-0.2555194004902491,-0.30182156661288734,-0.04630216612263821
19,32,0.5815475634811581,0.41408676958317514,0.24081115192087924,0.2448,0.2476,0.003988848079120755,0.006788848079120752,0.002799999999999997,0.8512612553066322,163.38858291134866,-0.0033955518230597823,-0.0057790833379183495,-0.002383531514858567
19,33,0.5815475634811581,0.5082093407162553,0.295547903831904,0.3018,0.3006,0.006252096168096022,0.0050520961680959875,-0.0012000000000000344,23.158837416388213,90.48863052937226,-0.1447912786685595,-0.11700067376889287,0.027790604899666643
19,34,0.5815475634811581,0.430076829107486,0.25011013207716093,0.2464,0.2606,-0.0037101320771609214,0.010489867922839069,0.01419999999999999,1.0843142138870963,40.85913060177383,0.004022948946664044,-0.011374312890532713,-0.015397261837196757
19,35,0.5815475634811581,0.36780900467919186,0.2138984304976139,0.2154,0.2054,0.001501569502386113,-0.008498430497613896,-0.010000000000000009,9.129908529390633,120.33273229725859,-0.013709192207307822,0.07758989308659858,0.0912990852939064
19,36,0.5815475634811581,0.31652023366573906,0.18407157068079738,0.1884,0.1776,0.004328429319202631,-0.006471570680797373,-0.010800000000000004,0.6652237051592463,17.51470711733713,-0.0028793737892398885,0.004305042226479975,0.007184416015719864
19,37,0.5815475634811581,0.29742640159246664,0.1729675991610674,0.166,0.1608,-0.0069675991610674,-0.01216759916106741,-0.00520000000000001,0.1164317768279335,53.619905430966725,0.0008112499505478963,0.0014166951900531515,0.0006054452395052553
19,38,0.5815475634811581,0.3126547933069382,0.181823633258355,0.1942,0.1978,0.012376366741645023,0.015976366741645015,0.003599999999999992,5.241286817774255,92.5486006015052,-0.06486808785492376,-0.08373672039891104,-0.018868632543987282
19,39,0.5815475634811581,0.4273457371252059,0.24852187218922298,0.2712,0.2676,0.02267812781077702,0.01907812781077703,-0.003599999999999992,17.856867684681237,97.39404670463462,-0.40496032765333506,-0.34067560398848273,0.06428472366485233
19,40,0.5815475634811581,0.21905177326219738,0.12738902501685798,0.1216,0.1208,-0.0057890250168579765,-0.006589025016857972,-0.0007999999999999952,2.1750699465604226,555.0180063560045,0.012591534334054228,0.014331590291302557,0.0017400559572483282
19,41,0.5815475634811581,0.3502829106424205,0.20370617321318787,0.2126,0.2012,0.008893826786812137,-0.0025061732131878844,-0.011400000000000021,9.654049360581295,121.01972687551877,-0.0858614428043445,0.024194719906282466,0.11005616271062697
19,42,0.5815475634811581,0.41157518975916685,0.23935054879373877,0.2328,0.2308,-0.0065505487937387585,-0.00855054879373876,-0.0020000000000000018,4.3680098997333445,27.849283101189886,0.028612861979737215,0.03734888177920391,0.008736019799466695
19,43,0.5815475634811581,0.6032014180886877,0.3507903149778557,0.3482,0.366,-0.0025903149778556678,0.015209685022144315,0.017799999999999983,19.75644483580192,83.21351533984402,0.05117541496735697,-0.30048930310991684,-0.3516647180772738
19,44,0.5815475634811581,0.33973613686845183,0.1975727226223494,0.202,0.1996,0.0044272773776506125,0.0020272773776505992,-0.0024000000000000132,38.9749280078578,65.98854479134444,-0.1725528170647501,-0.07901298984589085,0.09353982721885924
19,45,0.5815475634811581,0.37870641253843484,0.2202357914864171,0.2244,0.2202,0.004164208513582901,-3.579148641708052e-05,-0.0041999999999999815,23.609964678033283,255.7288371243816,-0.09831681591765777,0.0008450357300815791,0.09916185164773934
19,46,0.5815475634811581,0.8322142840240537,0.48397218916840495,0.488,0.4882,0.004027810831595036,0.004227810831595069,0.00020000000000003348,22.9546910489299,120.72470350648129,-0.09245715324279745,-0.09704809145258421,-0.00459093820978676
19,47,0.5815475634811581,0.40849133535173493,0.2375571407769661,0.2252,0.2326,-0.012357140776966091,-0.004957140776966101,0.00739999999999999,3.378112121445167,25.70999305131155,0.0417438070450735,0.0167457773463793,-0.0249980296986942
19,48,0.5815475634811581,0.9486986627935283,0.5517133958254092,0.5488,0.5534,-0.0029133958254092818,0.0016866041745907667,0.0046000000000000485,10.858141509663696,98.48931692549444,0.03163406414595745,-0.01831338679849608,-0.049947450944453534
19,49,0.5815475634811581,0.96,0.5582856609419118,0.557,0.5626,-0.001285660941911737,0.004314339058088201,0.005599999999999938,12.034262009365818,149.42895623661596,0.015471980630173892,-0.051919886622273946,-0.06739186725244783
20,21,0.30358985466230565,0.3591545639587549,0.10903568187354215,0.1088,0.1038,-0.00023568187354215675,-0.005235681873542147,-0.0049999999999999906,1.4832608614368843,176.1502810805083,0.00034957769877519824,0.007765882005959606,0.0074163043071844076
20,22,0.30358985466230565,0.22768425877375342,0.06912263103001859,0.094,0.0924,0.02487736896998141,0.023277368969981407,-0.0016000000000000042,34.988785067750484,267.36904191588593,-0.8704289159418048,-0.8144468598334039,0.0559820561084009
20,23,0.30358985466230565,0.20179848513594068,0.06126397277349368,0.0314,0.0312,-0.02986397277349368,-0.03006397277349368,-0.0001999999999999988,0.09665721370269531,188.3370421996458,0.002886568398379053,0.002905899841119592,1.933144274053871e-05
20,24,0.30358985466230565,0.35457382493066114,0.10764501597775722,0.1134,0.1096,0.005754984022242782,0.001954984022242784,-0.003799999999999998,14.326067451333056,353.3964184917402,-0.08244628928399411,-0.028007232968928528,0.054439056315065584
20,25,0.30358985466230565,0.7210253586494617,0.21889598384022688,0.2226,0.2148,0.003704016159773116,-0.0040959838402268856,-0.007800000000000001,15.30787157231672,236.8054694748776,-0.056700603675592626,0.06270079458847781,0.11940139826407044
20,26,0.30358985466230565,0.3766803921978068,0.11435634552147246,0.1034,0.0988,-0.010956345521472455,-0.015556345521472462,-0.004600000000000007,8.437640083286407,42.719958223174636,0.09244570013831149,0.13125884452142902,0.03881314438311753
20,27,0.30358985466230565,0.5734241788507295,0.17408576311714494,0.1698,0.1736,-0.004285763117144931,-0.0004857631171449328,0.003799999999999998,6.206928489506704,218.581218880018,0.026601425191083928,0.003015096930958466,-0.023586328260125463
20,28,0.30358985466230565,0.5368048429729841,0.16296850426019005,0.1628,0.16,-0.00016850426019004994,-0.002968504260190047,-0.002799999999999997,2.9484549748544233,64.90656229900922,0.0004968272242415169,0.008752501153833893,0.008255673929592377
20,29,0.30358985466230565,0.20992975486519724,0.06373254376881868,0.0728,0.0684,0.009067456231181326,0.0046674562311813245,-0.004400000000000001,0.802473664466934,510.2934934408041,-0.007276394829229613,-0.0037455107055751028,0.0035308841236545104
20,30,0.30358985466230565,0.518065685771502,0.157279486248898,0.1728,0.1612,0.015520513751102,0.0039205137511020005,-0.0116,2.0085939154976664,110.15790267432132,-0.03117440948586134,-0.00787472006608841,0.02329968941977293
20,31,0.30358985466230565,0.5744315312620573,0.17439158508929364,0.1952,0.183,0.02080841491070637,0.008608414910706352,-0.012200000000000016,12.732148380979154,220.61684898944316,-0.2649358262160926,-0.1096036159681467,0.15533221024794586
20,32,0.30358985466230565,0.41408676958317514,0.12571254219533978,0.139,0.1438,0.01328745780466023,0.01808745780466023,0.004799999999999999,0.009367918336832417,295.2471675870099,-0.00012447581961816357,-0.00016944182763495918,-4.4966008016795604e-05
20,33,0.30358985466230565,0.5082093407162553,0.15428719988607414,0.1654,0.1616,0.011112800113925847,0.007312800113925849,-0.003799999999999998,14.386369305368827,210.23062785547984,-0.159872846455682,-0.1052046430952805,0.0546682033604015
20,34,0.30358985466230565,0.430076829107486,0.13056696204236695,0.1396,0.1424,0.00903303795763305,0.011833037957633047,0.002799999999999997,4.246609385822285,130.5361305819166,-0.03835978377337347,-0.05025029005367585,-0.01189050628030238
20,35,0.30358985466230565,0.36780900467919186,0.11166308227404316,0.0894,0.0834,-0.022263082274043167,-0.028263082274043158,-0.0059999999999999915,4.008595166879374,210.0623003095186,0.0892436840035673,0.11329525500484351,0.02405157100127621
20,36,0.30358985466230565,0.31652023366573906,0.09609233173626075,0.0984,0.096,0.0023076682637392515,-9.233173626074787e-05,-0.0023999999999999994,3.367366970001387,76.71475469068864,-0.007770765889036004,0.0003109148389673217,0.008081680728003327
20,37,0.30358985466230565,0.29742640159246664,0.0902956380321895,0.0716,0.0698,-0.0186956380321895,-0.020495638032189498,-0.001799999999999996,0.45996229646520476,95.13268630731356,0.008599288603168104,0.00942722073680547,0.0008279321336373668
20,38,0.30358985466230565,0.3126547933069382,0.09491882325952658,0.0866,0.093,-0.008318823259526584,-0.0019188232595265808,0.006400000000000003,1.6127970670602976,105.69443975661774,0.01341657375435746,0.0030946725251715496,-0.01032190122918591
20,39,0.30358985466230565,0.4273457371252059,0.12973783022439714,0.1474,0.1502,0.017662169775602865,0.020462169775602862,0.002799999999999997,10.280439870557508,209.46803075867732,-0.18157487436166345,-0.21036010599922444,-0.028785231637561
20,40,0.30358985466230565,0.21905177326219738,0.06650189600819083,0.0812,0.0752,0.014698103991809167,0.008698103991809175,-0.0059999999999999915,0.20737606580667542,803.9479135552715,-0.0030480349806387766,-0.0018037785857987257,0.0012442563948400509
20,41,0.30358985466230565,0.3502829106424205,0.10634233793262184,0.1036,0.0964,-0.0027423379326218383,-0.009942337932621836,-0.007199999999999998,17.02819061525803,91.5816200164925,0.046697053048137295,0.16930002547799508,0.12260297242985779
20,42,0.30358985466230565,0.41157518975916685,0.12495005204159633,0.1168,0.1182,-0.008150052041596328,-0.00675005204159633,0.0013999999999999985,9.668397314146672,41.09466899271435,0.07879794126912554,0.06526218502932021,-0.013535756239805324
20,43,0.30358985466230565,0.6032014180886877,0.18312583084964135,0.1812,0.1756,-0.0019258308496413468,-0.007525830849641341,-0.005599999999999994,11.733338024619426,180.06785206535474,0.02259642433708195,0.08830311727495066,0.06570669293786871
20,44,0.30358985466230565,0.33973613686845183,0.10314044441542647,0.097,0.093,-0.006140444415426466,-0.01014044441542647,-0.0040000000000000036,27.28562189288192,145.79705623234605,0.1675458445735849,0.2766883321451127,0.10914248757152778
20,45,0.30358985466230565,0.37870641253843484,0.1149714247422266,0.1392,0.1368,0.024228575257773388,0.021828575257773403,-0.0023999999999999855,14.742393002658682,443.0703349228214,-0.3571871783445877,-0.32180543513820703,0.035381743206380656
20,46,0.30358985466230565,0.8322142840240537,0.25265181353475724,0.2566,0.2532,0.003948186465242753,0.0005481864652427393,-0.003400000000000014,14.225563978775527,238.85862415700223,-0.05616517916144639,-0.007798261633609395,0.04836691752783699
20,47,0.30358985466230565,0.40849133535173493,0.12401382513024437,0.112,0.1142,-0.012013825130244363,-0.009813825130244369,0.0021999999999999936,0.6700043150016132,65.52056791306637,0.00804931467693854,0.006575305183934996,-0.0014740094930035443
20,48,0.30358985466230565,0.9486986627935283,0.288015289155811,0.2854,0.2814,-0.002615289155810996,-0.006615289155810999,-0.0040000000000000036,5.1790071550320835,206.45464489973065,0.013544601250422965,0.03426062987055132,0.020716028620128356
20,49,0.30358985466230565,0.96,0.2914462604758134,0.2892,0.2904,-0.0022462604758133886,-0.0010462604758134098,0.0011999999999999789,6.000624300322199,277.60618789688215,0.013478965196019125,0.006278216035632613,-0.0072007491603865124
21,22,0.3591545639587549,0.22768425877375342,0.08177384068015972,0.0834,0.08,0.0016261593198402813,-0.001773840680159719,-0.0034000000000000002,22.064062658760985,62.78692687584277,-0.03587968112608411,0.039138131913703245,0.07501781303978736
21,23,0.3591545639587549,0.20179848513594068,0.07247684693653605,0.0924,0.0846,0.01992315306346394,0.01212315306346394,-0.007800000000000001,2.3371970516356892,81.24549098716709,-0.046564334599214476,-0.028334197596456095,0.01823013700275838
21,24,0.3591545639587549,0.35457382493066114,0.1273468074841595,0.1336,0.1306,0.0062531925158405,0.0032531925158404973,-0.0030000000000000027,6.589936760423943,62.833151494627444,-0.04120814323014519,-0.021438332948873345,0.019769810281271845
21,25,0.3591545639587549,0.7210253586494617,0.2589595482889523,0.2614,0.251,0.002440451711047731,-0.00795954828895229,-0.01040000000000002,7.261060707870384,32.9863082388831,-0.017720268028543727,0.057794763333308415,0.07551503136185214
21,26,0.3591545639587549,0.3766803921978068,0.13528648201161608,0.1468,0.1392,0.011513517988383931,0.003913517988383908,-0.007600000000000023,16.996272680096574,77.07473799746468,-0.19568689123777028,-0.06651521886903591,0.12917167236873436
21,27,0.3591545639587549,0.5734241788507295,0.20594791091854084,0.206,0.204,5.2089081459150144e-05,-0.0019479109185408516,-0.0020000000000000018,1.6217483326184194,27.143082530035294,-8.447538100400178e-05,0.00315902128423284,0.003243496665236842
21,28,0.3591545639587549,0.5368048429729841,0.19279590930891,0.2016,0.1962,0.008804090691090005,0.003404090691090017,-0.005399999999999988,0.24921521302276403,93.61916196301637,-0.0021941133370517295,-0.0008483511867288066,0.0013457621503229229
21,29,0.3591545639587549,0.20992975486519724,0.07539722957057822,0.0522,0.0526,-0.023197229570578216,-0.02279722957057822,0.0003999999999999976,0.10373747839194068,121.58145534688066,0.002406422101330745,0.0023649271099739693,-4.149499135677574e-05
21,30,0.3591545639587549,0.518065685771502,0.18606565547525714,0.1826,0.1778,-0.0034656554752571234,-0.008265655475257122,-0.004799999999999999,0.03974310934443457,59.26604921648385,0.00013773592450328222,0.0003285028493565681,0.00019076692485328587
21,31,0.3591545639587549,0.5744315312620573,0.20630970613458405,0.2012,0.1918,-0.005109706134584058,-0.01450970613458405,-0.009399999999999992,5.524011799998997,16.20205126074308,0.028226076981969595,0.08015178790196012,0.05192571091999053
21,32,0.3591545639587549,0.41408676958317514,0.14872115317073467,0.1436,0.1496,-0.005121153170734666,0.0008788468292653395,0.006000000000000005,1.7283834541465524,50.591837035844534,0.008851316406447951,-0.001518984318431373,-0.010370300724879324
21,33,0.3591545639587549,0.5082093407162553,0.18252570416471298,0.1806,0.1782,-0.0019257041647129658,-0.004325704164712979,-0.0024000000000000132,6.630855674735776,32.446561818728,0.012769066388449287,0.028683120007815237,0.015914053619365952
21,34,0.3591545639587549,0.430076829107486,0.15446405602686308,0.148,0.1436,-0.006464056026863091,-0.010864056026863078,-0.004399999999999987,10.749364044765336,44.60569072095552,0.06948449143851078,0.11678169323547813,0.04729720179696735
21,35,0.3591545639587549,0.36780900467919186,0.1321002826956588,0.1216,0.116,-0.010500282695658794,-0.016100282695658788,-0.005599999999999994,0.6150569467968109,29.005370628195628,0.006458271815295285,0.009902590717357423,0.0034443189020621377
21,36,0.3591545639587549,0.31652023366573906,0.11367968650634172,0.1264,0.1186,0.012720313493658292,0.0049203134936582765,-0.007800000000000015,9.32038560236876,51.29502986361441,-0.1185582267439098,-0.04585921904543333,0.07269900769847647
21,37,0.3591545639587549,0.29742640159246664,0.10682204957376387,0.13,0.1184,0.023177950426236132,0.011577950426236133,-0.0116,3.5951845037978907,83.6934979580722,-0.08332900820219986,-0.04162486795814433,0.04170414024405553
21,38,0.3591545639587549,0.3126547933069382,0.11229139595976802,0.1152,0.1092,0.0029086040402319796,-0.003091395959768012,-0.0059999999999999915,0.0027110245688575438,178.13526582845049,-7.885297014147213e-06,8.380850398998027e-06,1.6266147413145238e-05
21,39,0.3591545639587549,0.4273457371252059,0.15348317187683602,0.162,0.155,0.008516828123163983,0.0015168281231639769,-0.007000000000000006,3.953816200619239,73.7884650365782,-0.033673973011255305,-0.005997259606920606,0.0276767134043347
21,40,0.3591545639587549,0.21905177326219738,0.07867344411037655,0.0866,0.0894,0.007926555889623446,0.010726555889623443,0.002799999999999997,0.5814159357187845,285.6484350526161,-0.004608625909592658,-0.006236590529605253,-0.001627964620012595
21,41,0.3591545639587549,0.3502829106424205,0.12580570603398203,0.1314,0.1234,0.00559429396601796,-0.002405706033982033,-0.007999999999999993,28.562769535675862,327.3350390852844,-0.15978852926619308,0.06871362701921362,0.2285021562854067
21,42,0.3591545639587549,0.41157518975916685,0.14781910781419538,0.1484,0.1476,0.0005808921858046212,-0.00021910781419537395,-0.0007999999999999952,18.72549612708351,141.87410153601243,-0.010877494375537509,0.004102902526129208,0.014980396901666717
21,43,0.3591545639587549,0.6032014180886877,0.21664254229294522,0.2134,0.208,-0.003242542292945211,-0.008642542292945227,-0.005400000000000016,4.873074195392977,20.55763891258907,0.01580114917522168,0.042115749830343836,0.026314600655122155
21,44,0.3591545639587549,0.33973613686845183,0.12201778409802069,0.1152,0.1048,-0.006817784098020696,-0.01721778409802069,-0.010399999999999993,16.045409166704903,30.04184813171866,0.1093941354629962,0.2762663907967271,0.1668722553337309
21,45,0.3591545639587549,0.37870641253843484,0.13601413646362592,0.1434,0.1364,0.0073858635363740766,0.00038586353637407034,-0.007000000000000006,6.873260684857513,112.49235209954578,-0.050764965468282616,-0.0026521406742799846,0.04811282479400263
21,46,0.3591545639587549,0.8322142840240537,0.2988935582989064,0.3002,0.291,0.0013064417010936191,-0.007893558298906422,-0.009200000000000041,6.5218291873160625,26.5566437142557,-0.008520389617719212,0.051480438905588836,0.06000082852330805
21,47,0.3591545639587549,0.40849133535173493,0.14671152742918186,0.1446,0.139,-0.0021115274291818587,-0.0077115274291818525,-0.005599999999999994,0.1594836664071477,67.9334315254116,0.00033675413612518175,0.001229862668005208,0.0008931085318800262
21,48,0.3591545639587549,0.9486986627935283,0.3407294545638635,0.344,0.3292,0.003270545436136474,-0.011529454563863506,-0.01479999999999998,1.1190492352334027,14.519398164839425,-0.003659901369104617,0.01290202731234972,0.016561928681454337
21,49,0.3591545639587549,0.96,0.3447883814004047,0.3506,0.3384,0.005811618599595336,-0.006388381400404708,-0.012200000000000044,1.5171469677857605,28.00329413862655,-0.008817079536303393,0.009692113470682953,0.018509193006986346
22,23,0.22768425877375342,0.20179848513594068,0.04594633850984295,0.071,0.0666,0.025053661490157045,0.020653661490157058,-0.004399999999999987,38.763440908691216,158.55376045831858,-0.9711661267200553,-0.8006069867218144,0.1705591399982409
22,24,0.22768425877375342,0.35457382493066114,0.08073087850991219,0.0568,0.055,-0.023930878509912185,-0.025730878509912188,-0.001800000000000003,4.537550460080998,62.295552063151135,0.10858756879279449,0.11675515962094031,0.008167590828145818
22,25,0.22768425877375342,0.7210253586494617,0.1641661243411824,0.1654,0.1596,0.0012338756588175792,-0.00456612434118242,-0.0058,4.010424203692889,53.54277410399765,-0.0049483648064695285,0.018312095574949224,0.023260460381418754
22,26,0.22768425877375342,0.3766803921978068,0.08576419589216437,0.0818,0.0794,-0.003964195892164374,-0.006364195892164373,-0.0023999999999999994,77.79052126038592,121.67089651805694,0.30837686482974724,0.49507411585467337,0.18669725102492613
22,27,0.22768425877375342,0.5734241788507295,0.13055965912457657,0.1502,0.1494,0.019640340875423434,0.01884034087542344,-0.0007999999999999952,11.722139844505808,73.17626256313201,-0.23022682233547712,-0.22084911045987252,0.0093777118756046
22,28,0.22768425877375342,0.5368048429729841,0.12222201277846499,0.0924,0.088,-0.029822012778464996,-0.034222012778465,-0.004400000000000001,17.62341643432071,100.36353015102189,0.5255657501045222,0.6031087824155333,0.07754303231101112
22,29,0.22768425877375342,0.20992975486519724,0.04779770063103819,0.0348,0.0348,-0.012997700631038195,-0.012997700631038195,0.0,25.193602657676465,179.84299757958803,0.3274589051618069,0.3274589051618069,0.0
22,30,0.22768425877375342,0.518065685771502,0.1179554016610007,0.1008,0.0946,-0.0171554016610007,-0.023355401661000696,-0.006199999999999997,20.230952912348098,79.24016246353116,0.3470701231961235,0.47250203125268164,0.12543190805655813
22,31,0.22768425877375342,0.5744315312620573,0.13078901741167367,0.1426,0.1368,0.01181098258832633,0.00601098258832633,-0.0058,5.508025320869648,59.16354074974061,-0.06505519116085196,-0.033108644299808004,0.03194654686104395
22,32,0.22768425877375342,0.41408676958317514,0.09428103920056326,0.1078,0.1074,0.01351896079943675,0.013118960799436738,-0.00040000000000001146,36.143180638538844,93.1267454493502,-0.48861824221936795,-0.47416096996395196,0.014457272255415987
22,33,0.22768425877375342,0.5082093407162553,0.1157112670428785,0.1132,0.1084,-0.002511267042878504,-0.007311267042878503,-0.004799999999999999,4.503712072661316,45.12828015561822,0.011310023698688401,0.032927841647462715,0.021617817948774314
22,34,0.22768425877375342,0.430076829107486,0.09792172405110418,0.1138,0.1138,0.01587827594889582,0.01587827594889582,0.0,63.61437745674399,94.44268704511246,-1.0100866395753985,-1.0100866395753985,0.0
22,35,0.22768425877375342,0.36780900467919186,0.0837443206006938,0.1048,0.1,0.021055679399306207,0.016255679399306208,-0.004799999999999999,15.311445613630344,105.978003257258,-0.3223928899805138,-0.2488979510350882,0.07349493894542561
22,36,0.22768425877375342,0.31652023366573906,0.07206667478907904,0.095,0.0898,0.022933325210920966,0.01773332521092097,-0.005199999999999996,60.06514364561986,106.74592437314038,-1.3774934730656831,-1.0651547261084602,0.31233874695722297
22,37,0.22768425877375342,0.29742640159246664,0.06771930978632548,0.0922,0.082,0.024480690213674522,0.014280690213674521,-0.0102,43.4720937808401,125.91075695405722,-1.0642268607885532,-0.6208115042239842,0.443415356564569
22,38,0.22768425877375342,0.3126547933069382,0.0711865748661513,0.0882,0.085,0.017013425133848695,0.0138134251338487,-0.0031999999999999945,21.577626605420907,208.10117830356455,-0.3671093348174703,-0.29806092968012354,0.06904840513734678
22,39,0.22768425877375342,0.4273457371252059,0.09729989739747578,0.1154,0.1088,0.018100102602524218,0.01150010260252421,-0.006600000000000009,7.337702372881264,97.97009899114369,-0.1328131658159363,-0.08438433015491989,0.04842883566101641
22,40,0.22768425877375342,0.21905177326219738,0.04987464062827971,0.058,0.0614,0.008125359371720292,0.011525359371720292,0.0034000000000000002,29.80882910565857,303.51989760669903,-0.2422074489336715,-0.34355746789291064,-0.10135001895923915
22,41,0.22768425877375342,0.3502829106424205,0.07975390487073242,0.0984,0.0946,0.018646095129267584,0.014846095129267586,-0.003799999999999998,100.83482903728655,391.53627386459345,-1.8801758145726783,-1.4970034642309897,0.3831723503416886
22,42,0.22768425877375342,0.41157518975916685,0.09370919200998282,0.1136,0.112,0.01989080799001719,0.018290807990017185,-0.0016000000000000042,81.44225955046072,217.20420525739056,-1.619952346991358,-1.4896447317106203,0.13030761528073764
22,43,0.22768425877375342,0.6032014180886877,0.1373394677687998,0.1456,0.1416,0.008260532231200213,0.004260532231200209,-0.0040000000000000036,6.198784519608006,63.468391794093904,-0.051205259318486865,-0.026410121240054815,0.02479513807843205
22,44,0.22768425877375342,0.33973613686845183,0.07735257050155189,0.0788,0.0726,0.0014474294984481023,-0.004752570501551895,-0.006199999999999997,0.4782659856507172,67.58966884290354,-0.0006922562957352049,0.0022729928152992406,0.0029652491110344456
22,45,0.22768425877375342,0.37870641253843484,0.08622548883168081,0.0854,0.075,-0.0008254888316808068,-0.011225488831680813,-0.010400000000000006,4.307905614350548,96.22861050936982,0.003556127972581422,0.04835834636182715,0.044802218389245724
22,46,0.22768425877375342,0.8322142840240537,0.1894820923989466,0.1966,0.19,0.007117907601053408,0.0005179076010534134,-0.006599999999999995,4.594389363849901,59.051604208434696,-0.032702438975146145,-0.00237946917373682,0.030322969801409326
22,47,0.22768425877375342,0.40849133535173493,0.09300704690506051,0.0872,0.0856,-0.005807046905060509,-0.007407046905060513,-0.0016000000000000042,25.97526998698346,122.47707263477962,0.15083961118602343,0.19240004316519707,0.04156043197917364
22,48,0.22768425877375342,0.9486986627935283,0.21600375183779555,0.2218,0.211,0.005796248162204448,-0.005003751837795556,-0.010800000000000004,13.245149840448732,60.181070571444536,-0.0767721754208235,0.06627544285602285,0.14304761827684637
22,49,0.22768425877375342,0.96,0.2185768884228033,0.2238,0.2142,0.00522311157719671,-0.004376888422803288,-0.009599999999999997,12.009792123098993,68.23886043295252,-0.0627284842778842,0.0525655201038661,0.1152940043817503
23,24,0.20179848513594068,0.35457382493066114,0.07155246073986365,0.07,0.0694,-0.001552460739863648,-0.0021524607398636514,-0.0006000000000000033,16.776205290120842,100.73084828979918,0.02604440007680545,0.03611012325087801,0.010065723174072557
23,25,0.20179848513594068,0.7210253586494617,0.14550182512005969,0.1542,0.155,0.008698174879940318,0.009498174879940313,0.0007999999999999952,17.83731830745264,84.27919958595754,-0.1551521140273841,-0.16942196867334613,-0.014269854645962032
23,26,0.20179848513594068,0.3766803921978068,0.07601353252592942,0.0606,0.0564,-0.015413532525929419,-0.01961353252592942,-0.004200000000000002,6.7281314345316785,102.10239282731747,0.10370427270488218,0.13196242472991526,0.02825815202503308
23,27,0.20179848513594068,0.5734241788507295,0.11571613063239793,0.1072,0.112,-0.008516130632397922,-0.0037161306323979237,0.004799999999999999,7.85270727809963,60.96638324026613,0.06687468099827837,0.02918168606340016,-0.03769299493487821
23,28,0.20179848513594068,0.5368048429729841,0.10832640412558471,0.1044,0.0988,-0.003926404125584704,-0.009526404125584712,-0.005600000000000008,4.112800237749914,140.78922002892952,0.016148515821207014,0.039180197152606566,0.023031681331399552
23,29,0.20179848513594068,0.20992975486519724,0.042363506516756175,0.0412,0.04,-0.0011635065167561742,-0.002363506516756174,-0.0011999999999999997,1.4561402801626853,216.15581887339278,0.0016942287052804457,0.0034415970414756673,0.0017473683361952216
23,30,0.20179848513594068,0.518065685771502,0.10454487058960137,0.0998,0.0968,-0.004744870589601366,-0.007744870589601369,-0.0030000000000000027,2.986489102354473,119.19403990571945,0.014170504307926723,0.02312997161499015,0.008959467307063429
23,31,0.20179848513594068,0.5744315312620573,0.1159194128230019,0.138,0.1304,0.02208058717699811,0.014480587176998086,-0.007600000000000023,15.047502497780359,93.9965813669761,-0.332257690698336,-0.21789667171520494,0.11436101898313106
23,32,0.20179848513594068,0.41408676958317514,0.08356208281672006,0.1072,0.103,0.02363791718327994,0.019437917183279932,-0.004200000000000009,0.04584284611974535,118.48991409189426,-0.001083629400024387,-0.0008910894463214559,0.000192539953702931
23,33,0.20179848513594068,0.5082093407162553,0.10255587508847547,0.1182,0.113,0.015644124911524532,0.010444124911524535,-0.005199999999999996,16.841455125033495,97.20256108959121,-0.263469827667859,-0.17589426101768488,0.0875755666501741
23,34,0.20179848513594068,0.430076829107486,0.08678885260595952,0.0872,0.088,0.0004111473940404814,0.0012111473940404766,0.0007999999999999952,3.06191507723721,113.31404403026724,-0.0012588984047793381,-0.003708430466569091,-0.002449532061789753
23,35,0.20179848513594068,0.36780900467919186,0.07422329996361904,0.0526,0.0502,-0.021623299963619037,-0.024023299963619037,-0.0023999999999999994,5.3501775023346205,42.34953237865333,0.1156884929915876,0.12852891899719068,0.01284042600560309
23,36,0.20179848513594068,0.31652023366573906,0.06387330366862011,0.0672,0.0574,0.003326696331379886,-0.00647330366862011,-0.009799999999999996,2.323006552228001,97.21634305736883,-0.007727937375068328,0.015037526836766072,0.0227654642118344
23,37,0.20179848513594068,0.29742640159246664,0.0600201972807937,0.0424,0.0398,-0.017620197280793698,-0.020220197280793696,-0.002599999999999998,0.13491499757824427,71.46624976982137,0.002377228873466468,0.002728007867169903,0.000350778993703435
23,38,0.20179848513594068,0.3126547933069382,0.06309326365983077,0.0732,0.0688,0.010106736340169231,0.00570673634016923,-0.004400000000000001,2.4991085614958397,253.64658862314926,-0.025257831316498055,-0.014261753645916357,0.010996077670581698
23,39,0.20179848513594068,0.4273457371252059,0.08623772238116847,0.0906,0.0838,0.004362277618831525,-0.002437722381168475,-0.0068000000000000005,12.370765736294622,117.32949952037576,-0.053964714499245926,0.03015649250755751,0.08412120700680344
23,40,0.20179848513594068,0.21905177326219738,0.044204316010652986,0.0346,0.0346,-0.009604316010652987,-0.009604316010652987,0.0,0.5871897218482307,322.01627331814717,0.005639555646837836,0.005639555646837836,0.0
23,41,0.20179848513594068,0.3502829106424205,0.07068656073664853,0.0964,0.0904,0.02571343926335147,0.019713439263351465,-0.006000000000000005,14.558997124598353,430.7116432647781,-0.37436188829866845,-0.28700790555107825,0.08735398274759021
23,42,0.20179848513594068,0.41157518975916685,0.08305524981293719,0.0922,0.0916,0.009144750187062817,0.008544750187062813,-0.0006000000000000033,7.831642677925983,219.15118215298844,-0.07161841584397277,-0.06691943023721716,0.004698985606755607
23,43,0.20179848513594068,0.6032014180886877,0.12172513240214837,0.107,0.1112,-0.014725132402148372,-0.010525132402148377,0.004199999999999995,13.959888907866777,49.44699161236889,0.20556121248762071,0.14692967907458032,-0.05863153341304039
23,44,0.20179848513594068,0.33973613686845183,0.06855823776599018,0.0618,0.0602,-0.006758237765990181,-0.008358237765990185,-0.0016000000000000042,30.63026444295006,57.66194968199639,0.2070066099406113,0.25601503304933154,0.04900842310872025
23,45,0.20179848513594068,0.37870641253843484,0.07642238036152277,0.0888,0.0782,0.012377619638477236,0.0017776196384772375,-0.010599999999999998,17.226482838193544,183.09960889966553,-0.21322285227991547,-0.030622134195063943,0.18260071808485154
23,46,0.20179848513594068,0.8322142840240537,0.16793958182454552,0.1728,0.168,0.0048604181754544895,6.04181754544908e-05,-0.004799999999999999,16.667431952762147,84.85412627435899,-0.08101068920135605,-0.0010070158280977696,0.08000367337325828
23,47,0.20179848513594068,0.40849133535173493,0.08243293266513764,0.084,0.0804,0.0015670673348623654,-0.0020329326651376406,-0.003600000000000006,1.2756242002504206,114.46987054774786,-0.0019989890157723626,0.0025932581051291586,0.004592247120901521
23,48,0.20179848513594068,0.9486986627935283,0.1914459530022266,0.1942,0.1858,0.0027540469977734017,-0.005645953002226617,-0.008400000000000019,6.690709811611755,64.70405065213417,-0.018426529269642396,0.03777543314789647,0.056201962417538866
23,49,0.20179848513594068,0.96,0.19372654573050305,0.1984,0.1914,0.004673454269496946,-0.00232654573050306,-0.007000000000000006,7.620440895502525,89.2708050124512,-0.03561378203853541,0.017729304229982316,0.05334308626851772
24,25,0.35457382493066114,0.7210253586494617,0.2556567192883414,0.2482,0.2444,-0.007456719288341379,-0.011256719288341377,-0.003799999999999998,0.016268576340579603,23.453195956678183,0.00012131020699265413,0.00018313079708685658,6.182059009420245e-05
24,26,0.35457382493066114,0.3766803921978068,0.13356100743795793,0.1326,0.1394,-0.0009610074379579336,0.005838992562042067,0.0068000000000000005,44.75263210707025,194.22915721818322,0.04300761232308954,-0.2613102860049882,-0.3043178983280777
24,27,0.35457382493066114,0.5734241788507295,0.2033212044028267,0.2108,0.2106,0.007478795597173293,0.007278795597173315,-0.00019999999999997797,1.6734226470163982,34.01875091703082,-0.012515185924716317,-0.012180501395313074,0.0003346845294032435
24,28,0.35457382493066114,0.5368048429729841,0.19033694641423393,0.1872,0.1968,-0.0031369464142339265,0.006463053585766071,0.009599999999999997,4.276097160489642,203.71748157075285,0.013413887654513857,-0.027636645086186695,-0.04105053274070055
24,29,0.35457382493066114,0.20992975486519724,0.07443559614930906,0.0756,0.068,0.0011644038506909427,-0.006435596149309053,-0.007599999999999996,8.347304696068939,143.4974509632561,-0.00971963373099326,0.05371988195913064,0.0634395156901239
24,30,0.35457382493066114,0.518065685771502,0.18369253176932746,0.1942,0.1876,0.010507468230672556,0.003907468230672534,-0.0066000000000000225,5.606147599163416,166.95828494086527,-0.05890641779467082,-0.021905843640192147,0.037000574154478674
24,31,0.35457382493066114,0.5744315312620573,0.2036783852003643,0.2042,0.2032,0.0005216147996356946,-0.0004783852003643063,-0.0010000000000000009,0.04698731480206515,42.094414030780925,-2.450927879589852e-05,2.2478036006166673e-05,4.6987314802065196e-05
24,32,0.35457382493066114,0.41408676958317514,0.14682432974428777,0.1466,0.1446,-0.00022432974428776564,-0.0022243297442877674,-0.0020000000000000018,15.06811655537631,41.21756210799691,0.0033802267337658155,0.03351645984451846,0.030136233110752645
24,33,0.35457382493066114,0.5082093407162553,0.18019772980325224,0.171,0.162,-0.00919772980325223,-0.01819772980325224,-0.009000000000000008,6.332304082672704e-05,41.87373173016829,5.82428219844545e-07,1.1523355872850888e-06,5.699073674405438e-07
24,34,0.35457382493066114,0.430076829107486,0.1524939863106916,0.1666,0.1734,0.014106013689308389,0.02090601368930839,0.0068000000000000005,34.172319461363635,137.26133265424556,-0.4820352061174149,-0.7144069784546876,-0.2323717723372727
24,35,0.35457382493066114,0.36780900467919186,0.1304154456330405,0.1284,0.1284,-0.0020154456330405135,-0.0020154456330405135,0.0,3.1784883323576256,48.36908765732153,0.0064060704291204005,0.0064060704291204005,0.0
24,36,0.35457382493066114,0.31652023366573906,0.11222978991880772,0.1274,0.12,0.015170210081192292,0.007770210081192275,-0.007400000000000018,31.584600872807243,146.95999104503434,-0.4791450305710953,-0.24541898411232116,0.23372604645877415
24,37,0.35457382493066114,0.29742640159246664,0.10545961684800378,0.0962,0.0984,-0.00925961684800379,-0.007059616848003783,0.0022000000000000075,19.920014899405373,121.89339401118974,0.18445170557502052,0.14062767279632857,-0.04382403277869196
24,38,0.35457382493066114,0.3126547933069382,0.11085920594574634,0.1054,0.1082,-0.005459205945746351,-0.00265920594574634,0.002800000000000011,6.325324157419579,293.74750649286455,0.034531247248957994,0.016820339608183105,-0.01771090764077489
24,39,0.35457382493066114,0.4273457371252059,0.1515256125802971,0.1628,0.1558,0.011274387419702908,0.004274387419702902,-0.007000000000000006,0.33485513132219896,108.11062980064283,-0.0037752864800019654,-0.0014313005607465704,0.0023439859192553947
24,40,0.35457382493066114,0.21905177326219738,0.07767002510342125,0.0654,0.0646,-0.012270025103421248,-0.013070025103421243,-0.0007999999999999952,11.086193304846743,128.71226752194727,0.1360278701518501,0.14489682479572744,0.008868954643877325
24,41,0.35457382493066114,0.3502829106424205,0.12420115143432803,0.1458,0.1426,0.021598848565671985,0.018398848565671977,-0.0032000000000000084,62.59186407782973,566.7681175233414,-1.3519121936601686,-1.151618228611113,0.2002939650490556
24,42,0.35457382493066114,0.41157518975916685,0.14593378927947045,0.1686,0.1646,0.022666210720529545,0.01866621072052954,-0.0040000000000000036,47.532528582943776,323.66972577204587,-1.0773823089405972,-0.887252194608822,0.19013011433177518
24,43,0.35457382493066114,0.6032014180886877,0.21387943401530488,0.2084,0.213,-0.005479434015304874,-0.0008794340153048807,0.004599999999999993,0.12930004076469115,42.56599287789313,0.0007084910415463554,0.0001137108540287771,-0.0005947801875175783
24,44,0.35457382493066114,0.33973613686845183,0.12046154151661358,0.1192,0.114,-0.0012615415166135763,-0.006461541516613573,-0.005199999999999996,2.069526546057548,78.00835339167098,0.002610793657585495,0.013372331697084737,0.010761538039499242
24,45,0.35457382493066114,0.37870641253843484,0.13427938121952174,0.126,0.1276,-0.008279381219521736,-0.006679381219521746,0.0015999999999999903,0.0029815107402614174,46.27966534995603,2.4685064028722728e-05,1.991464684430449e-05,-4.770417184418237e-06
24,46,0.35457382493066114,0.8322142840240537,0.2950814018483403,0.2934,0.2892,-0.0016814018483403137,-0.005881401848340295,-0.0041999999999999815,0.00017688970437320856,25.444831736547556,2.974226758854845e-07,1.0403594342529571e-06,7.429367583674726e-07
24,47,0.35457382493066114,0.40849133535173493,0.14484033522669806,0.158,0.1546,0.013159664773301938,0.009759664773301924,-0.003400000000000014,8.799773836313129,190.9766750812045,-0.11580207376675394,-0.08588284272328918,0.029919231043464764
24,48,0.35457382493066114,0.9486986627935283,0.3363837135733048,0.3348,0.3316,-0.0015837135733048346,-0.004783713573304815,-0.0031999999999999806,2.2777932382645836,30.515806452066975,0.0036073720686215943,0.010896310431068217,0.007288938362446623
24,49,0.35457382493066114,0.96,0.3403908719334347,0.3366,0.339,-0.003790871933434692,-0.0013908719334346786,0.0024000000000000132,1.7831917070008967,18.584157985723536,0.006759851394003198,0.002480191297201022,-0.004279660096802176
25,26,0.7210253586494617,0.3766803921978068,0.27159611488064356,0.275,0.2796,0.0034038851193564645,0.008003885119356458,0.004599999999999993,46.47543121273135,116.81815660103285,-0.15819702872069122,-0.3719840122992551,-0.21378698357856388
25,27,0.7210253586494617,0.5734241788507295,0.4134533742141203,0.396,0.4094,-0.0174533742141203,-0.004053374214120331,0.013399999999999967,2.019686399582577,5.074316613257319,0.03525034252708401,0.00818654477267755,-0.02706379775440646
25,28,0.7210253586494617,0.5368048429729841,0.3870499044293639,0.3896,0.3816,0.002550095570636124,-0.005449904429363883,-0.008000000000000007,4.819873132399843,121.22003739638433,-0.0122911371259609,0.02626784793323788,0.03855898505919878
25,29,0.7210253586494617,0.20992975486519724,0.1513646767928724,0.1558,0.1524,0.004435323207127584,0.0010353232071275975,-0.0033999999999999864,9.100590948414851,185.8123605809918,-0.04036406223207962,-0.009422053007469247,0.03094200922461037
25,30,0.7210253586494617,0.518065685771502,0.37353849688737656,0.3798,0.3728,0.006261503112623468,-0.0007384968873765385,-0.007000000000000006,6.226416308595196,104.21334634633581,-0.038986725096758344,0.0045981890634080695,0.04358491416016641
25,31,0.7210253586494617,0.5744315312620573,0.4141797008477843,0.4024,0.3962,-0.011779700847784347,-0.01797970084778433,-0.006199999999999983,0.1185520652560947,17.30517396969713,0.0013965078636038039,0.0021315306681915893,0.0007350228045877854
25,32,0.7210253586494617,0.41408676958317514,0.2985670615507059,0.2782,0.285,-0.02036706155070589,-0.013567061550705917,0.006799999999999973,16.07461097361335,26.60454956541479,0.32739259110323543,0.2180852364826651,-0.10930735462057034
25,33,0.7210253586494617,0.5082093407162553,0.3664318221589445,0.3568,0.3586,-0.00963182215894448,-0.007831822158944513,0.0017999999999999683,0.014301947929960018,20.020990741065617,0.00013775381898785904,0.00011201031271393147,-2.5743506273927567e-05
25,34,0.7210253586494617,0.430076829107486,0.31009629995404836,0.3198,0.3278,0.009703700045951613,0.01770370004595162,0.008000000000000007,35.679808997712314,83.74191380028121,-0.3462261642106458,-0.6316646361923445,-0.2854384719816987
25,35,0.7210253586494617,0.36780900467919186,0.26519961951331583,0.2636,0.2584,-0.0015996195133158309,-0.006799619513315813,-0.005199999999999982,3.6495512801787746,26.454833521436964,0.005837893442620739,0.024815560099550302,0.018977666656929564
25,36,0.7210253586494617,0.31652023366573906,0.22821911499865094,0.2412,0.2362,0.012980885001349057,0.007980885001349053,-0.0050000000000000044,33.0345172308376,76.62412250916913,-0.4288172692485868,-0.26364468309439865,0.16517258615418817
25,37,0.7210253586494617,0.29742640159246664,0.2144519778800271,0.2088,0.2018,-0.0056519778800270815,-0.012651977880027088,-0.007000000000000006,21.0748269015255,69.26022682023641,0.1191144554728218,0.26663824378350043,0.14752378831067864
25,38,0.7210253586494617,0.3126547933069382,0.22543203447760843,0.2118,0.216,-0.01363203447760844,-0.00943203447760843,0.004200000000000009,6.983165859549862,187.46583656662435,0.0951947577602419,0.0658654611501324,-0.029329296610109495
25,39,0.7210253586494617,0.4273457371252059,0.3081271133780202,0.3018,0.2994,-0.006327113378020166,-0.00872711337802018,-0.0024000000000000132,0.4987396453788667,61.0985994542599,0.003155582282425661,0.004352557431334948,0.0011969751489092867
25,40,0.7210253586494617,0.21905177326219738,0.15794188337917645,0.1624,0.1518,0.004458116620823543,-0.006141883379176455,-0.010599999999999998,11.951830074861471,227.01516495377447,-0.05328265230599862,0.07340674648753295,0.12668939879353158
25,41,0.7210253586494617,0.3502829106424205,0.2525628612747286,0.2644,0.2588,0.011837138725271423,0.006237138725271374,-0.005600000000000049,64.62633038387803,407.19577008706636,-0.7649908380591878,-0.4030833879094677,0.3619074501497201
25,42,0.7210253586494617,0.41157518975916685,0.29675614880732354,0.2988,0.302,0.0020438511926764713,0.005243851192676452,0.0031999999999999806,49.307531442696614,205.3608861091158,-0.10077725694708808,-0.2585613575637163,-0.1577841006166282
25,43,0.7210253586494617,0.6032014180886877,0.4349235188152599,0.419,0.4326,-0.01592351881525994,-0.0023235188152599395,0.013600000000000001,0.23729707689873797,13.891130168618123,0.003778604468803239,0.0005513642229804024,-0.0032272402458228366
25,44,0.7210253586494617,0.33973613686845183,0.2449583699317581,0.235,0.2252,-0.00995836993175811,-0.019758369931758085,-0.009799999999999975,1.7188169181222155,33.4869960682137,0.017116614715625412,0.033961020513223084,0.01684440579759767
25,45,0.7210253586494617,0.37870641253843484,0.27305692692337596,0.2564,0.257,-0.016656926923375948,-0.016056926923375958,0.0005999999999999894,0.005320990184315263,45.40751099006742,8.863134466014005e-05,8.543875054955095e-05,-3.1925941105891e-06
25,46,0.7210253586494617,0.8322142840240537,0.6000476026116484,0.5834,0.5846,-0.016647602611648327,-0.015447602611648348,0.0011999999999999789,0.019838248772719565,1.596215080576406,0.0003302592820792554,0.0003064533835519924,-2.3805898527263017e-05
25,47,0.7210253586494617,0.40849133535173493,0.2945326115771822,0.2992,0.3026,0.004667388422817831,0.00806738842281779,0.0033999999999999586,9.572771670541611,105.81494013352402,-0.04467984366936442,-0.0772272673492055,-0.03254742367984108
25,48,0.7210253586494617,0.9486986627935283,0.6840357935909684,0.6754,0.6714,-0.008635793590968444,-0.012635793590968447,-0.0040000000000000036,2.679062870108981,8.113479731731168,0.023135833963488662,0.033852085443924596,0.010716251480435934
25,49,0.7210253586494617,0.96,0.6921843443034832,0.685,0.6822,-0.007184344303483137,-0.009984344303483161,-0.0028000000000000247,2.1401066713465897,10.436429098108674,0.01537526317313513,0.02136756185290563,0.005992298679770502
26,27,0.3766803921978068,0.5734241788507295,0.2159976445851981,0.2198,0.2384,0.0038023554148018945,0.0224023554148019,0.018600000000000005,29.118245177879203,109.7229871533239,-0.11071791722163814,-0.6523172775301914,-0.5415993603085533
26,28,0.3766803921978068,0.5368048429729841,0.20220385878474575,0.1884,0.187,-0.013803858784745743,-0.015203858784745755,-0.0014000000000000123,21.361665594124602,12.680815663287916,0.2948734152682578,0.3247797471000325,0.029906331831774713
26,29,0.3766803921978068,0.20992975486519724,0.07907642239661195,0.0794,0.0842,0.0003235776033880533,0.005123577603388052,0.004799999999999999,14.444336631945724,318.31726343087433,-0.004673863829895263,-0.07400667966323472,-0.06933281583333946
26,30,0.3766803921978068,0.518065685771502,0.19514518570063513,0.1842,0.186,-0.01094518570063513,-0.009145185700635133,0.001799999999999996,18.67977334282034,27.741567084068052,0.20445358808294245,0.1708299960658659,-0.03362359201707654
26,31,0.3766803921978068,0.5744315312620573,0.21637709448657844,0.2304,0.231,0.014022905513421557,0.014622905513421575,0.0006000000000000172,41.89940838607791,97.57819210136674,-0.5875514448662333,-0.6126910898978808,-0.02513964503164745
26,32,0.3766803921978068,0.41408676958317514,0.15597836677051327,0.1716,0.176,0.015621633229486731,0.02002163322948672,0.004399999999999987,7.88471582399381,159.3239261756148,-0.12317213872116155,-0.1578648883467342,-0.03469274962557266
26,33,0.3766803921978068,0.5082093407162553,0.19143249377958788,0.1978,0.204,0.006367506220412128,0.012567506220412111,0.006199999999999983,44.859163692988226,85.72539489771484,-0.2856410038575884,-0.5637678187541146,-0.27812681489652624
26,34,0.3766803921978068,0.430076829107486,0.16200150866339696,0.1514,0.1648,-0.010601508663396958,0.0027984913366030373,0.013399999999999995,0.7123888665332708,44.18543606039751,0.00755239674026001,-0.0019936140712858157,-0.009546010811545826
26,35,0.3766803921978068,0.36780900467919186,0.13854644013644296,0.1278,0.1276,-0.010746440136442964,-0.01094644013644297,-0.00020000000000000573,24.077758496538898,112.81858057461939,0.25875019030278623,0.26356574200209415,0.004815551699307918
26,36,0.3766803921978068,0.31652023366573906,0.11922696575575203,0.1262,0.1308,0.006973034244247972,0.011573034244247965,0.004599999999999993,1.144307166091194,21.62645340210204,-0.007979293055092249,-0.013243106019111732,-0.005263812964019484
26,37,0.3766803921978068,0.29742640159246664,0.11203469360183273,0.102,0.1108,-0.010034693601832734,-0.0012346936018327315,0.008800000000000002,4.957553492006548,48.542454849739016,0.04974753030698164,0.006121059577324001,-0.04362647072965764
26,38,0.3766803921978068,0.3126547933069382,0.11777093016538169,0.1244,0.1362,0.006629069834618306,0.018429069834618297,0.011799999999999991,17.428296237977673,102.75810629987699,-0.1155333928599695,-0.3211872884681059,-0.2056538956081364
26,39,0.3766803921978068,0.4273457371252059,0.16097275986438342,0.1622,0.1624,0.0012272401356165918,0.0014272401356165698,0.00019999999999997797,37.34522697378572,85.58101872913254,-0.04583156141594119,-0.053300606810697516,-0.007469045394756325
26,40,0.3766803921978068,0.21905177326219738,0.08251250786402956,0.0854,0.0854,0.0028874921359704486,0.0028874921359704486,0.0,11.290589512403685,547.0448308991301,-0.03260148842753606,-0.03260148842753606,0.0
26,41,0.3766803921978068,0.3502829106424205,0.13194470416097628,0.1374,0.1428,0.0054552958390237105,0.010855295839023726,0.005400000000000016,1.4927004330874407,133.94109556436948,-0.008143122461530806,-0.01620370480020301,-0.008060582338672205
26,42,0.3766803921978068,0.41157518975916685,0.15503230389736972,0.1584,0.1556,0.0033676961026302965,0.0005676961026302718,-0.0028000000000000247,0.04187877113856798,37.28181356524944,-0.00014103497434630154,-2.377441515831015e-05,0.00011726055918799139
26,43,0.3766803921978068,0.6032014180886877,0.2272141467399201,0.2232,0.2394,-0.004014146739920094,0.012185853260079899,0.016199999999999992,40.070896020025714,78.10403087458731,0.16085045662446326,-0.488298058899953,-0.6491485155244162
26,44,0.3766803921978068,0.33973613686845183,0.1279719412793762,0.1266,0.1232,-0.0013719412793762042,-0.004771941279376191,-0.0033999999999999864,66.06967902864935,60.29951414458524,0.09064371997454036,0.3152806286719472,0.22463690869740688
26,45,0.3766803921978068,0.37870641253843484,0.14265128000280206,0.1608,0.1556,0.018148719997197943,0.012948719997197933,-0.00520000000000001,45.486176286668424,259.4415277223744,-0.8255158771699301,-0.5889877604792538,0.2365281166906763
26,46,0.3766803921978068,0.8322142840240537,0.31347880289879754,0.3174,0.3278,0.003921197101202478,0.014321197101202443,0.010399999999999965,44.57486203992127,120.41660383985776,-0.17478681981743968,-0.6383653850326193,-0.4635785652151796
26,47,0.3766803921978068,0.40849133535173493,0.15387067640969734,0.1462,0.1548,-0.007670676409697347,0.0009293235903026498,0.008599999999999997,13.8629594306418,32.079588805917346,0.10633827587321541,-0.012883175230304014,-0.11922145110351942
26,48,0.3766803921978068,0.9486986627935283,0.3573561843786011,0.3574,0.3674,4.38156213988794e-05,0.010043815621398888,0.010000000000000009,26.837630312647835,92.36131089006675,-0.001175907449022067,-0.26955221057550066,-0.2683763031264786
26,49,0.3766803921978068,0.96,0.3616131765098945,0.3606,0.3734,-0.00101317650989452,0.011786823490105514,0.012800000000000034,28.669372298474684,145.35432057658542,0.029047134566235214,-0.3379208308542417,-0.3669679654204769
27,28,0.5734241788507295,0.5368048429729841,0.3078168762848782,0.3226,0.3202,0.014783123715121804,0.012383123715121791,-0.0024000000000000132,0.5994851051117158,120.51334859938711,-0.008862262474239293,-0.007423498221971168,0.0014387642522681252
27,29,0.5734241788507295,0.20992975486519724,0.12037879729991066,0.1276,0.129,0.00722120270008933,0.008621202700089342,0.0014000000000000123,2.545817652674864,177.28951634382238,-0.018383865307430806,-0.02194801002117565,-0.0035641447137448427
27,30,0.5734241788507295,0.518065685771502,0.2970713904542636,0.3114,0.3072,0.014328609545736393,0.010128609545736356,-0.004200000000000037,1.15373826841331,97.79169139838278,-0.016531465166068328,-0.011685764438732385,0.004845700727335943
27,31,0.5734241788507295,0.5744315312620573,0.32939292911991236,0.321,0.3296,-0.008392929119912351,0.0002070708800876453,0.008599999999999997,1.1595904303744715,22.02131734561401,0.009732360290261598,-0.0002401174109588532,-0.009972477701220452
27,32,0.5734241788507295,0.41408676958317514,0.23744736582118345,0.226,0.2346,-0.011447365821183442,-0.002847365821183445,0.008599999999999997,6.698566038702697,32.86530454231482,0.07668093592238541,0.01907326798954224,-0.057607667932843165
27,33,0.5734241788507295,0.5082093407162553,0.29141952388448933,0.2914,0.3028,-1.9523884489336396e-05,0.011380476115510685,0.011400000000000021,1.6940739481607094,32.56061239286783,3.307490408028374e-05,-0.01927936810495184,-0.019312443009032124
27,34,0.5734241788507295,0.430076829107486,0.2466164525736857,0.2556,0.2692,0.008983547426314298,0.0225835474263143,0.013600000000000001,20.721624509296763,76.69657119436654,-0.18615369652954422,-0.4679677898559802,-0.281814093326436
27,35,0.5734241788507295,0.36780900467919186,0.2109105764820697,0.1932,0.1936,-0.017710576482069695,-0.01731057648206971,0.0003999999999999837,0.23933930680583046,13.512365634473902,0.004238837098350204,0.004143101375627876,-9.57357227223286e-05
27,36,0.5734241788507295,0.31652023366573906,0.18150035507941745,0.1898,0.1882,0.00829964492058255,0.006699644920582559,-0.0015999999999999903,18.71781906492969,70.63090899185758,-0.1553512519266269,-0.12540274142273958,0.029948510503887332
27,37,0.5734241788507295,0.29742640159246664,0.1705514901016875,0.177,0.1704,0.006448509898312499,-0.00015149010168749588,-0.006599999999999995,10.046212068140154,67.07338860487741,-0.06478309796194825,0.0015219016877767002,0.06630499964972496
27,38,0.5734241788507295,0.3126547933069382,0.1792838181157756,0.1704,0.1772,-0.008883818115775599,-0.0020838181157755986,0.0068000000000000005,1.4918456388285446,189.60843628806046,0.013253285312165845,0.003108734968131742,-0.010144550344034104
27,39,0.5734241788507295,0.4273457371252059,0.2450503783963809,0.2424,0.24,-0.002650378396380909,-0.005050378396380922,-0.0024000000000000132,0.511141631925429,66.55548172421233,0.0013547187387460396,0.002581458655367076,0.0012267399166210366
27,40,0.5734241788507295,0.21905177326219738,0.12560958320867172,0.1204,0.126,-0.0052095832086717225,0.0003904167913282852,0.005600000000000008,4.145235661782581,238.82192225412297,0.02159495009960975,-0.0016183696063727362,-0.023213319705982484
27,41,0.5734241788507295,0.3502829106424205,0.20086069040057344,0.2196,0.2256,0.018739309599426546,0.02473930959942655,0.006000000000000005,43.79651608596188,405.85210410427476,-0.8207164743111046,-1.083495570826876,-0.26277909651577147
27,42,0.5734241788507295,0.41157518975916685,0.23600716522298343,0.2436,0.2454,0.007592834777016583,0.009392834777016579,0.001799999999999996,31.368685766817865,195.15662180133762,-0.2381772481995998,-0.2946408825798718,-0.05646363438027202
27,43,0.5734241788507295,0.6032014180886877,0.3458902778491013,0.3332,0.352,-0.012690277849101317,0.0061097221508986665,0.018799999999999983,0.872403137356016,11.729923620029526,0.011071038209475545,-0.005330140772817543,-0.01640117898229309
27,44,0.5734241788507295,0.33973613686845183,0.19481291530971104,0.1808,0.183,-0.01401291530971105,-0.011812915309711042,0.0022000000000000075,7.464880192313092,27.301385827458052,0.10460473393202288,0.08818199750893403,-0.01642273642308885
27,45,0.5734241788507295,0.37870641253843484,0.2171594136353576,0.196,0.1994,-0.021159413635357588,-0.0177594136353576,0.0033999999999999864,1.8176745027704109,54.60981525418354,0.03846092665856206,0.03228083334914268,-0.006180093309419377
27,46,0.5734241788507295,0.8322142840240537,0.47721179244434075,0.4656,0.4698,-0.01161179244434074,-0.007411792444340759,0.0041999999999999815,1.6391895825027163,4.096229019381131,0.019033929208947094,0.012149332962435715,-0.006884596246511379
27,47,0.5734241788507295,0.40849133535173493,0.23423880854170656,0.2274,0.237,-0.00683880854170657,0.002761191458293427,0.009599999999999997,2.798369885598797,88.93682748186721,0.01913751587648749,-0.0077268350252609535,-0.026864350901748445
27,48,0.5734241788507295,0.9486986627935283,0.5440067516891641,0.5432,0.5464,-0.0008067516891641091,0.0023932483108358715,0.0031999999999999806,0.0464952601233904,8.306131098484784,3.751012964266985e-05,-0.00011127470275217853,-0.00014878483239484837
27,49,0.5734241788507295,0.96,0.5504872116967003,0.551,0.559,0.0005127883032997049,0.008512788303299712,0.008000000000000007,0.0017433657069469456,14.496276594344653,-8.939775428962148e-07,-1.4840903198471792e-05,-1.3946925655575576e-05
28,29,0.5368048429729841,0.20992975486519724,0.11269130909576926,0.1154,0.1044,0.0027086909042307455,-0.00829130909576925,-0.010999999999999996,0.6745297911957177,340.21975112182645,-0.0018270927100445045,0.005592734993108387,0.007419827703152891
28,30,0.5368048429729841,0.518065685771502,0.2781001691002625,0.2528,0.2368,-0.02530016910026245,-0.04130016910026246,-0.016000000000000014,0.08991473456331817,18.906163645068826,0.002274857989057162,0.003713493742070254,0.0014386357530130922
28,31,0.5368048429729841,0.5744315312620573,0.3083576279378595,0.3322,0.3284,0.023842372062140516,0.020042372062140545,-0.00379999999999997,3.426597278720236,111.10844804371642,-0.08169820722636607,-0.06867713756722928,0.013021069659136797
28,32,0.5368048429729841,0.41408676958317514,0.2222837833232866,0.2522,0.253,0.029916216676713375,0.030716216676713398,0.0008000000000000229,3.2902135394150243,186.07604573578857,-0.09843074115779589,-0.10106291198932799,-0.0026321708315320963
28,33,0.5368048429729841,0.5082093407162553,0.27280923534059326,0.276,0.2764,0.003190764659406764,0.00359076465940672,0.00039999999999995595,4.309070997052608,90.86184922050843,-0.013749231452270128,-0.015472859851090983,-0.0017236283988208544
28,34,0.5368048429729841,0.430076829107486,0.23086732471536298,0.2348,0.236,0.003932675284637033,0.005132675284637012,0.0011999999999999789,14.272051451209288,48.704592303555806,-0.05612734400323886,-0.0732538057446897,-0.01712646174145084
28,35,0.5368048429729841,0.36780900467919186,0.1974416550008632,0.2116,0.2012,0.014158344999136818,0.003758344999136798,-0.01040000000000002,0.08124841045536038,143.91225202015406,-0.0011503430258584671,-0.0003053595571227176,0.0008449834687357495
28,36,0.5368048429729841,0.31652023366573906,0.16990959433070932,0.1868,0.1754,0.016890405669290676,0.005490405669290682,-0.011399999999999993,12.617735906458604,31.94435562096634,-0.21311867808806093,-0.06927648875443293,0.143842189333628
28,37,0.5368048429729841,0.29742640159246664,0.15965993280286378,0.167,0.1564,0.00734006719713623,-0.0032599328028637686,-0.010599999999999998,5.737518489608174,70.85496078977178,-0.04211377125853556,0.01870392473131107,0.06081769598984663
28,38,0.5368048429729841,0.3126547933069382,0.16783460722588175,0.1796,0.1744,0.011765392774118255,0.006565392774118245,-0.00520000000000001,0.19994052549924834,74.25568733428369,-0.002352378813962263,-0.0013126880813661699,0.0010396907325960932
28,39,0.5368048429729841,0.4273457371252059,0.2294012613126703,0.2408,0.234,0.011398738687329685,0.004598738687329712,-0.006799999999999973,2.2177343107476486,91.74519657244404,-0.025279373886137654,-0.010198780573053704,0.01508059331308395
28,40,0.5368048429729841,0.21905177326219738,0.1175880527489676,0.1214,0.1158,0.0038119472510323993,-0.0017880527489675946,-0.005599999999999994,1.591939749178944,569.6101441353946,-0.0060683903506918825,0.002846472244710194,0.008914862595402077
28,41,0.5368048429729841,0.3502829106424205,0.18803356284352438,0.2012,0.197,0.013166437156475613,0.008966437156475632,-0.0041999999999999815,34.14800449916941,122.45586985905877,-0.4496075552573605,-0.3061859363608496,0.1434216188965109
28,42,0.5368048429729841,0.41157518975916685,0.2209355551102457,0.2288,0.2216,0.007864444889754296,0.0006644448897542843,-0.007200000000000012,23.295210619711842,39.13188584716854,-0.1832039001139428,-0.015478383652017267,0.16772551646192554
28,43,0.5368048429729841,0.6032014180886877,0.3238014425181793,0.3302,0.33,0.006398557481820666,0.006198557481820688,-0.00019999999999997797,2.9182529081003823,90.65626735838401,-0.018672608978970617,-0.018088958397350606,0.0005836505816200106
28,44,0.5368048429729841,0.33973613686845183,0.18237200360391753,0.1888,0.1754,0.006427996396082464,-0.0069720036039175315,-0.013399999999999995,12.295244396021307,71.94712569068639,-0.07903378666657807,0.08572248824010738,0.16475627490668543
28,45,0.5368048429729841,0.37870641253843484,0.20329143631555666,0.195,0.1932,-0.00829143631555665,-0.010091436315556646,-0.001799999999999996,4.5049036442545995,242.76580651488348,0.03735212167405608,0.04546094823371434,0.008108826559658264
28,46,0.5368048429729841,0.8322142840240537,0.4467366580554066,0.4566,0.4438,0.009863341944593429,-0.0029366580554066046,-0.012800000000000034,4.221268684543376,127.29296240689061,-0.04163581647565541,0.012396422686499946,0.054032239162155354
28,47,0.5368048429729841,0.40849133535173493,0.21928012712931266,0.2182,0.2194,-0.001080127129312658,0.00011987287068734864,0.0012000000000000066,0.8074256324691768,36.33013421155216,0.0008721223305323891,-9.678842843062832e-05,-0.0009689107589630175
28,48,0.5368048429729841,0.9486986627935283,0.50926603670956,0.5154,0.5034,0.006133963290439914,-0.005866036709560096,-0.01200000000000001,0.31207489416721695,108.68720892014957,-0.0019142559446896302,0.0018306427853169765,0.003744898730006607
28,49,0.5368048429729841,0.96,0.5153326492540647,0.5242,0.5086,0.008867350745935254,-0.006732649254064693,-0.015599999999999947,0.536571784418036,163.17640772212764,-0.004757970212807082,0.0036125496241142512,0.008370519836921334
29,30,0.20992975486519724,0.518065685771502,0.10875740241808173,0.0888,0.077,-0.01995740241808172,-0.031757402418081726,-0.011800000000000005,0.2718994328775276,243.44602863369258,0.005426406399185018,0.008634819707139845,0.003208413307954827
29,31,0.20992975486519724,0.5744315312620573,0.12059027054468356,0.107,0.0974,-0.013590270544683564,-0.02319027054468356,-0.009599999999999997,7.141746708691561,136.99621376962003,0.09705826993272171,0.16561903833616068,0.06856076840343897
29,32,0.20992975486519724,0.41408676958317514,0.08692913403151738,0.0932,0.086,0.006270865968482628,-0.000929134031517384,-0.007200000000000012,0.9852487078728926,169.51696509203725,-0.006178362592691605,0.0009154281039932342,0.007093790696684839
29,33,0.20992975486519724,0.5082093407162553,0.106688262316767,0.1116,0.1146,0.004911737683233011,0.007911737683233,0.002999999999999989,8.393349611777367,185.32284359579992,-0.04122593157671606,-0.06640598041204807,-0.02518004883533201
29,34,0.20992975486519724,0.430076829107486,0.09028592330773587,0.0844,0.081,-0.005885923307735866,-0.009285923307735866,-0.0034000000000000002,8.741124326006751,231.18123844119825,0.0514495874062601,0.08116941011468305,0.029719822708422952
29,35,0.20992975486519724,0.36780900467919186,0.07721405418951494,0.0758,0.0734,-0.0014140541895149294,-0.003814054189514929,-0.0023999999999999994,1.2239853068489304,158.6474826557733,0.0017307815510544465,0.004668346287491879,0.002937564736437432
29,36,0.20992975486519724,0.31652023366573906,0.06644701506332355,0.0674,0.058,0.0009529849366764487,-0.00844701506332355,-0.009399999999999999,7.4575287656765905,256.75506677910215,-0.0071069125785211,0.06299385781883884,0.07010077039735994
29,37,0.20992975486519724,0.29742640159246664,0.062438651576744233,0.0858,0.0856,0.023361348423255768,0.023161348423255762,-0.00020000000000000573,2.477520533397873,338.5503081645734,-0.05787822040647819,-0.0573827162997986,0.0004955041066795896
29,38,0.20992975486519724,0.3126547933069382,0.06563554411635444,0.0732,0.076,0.007564455883645557,0.010364455883645554,0.002799999999999997,0.13998861939660567,523.7227573531289,-0.0010589377356380724,-0.0014509058699485678,-0.00039196813431049537
29,39,0.20992975486519724,0.4273457371252059,0.0897125858373815,0.114,0.1164,0.02428741416261851,0.02668741416261851,0.0023999999999999994,5.338426697975111,281.6418993695227,-0.12965658019050147,-0.14246880426564174,-0.012812224075140266
29,40,0.20992975486519724,0.21905177326219738,0.04598548506371986,0.043,0.0388,-0.0029854850637198657,-0.007185485063719861,-0.004199999999999995,0.19397270167035507,208.1182275578746,0.0005791026036062345,0.0013937879506217248,0.0008146853470154903
29,41,0.20992975486519724,0.3502829106424205,0.07353480556463113,0.0808,0.074,0.0072651944353688686,0.00046519443536886806,-0.0068000000000000005,25.223816387525147,697.8190941710311,-0.18325593045741378,-0.011733979022242762,0.17152195143517102
29,42,0.20992975486519724,0.41157518975916685,0.08640187869473893,0.0822,0.0758,-0.004201878694738939,-0.010601878694738928,-0.006399999999999989,16.041735982257308,423.49743203079237,0.06740542865047401,0.1700725389369206,0.10266711028644658
29,43,0.20992975486519724,0.6032014180886877,0.12662992583369756,0.1242,0.1196,-0.002429925833697555,-0.007029925833697562,-0.004600000000000007,6.398810870756427,158.75344379663338,0.015548635839795788,0.0449831658452754,0.02943453000547961
29,44,0.20992975486519724,0.33973613686845183,0.0713207239316432,0.078,0.0696,0.006679276068356804,-0.0017207239316432005,-0.008400000000000005,18.729464677216832,212.7322863842314,-0.12509926519166847,0.032228238096952994,0.15732750328862147
29,45,0.20992975486519724,0.37870641253843484,0.07950174435007189,0.0802,0.0786,0.0006982556499281062,-0.0009017443500718841,-0.0015999999999999903,8.665802156349404,214.24389134396515,-0.006050945316830137,0.007814338133328826,0.013865283450158963
29,46,0.20992975486519724,0.8322142840240537,0.17470654064048524,0.176,0.169,0.001293459359514748,-0.00570654064048523,-0.0069999999999999785,8.270629721514835,164.39386175758005,-0.010697723422374218,0.04719668462822945,0.05789440805060367
29,47,0.20992975486519724,0.40849133535173493,0.08575448589494679,0.0834,0.0794,-0.0023544858949467867,-0.00635448589494679,-0.0040000000000000036,0.005970812260691374,315.5467037754414,1.4058193249173176e-05,3.794144229193869e-05,2.3883249042765517e-05
29,48,0.20992975486519724,0.9486986627935283,0.19916007772118582,0.2034,0.1942,0.004239922278814173,-0.004960077721185813,-0.009199999999999986,1.9042185762779282,158.26133964331848,-0.008073738765292594,0.00944507213646432,0.017518810901756915
29,49,0.20992975486519724,0.96,0.20153256467058936,0.2054,0.1974,0.00386743532941064,-0.004132564670589367,-0.008000000000000007,2.4143200158065743,129.20106846038394,-0.0093372265256336,0.00997733360081901,0.01931456012645261
30,31,0.518065685771502,0.5744315312620573,0.2975932651720517,0.3198,0.3018,0.02220673482794827,0.004206734827948311,-0.01799999999999996,4.626649995286725,81.02753924784862,-0.10274278958706042,-0.019463089671899553,0.08327969991516086
30,32,0.518065685771502,0.41408676958317514,0.21452414625301358,0.249,0.2536,0.03447585374698642,0.03907585374698641,0.004599999999999993,2.2923071911652957,155.21872734859963,-0.07902924746577997,-0.08957386054514031,-0.010544613079360346
30,33,0.518065685771502,0.5082093407162553,0.26328582061364975,0.2772,0.2742,0.013914179386350256,0.010914179386350253,-0.0030000000000000027,5.643893720046361,72.80740467153441,-0.07853014965822074,-0.061598468498081635,0.0169316811601391
30,34,0.518065685771502,0.430076829107486,0.22280804740600282,0.1792,0.1806,-0.043608047406002826,-0.04220804740600281,0.0014000000000000123,12.096338045137431,19.94778386058712,0.5274976829113887,0.5105628096481961,-0.01693487326319254
30,35,0.518065685771502,0.36780900467919186,0.19054922424205914,0.208,0.1976,0.01745077575794085,0.007050775757940858,-0.010399999999999993,0.34210675279370184,121.66119061576305,-0.005970028228280196,-0.002412117999225699,0.003557910229054497
30,36,0.518065685771502,0.31652023366573906,0.16397827191459716,0.1776,0.169,0.013621728085402851,0.0050217280854028545,-0.008599999999999997,10.577373311828117,37.38311489051674,-0.14408210311151962,-0.05311669262979786,0.09096541048172176
30,37,0.518065685771502,0.29742640159246664,0.15408641270755138,0.1696,0.1616,0.015513587292448616,0.007513587292448609,-0.008000000000000007,4.390927112739663,88.51981856298053,-0.06811903105826614,-0.0329916141563488,0.03512741690191734
30,38,0.518065685771502,0.3126547933069382,0.16197571990430615,0.169,0.1662,0.007024280095693863,0.004224280095693839,-0.0028000000000000247,0.021694119859775297,101.0923119667822,-0.00015238557432461656,-9.16420387172452e-05,6.074353560737136e-05
30,39,0.518065685771502,0.4273457371252059,0.22139316236529782,0.2096,0.1936,-0.011793162365297816,-0.02779316236529783,-0.016000000000000014,3.2007492454740576,67.15006699956042,0.03774695554248004,0.088958943470065,0.05121198792758496
30,40,0.518065685771502,0.21905177326219738,0.11348320713454385,0.113,0.1084,-0.00048320713454384767,-0.0050832071345438545,-0.004600000000000007,0.9251806042189368,479.0280332252677,0.0004470538687001781,0.004702884648107294,0.004255830779407116
30,41,0.518065685771502,0.3502829106424205,0.18146955631600334,0.1994,0.1914,0.017930443683996655,0.009930443683996648,-0.008000000000000007,30.73340285602249,179.5554455065024,-0.5510635491274932,-0.3051963262793131,0.24586722284818013
30,42,0.518065685771502,0.41157518975916685,0.21322298292911884,0.2112,0.2028,-0.002022982929118844,-0.010422982929118835,-0.00839999999999999,20.490590725380226,63.45331932440531,0.041452115245005104,0.21357307733819883,0.17212096209319372
30,43,0.518065685771502,0.6032014180886877,0.31249795632045846,0.3248,0.3246,0.012302043679541519,0.012102043679541541,-0.00019999999999997797,4.032655681872508,75.50239766715856,-0.04960990634294688,-0.04880337520657247,0.000806531136374411
30,44,0.518065685771502,0.33973613686845183,0.17600563472811537,0.1734,0.1624,-0.002605634728115369,-0.013605634728115379,-0.01100000000000001,14.48803681248567,51.704134297102584,0.03775053186082656,0.19711893679816908,0.15936840493734253
30,45,0.518065685771502,0.37870641253843484,0.1961947973177896,0.1894,0.1784,-0.0067947973177895915,-0.0177947973177896,-0.01100000000000001,5.86770048711621,202.72711326263803,0.039869835531449904,0.10441454088972826,0.06454470535827836
30,46,0.518065685771502,0.8322142840240537,0.43114166376176094,0.4482,0.4336,0.017058336238239047,0.002458336238239045,-0.014600000000000002,5.543342910879028,105.39362107638445,-0.09456020725763326,-0.013627400758799427,0.08093280649883383
30,47,0.518065685771502,0.40849133535173493,0.21162534378071315,0.1908,0.1888,-0.020825343780713157,-0.02282534378071316,-0.0020000000000000018,0.3584546224703092,31.585860562898205,0.007464940742729936,0.008181849987670554,0.0007169092449406181
30,48,0.518065685771502,0.9486986627935283,0.4914882233306362,0.4984,0.482,0.006911776669363823,-0.009488223330636203,-0.016400000000000026,0.7370127997078328,82.73621284404484,-0.005094067874043111,0.0069929420411653665,0.012087009915208478
30,49,0.518065685771502,0.96,0.4973430583406419,0.5042,0.4936,0.006856941659358073,-0.003743058340641925,-0.010599999999999998,1.0657846390324814,130.50027302942271,-0.007308023091285728,0.003989294082458573,0.011297317173744301
31,32,0.5744315312620573,0.41408676958317514,0.23786449712702198,0.1972,0.194,-0.040664497127022,-0.04386449712702198,-0.0031999999999999806,13.432236868824226,21.16575002539159,0.5462151575617817,0.589198315542019,0.04298315798023722
31,33,0.5744315312620573,0.5082093407162553,0.29193146978931916,0.276,0.2722,-0.01593146978931914,-0.019731469789319167,-0.0038000000000000256,0.05050049561013356,11.280395788883132,0.0008045471201584868,0.0009964490034769955,0.0001919018833185088
31,34,0.5744315312620573,0.430076829107486,0.2470496915045433,0.2428,0.2424,-0.004249691504543324,-0.004649691504543307,-0.0003999999999999837,31.685009609653587,56.752883683949335,0.13465151615951843,0.14732552000337934,0.012674003843860915
31,35,0.5744315312620573,0.36780900467919186,0.21128108976984136,0.2216,0.2078,0.010318910230158629,-0.00348108976984135,-0.013799999999999979,2.452562632992692,38.14175289572449,-0.025307773643693073,0.008537590691606025,0.0338453643352991
31,36,0.5744315312620573,0.31652023366573906,0.18181920250003467,0.19,0.1764,0.008180797499965337,-0.005419202500034664,-0.013600000000000001,29.19513536917988,55.570485160095174,-0.23883949043933633,0.15821435058151007,0.3970538410208464
31,37,0.5744315312620573,0.29742640159246664,0.1708511033045242,0.1704,0.1648,-0.0004511033045241919,-0.006051103304524186,-0.005599999999999994,18.0320727468209,75.88702693876222,0.008134327603511531,0.10911393498570847,0.10097960738219694
31,38,0.5744315312620573,0.3126547933069382,0.17959877167572652,0.1738,0.1708,-0.005798771675726511,-0.008798771675726513,-0.0030000000000000027,5.28197208027108,189.0221206859832,0.030628950091054173,0.046474866331867426,0.015845916240813253
31,39,0.5744315312620573,0.4273457371252059,0.2454808661551446,0.2464,0.2334,0.0009191338448553965,-0.012080866155144615,-0.013000000000000012,0.13097241229381215,49.07563985102147,-0.00012038117688159776,0.0015822601829379617,0.0017026413598195595
31,40,0.5744315312620573,0.21905177326219738,0.125830245540673,0.1252,0.1182,-0.0006302455406730079,-0.007630245540673014,-0.007000000000000006,9.68969808803108,237.8598640135958,0.006106889010449358,0.07393477562666698,0.06782788661621762
31,41,0.5744315312620573,0.3502829106424205,0.201213548735256,0.198,0.1846,-0.0032135487352559777,-0.016613548735256,-0.013400000000000023,59.20896881652336,348.8973354852537,0.19027090685614928,0.9836710889975636,0.7934001821414143
31,42,0.5744315312620573,0.41157518975916685,0.23642176648283,0.2264,0.2318,-0.010021766482830013,-0.004621766482829998,0.005400000000000016,44.590585732041106,165.3636061999505,0.44687643753912776,0.2060872745861051,-0.24078916295302266
31,43,0.5744315312620573,0.6032014180886877,0.3464979142521293,0.3398,0.34,-0.006697914252129289,-0.0064979142521292554,0.00020000000000003348,0.020396859136340123,16.148877237600036,0.000136616413507966,0.00013253704168069731,-4.079371827268695e-06
31,44,0.5744315312620573,0.33973613686845183,0.19515514932640066,0.1964,0.1868,0.0012448506735993348,-0.008355149326400663,-0.009599999999999997,2.7401852336540893,35.695520030034494,-0.0034111214339012435,0.022894656809178005,0.02630577824307925
31,45,0.5744315312620573,0.37870641253843484,0.2175409044532135,0.219,0.212,0.0014590955467864986,-0.005540904453213508,-0.007000000000000006,0.07364101882798571,84.26021622380036,-0.00010744928263273465,0.00040803784916316576,0.0005154871317959004
31,46,0.5744315312620573,0.8322142840240537,0.4780501255100938,0.474,0.4646,-0.004050125510093816,-0.01345012551009378,-0.009399999999999964,0.041398245011392214,13.224623102637976,0.00016766808819375367,0.000556811591300839,0.0003891435031070853
31,47,0.5744315312620573,0.40849133535173493,0.23465030327337963,0.242,0.2372,0.007349696726620364,0.002549696726620365,-0.004799999999999999,7.560716449817729,101.56505867166149,-0.055568972942130104,-0.019277533983005014,0.036291438959125094
31,48,0.5744315312620573,0.9486986627935283,0.5449624255747526,0.5422,0.5276,-0.0027624255747525917,-0.01736242557475265,-0.014600000000000057,1.670479741695141,9.033503336444724,0.004614575960564761,0.029003580189313913,0.02438900422874915
31,49,0.5744315312620573,0.96,0.551454270011575,0.5514,0.5406,-5.427001157498612e-05,-0.010854270011575018,-0.010800000000000032,1.251257990610337,11.173657396806908,6.790578563371686e-05,0.013581492084225396,0.01351358629859168
32,33,0.41408676958317514,0.5082093407162553,0.21044276416918936,0.1976,0.2076,-0.012842764169189363,-0.0028427641691893546,0.010000000000000009,15.129958805562822,43.952233383308396,0.1943104928293933,0.04301090477376496,-0.15129958805562835
32,34,0.41408676958317514,0.430076829107486,0.17808912483769415,0.171,0.1748,-0.0070891248376941385,-0.0032891248376941407,0.003799999999999998,3.8570693451770515,108.14981430570107,0.0273432460956033,0.012686382583930515,-0.014656863511672787
32,35,0.41408676958317514,0.36780900467919186,0.15230484257120952,0.1334,0.1396,-0.01890484257120953,-0.012704842571209518,0.006200000000000011,4.405530845324021,41.32876156806813,0.08328586707345825,0.05597157583244928,-0.027314291241008974
32,36,0.41408676958317514,0.31652023366573906,0.13106684106635763,0.1154,0.1134,-0.01566684106635763,-0.01766684106635763,-0.0020000000000000018,3.0215154137306475,98.26410960783875,0.04733760176646787,0.05338063259392917,0.006043030827461299
32,37,0.41408676958317514,0.29742640159246664,0.12316033782417266,0.1148,0.1086,-0.008360337824172656,-0.014560337824172653,-0.006199999999999997,0.3380459547963847,93.92125671547335,0.002826178382192775,0.004922063301930359,0.002095884919737584
32,38,0.41408676958317514,0.3126547933069382,0.12946621335516537,0.1374,0.1412,0.007933786644834628,0.011733786644834626,0.003799999999999998,1.8679986789226817,286.24542578182707,-0.014820302971405502,-0.021918697951311687,-0.007098394979906185
32,39,0.41408676958317514,0.4273457371252059,0.17695821578131726,0.1616,0.167,-0.01535821578131727,-0.009958215781317253,0.005400000000000016,10.910472984226248,87.94260507343358,0.1675653983679793,0.10864884425315736,-0.058916554114821926
32,40,0.41408676958317514,0.21905177326219738,0.09070644116160945,0.0872,0.0934,-0.003506441161609447,0.00269355883839055,0.006199999999999997,0.3048957180910717,197.13693445008653,0.0010690988959130038,-0.0008212545562516397,-0.0018903534521646434
32,41,0.41408676958317514,0.3502829106424205,0.1450475189081119,0.1378,0.1366,-0.0072475189081119,-0.008447518908111906,-0.0012000000000000066,16.23876269207401,469.1756734985493,0.11769073965514847,0.1371772548856374,0.01948651523048893
32,42,0.41408676958317514,0.41157518975916685,0.1704278407679557,0.1562,0.1526,-0.01422784076795569,-0.017827840767955683,-0.003599999999999992,9.07585907206653,245.79334248001976,0.1291298777097687,0.16180297036920813,0.032673092659439434
32,43,0.41408676958317514,0.6032014180886877,0.2497777266243349,0.251,0.2578,0.001222273375665106,0.008022273375665079,0.006799999999999973,12.40578045591264,46.48889848920046,-0.01516325515560854,-0.09952256225581414,-0.0843593071002056
32,44,0.41408676958317514,0.33973613686845183,0.14068023942652466,0.14,0.1356,-0.0006802394265246481,-0.005080239426524663,-0.004400000000000015,28.306146530352247,70.71067604302264,0.01925495688292947,0.1438020016164798,0.12454704473355033
32,45,0.41408676958317514,0.37870641253843484,0.15681731498847373,0.1488,0.1474,-0.008017314988473745,-0.00941731498847373,-0.0013999999999999846,15.495011978817558,72.96423381347446,0.12422839178435423,0.14592140855469857,0.02169301677034434
32,46,0.41408676958317514,0.8322142840240537,0.3446089244724954,0.3356,0.3414,-0.009008924472495405,-0.0032089244724954336,0.005799999999999972,14.965038523978746,22.144406923153987,0.13481890179050865,0.04802167835143234,-0.08679722343907631
32,47,0.41408676958317514,0.40849133535173493,0.16915085745851738,0.1604,0.1726,-0.008750857458517391,0.003449142541482625,0.012200000000000016,0.8378215401625583,149.43026907255978,0.007331656873638051,-0.0028897659163451732,-0.010221422789983226
32,48,0.41408676958317514,0.9486986627935283,0.3928435645840501,0.3864,0.3916,-0.006443564584050099,-0.0012435645840501164,0.005199999999999982,5.628904373616748,28.79413544886805,0.03627020886884158,0.006999906126034592,-0.029270302742806988
32,49,0.41408676958317514,0.96,0.3975232987998481,0.3974,0.4078,-0.00012329879984812608,0.010276701200151894,0.01040000000000002,6.484179348030676,14.795929720014213,0.000799491531612187,-0.06663597368790698,-0.06743546521951917
33,34,0.5082093407162553,0.430076829107486,0.21856906177805308,0.2332,0.2338,0.014630938221946915,0.015230938221946932,0.0006000000000000172,34.26541815790069,58.86378452585713,-0.501335216217423,-0.521894467112164,-0.020559250894740977
33,35,0.5082093407162553,0.36780900467919186,0.1869239717775142,0.2104,0.2062,0.023476028222485817,0.019276028222485808,-0.004200000000000009,3.206925696100274,58.684250455084374,-0.07528587814906501,-0.06181679022544383,0.013469087923621184
33,36,0.5082093407162553,0.31652023366573906,0.16085853927462035,0.1854,0.1794,0.02454146072537966,0.018541460725379655,-0.006000000000000005,31.67410765218926,62.873000363759694,-0.7773288689576501,-0.5872842230445143,0.19004464591313575
33,37,0.5082093407162553,0.29742640159246664,0.15115487546491566,0.1514,0.1536,0.00024512453508435117,0.002445124535084331,0.0021999999999999797,19.991110494456716,65.70587038565527,-0.004900311665773596,-0.04888075475357797,-0.043980443087804376
33,38,0.5082093407162553,0.3126547933069382,0.15889408637829613,0.142,0.1434,-0.016894086378296147,-0.015494086378296135,0.0014000000000000123,6.3654144093889435,154.0333546021323,0.10753786086586777,0.09862628069272317,-0.008911580173144598
33,39,0.5082093407162553,0.4273457371252059,0.21718109532230306,0.1938,0.1914,-0.023381095322303064,-0.025781095322303077,-0.0024000000000000132,0.3441280244185179,30.084585160566668,0.008046090142005203,0.008871997400609651,0.0008259072586044476
33,40,0.5082093407162553,0.21905177326219738,0.11132415727230797,0.109,0.1062,-0.002324157272307975,-0.005124157272307972,-0.002799999999999997,11.139247626038417,262.0328978466473,0.025889363378096535,0.057079256731004065,0.03118989335290753
33,41,0.5082093407162553,0.3502829106424205,0.1780170470817555,0.1748,0.1718,-0.003217047081755492,-0.006217047081755495,-0.0030000000000000027,62.71784018281777,327.43154563179843,0.20176624473414123,0.3899197652825947,0.18815352054845347
33,42,0.5082093407162553,0.41157518975916685,0.20916635584267387,0.2214,0.228,0.01223364415732614,0.018833644157326135,0.006599999999999995,47.642317094488526,166.32662863541478,-0.5828391541644689,-0.8972784469880929,-0.31443929282362404
33,43,0.5082093407162553,0.6032014180886877,0.30655259500596227,0.2914,0.3078,-0.015152595005962277,0.0012474049940377485,0.016400000000000026,0.13508618540338024,19.375712393101907,0.0020469062583177537,-0.0001685071822976857,-0.0022154134406154394
33,44,0.5082093407162553,0.33973613686845183,0.1726570781354034,0.1712,0.1696,-0.0014570781354034112,-0.0030570781354034016,-0.0015999999999999903,2.0466945670503125,33.62175027502336,0.0029821939034979615,0.006256905210778442,0.00327471130728048
33,45,0.5082093407162553,0.37870641253843484,0.1924621362411762,0.192,0.1902,-0.000462136241176192,-0.002262136241176188,-0.001799999999999996,0.0021758151936438967,92.64656939040745,1.0055230550846387e-06,4.921990403643644e-06,3.916467348559005e-06
33,46,0.5082093407162553,0.8322142840240537,0.4229390726185148,0.4232,0.4172,0.00026092738148519867,-0.005739072618514807,-0.006000000000000005,0.00045188413175799037,23.63404151544276,-1.1790894323432493e-07,2.5933958473136198e-06,2.7113047905479448e-06
33,47,0.5082093407162553,0.40849133535173493,0.20759911222740798,0.2286,0.2344,0.021000887772592014,0.026800887772592014,0.0058,8.847048532471154,107.8022467854837,-0.18579587334910158,-0.23710875483743427,-0.051312881488332684
33,48,0.5082093407162553,0.9486986627935283,0.48213752195669207,0.4826,0.4826,0.0004624780433079012,0.0004624780433079012,0.0,2.301876286051666,13.092209334817603,-0.001064567240710033,-0.001064567240710033,0.0
33,49,0.5082093407162553,0.96,0.4878809670876051,0.4886,0.4888,0.0007190329123948902,0.0009190329123949237,0.00020000000000003348,1.8045075236614658,25.9096592854964,-0.001297500300176795,-0.0016584018049091486,-0.00036090150473235363
34,35,0.430076829107486,0.36780900467919186,0.15818613044960733,0.1686,0.1676,0.010413869550392668,0.009413869550392667,-0.0010000000000000009,16.50697717672173,95.68224090795243,-0.17190150698968915,-0.15539452981296742,0.016506977176721727
34,36,0.430076829107486,0.31652023366573906,0.1361280184433216,0.1208,0.1192,-0.015328018443321587,-0.01692801844332159,-0.0016000000000000042,0.05093670755635935,29.502672665055766,0.0007807587928659542,0.0008622575249561293,8.14987320901751e-05
34,37,0.430076829107486,0.29742640159246664,0.12791620368973777,0.1218,0.119,-0.0061162036897377675,-0.008916203689737778,-0.002800000000000011,1.9113756567511686,67.26318907123192,0.011690362844296446,0.01704221468319974,0.0053518518389032935
34,38,0.430076829107486,0.3126547933069382,0.13446558211070442,0.134,0.1408,-0.00046558211070441,0.0063344178892955905,0.0068000000000000005,11.093494401094729,114.52720871794844,0.005164932538349239,-0.07027082938909492,-0.07543576192744415
34,39,0.430076829107486,0.4273457371252059,0.18379149955540983,0.1618,0.1672,-0.021991499555409827,-0.01659149955540984,0.005399999999999988,27.741739936784104,54.17637963774457,0.6100824614860827,0.4602770658274488,-0.14980539565863388
34,40,0.430076829107486,0.21905177326219738,0.09420909205497784,0.0622,0.06,-0.03200909205497784,-0.03420909205497784,-0.0022000000000000006,6.3308393590490635,383.2200790658433,0.20264441982907835,0.2165722664189863,0.01392784658990795
34,41,0.430076829107486,0.3502829106424205,0.15064856349963307,0.1442,0.1556,-0.006448563499633075,0.004951436500366918,0.011399999999999993,4.267498734821088,211.82873298672553,0.0275192365760976,-0.02113024900086278,-0.048649485576960375
34,42,0.430076829107486,0.41157518975916685,0.17700895255093432,0.1448,0.159,-0.03220895255093431,-0.01800895255093432,0.01419999999999999,1.0997178963384706,72.42115404728509,0.035420761542579095,0.019804767414572825,-0.01561599412800627
34,43,0.430076829107486,0.6032014180886877,0.25942295320472175,0.294,0.3036,0.03457704679527823,0.04417704679527823,0.009599999999999997,30.097582252351216,71.5714056010771,-1.0406855099642836,-1.3296222995868552,-0.28893678962257163
34,44,0.430076829107486,0.33973613686845183,0.14611264047761063,0.1632,0.1618,0.017087359522389378,0.015687359522389366,-0.0014000000000000123,53.06094494471875,57.86875285910288,-0.9066714428681184,-0.8323861199455116,0.07428532292260681
34,45,0.430076829107486,0.37870641253843484,0.16287285306720153,0.1534,0.1582,-0.009472853067201525,-0.004672853067201527,0.004799999999999999,34.813689999245504,166.32751621073868,0.32978497008995583,0.16267925809357747,-0.16710571199637836
34,46,0.430076829107486,0.8322142840240537,0.3579160804110218,0.3738,0.3814,0.015883919588978224,0.02348391958897822,0.007599999999999996,34.01700060852478,82.08240613754259,-0.5403233023240309,-0.7988525069488192,-0.25852920462478823
34,47,0.430076829107486,0.40849133535173493,0.17568265822595686,0.1518,0.154,-0.023882658225956865,-0.021682658225956858,0.0022000000000000075,8.290185465365024,37.24629741500325,0.19799166609910804,0.17975325807530493,-0.01823840802380311
34,48,0.430076829107486,0.9486986627935283,0.40801331267275276,0.4156,0.4262,0.007586687327247266,0.018186687327247264,0.010599999999999998,18.805002532229285,61.58290678505066,-0.14266767440011666,-0.34200070124174703,-0.19933302684163037
34,49,0.430076829107486,0.96,0.41287375594318654,0.4192,0.4306,0.006326244056813479,0.017726244056813445,0.011399999999999966,20.34323437444508,102.64843676424287,-0.12869626555769687,-0.3606091374263701,-0.2319128718686732
35,36,0.36780900467919186,0.31652023366573906,0.11641899210542073,0.1162,0.1114,-0.0002189921054207289,-0.005018992105420728,-0.004799999999999999,14.723998870881701,78.62429353772963,0.0032244395129468187,0.07389963409317897,0.07067519458023215
35,37,0.36780900467919186,0.29742640159246664,0.10939610873503876,0.1056,0.0958,-0.0037961087350387585,-0.013596108735038762,-0.009800000000000003,7.184291352043659,74.35959764834789,0.027272351156556348,0.09767840640658423,0.07040605525002788
35,38,0.36780900467919186,0.3126547933069382,0.11499724833440339,0.1328,0.126,0.01780275166559661,0.01100275166559661,-0.0068000000000000005,0.5360995075864919,247.45547698276584,-0.009544046401610943,-0.005898569750022797,0.003645476651588146
35,39,0.36780900467919186,0.4273457371252059,0.15718161022591756,0.1696,0.159,0.012418389774082439,0.0018183897740824406,-0.010599999999999998,1.4500130219544183,105.7319549883895,-0.018006826884125124,-0.002636688851408292,0.015370138032716831
35,40,0.36780900467919186,0.21905177326219738,0.08056921469678083,0.0818,0.0746,0.0012307853032191701,-0.005969214696780828,-0.007199999999999998,2.392472732418941,240.0369400187489,-0.002944620277413843,0.014281183396002529,0.017225803673416373
35,41,0.36780900467919186,0.3502829106424205,0.12883720871951898,0.1634,0.1494,0.03456279128048101,0.020562791280481024,-0.013999999999999985,37.5606016369603,437.2095145357967,-1.2981992347475522,-0.7723508118301086,0.5258484229174436
35,42,0.36780900467919186,0.41157518975916685,0.15138106089596867,0.1512,0.1488,-0.00018106089596867103,-0.0025810608959686843,-0.0024000000000000132,26.127966859757674,208.87763348391016,0.004730753089467469,0.06743787355288623,0.06270712046341877
35,43,0.36780900467919186,0.6032014180886877,0.22186291320827728,0.2038,0.2004,-0.01806291320827727,-0.021462913208277284,-0.003400000000000014,2.025636009408961,21.23564270951448,0.03658888742951519,0.04347604986150568,0.006887162431990494
35,44,0.36780900467919186,0.33973613686845183,0.12495801035513897,0.119,0.1074,-0.0059580103551389735,-0.017558010355138973,-0.0116,10.37752400898441,45.46414994990166,0.06182939550623243,0.1822086740104516,0.12037927850421917
35,45,0.36780900467919186,0.37870641253843484,0.13929162866138914,0.1374,0.1242,-0.0018916286613891442,-0.015091628661389134,-0.01319999999999999,3.3761665004982633,92.25670740886501,0.006386453317964402,0.05095185112454144,0.044565397806577034
35,46,0.36780900467919186,0.8322142840240537,0.30609590748669346,0.298,0.2848,-0.008095907486693477,-0.021295907486693466,-0.01319999999999999,3.131241942484794,22.103834370411963,0.025350245084811266,0.06668263872561052,0.041332393640799256
35,47,0.36780900467919186,0.40849133535173493,0.15024679147579562,0.1488,0.146,-0.001446791475795628,-0.004246791475795625,-0.002799999999999997,1.4009319826347366,101.84589016600592,0.0020268564506454056,0.005949466002022664,0.003922609551377259
35,48,0.36780900467919186,0.9486986627935283,0.34893991090256793,0.3526,0.3424,0.0036600890974320954,-0.006539910902567947,-0.010200000000000042,0.07485453633211407,19.342737139969397,-0.0002739742723225054,0.0004895419982650613,0.0007635162705875668
35,49,0.36780900467919186,0.96,0.35309664449202416,0.359,0.3476,0.005903355507975827,-0.005496644492024139,-0.011399999999999966,0.20022898529560013,24.82060485692752,-0.0011820228832011919,0.0011005875491686427,0.0022826104323698344
36,37,0.31652023366573906,0.29742640159246664,0.09414147413040748,0.079,0.0746,-0.015141474130407478,-0.01954147413040748,-0.004400000000000001,1.3382637031975835,33.65737234698894,0.02026328524162952,0.026151645535698893,0.005888360294069372
36,38,0.31652023366573906,0.3126547933069382,0.09896156823422542,0.1046,0.1058,0.005638431765774582,0.0068384317657745886,0.0012000000000000066,9.64101356174448,109.74979558404516,-0.054360197120803616,-0.06592941339489705,-0.011569216274093436
36,39,0.31652023366573906,0.4273457371252059,0.13526357257092766,0.163,0.1448,0.02773642742907234,0.009536427429072347,-0.018199999999999994,25.415221791549737,82.61466262305358,-0.7049274548150972,-0.24237041820889216,0.46255703660620506
36,40,0.31652023366573906,0.21905177326219738,0.06933431845784521,0.0648,0.0596,-0.004534318457845216,-0.009734318457845212,-0.005199999999999996,5.2460435047438345,437.2987329060971,0.023787231894218972,0.051066658118886894,0.027279426224667922
36,41,0.31652023366573906,0.3502829106424205,0.11087162872565413,0.1044,0.099,-0.006471628725654127,-0.01187162872565413,-0.005400000000000002,5.250899565124731,163.60256366370567,0.033981872461185975,0.062336730112859534,0.02835485765167356
36,42,0.31652023366573906,0.41157518975916685,0.13027187523359238,0.1182,0.1076,-0.012071875233592377,-0.022671875233592376,-0.010599999999999998,1.6240086315751165,40.44851926062008,0.019604829578651898,0.03681932107334813,0.01721449149469623
36,43,0.31652023366573906,0.6032014180886877,0.1909254538009366,0.2028,0.2022,0.011874546199063418,0.011274546199063401,-0.0006000000000000172,27.67217347081161,52.643422139706274,-0.3285945023076496,-0.31199119822516214,0.016603304082487447
36,44,0.31652023366573906,0.33973613686845183,0.10753336142629788,0.1252,0.1142,0.017666638573702126,0.006666638573702116,-0.01100000000000001,49.823873236645234,54.77252644750589,-0.8802203608137616,-0.3321577552106636,0.548062605603098
36,45,0.31652023366573906,0.37870641253843484,0.11986824218737917,0.124,0.1254,0.0041317578126208315,0.005531757812620844,0.0014000000000000123,32.20132443597392,192.3018236661853,-0.13304807381507336,-0.17812992802543723,-0.04508185421036387
36,46,0.31652023366573906,0.8322142840240537,0.2634126596392592,0.2774,0.2606,0.013987340360740785,-0.0028126596392591963,-0.01679999999999998,31.43528541205667,73.35585292852825,-0.4396960363954663,0.08841675852708518,0.5281127949225515
36,47,0.31652023366573906,0.40849133535173493,0.12929577291596092,0.131,0.1252,0.0017042270840390839,-0.004095772915960916,-0.0058,7.041468753524844,32.61824823719462,-0.012000261761171967,0.028840257009272126,0.04084051877044409
36,48,0.31652023366573906,0.9486986627935283,0.3002823224257818,0.3124,0.2994,0.012117677574218222,-0.0008823224257817897,-0.013000000000000012,16.898527770951603,64.54167086209243,-0.20477091100736408,0.014909950015006957,0.21968086102237103
36,49,0.31652023366573906,0.96,0.3038594243191095,0.3162,0.3024,0.012340575680890475,-0.0014594243191095035,-0.013799999999999979,18.358275819389352,95.70354665468014,-0.2265516921198359,0.026792514187736767,0.25334420630757265
37,38,0.29742640159246664,0.3126547933069382,0.09299179011391905,0.0886,0.092,-0.004391790113919047,-0.0009917901139190471,0.0034000000000000002,3.795345608329984,123.16636243356699,0.016668361321569698,0.00376418625324775,-0.012904175068321947
37,39,0.29742640159246664,0.4273457371252059,0.12710390482903017,0.1266,0.124,-0.0005039048290301773,-0.0031039048290301685,-0.002599999999999991,15.089477807447505,83.26951794166588,0.00760366073471649,0.04683630303407987,0.03923264229936338
37,40,0.29742640159246664,0.21905177326219738,0.06515178068382427,0.0588,0.0504,-0.006351780683824269,-0.014751780683824267,-0.008399999999999998,1.285028159695661,411.98316431050335,0.008162217042925147,0.018956453584368697,0.01079423654144355
37,41,0.29742640159246664,0.3502829106424205,0.10418338565171067,0.102,0.1016,-0.0021833856517106814,-0.002583385651710679,-0.0003999999999999976,11.89089441848163,245.90454661961886,0.025962408259319416,0.03071876602671204,0.004756357767392624
37,42,0.29742640159246664,0.41157518975916685,0.12241332767480562,0.1212,0.12,-0.0012133276748056143,-0.002413327674805621,-0.0012000000000000066,5.910730783058214,107.68026462332969,0.007171653237409991,0.014264530177079886,0.007092876939669895
37,43,0.29742640159246664,0.6032014180886877,0.1794080272175914,0.183,0.181,0.003591972782408609,0.0015919727824086072,-0.0020000000000000018,16.839543148577167,58.31267276777183,-0.060487180657884554,-0.02680809436073019,0.03367908629715437
37,44,0.29742640159246664,0.33973613686845183,0.10104649667970937,0.1082,0.1044,0.007153503320290633,0.003353503320290635,-0.003799999999999998,34.83088088216988,53.28568109773716,-0.24916282203924975,-0.1168054746870043,0.13235734735224547
37,45,0.29742640159246664,0.37870641253843484,0.11263728554129887,0.119,0.1172,0.006362714458701124,0.004562714458701128,-0.001799999999999996,20.410404815361403,191.59585637558524,-0.12986557782664304,-0.09312684915899261,0.03673872866765043
37,46,0.29742640159246664,0.8322142840240537,0.2475224998511253,0.2514,0.2464,0.003877500148874724,-0.0011224998511252804,-0.0050000000000000044,19.80147118354078,74.69286433038945,-0.07678020746211793,0.022227148455586057,0.09900735591770399
37,47,0.29742640159246664,0.40849133535173493,0.12149610795536808,0.1242,0.1212,0.0027038920446319226,-0.0002961079553680801,-0.0030000000000000027,2.240239953252053,60.40003572545339,-0.006057366987664817,0.0006633528720913488,0.0067207198597561656
37,48,0.29742640159246664,0.9486986627935283,0.28216802947026404,0.2794,0.2714,-0.002768029470264055,-0.010768029470264062,-0.008000000000000007,8.725811219024923,64.68391457699727,0.024153302606221706,0.09395979235842115,0.06980648975219944
37,49,0.29742640159246664,0.96,0.28552934552876796,0.2852,0.2782,-0.00032934552876795475,-0.007329345528767961,-0.007000000000000006,9.783272819349571,95.92160052143207,0.003222077159769844,0.0717049868952169,0.06848290973544706
38,39,0.3126547933069382,0.4273457371252059,0.13361169311148238,0.129,0.1332,-0.004611693111482379,-0.00041169311148236964,0.004200000000000009,3.7494630529068855,142.2359971290687,0.017291372932848374,0.0015436281106394204,-0.015747744822208955
38,40,0.3126547933069382,0.21905177326219738,0.0684875868928106,0.0626,0.0578,-0.0058875868928106034,-0.010687586892810609,-0.004800000000000006,0.6635305593612086,705.7535783963945,0.00390659382427434,0.007091540509208146,0.003184946684933806
38,41,0.3126547933069382,0.3502829106424205,0.10951763102585868,0.0918,0.0886,-0.017717631025858674,-0.020917631025858682,-0.0032000000000000084,29.122021196553813,122.99094964059009,0.5159732262877758,0.6091636941167482,0.09319046782897245
38,42,0.3126547933069382,0.41157518975916685,0.12868095588441616,0.1284,0.1258,-0.0002809558844161786,-0.00288095588441617,-0.002599999999999991,19.17883018730221,86.70449747607626,0.005388405197341196,0.055253363684326776,0.04986495848698558
38,43,0.3126547933069382,0.6032014180886877,0.18859381469497064,0.1752,0.1858,-0.01339381469497064,-0.002793814694970642,0.010599999999999998,4.645906783656243,167.98734428814404,0.062226414550398776,0.012979802643642605,-0.04924661190675617
38,44,0.3126547933069382,0.33973613686845183,0.10622013165150347,0.1024,0.1062,-0.0038201316515034667,-2.013165150346885e-05,0.003799999999999998,15.63098952364881,133.53618431069188,0.05971243782360991,0.0003146776337444704,-0.05939776018986544
38,45,0.3126547933069382,0.37870641253843484,0.1184043751362164,0.1178,0.1194,-0.0006043751362164035,0.0009956248637836007,0.0016000000000000042,6.602961976377813,328.65097407495625,0.0039906660439050735,-0.006574073118299455,-0.010564739162204528
38,46,0.3126547933069382,0.8322142840240537,0.26019578495862206,0.259,0.2584,-0.0011957849586220481,-0.0017957849586220376,-0.0005999999999999894,6.258601578657583,196.07079015483498,0.007483941629766943,0.011239102576961426,0.003755160947194483
38,47,0.3126547933069382,0.40849133535173493,0.12771677402207185,0.1276,0.134,-0.00011677402207185827,0.0062832259779281585,0.006400000000000017,0.20378142626317386,95.7068071964442,2.3796376768290622e-05,-0.0012804047513160254,-0.001304201128084316
38,48,0.3126547933069382,0.9486986627935283,0.29661518432627926,0.299,0.3002,0.0023848156737207304,0.003584815673720765,0.0012000000000000344,1.0116009211971468,181.28559414152915,-0.0024124817324212853,-0.0036264028378578963,-0.001213921105436611
38,49,0.3126547933069382,0.96,0.30014860157466067,0.2942,0.3018,-0.00594860157466065,0.0016513984253393454,0.007599999999999996,1.391592288376744,246.6749902704613,0.008278028077923516,-0.002298073313739731,-0.010576101391663248
39,40,0.4273457371252059,0.21905177326219738,0.09361084151331721,0.0968,0.0884,0.003189158486682789,-0.005210841513317202,-0.00839999999999999,7.5675987012131385,359.95429392557816,-0.02413427162178353,0.039433557468406766,0.06356782909019029
39,41,0.4273457371252059,0.3502829106424205,0.14969190865084783,0.1552,0.1452,0.005508091349152172,-0.004491908650847837,-0.010000000000000009,53.77047393819443,300.82864256630523,-0.2961726823387811,0.2415320570431637,0.5377047393819447
39,42,0.4273457371252059,0.41157518975916685,0.17588490285007766,0.1874,0.1814,0.011515097149922354,0.005515097149922349,-0.006000000000000005,39.88828323846852,159.34450200928305,-0.45931745663458445,-0.21998775720377312,0.23932969943081134
39,43,0.4273457371252059,0.6032014180886877,0.2577755546480797,0.2612,0.2642,0.003424445351920269,0.0064244453519202716,0.0030000000000000027,0.04799759553576527,60.38916521976339,-0.00016436514293580043,-0.00030835792954309635,-0.00014399278660729591
39,44,0.4273457371252059,0.33973613686845183,0.1451847898381184,0.132,0.122,-0.013184789838118383,-0.02318478983811839,-0.010000000000000009,4.069303997915905,43.712539960127856,0.053652917999936135,0.09434595797909522,0.04069303997915908
39,45,0.4273457371252059,0.37870641253843484,0.16183857102027976,0.158,0.15,-0.003838571020279763,-0.01183857102027977,-0.008000000000000007,0.40103076110747227,134.35887662965345,0.0015393850578278797,0.004747631146687661,0.003208246088859781
39,46,0.4273457371252059,0.8322142840240537,0.35564322665238474,0.3648,0.3538,0.009156773347615277,-0.001843226652384733,-0.01100000000000001,0.3196395000910742,69.32211885890888,-0.002926866455279019,0.0005891680457228003,0.0035160345010018194
39,47,0.4273457371252059,0.40849133535173493,0.17456703081514685,0.1778,0.1722,0.0032329691848531628,-0.002367030815146859,-0.005600000000000022,5.701467495426783,102.56365050914708,-0.01843266872115673,0.013495549253233378,0.031928217974390105
39,48,0.4273457371252059,0.9486986627935283,0.40542232936119754,0.4176,0.4066,0.012177670638802485,0.001177670638802475,-0.01100000000000001,0.8659592112945536,46.3117480213482,-0.010545366061782241,-0.0010198147375421443,0.009525551324240097
39,49,0.4273457371252059,0.96,0.41025190764019764,0.4178,0.4094,0.007548092359802361,-0.0008519076401976577,-0.008400000000000019,0.5725878214346616,80.67826088162649,-0.004321945760286847,0.0004877919397643204,0.004809737700051168
40,41,0.21905177326219738,0.3502829106424205,0.07673009271966605,0.082,0.0782,0.005269907280333955,0.001469907280333957,-0.003799999999999998,20.99388501648994,1067.5490739835077,-0.11063582749089426,-0.030859064428232538,0.07977676306266172
40,42,0.21905177326219738,0.41157518975916685,0.09015627514747088,0.0868,0.0846,-0.0033562751474708746,-0.005556275147470882,-0.0022000000000000075,12.707729733899194,710.8067027640951,0.042650637486662535,0.07060764290124086,0.027957005414578323
40,43,0.21905177326219738,0.6032014180886877,0.13213234026659915,0.1232,0.1222,-0.008932340266599142,-0.009932340266599143,-0.0010000000000000009,8.820961870569246,276.52122360692385,0.07879183290662137,0.08761279477719063,0.008820961870569258
40,44,0.21905177326219738,0.33973613686845183,0.07441980322228296,0.0812,0.0722,0.006780196777717032,-0.0022198032222829622,-0.008999999999999994,22.73552597401676,372.55037202720257,-0.15415133994873031,0.05046839381742039,0.2046197337661507
40,45,0.21905177326219738,0.37870641253843484,0.08295631121230941,0.0698,0.0584,-0.01315631121230941,-0.02455631121230941,-0.0114,11.452787820893551,149.19406220229675,0.1506764408202225,0.281238221978409,0.13056178115818648
40,46,0.21905177326219738,0.8322142840240537,0.18229801464959894,0.1736,0.164,-0.008698014649598934,-0.01829801464959893,-0.009599999999999997,10.997803079743901,220.71529651380573,0.09565905230101673,0.20123796186655815,0.10557890956554142
40,47,0.21905177326219738,0.40849133535173493,0.08948075137104047,0.096,0.0906,0.006519248628959529,0.0011192486289595266,-0.005400000000000002,0.1318795855879722,540.5268086251045,-0.0008597558075321385,-0.00014760604535708842,0.0007121497621750501
40,48,0.21905177326219738,0.9486986627935283,0.20781412437639782,0.204,0.1958,-0.0038141243763978316,-0.012014124376397817,-0.008199999999999985,3.3137017415996777,237.1238759392493,0.01263887058874728,0.03981122486986459,0.02717235428111731
40,49,0.21905177326219738,0.96,0.2102897023317095,0.208,0.1992,-0.0022897023317094978,-0.0110897023317095,-0.008800000000000002,3.9769594792021,189.6529320089953,0.009106053392643238,0.04410329680962173,0.03499724341697849
41,42,0.3502829106424205,0.41157518975916685,0.14416775541704752,0.1082,0.1042,-0.03596775541704751,-0.039967755417047515,-0.0040000000000000036,1.0345293674468723,48.844847696408486,0.037209699260081976,0.04134781672986947,0.004138117469787497
41,43,0.3502829106424205,0.6032014180886877,0.2112911484317411,0.2182,0.2246,0.006908851568258906,0.013308851568258895,0.006399999999999989,57.03147851153268,344.57283666717575,-0.39402201975452666,-0.7590234822283352,-0.3650014624738085
41,44,0.3502829106424205,0.33973613686845183,0.11900376287269306,0.1288,0.124,0.009796237127306942,0.004996237127306943,-0.004799999999999999,87.42412545749588,305.6247896294681,-0.8564274636290611,-0.436791661433081,0.41963580219598007
41,45,0.3502829106424205,0.37870641253843484,0.13265438446291222,0.15,0.1494,0.017345615537087772,0.016745615537087782,-0.0005999999999999894,63.45883242874994,627.6763326431094,-1.1007325097415743,-1.062657210284325,0.0380752994572493
41,46,0.3502829106424205,0.8322142840240537,0.2915104416861436,0.2992,0.293,0.007689558313856426,0.0014895583138563873,-0.006200000000000039,62.38159518988205,408.4716839486853,-0.47968691392398355,-0.09292102374671242,0.38676589017727114
41,47,0.3502829106424205,0.40849133535173493,0.1430875339192148,0.1514,0.1502,0.008312466080785202,0.007112466080785196,-0.0012000000000000066,24.453625690438557,182.57404512482117,-0.20326993410398814,-0.1739255832754617,0.029344350828526433
41,48,0.3502829106424205,0.9486986627935283,0.3323129289258893,0.34,0.3336,0.007687071074110707,0.0012870710741106905,-0.006400000000000017,40.98901035945962,375.0443710084289,-0.31508543589062615,-0.05275576959008391,0.2623296663005422
41,49,0.3502829106424205,0.96,0.3362715942167237,0.3432,0.3358,0.0069284057832763035,-0.00047159421672371415,-0.007400000000000018,43.245617273662056,459.9862874927313,-0.2996231848201938,0.02039438300490618,0.3200175678251
42,43,0.41157518975916685,0.6032014180886877,0.24826273811285016,0.251,0.2598,0.0027372618871498444,0.011537261887149819,0.008799999999999975,42.70362012328275,161.97848830159418,-0.116890991806787,-0.4926828488916741,-0.37579185708488705
42,44,0.41157518975916685,0.33973613686845183,0.13982696499967934,0.1464,0.1434,0.006573035000320665,0.0035730350003206623,-0.0030000000000000027,69.43836826462622,141.70165218848146,-0.45642082496854386,-0.248105720174665,0.20831510479387885
42,45,0.41157518975916685,0.37870641253843484,0.15586616360351965,0.1574,0.1542,0.0015338363964803592,-0.0016661636035196492,-0.0032000000000000084,48.28842109634459,366.13600995044817,-0.07406653780614335,0.08045640970215975,0.1545229475083031
42,46,0.41157518975916685,0.8322142840240537,0.3425187518674891,0.3404,0.3426,-0.0021187518674891104,8.124813251092489e-05,0.0022000000000000353,47.34931501565381,202.00820624264094,0.10032144961374669,-0.003847043420693366,-0.10416849303444005
42,47,0.41157518975916685,0.40849133535173493,0.16812489886236576,0.1518,0.1598,-0.016324898862365766,-0.00832489886236576,0.008000000000000007,15.428732824513975,55.5873211339538,0.2518725029346536,0.12844264033854164,-0.12342986259611194
42,48,0.41157518975916685,0.9486986627935283,0.39046083216351424,0.3904,0.3852,-6.0832163514212834e-05,-0.005260832163514251,-0.005200000000000038,28.99981753093732,180.31345057496267,0.001764121641924315,0.1525631728027995,0.15079905116087516
42,49,0.41157518975916685,0.96,0.3951121821688002,0.3954,0.3946,0.0002878178311997992,-0.0005121821688001682,-0.0007999999999999674,30.902723707976985,240.76609839707126,-0.008894354915796553,0.015827824050584027,0.02472217896638058
43,44,0.6032014180886877,0.33973613686845183,0.20492931953502264,0.1894,0.191,-0.015529319535022623,-0.013929319535022633,0.0015999999999999903,3.233408370479484,18.626784126540958,0.05021263177239271,0.04503917837962557,-0.00517345339276714
43,45,0.6032014180886877,0.37870641253843484,0.22843624508246346,0.2222,0.2278,-0.006236245082463454,-0.0006362450824634602,0.005599999999999994,0.17155034116066595,95.15583824995659,0.001069829971458131,0.00010914806095840264,-0.0009606819104997284
43,46,0.6032014180886877,0.8322142840240537,0.5019928362769711,0.489,0.497,-0.01299283627697112,-0.004992836276971113,0.008000000000000007,0.11991202670868914,12.96372373339952,0.0015579973306657862,0.0005987011169962721,-0.000959296213669514
43,47,0.6032014180886877,0.40849133535173493,0.24640255276110817,0.2544,0.2692,0.007997447238891842,0.02279744723889182,0.01479999999999998,6.795709289619455,86.09312579141265,-0.05434832649457875,-0.15492482398094654,-0.1005764974863678
43,48,0.6032014180886877,0.9486986627935283,0.572256378735898,0.5642,0.575,-0.008056378735897929,0.002743621264101992,0.01079999999999992,1.3217016288657986,8.330519025723309,0.010648128897996077,-0.003626248693754444,-0.014274377591750521
43,49,0.6032014180886877,0.96,0.5790733613651401,0.5716,0.5862,-0.0074733613651400965,0.007126638634859961,0.014600000000000057,0.9521443930933837,17.85360486799183,0.007115719121378859,-0.006785589017784598,-0.013901308139163456
44,45,0.33973613686845183,0.37870641253843484,0.12866025360311809,0.126,0.1226,-0.0026602536031180846,-0.006060253603118085,-0.0034000000000000002,1.9154053435898357,131.30228690991044,0.005095463966716493,0.011607842134921935,0.006512378168205442
44,46,0.33973613686845183,0.8322142840240537,0.28273326590107656,0.2848,0.2774,0.0020667340989234395,-0.005333265901076578,-0.007400000000000018,2.107969762417331,35.43668880615572,-0.004356612987487439,0.011242363254400846,0.015598976241888284
44,47,0.33973613686845183,0.40849133535173493,0.13877926821663367,0.128,0.1296,-0.010779268216633664,-0.009179268216633674,0.0015999999999999903,19.40425569650154,49.017283487582525,0.20916367669673178,0.1781168675823295,-0.031046809114402274
44,48,0.33973613686845183,0.9486986627935283,0.3223072187497394,0.3254,0.315,0.0030927812502606344,-0.007307218749739386,-0.01040000000000002,8.689647995325506,22.57254075142442,-0.026875180391307634,0.0634971587600778,0.09037233915138544
44,49,0.33973613686845183,0.96,0.3261466913937138,0.33,0.3184,0.003853308606286243,-0.007746691393713756,-0.0116,7.694781539548155,45.95817209030907,-0.029650367929833416,0.05960909792892518,0.0892594658587586
45,46,0.37870641253843484,0.8322142840240537,0.31516488596599146,0.3168,0.3124,0.0016351140340085668,-0.002764885965991448,-0.004400000000000015,0.004610844665154489,47.948365839405575,-7.539256820627636e-06,1.2748459706052185e-05,2.028771652667982e-05
45,47,0.37870641253843484,0.40849133535173493,0.15469828816409026,0.1516,0.158,-0.003098288164090246,0.003301711835909743,0.006399999999999989,9.126709789559364,220.0542818124008,0.028277176918078357,-0.030133765735101473,-0.05841094265317983
45,48,0.37870641253843484,0.9486986627935283,0.3592782671665474,0.3594,0.3478,0.00012173283345257024,-0.011478267166547429,-0.0116,2.4455930126042498,73.46119321522798,-0.00029770896689612267,0.028071169979313172,0.028368878946209295
45,49,0.37870641253843484,0.96,0.36355815603689745,0.3634,0.3568,-0.00015815603689744995,-0.006758156036897445,-0.006599999999999995,1.9320033274766755,61.84228206262518,0.00030555798954639716,0.013056779950892446,0.012751221961346048
46,47,0.8322142840240537,0.40849133535173493,0.3399523241797737,0.343,0.3466,0.0030476758202263032,0.006647675820226295,0.003599999999999992,8.721043454047003,104.8684492687967,-0.026578913262041932,-0.057974669696611074,-0.03139575643456914
46,48,0.8322142840240537,0.9486986627935283,0.7895205784112933,0.7924,0.7812,0.0028794215887066876,-0.0083205784112933,-0.011199999999999988,2.23782448449224,7.917070756445953,-0.0064436401323833695,0.01861999409392969,0.02506363422631306
46,49,0.8322142840240537,0.96,0.7989257126630915,0.8042,0.7984,0.00527428733690849,-0.0005257126630915376,-0.005800000000000027,1.7478479968290208,6.648268244352501,-0.009218652556516174,0.0009188658250921939,0.010137518381608368
47,48,0.40849133535173493,0.9486986627935283,0.3875351836109337,0.3856,0.3856,-0.0019351836109336995,-0.0019351836109336995,0.0,2.1234472758232545,91.6830533826589,0.0041092603668549735,0.0041092603668549735,0.0
47,49,0.40849133535173493,0.96,0.39215168193766553,0.391,0.398,-0.0011516819376655163,0.00584831806233449,0.007000000000000006,2.6604195564744306,138.95844156352155,0.003063957149803706,-0.015558979745517326,-0.018622936895321032
48,49,0.9486986627935283,0.96,0.9107507162817872,0.9168,0.9088,0.0060492837182127834,-0.0019507162817871126,-0.007999999999999896,0.030232155656014267,9.989537468854461,-0.00018288288697640163,5.897435827170938e-05,0.00024185724524811102
