i,j,pi_i,pi_j,pi_i_pi_j,pi_ij_cube,pi_ij_sphere,cov_cube,cov_sphere,delta,contrast_sq,aux_dist_sq,syg_contrib_cube,syg_contrib_sphere,syg_contrib_delta
0,1,0.4,0.4,0.16000000000000003,0.1622,0.1644,0.0021999999999999797,0.0043999999999999595,0.0021999999999999797,0.0,91.39622969476464,-0.0,-0.0,0.0
0,2,0.4,0.4,0.16000000000000003,0.1176,0.1186,-0.042400000000000035,-0.041400000000000034,0.0010000000000000009,6.25,74.7730052979061,0.26500000000000024,0.2587500000000002,-0.006250000000000033
0,3,0.4,0.4,0.16000000000000003,0.1522,0.1628,-0.007800000000000029,0.002799999999999969,0.010599999999999998,0.0,295.17301090579497,0.0,-0.0,-0.0
0,4,0.4,0.4,0.16000000000000003,0.1888,0.1906,0.028799999999999965,0.03059999999999996,0.001799999999999996,6.25,250.0701053867063,-0.17999999999999977,-0.19124999999999975,-0.011249999999999982
0,5,0.4,0.4,0.16000000000000003,0.1718,0.1766,0.011799999999999977,0.016599999999999976,0.004799999999999999,6.25,71.32679140665145,-0.07374999999999986,-0.10374999999999984,-0.029999999999999985
0,6,0.4,0.4,0.16000000000000003,0.1524,0.1538,-0.007600000000000023,-0.006200000000000039,0.0013999999999999846,0.0,27.21203501685296,0.0,0.0,0.0
0,7,0.4,0.4,0.16000000000000003,0.1804,0.1882,0.020399999999999974,0.028199999999999975,0.007800000000000001,6.25,119.3349507911648,-0.12749999999999984,-0.17624999999999985,-0.048750000000000016
0,8,0.4,0.4,0.16000000000000003,0.1442,0.143,-0.015800000000000036,-0.017000000000000043,-0.0012000000000000066,0.0,98.82558273279139,0.0,0.0,0.0
0,9,0.4,0.4,0.16000000000000003,0.1678,0.1662,0.007799999999999974,0.0061999999999999555,-0.001600000000000018,0.0,54.05101736945835,-0.0,-0.0,0.0
0,10,0.4,0.4,0.16000000000000003,0.1968,0.205,0.03679999999999997,0.04499999999999996,0.008199999999999985,0.0,116.8105771771859,-0.0,-0.0,0.0
0,11,0.4,0.4,0.16000000000000003,0.1562,0.1564,-0.0038000000000000256,-0.00360000000000002,0.00020000000000000573,0.0,90.82726753582472,0.0,0.0,0.0
0,12,0.4,0.4,0.16000000000000003,0.1718,0.1898,0.011799999999999977,0.029799999999999965,0.017999999999999988,6.25,80.49014560214746,-0.07374999999999986,-0.18624999999999978,-0.11249999999999992
0,13,0.4,0.4,0.16000000000000003,0.176,0.1782,0.01599999999999996,0.018199999999999966,0.0022000000000000075,6.25,39.668972667994026,-0.09999999999999974,-0.1137499999999998,-0.013750000000000054
0,14,0.4,0.4,0.16000000000000003,0.1908,0.1986,0.030799999999999966,0.03859999999999997,0.007800000000000001,0.0,145.3312148207435,-0.0,-0.0,0.0
0,15,0.4,0.4,0.16000000000000003,0.1524,0.1658,-0.007600000000000023,0.005799999999999972,0.013399999999999995,6.25,71.36727977596149,0.047500000000000146,-0.036249999999999824,-0.08374999999999996
0,16,0.4,0.4,0.16000000000000003,0.1632,0.1742,0.0031999999999999806,0.014199999999999963,0.010999999999999982,6.25,49.15331747078048,-0.01999999999999988,-0.08874999999999977,-0.0687499999999999
0,17,0.4,0.4,0.16000000000000003,0.222,0.2314,0.06199999999999997,0.07139999999999996,0.009399999999999992,0.0,146.33853061891142,-0.0,-0.0,0.0
0,18,0.4,0.4,0.16000000000000003,0.1672,0.1716,0.0071999999999999564,0.011599999999999971,0.004400000000000015,0.0,50.78049968019855,-0.0,-0.0,0.0
0,19,0.4,0.4,0.16000000000000003,0.1482,0.1504,-0.011800000000000033,-0.009600000000000025,0.0022000000000000075,6.25,43.59412639066884,0.0737500000000002,0.06000000000000016,-0.013750000000000047
0,20,0.4,0.4,0.16000000000000003,0.1514,0.1608,-0.008600000000000024,0.0007999999999999674,0.009399999999999992,6.25,55.03418068109678,0.05375000000000015,-0.004999999999999796,-0.05874999999999995
0,21,0.4,0.4,0.16000000000000003,0.1782,0.1786,0.018199999999999966,0.018599999999999978,0.00040000000000001146,0.0,114.88605338615008,-0.0,-0.0,0.0
0,22,0.4,0.4,0.16000000000000003,0.1342,0.1386,-0.025800000000000017,-0.02140000000000003,0.004399999999999987,0.0,79.9231948569501,0.0,0.0,0.0
0,23,0.4,0.4,0.16000000000000003,0.178,0.1942,0.01799999999999996,0.03419999999999998,0.01620000000000002,6.25,108.27274636198327,-0.11249999999999975,-0.21374999999999988,-0.10125000000000013
0,24,0.4,0.4,0.16000000000000003,0.1842,0.177,0.02419999999999997,0.01699999999999996,-0.007200000000000012,0.0,213.52734639783392,-0.0,-0.0,0.0
0,25,0.4,0.4,0.16000000000000003,0.1942,0.2102,0.03419999999999998,0.05019999999999997,0.015999999999999986,0.0,282.98064377829803,-0.0,-0.0,0.0
0,26,0.4,0.4,0.16000000000000003,0.1658,0.1742,0.005799999999999972,0.014199999999999963,0.00839999999999999,6.25,42.66637082464205,-0.036249999999999824,-0.08874999999999977,-0.05249999999999995
0,27,0.4,0.4,0.16000000000000003,0.1946,0.1998,0.034599999999999964,0.039799999999999974,0.00520000000000001,0.0,221.09032478839518,-0.0,-0.0,0.0
0,28,0.4,0.4,0.16000000000000003,0.1538,0.1552,-0.006200000000000039,-0.0048000000000000265,0.0014000000000000123,0.0,35.325708733265024,0.0,0.0,0.0
0,29,0.4,0.4,0.16000000000000003,0.1726,0.184,0.012599999999999972,0.023999999999999966,0.011399999999999993,0.0,187.49683899608956,-0.0,-0.0,0.0
0,30,0.4,0.4,0.16000000000000003,0.126,0.135,-0.03400000000000003,-0.025000000000000022,0.009000000000000008,0.0,46.48877604354824,0.0,0.0,0.0
0,31,0.4,0.4,0.16000000000000003,0.172,0.1794,0.011999999999999955,0.019399999999999973,0.007400000000000018,0.0,187.03025915564513,-0.0,-0.0,0.0
0,32,0.4,0.4,0.16000000000000003,0.1522,0.1592,-0.007800000000000029,-0.0008000000000000229,0.007000000000000006,6.25,210.50566223165129,0.04875000000000018,0.005000000000000143,-0.04375000000000004
0,33,0.4,0.4,0.16000000000000003,0.1724,0.1838,0.012399999999999967,0.02379999999999996,0.011399999999999993,0.0,137.8796054717315,-0.0,-0.0,0.0
0,34,0.4,0.4,0.16000000000000003,0.1404,0.1524,-0.019600000000000034,-0.007600000000000023,0.01200000000000001,6.25,65.28351481114359,0.12250000000000022,0.047500000000000146,-0.07500000000000007
0,35,0.4,0.4,0.16000000000000003,0.2008,0.2004,0.040799999999999975,0.040399999999999964,-0.00040000000000001146,0.0,181.90449060395724,-0.0,-0.0,0.0
0,36,0.4,0.4,0.16000000000000003,0.1676,0.1698,0.007599999999999968,0.009799999999999975,0.0022000000000000075,6.25,54.37004398665745,-0.0474999999999998,-0.061249999999999846,-0.013750000000000047
0,37,0.4,0.4,0.16000000000000003,0.1572,0.1718,-0.0028000000000000247,0.011799999999999977,0.014600000000000002,6.25,68.27538286416035,0.017500000000000154,-0.07374999999999986,-0.09125000000000001
0,38,0.4,0.4,0.16000000000000003,0.1404,0.1408,-0.019600000000000034,-0.019200000000000023,0.00040000000000001146,0.0,37.73609463309511,0.0,0.0,0.0
0,39,0.4,0.4,0.16000000000000003,0.1432,0.1416,-0.016800000000000037,-0.018400000000000027,-0.0015999999999999903,0.0,102.24999932960198,0.0,0.0,0.0
0,40,0.4,0.4,0.16000000000000003,0.1904,0.191,0.030399999999999983,0.030999999999999972,0.0005999999999999894,6.25,288.5191272177309,-0.1899999999999999,-0.1937499999999998,-0.00374999999999992
0,41,0.4,0.4,0.16000000000000003,0.1734,0.1728,0.013399999999999967,0.012799999999999978,-0.0005999999999999894,6.25,83.77917128994555,-0.0837499999999998,-0.07999999999999986,0.003749999999999934
0,42,0.4,0.4,0.16000000000000003,0.1748,0.1746,0.01479999999999998,0.014599999999999974,-0.00020000000000000573,6.25,55.659780622677104,-0.09249999999999987,-0.09124999999999983,0.0012500000000000427
0,43,0.4,0.4,0.16000000000000003,0.171,0.1828,0.010999999999999982,0.02279999999999996,0.011799999999999977,0.0,186.09621949143846,-0.0,-0.0,0.0
0,44,0.4,0.4,0.16000000000000003,0.13,0.1346,-0.030000000000000027,-0.025400000000000034,0.004599999999999993,0.0,72.94238201489765,0.0,0.0,0.0
0,45,0.4,0.4,0.16000000000000003,0.147,0.1434,-0.01300000000000004,-0.01660000000000003,-0.003599999999999992,0.0,271.31843156038303,0.0,0.0,0.0
0,46,0.4,0.4,0.16000000000000003,0.1292,0.1422,-0.030800000000000022,-0.017800000000000038,0.012999999999999984,0.0,355.15268212554395,0.0,0.0,0.0
0,47,0.4,0.4,0.16000000000000003,0.1416,0.1572,-0.018400000000000027,-0.0028000000000000247,0.015600000000000003,6.25,39.864372498608454,0.11500000000000017,0.017500000000000154,-0.09750000000000002
0,48,0.4,0.4,0.16000000000000003,0.1304,0.1284,-0.029600000000000043,-0.031600000000000045,-0.0020000000000000018,0.0,348.2810221928933,0.0,0.0,0.0
0,49,0.4,0.4,0.16000000000000003,0.1146,0.1188,-0.04540000000000004,-0.04120000000000003,0.004200000000000009,0.0,576.8415511774517,0.0,0.0,0.0
1,2,0.4,0.4,0.16000000000000003,0.1476,0.1448,-0.012400000000000022,-0.015200000000000019,-0.002799999999999997,6.25,179.5994892373391,0.07750000000000014,0.09500000000000011,0.017499999999999974
1,3,0.4,0.4,0.16000000000000003,0.165,0.1616,0.004999999999999977,0.0015999999999999626,-0.003400000000000014,0.0,90.62171287491917,-0.0,-0.0,0.0
1,4,0.4,0.4,0.16000000000000003,0.1472,0.1414,-0.012800000000000034,-0.018600000000000033,-0.0058,6.25,63.44460666333413,0.08000000000000021,0.11625000000000021,0.036250000000000004
1,5,0.4,0.4,0.16000000000000003,0.1254,0.12,-0.03460000000000002,-0.040000000000000036,-0.005400000000000016,6.25,42.702162337779015,0.2162500000000001,0.2500000000000002,0.03375000000000011
1,6,0.4,0.4,0.16000000000000003,0.188,0.1858,0.02799999999999997,0.025799999999999962,-0.0022000000000000075,0.0,61.51710529929587,-0.0,-0.0,0.0
1,7,0.4,0.4,0.16000000000000003,0.1672,0.1666,0.0071999999999999564,0.006599999999999967,-0.0005999999999999894,6.25,37.703009116461324,-0.04499999999999973,-0.041249999999999794,0.003749999999999934
1,8,0.4,0.4,0.16000000000000003,0.1524,0.1578,-0.007600000000000023,-0.0022000000000000353,0.005399999999999988,0.0,8.332693998602027,0.0,0.0,0.0
1,9,0.4,0.4,0.16000000000000003,0.1282,0.1202,-0.03180000000000002,-0.03980000000000003,-0.008000000000000007,0.0,51.993468977450256,0.0,0.0,0.0
1,10,0.4,0.4,0.16000000000000003,0.1946,0.1942,0.034599999999999964,0.03419999999999998,-0.0003999999999999837,0.0,26.832379096468546,-0.0,-0.0,0.0
1,11,0.4,0.4,0.16000000000000003,0.2168,0.2124,0.05679999999999996,0.052399999999999974,-0.004399999999999987,0.0,65.46500795964243,-0.0,-0.0,0.0
1,12,0.4,0.4,0.16000000000000003,0.1944,0.198,0.03439999999999996,0.03799999999999998,0.00360000000000002,6.25,66.18631014376103,-0.21499999999999975,-0.23749999999999988,-0.02250000000000013
1,13,0.4,0.4,0.16000000000000003,0.2208,0.214,0.060799999999999965,0.053999999999999965,-0.0068000000000000005,6.25,119.69735611127119,-0.3799999999999998,-0.3374999999999998,0.04249999999999998
1,14,0.4,0.4,0.16000000000000003,0.1266,0.1302,-0.03340000000000004,-0.02980000000000002,0.00360000000000002,0.0,36.884453243476344,0.0,0.0,0.0
1,15,0.4,0.4,0.16000000000000003,0.1254,0.127,-0.03460000000000002,-0.03300000000000003,0.0015999999999999903,6.25,31.657930186270818,0.2162500000000001,0.20625000000000018,-0.009999999999999926
1,16,0.4,0.4,0.16000000000000003,0.1874,0.1966,0.02739999999999998,0.036599999999999966,0.009199999999999986,6.25,126.9433762910351,-0.17124999999999987,-0.2287499999999998,-0.05749999999999991
1,17,0.4,0.4,0.16000000000000003,0.1222,0.123,-0.03780000000000003,-0.03700000000000003,0.0007999999999999952,0.0,24.402477963156894,0.0,0.0,0.0
1,18,0.4,0.4,0.16000000000000003,0.2074,0.2112,0.04739999999999997,0.05119999999999997,0.003799999999999998,0.0,102.26555462490187,-0.0,-0.0,0.0
1,19,0.4,0.4,0.16000000000000003,0.1582,0.1438,-0.0018000000000000238,-0.01620000000000002,-0.014399999999999996,6.25,112.48254173538109,0.011250000000000149,0.10125000000000012,0.08999999999999997
1,20,0.4,0.4,0.16000000000000003,0.1874,0.189,0.02739999999999998,0.02899999999999997,0.0015999999999999903,6.25,120.10770283377443,-0.17124999999999987,-0.1812499999999998,-0.009999999999999926
1,21,0.4,0.4,0.16000000000000003,0.1678,0.1666,0.007799999999999974,0.006599999999999967,-0.0012000000000000066,0.0,35.090437779950335,-0.0,-0.0,0.0
1,22,0.4,0.4,0.16000000000000003,0.16,0.1684,-2.7755575615628914e-17,0.008399999999999963,0.00839999999999999,0.0,24.84179236619788,0.0,-0.0,-0.0
1,23,0.4,0.4,0.16000000000000003,0.1362,0.1376,-0.023800000000000043,-0.02240000000000003,0.0014000000000000123,6.25,21.483897722230136,0.14875000000000027,0.14000000000000018,-0.008750000000000091
1,24,0.4,0.4,0.16000000000000003,0.1668,0.1562,0.006799999999999973,-0.0038000000000000256,-0.010599999999999998,0.0,43.70528707767485,-0.0,0.0,0.0
1,25,0.4,0.4,0.16000000000000003,0.1486,0.1494,-0.011400000000000021,-0.010600000000000026,0.0007999999999999952,0.0,74.8698931455631,0.0,0.0,0.0
1,26,0.4,0.4,0.16000000000000003,0.1546,0.1552,-0.005400000000000044,-0.0048000000000000265,0.0006000000000000172,6.25,62.218899320751134,0.03375000000000027,0.030000000000000165,-0.0037500000000001074
1,27,0.4,0.4,0.16000000000000003,0.1282,0.1418,-0.03180000000000002,-0.01820000000000002,0.013600000000000001,0.0,43.10407726069191,0.0,0.0,0.0
1,28,0.4,0.4,0.16000000000000003,0.1528,0.1534,-0.00720000000000004,-0.0066000000000000225,0.0006000000000000172,0.0,97.09398153167874,0.0,0.0,0.0
1,29,0.4,0.4,0.16000000000000003,0.1618,0.1614,0.0017999999999999683,0.0013999999999999568,-0.00040000000000001146,0.0,70.67690207810377,-0.0,-0.0,0.0
1,30,0.4,0.4,0.16000000000000003,0.1406,0.1392,-0.01940000000000003,-0.02080000000000004,-0.0014000000000000123,0.0,69.4956848539636,0.0,0.0,0.0
1,31,0.4,0.4,0.16000000000000003,0.163,0.1608,0.002999999999999975,0.0007999999999999674,-0.0022000000000000075,0.0,52.95804881867709,-0.0,-0.0,0.0
1,32,0.4,0.4,0.16000000000000003,0.1742,0.165,0.014199999999999963,0.004999999999999977,-0.009199999999999986,6.25,65.31522362702086,-0.08874999999999977,-0.031249999999999854,0.05749999999999992
1,33,0.4,0.4,0.16000000000000003,0.1558,0.157,-0.004200000000000037,-0.0030000000000000304,0.0012000000000000066,0.0,28.569586274373734,0.0,0.0,0.0
1,34,0.4,0.4,0.16000000000000003,0.1552,0.1564,-0.0048000000000000265,-0.00360000000000002,0.0012000000000000066,6.25,47.21881286035653,0.030000000000000165,0.022500000000000124,-0.007500000000000041
1,35,0.4,0.4,0.16000000000000003,0.1584,0.153,-0.001600000000000018,-0.007000000000000034,-0.005400000000000016,0.0,41.360938077771046,0.0,0.0,0.0
1,36,0.4,0.4,0.16000000000000003,0.174,0.1796,0.013999999999999957,0.01959999999999998,0.005600000000000022,6.25,41.446840321886256,-0.08749999999999973,-0.12249999999999986,-0.03500000000000013
1,37,0.4,0.4,0.16000000000000003,0.1798,0.1822,0.019799999999999957,0.02219999999999997,0.0024000000000000132,6.25,33.770281370177784,-0.12374999999999972,-0.13874999999999982,-0.015000000000000097
1,38,0.4,0.4,0.16000000000000003,0.133,0.135,-0.027000000000000024,-0.025000000000000022,0.0020000000000000018,0.0,89.32138016571552,0.0,0.0,0.0
1,39,0.4,0.4,0.16000000000000003,0.1068,0.1036,-0.053200000000000025,-0.05640000000000003,-0.0032000000000000084,0.0,28.295219660697214,0.0,0.0,0.0
1,40,0.4,0.4,0.16000000000000003,0.2068,0.205,0.04679999999999998,0.04499999999999996,-0.0018000000000000238,6.25,78.95197739314568,-0.29249999999999987,-0.2812499999999997,0.011250000000000149
1,41,0.4,0.4,0.16000000000000003,0.1372,0.1316,-0.022800000000000042,-0.028400000000000036,-0.005599999999999994,6.25,256.39864695088994,0.14250000000000027,0.1775000000000002,0.03499999999999995
1,42,0.4,0.4,0.16000000000000003,0.1418,0.1468,-0.01820000000000002,-0.013200000000000017,0.0050000000000000044,6.25,152.68939081048387,0.11375000000000013,0.0825000000000001,-0.03125000000000003
1,43,0.4,0.4,0.16000000000000003,0.1384,0.1432,-0.021600000000000036,-0.016800000000000037,0.004799999999999999,0.0,37.35175293524367,0.0,0.0,0.0
1,44,0.4,0.4,0.16000000000000003,0.1308,0.1372,-0.02920000000000003,-0.022800000000000042,0.006399999999999989,0.0,15.125179135638419,0.0,0.0,0.0
1,45,0.4,0.4,0.16000000000000003,0.1778,0.1796,0.017799999999999983,0.01959999999999998,0.001799999999999996,0.0,69.98346127427703,-0.0,-0.0,0.0
1,46,0.4,0.4,0.16000000000000003,0.1586,0.1532,-0.00140000000000004,-0.006800000000000028,-0.005399999999999988,0.0,118.99182692951948,0.0,0.0,0.0
1,47,0.4,0.4,0.16000000000000003,0.1594,0.1564,-0.0006000000000000449,-0.00360000000000002,-0.002999999999999975,6.25,66.57005278214672,0.003750000000000281,0.022500000000000124,0.018749999999999843
1,48,0.4,0.4,0.16000000000000003,0.136,0.1266,-0.02400000000000002,-0.03340000000000004,-0.00940000000000002,0.0,110.50748627950053,0.0,0.0,0.0
1,49,0.4,0.4,0.16000000000000003,0.174,0.1808,0.013999999999999957,0.020799999999999957,0.0068000000000000005,0.0,267.3838084032793,-0.0,-0.0,0.0
2,3,0.4,0.4,0.16000000000000003,0.1676,0.1678,0.007599999999999968,0.007799999999999974,0.00020000000000000573,6.25,455.55639813541956,-0.0474999999999998,-0.048749999999999835,-0.0012500000000000358
2,4,0.4,0.4,0.16000000000000003,0.1646,0.152,0.004599999999999965,-0.008000000000000035,-0.0126,0.0,348.257490584457,-0.0,0.0,0.0
2,5,0.4,0.4,0.16000000000000003,0.0998,0.0992,-0.06020000000000003,-0.060800000000000035,-0.0006000000000000033,0.0,85.04205881246651,0.0,0.0,0.0
2,6,0.4,0.4,0.16000000000000003,0.174,0.1734,0.013999999999999957,0.013399999999999967,-0.0005999999999999894,6.25,66.84230315534143,-0.08749999999999973,-0.0837499999999998,0.003749999999999934
2,7,0.4,0.4,0.16000000000000003,0.1474,0.144,-0.012600000000000028,-0.016000000000000042,-0.003400000000000014,0.0,216.48275572147963,0.0,0.0,0.0
2,8,0.4,0.4,0.16000000000000003,0.1666,0.1628,0.006599999999999967,0.002799999999999969,-0.003799999999999998,6.25,201.91232115238338,-0.041249999999999794,-0.017499999999999807,0.023749999999999986
2,9,0.4,0.4,0.16000000000000003,0.1736,0.1614,0.013599999999999973,0.0013999999999999568,-0.012200000000000016,6.25,81.65969176056123,-0.08499999999999983,-0.00874999999999973,0.0762500000000001
2,10,0.4,0.4,0.16000000000000003,0.129,0.134,-0.031000000000000028,-0.026000000000000023,0.0050000000000000044,6.25,191.19530000944144,0.19375000000000017,0.16250000000000014,-0.03125000000000003
2,11,0.4,0.4,0.16000000000000003,0.193,0.1912,0.032999999999999974,0.031199999999999978,-0.001799999999999996,6.25,154.83578005296323,-0.20624999999999982,-0.19499999999999987,0.011249999999999954
2,12,0.4,0.4,0.16000000000000003,0.128,0.1368,-0.03200000000000003,-0.023200000000000026,0.008800000000000002,0.0,96.20534130106354,0.0,0.0,0.0
2,13,0.4,0.4,0.16000000000000003,0.112,0.1042,-0.04800000000000003,-0.05580000000000003,-0.007800000000000001,0.0,32.0497758069457,0.0,0.0,0.0
2,14,0.4,0.4,0.16000000000000003,0.0822,0.0864,-0.07780000000000004,-0.07360000000000003,0.004200000000000009,6.25,199.18305279022786,0.48625000000000024,0.4600000000000002,-0.02625000000000005
2,15,0.4,0.4,0.16000000000000003,0.1848,0.182,0.02479999999999996,0.021999999999999964,-0.002799999999999997,0.0,143.76516403232432,-0.0,-0.0,0.0
2,16,0.4,0.4,0.16000000000000003,0.1624,0.1668,0.0023999999999999577,0.006799999999999973,0.004400000000000015,0.0,47.824510134804875,-0.0,-0.0,0.0
2,17,0.4,0.4,0.16000000000000003,0.1332,0.134,-0.026800000000000018,-0.026000000000000023,0.0007999999999999952,6.25,213.8036809948112,0.16750000000000012,0.16250000000000014,-0.004999999999999977
2,18,0.4,0.4,0.16000000000000003,0.1612,0.157,0.0011999999999999789,-0.0030000000000000304,-0.004200000000000009,6.25,54.889563447885465,-0.007499999999999868,0.01875000000000019,0.026250000000000058
2,19,0.4,0.4,0.16000000000000003,0.1416,0.1368,-0.018400000000000027,-0.023200000000000026,-0.004799999999999999,0.0,40.68159460852896,0.0,0.0,0.0
2,20,0.4,0.4,0.16000000000000003,0.1636,0.1654,0.0035999999999999643,0.00539999999999996,0.001799999999999996,0.0,52.2865353867739,-0.0,-0.0,0.0
2,21,0.4,0.4,0.16000000000000003,0.1768,0.1702,0.01679999999999998,0.010199999999999959,-0.0066000000000000225,6.25,207.18564145086214,-0.10499999999999989,-0.06374999999999975,0.041250000000000134
2,22,0.4,0.4,0.16000000000000003,0.1712,0.1718,0.01119999999999996,0.011799999999999977,0.0006000000000000172,6.25,182.72586451962894,-0.06999999999999976,-0.07374999999999986,-0.0037500000000001005
2,23,0.4,0.4,0.16000000000000003,0.1278,0.1166,-0.032200000000000034,-0.043400000000000036,-0.011200000000000002,0.0,155.1221965146796,0.0,0.0,0.0
2,24,0.4,0.4,0.16000000000000003,0.156,0.1522,-0.004000000000000031,-0.007800000000000029,-0.003799999999999998,6.25,344.5634326423725,0.025000000000000196,0.04875000000000018,0.023749999999999986
2,25,0.4,0.4,0.16000000000000003,0.1836,0.1876,0.023599999999999982,0.027599999999999958,0.003999999999999976,6.25,440.0040914705767,-0.14749999999999988,-0.17249999999999974,-0.024999999999999856
2,26,0.4,0.4,0.16000000000000003,0.1626,0.1642,0.0025999999999999635,0.0041999999999999815,0.001600000000000018,0.0,65.16087894892296,-0.0,-0.0,0.0
2,27,0.4,0.4,0.16000000000000003,0.1582,0.154,-0.0018000000000000238,-0.006000000000000033,-0.004200000000000009,6.25,334.1449189185483,0.011250000000000149,0.03750000000000021,0.026250000000000058
2,28,0.4,0.4,0.16000000000000003,0.1536,0.1402,-0.0064000000000000445,-0.01980000000000004,-0.013399999999999995,6.25,35.909407131059034,0.04000000000000028,0.12375000000000025,0.08374999999999996
2,29,0.4,0.4,0.16000000000000003,0.1648,0.1582,0.004799999999999971,-0.0018000000000000238,-0.006599999999999995,6.25,271.61770864542814,-0.02999999999999982,0.011250000000000149,0.04124999999999997
2,30,0.4,0.4,0.16000000000000003,0.1744,0.1704,0.014399999999999968,0.010399999999999965,-0.0040000000000000036,6.25,86.50632957749104,-0.0899999999999998,-0.06499999999999978,0.025000000000000022
2,31,0.4,0.4,0.16000000000000003,0.1878,0.1852,0.027799999999999964,0.025199999999999972,-0.002599999999999991,6.25,323.09404343288446,-0.17374999999999977,-0.15749999999999983,0.01624999999999993
2,32,0.4,0.4,0.16000000000000003,0.156,0.159,-0.004000000000000031,-0.0010000000000000286,0.0030000000000000027,0.0,361.6514991871983,0.0,0.0,0.0
2,33,0.4,0.4,0.16000000000000003,0.1818,0.1798,0.02179999999999996,0.019799999999999957,-0.0020000000000000018,6.25,267.750332525868,-0.13624999999999973,-0.12374999999999972,0.012500000000000011
2,34,0.4,0.4,0.16000000000000003,0.164,0.1588,0.003999999999999976,-0.0012000000000000344,-0.00520000000000001,0.0,125.83505754555098,-0.0,0.0,0.0
2,35,0.4,0.4,0.16000000000000003,0.1634,0.166,0.0033999999999999586,0.005999999999999978,0.002600000000000019,6.25,258.962283755425,-0.02124999999999974,-0.03749999999999986,-0.01625000000000012
2,36,0.4,0.4,0.16000000000000003,0.14,0.1348,-0.020000000000000018,-0.025200000000000028,-0.00520000000000001,0.0,87.37972719711219,0.0,0.0,0.0
2,37,0.4,0.4,0.16000000000000003,0.1116,0.1082,-0.048400000000000026,-0.05180000000000003,-0.0034000000000000002,0.0,124.6860989827561,0.0,0.0,0.0
2,38,0.4,0.4,0.16000000000000003,0.1506,0.1474,-0.00940000000000002,-0.012600000000000028,-0.0032000000000000084,6.25,77.54049255242086,0.05875000000000012,0.07875000000000018,0.02000000000000006
2,39,0.4,0.4,0.16000000000000003,0.1748,0.1716,0.01479999999999998,0.011599999999999971,-0.0032000000000000084,6.25,227.3398325707107,-0.09249999999999987,-0.07249999999999981,0.02000000000000006
2,40,0.4,0.4,0.16000000000000003,0.1436,0.1456,-0.016400000000000026,-0.014400000000000024,0.0020000000000000018,0.0,401.2755550515802,0.0,0.0,0.0
2,41,0.4,0.4,0.16000000000000003,0.1544,0.1524,-0.005600000000000022,-0.007600000000000023,-0.0020000000000000018,0.0,52.102978569172755,0.0,0.0,0.0
2,42,0.4,0.4,0.16000000000000003,0.1568,0.1512,-0.003200000000000036,-0.00880000000000003,-0.005599999999999994,0.0,36.02498131504257,0.0,0.0,0.0
2,43,0.4,0.4,0.16000000000000003,0.163,0.1682,0.002999999999999975,0.008199999999999957,0.005199999999999982,6.25,273.8626594069107,-0.018749999999999843,-0.05124999999999973,-0.03249999999999989
2,44,0.4,0.4,0.16000000000000003,0.1614,0.1764,0.0013999999999999568,0.01639999999999997,0.015000000000000013,6.25,172.29449874254365,-0.00874999999999973,-0.10249999999999981,-0.09375000000000008
2,45,0.4,0.4,0.16000000000000003,0.1576,0.1568,-0.002400000000000041,-0.003200000000000036,-0.0007999999999999952,6.25,405.8018870387821,0.015000000000000256,0.020000000000000226,0.00499999999999997
2,46,0.4,0.4,0.16000000000000003,0.1526,0.153,-0.007400000000000018,-0.007000000000000034,0.0003999999999999837,6.25,519.8391271315561,0.04625000000000011,0.04375000000000021,-0.002499999999999898
2,47,0.4,0.4,0.16000000000000003,0.178,0.1712,0.01799999999999996,0.01119999999999996,-0.0068000000000000005,0.0,87.75887319882766,-0.0,-0.0,0.0
2,48,0.4,0.4,0.16000000000000003,0.1974,0.1908,0.03739999999999996,0.030799999999999966,-0.006599999999999995,6.25,525.7537367707579,-0.23374999999999976,-0.19249999999999978,0.04124999999999998
2,49,0.4,0.4,0.16000000000000003,0.169,0.1654,0.00899999999999998,0.00539999999999996,-0.00360000000000002,6.25,803.6709346070502,-0.056249999999999876,-0.03374999999999975,0.022500000000000124
3,4,0.4,0.4,0.16000000000000003,0.1738,0.1606,0.013799999999999979,0.0005999999999999617,-0.013200000000000017,6.25,32.78945128150537,-0.08624999999999987,-0.0037499999999997605,0.0825000000000001
3,5,0.4,0.4,0.16000000000000003,0.1598,0.1504,-0.00020000000000003348,-0.009600000000000025,-0.009399999999999992,6.25,166.35417816809547,0.0012500000000002093,0.06000000000000016,0.05874999999999995
3,6,0.4,0.4,0.16000000000000003,0.137,0.139,-0.02300000000000002,-0.02100000000000002,0.0020000000000000018,0.0,227.49589062071672,0.0,0.0,0.0
3,7,0.4,0.4,0.16000000000000003,0.1448,0.1512,-0.015200000000000019,-0.00880000000000003,0.006399999999999989,6.25,104.42904776103464,0.09500000000000011,0.05500000000000019,-0.039999999999999925
3,8,0.4,0.4,0.16000000000000003,0.1514,0.1564,-0.008600000000000024,-0.00360000000000002,0.0050000000000000044,0.0,79.67668040538148,0.0,0.0,0.0
3,9,0.4,0.4,0.16000000000000003,0.1984,0.1954,0.03839999999999996,0.03539999999999996,-0.0030000000000000027,0.0,231.49258503109783,-0.0,-0.0,0.0
3,10,0.4,0.4,0.16000000000000003,0.188,0.1908,0.02799999999999997,0.030799999999999966,0.002799999999999997,0.0,100.72816449852324,-0.0,-0.0,0.0
3,11,0.4,0.4,0.16000000000000003,0.1194,0.127,-0.040600000000000025,-0.03300000000000003,0.007599999999999996,0.0,178.24945099022258,0.0,0.0,0.0
3,12,0.4,0.4,0.16000000000000003,0.1536,0.1664,-0.0064000000000000445,0.006399999999999961,0.012800000000000006,6.25,218.16566115988323,0.04000000000000028,-0.03999999999999976,-0.08000000000000004
3,13,0.4,0.4,0.16000000000000003,0.1828,0.1792,0.02279999999999996,0.019199999999999967,-0.003599999999999992,6.25,354.6692157024578,-0.14249999999999974,-0.1199999999999998,0.022499999999999937
3,14,0.4,0.4,0.16000000000000003,0.1148,0.1192,-0.04520000000000003,-0.04080000000000003,0.004400000000000001,0.0,94.66265073115119,0.0,0.0,0.0
3,15,0.4,0.4,0.16000000000000003,0.1986,0.2024,0.03859999999999997,0.042399999999999965,0.003799999999999998,6.25,144.19508627097827,-0.2412499999999998,-0.2649999999999998,-0.023749999999999993
3,16,0.4,0.4,0.16000000000000003,0.1774,0.1764,0.01739999999999997,0.01639999999999997,-0.0010000000000000009,6.25,361.60339399012645,-0.10874999999999982,-0.10249999999999981,0.0062500000000000056
3,17,0.4,0.4,0.16000000000000003,0.1826,0.1922,0.02259999999999998,0.03219999999999998,0.009599999999999997,0.0,74.38081749883959,-0.0,-0.0,0.0
3,18,0.4,0.4,0.16000000000000003,0.1708,0.1794,0.010799999999999976,0.019399999999999973,0.008599999999999997,0.0,282.10098978274846,-0.0,-0.0,0.0
3,19,0.4,0.4,0.16000000000000003,0.2046,0.1998,0.04459999999999997,0.039799999999999974,-0.004799999999999999,6.25,334.98725927291105,-0.27874999999999983,-0.24874999999999983,0.03
3,20,0.4,0.4,0.16000000000000003,0.2108,0.2136,0.050799999999999956,0.05359999999999998,0.0028000000000000247,6.25,345.0236846438665,-0.3174999999999997,-0.33499999999999985,-0.017500000000000127
3,21,0.4,0.4,0.16000000000000003,0.1496,0.1456,-0.01040000000000002,-0.014400000000000024,-0.0040000000000000036,0.0,83.37726107185465,0.0,0.0,0.0
3,22,0.4,0.4,0.16000000000000003,0.1296,0.1288,-0.030400000000000038,-0.031200000000000033,-0.0007999999999999952,0.0,87.06974367400275,0.0,0.0,0.0
3,23,0.4,0.4,0.16000000000000003,0.1762,0.1788,0.016199999999999964,0.018799999999999956,0.002599999999999991,6.25,122.49356238929879,-0.10124999999999978,-0.11749999999999972,-0.01624999999999993
3,24,0.4,0.4,0.16000000000000003,0.1368,0.131,-0.023200000000000026,-0.029000000000000026,-0.0058,0.0,21.854463034548708,0.0,0.0,0.0
3,25,0.4,0.4,0.16000000000000003,0.1272,0.1358,-0.032800000000000024,-0.024200000000000027,0.008599999999999997,0.0,23.046727502143987,0.0,0.0,0.0
3,26,0.4,0.4,0.16000000000000003,0.1862,0.1896,0.026199999999999973,0.02959999999999996,0.0033999999999999864,6.25,249.89689472844665,-0.16374999999999984,-0.18499999999999975,-0.021249999999999908
3,27,0.4,0.4,0.16000000000000003,0.1508,0.1564,-0.009200000000000041,-0.00360000000000002,0.005600000000000022,0.0,39.649110882141066,0.0,0.0,0.0
3,28,0.4,0.4,0.16000000000000003,0.167,0.1598,0.0069999999999999785,-0.00020000000000003348,-0.007200000000000012,0.0,318.7057272619248,-0.0,0.0,0.0
3,29,0.4,0.4,0.16000000000000003,0.1466,0.148,-0.013400000000000023,-0.012000000000000038,0.0013999999999999846,0.0,65.63778092888674,0.0,0.0,0.0
3,30,0.4,0.4,0.16000000000000003,0.1808,0.1774,0.020799999999999957,0.01739999999999997,-0.0033999999999999864,0.0,240.71684576029352,-0.0,-0.0,0.0
3,31,0.4,0.4,0.16000000000000003,0.1716,0.1718,0.011599999999999971,0.011799999999999977,0.00020000000000000573,0.0,39.38752276609049,-0.0,-0.0,0.0
3,32,0.4,0.4,0.16000000000000003,0.1664,0.1576,0.006399999999999961,-0.002400000000000041,-0.008800000000000002,6.25,49.41367120544814,-0.03999999999999976,0.015000000000000256,0.055000000000000014
3,33,0.4,0.4,0.16000000000000003,0.1596,0.1588,-0.0004000000000000392,-0.0012000000000000344,-0.0007999999999999952,0.0,63.35035125927962,0.0,0.0,0.0
3,34,0.4,0.4,0.16000000000000003,0.1888,0.1886,0.028799999999999965,0.02859999999999996,-0.00020000000000000573,6.25,187.50170125381692,-0.17999999999999977,-0.17874999999999974,0.0012500000000000289
3,35,0.4,0.4,0.16000000000000003,0.1654,0.1606,0.00539999999999996,0.0005999999999999617,-0.004799999999999999,0.0,74.94373086085861,-0.0,-0.0,0.0
3,36,0.4,0.4,0.16000000000000003,0.1654,0.1682,0.00539999999999996,0.008199999999999957,0.002799999999999997,6.25,173.9876398429462,-0.03374999999999975,-0.05124999999999973,-0.01749999999999998
3,37,0.4,0.4,0.16000000000000003,0.1632,0.1706,0.0031999999999999806,0.01059999999999997,0.00739999999999999,6.25,168.2319282719962,-0.01999999999999988,-0.06624999999999981,-0.04624999999999993
3,38,0.4,0.4,0.16000000000000003,0.1522,0.16,-0.007800000000000029,-2.7755575615628914e-17,0.007800000000000001,0.0,285.8010893075199,0.0,0.0,0.0
3,39,0.4,0.4,0.16000000000000003,0.1894,0.1898,0.02939999999999998,0.029799999999999965,0.0003999999999999837,0.0,148.83856978061087,-0.0,-0.0,0.0
3,40,0.4,0.4,0.16000000000000003,0.1636,0.1648,0.0035999999999999643,0.004799999999999971,0.0012000000000000066,6.25,35.88601605110296,-0.022499999999999777,-0.02999999999999982,-0.007500000000000041
3,41,0.4,0.4,0.16000000000000003,0.1848,0.183,0.02479999999999996,0.022999999999999965,-0.001799999999999996,6.25,552.0377865300437,-0.15499999999999975,-0.14374999999999977,0.011249999999999982
3,42,0.4,0.4,0.16000000000000003,0.1766,0.1718,0.016599999999999976,0.011799999999999977,-0.004799999999999999,6.25,388.18064326325407,-0.10374999999999984,-0.07374999999999986,0.029999999999999985
3,43,0.4,0.4,0.16000000000000003,0.141,0.1512,-0.019000000000000045,-0.00880000000000003,0.010200000000000015,0.0,48.19513022009074,0.0,0.0,0.0
3,44,0.4,0.4,0.16000000000000003,0.1566,0.162,-0.003400000000000042,0.001999999999999974,0.005400000000000016,0.0,106.25065126004394,0.0,-0.0,-0.0
3,45,0.4,0.4,0.16000000000000003,0.1518,0.1416,-0.00820000000000004,-0.018400000000000027,-0.010199999999999987,0.0,38.26662033725579,0.0,0.0,0.0
3,46,0.4,0.4,0.16000000000000003,0.1402,0.143,-0.01980000000000004,-0.017000000000000043,0.002799999999999997,0.0,21.906961362391026,0.0,0.0,0.0
3,47,0.4,0.4,0.16000000000000003,0.159,0.1646,-0.0010000000000000286,0.004599999999999965,0.005599999999999994,6.25,238.83222664532084,0.006250000000000179,-0.028749999999999783,-0.03499999999999996
3,48,0.4,0.4,0.16000000000000003,0.1688,0.1576,0.008799999999999975,-0.002400000000000041,-0.011200000000000015,0.0,44.82196280783681,-0.0,0.0,0.0
3,49,0.4,0.4,0.16000000000000003,0.165,0.1694,0.004999999999999977,0.009399999999999964,0.004399999999999987,0.0,68.86012183394728,-0.0,-0.0,0.0
4,5,0.4,0.4,0.16000000000000003,0.1842,0.1768,0.02419999999999997,0.01679999999999998,-0.00739999999999999,0.0,131.56365631467216,-0.0,-0.0,0.0
4,6,0.4,0.4,0.16000000000000003,0.1442,0.1394,-0.015800000000000036,-0.020600000000000035,-0.004799999999999999,6.25,160.72146702391012,0.09875000000000023,0.12875000000000023,0.03
4,7,0.4,0.4,0.16000000000000003,0.1374,0.136,-0.022600000000000037,-0.02400000000000002,-0.0013999999999999846,0.0,66.43521601280186,0.0,0.0,0.0
4,8,0.4,0.4,0.16000000000000003,0.1654,0.1622,0.00539999999999996,0.0021999999999999797,-0.0031999999999999806,6.25,47.8612507505118,-0.03374999999999975,-0.013749999999999873,0.01999999999999988
4,9,0.4,0.4,0.16000000000000003,0.2014,0.1826,0.041399999999999965,0.02259999999999998,-0.018799999999999983,6.25,152.59043368044127,-0.25874999999999976,-0.14124999999999988,0.11749999999999988
4,10,0.4,0.4,0.16000000000000003,0.1134,0.1152,-0.04660000000000003,-0.044800000000000034,0.001799999999999996,6.25,53.87700131250847,0.2912500000000002,0.2800000000000002,-0.011249999999999982
4,11,0.4,0.4,0.16000000000000003,0.1542,0.1534,-0.005800000000000027,-0.0066000000000000225,-0.0007999999999999952,6.25,123.1072653406313,0.03625000000000017,0.04125000000000014,0.00499999999999997
4,12,0.4,0.4,0.16000000000000003,0.0706,0.0732,-0.08940000000000003,-0.08680000000000003,0.002600000000000005,0.0,136.73170312927326,0.0,0.0,0.0
4,13,0.4,0.4,0.16000000000000003,0.2394,0.2274,0.07939999999999997,0.06739999999999996,-0.01200000000000001,0.0,277.812252184824,-0.0,-0.0,0.0
4,14,0.4,0.4,0.16000000000000003,0.1358,0.1336,-0.024200000000000027,-0.026400000000000035,-0.0022000000000000075,6.25,38.05258060004643,0.15125000000000016,0.1650000000000002,0.01375000000000004
4,15,0.4,0.4,0.16000000000000003,0.1768,0.174,0.01679999999999998,0.013999999999999957,-0.0028000000000000247,0.0,88.75538064383878,-0.0,-0.0,0.0
4,16,0.4,0.4,0.16000000000000003,0.1852,0.1868,0.025199999999999972,0.026799999999999963,0.0015999999999999903,0.0,265.37893005157804,-0.0,-0.0,0.0
4,17,0.4,0.4,0.16000000000000003,0.1786,0.1816,0.018599999999999978,0.02159999999999998,0.0030000000000000027,6.25,49.1658220783605,-0.11624999999999985,-0.13499999999999987,-0.018750000000000017
4,18,0.4,0.4,0.16000000000000003,0.1556,0.1504,-0.004400000000000043,-0.009600000000000025,-0.005199999999999982,6.25,209.02695883255944,0.027500000000000267,0.06000000000000016,0.03249999999999989
4,19,0.4,0.4,0.16000000000000003,0.1718,0.1612,0.011799999999999977,0.0011999999999999789,-0.010599999999999998,0.0,230.31942324679176,-0.0,-0.0,0.0
4,20,0.4,0.4,0.16000000000000003,0.1324,0.1304,-0.02760000000000004,-0.029600000000000043,-0.0020000000000000018,0.0,235.2263327178697,0.0,0.0,0.0
4,21,0.4,0.4,0.16000000000000003,0.1506,0.1492,-0.00940000000000002,-0.010800000000000032,-0.0014000000000000123,6.25,41.25208190631767,0.05875000000000012,0.0675000000000002,0.008750000000000077
4,22,0.4,0.4,0.16000000000000003,0.159,0.1504,-0.0010000000000000286,-0.009600000000000025,-0.008599999999999997,6.25,68.07666214279104,0.006250000000000179,0.06000000000000016,0.05374999999999998
4,23,0.4,0.4,0.16000000000000003,0.1518,0.1516,-0.00820000000000004,-0.008400000000000019,-0.00019999999999997797,0.0,57.0257246153445,0.0,0.0,0.0
4,24,0.4,0.4,0.16000000000000003,0.1486,0.141,-0.011400000000000021,-0.019000000000000045,-0.007600000000000023,6.25,13.91894583334655,0.07125000000000013,0.11875000000000027,0.04750000000000014
4,25,0.4,0.4,0.16000000000000003,0.1828,0.1864,0.02279999999999996,0.02639999999999998,0.00360000000000002,6.25,44.865193951142544,-0.14249999999999974,-0.16499999999999987,-0.02250000000000013
4,26,0.4,0.4,0.16000000000000003,0.1712,0.163,0.01119999999999996,0.002999999999999975,-0.008199999999999985,0.0,158.80081898015732,-0.0,-0.0,0.0
4,27,0.4,0.4,0.16000000000000003,0.157,0.155,-0.0030000000000000304,-0.005000000000000032,-0.0020000000000000018,6.25,31.267272671775178,0.01875000000000019,0.0312500000000002,0.012500000000000011
4,28,0.4,0.4,0.16000000000000003,0.174,0.1614,0.013999999999999957,0.0013999999999999568,-0.0126,6.25,240.53536817199426,-0.08749999999999973,-0.00874999999999973,0.07875
4,29,0.4,0.4,0.16000000000000003,0.135,0.1302,-0.025000000000000022,-0.02980000000000002,-0.004799999999999999,6.25,32.790177993416684,0.15625000000000014,0.18625000000000014,0.03
4,30,0.4,0.4,0.16000000000000003,0.178,0.1758,0.01799999999999996,0.01579999999999998,-0.0021999999999999797,6.25,181.16257326540247,-0.11249999999999975,-0.09874999999999988,0.013749999999999873
4,31,0.4,0.4,0.16000000000000003,0.1764,0.1698,0.01639999999999997,0.009799999999999975,-0.006599999999999995,6.25,28.956950670161653,-0.10249999999999981,-0.061249999999999846,0.04124999999999997
4,32,0.4,0.4,0.16000000000000003,0.171,0.1636,0.010999999999999982,0.0035999999999999643,-0.007400000000000018,0.0,37.117179381794806,-0.0,-0.0,0.0
4,33,0.4,0.4,0.16000000000000003,0.1762,0.1694,0.016199999999999964,0.009399999999999964,-0.0068000000000000005,6.25,48.23086559705954,-0.10124999999999978,-0.058749999999999775,0.04250000000000001
4,34,0.4,0.4,0.16000000000000003,0.1684,0.1634,0.008399999999999963,0.0033999999999999586,-0.0050000000000000044,0.0,122.38658577213823,-0.0,-0.0,0.0
4,35,0.4,0.4,0.16000000000000003,0.1566,0.1466,-0.003400000000000042,-0.013400000000000023,-0.009999999999999981,6.25,23.964313850110514,0.021250000000000262,0.08375000000000014,0.06249999999999988
4,36,0.4,0.4,0.16000000000000003,0.1614,0.1524,0.0013999999999999568,-0.007600000000000023,-0.00899999999999998,0.0,105.51493062592976,-0.0,0.0,0.0
4,37,0.4,0.4,0.16000000000000003,0.1398,0.1446,-0.020200000000000023,-0.015400000000000025,0.004799999999999999,0.0,100.32886193545856,0.0,0.0,0.0
4,38,0.4,0.4,0.16000000000000003,0.1562,0.1558,-0.0038000000000000256,-0.004200000000000037,-0.00040000000000001146,6.25,239.1638179754271,0.02375000000000016,0.02625000000000023,0.0025000000000000716
4,39,0.4,0.4,0.16000000000000003,0.1884,0.1674,0.02839999999999998,0.007399999999999962,-0.02100000000000002,6.25,124.14815453464824,-0.17749999999999988,-0.046249999999999764,0.13125000000000012
4,40,0.4,0.4,0.16000000000000003,0.1488,0.1376,-0.011200000000000043,-0.02240000000000003,-0.011199999999999988,0.0,16.54821289360653,0.0,0.0,0.0
4,41,0.4,0.4,0.16000000000000003,0.189,0.1756,0.02899999999999997,0.015599999999999975,-0.013399999999999995,0.0,444.0780251500183,-0.0,-0.0,0.0
4,42,0.4,0.4,0.16000000000000003,0.185,0.1734,0.024999999999999967,0.013399999999999967,-0.0116,0.0,285.381836837253,-0.0,-0.0,0.0
4,43,0.4,0.4,0.16000000000000003,0.1608,0.1574,0.0007999999999999674,-0.002600000000000019,-0.0033999999999999864,6.25,23.45622699661824,-0.004999999999999796,0.01625000000000012,0.021249999999999915
4,44,0.4,0.4,0.16000000000000003,0.1728,0.1598,0.012799999999999978,-0.00020000000000003348,-0.013000000000000012,6.25,75.20855125160475,-0.07999999999999986,0.0012500000000002093,0.08125000000000007
4,45,0.4,0.4,0.16000000000000003,0.1444,0.126,-0.01560000000000003,-0.03400000000000003,-0.0184,6.25,63.202960136594314,0.0975000000000002,0.2125000000000002,0.11499999999999999
4,46,0.4,0.4,0.16000000000000003,0.136,0.1322,-0.02400000000000002,-0.02780000000000002,-0.003799999999999998,6.25,52.919206909437065,0.15000000000000013,0.17375000000000013,0.023749999999999993
4,47,0.4,0.4,0.16000000000000003,0.1728,0.166,0.012799999999999978,0.005999999999999978,-0.0068000000000000005,0.0,173.45030543144253,-0.0,-0.0,0.0
4,48,0.4,0.4,0.16000000000000003,0.1774,0.1614,0.01739999999999997,0.0013999999999999568,-0.016000000000000014,6.25,42.638410624162546,-0.10874999999999982,-0.00874999999999973,0.10000000000000009
4,49,0.4,0.4,0.16000000000000003,0.1582,0.1506,-0.0018000000000000238,-0.00940000000000002,-0.007599999999999996,6.25,113.62206386297034,0.011250000000000149,0.05875000000000012,0.04749999999999997
5,6,0.4,0.4,0.16000000000000003,0.1428,0.1434,-0.01720000000000002,-0.01660000000000003,0.0005999999999999894,6.25,42.106242978231876,0.10750000000000012,0.1037500000000002,-0.00374999999999992
5,7,0.4,0.4,0.16000000000000003,0.1684,0.167,0.008399999999999963,0.0069999999999999785,-0.0013999999999999846,0.0,75.51170356008738,-0.0,-0.0,0.0
5,8,0.4,0.4,0.16000000000000003,0.1834,0.1876,0.023399999999999976,0.027599999999999958,0.0041999999999999815,6.25,62.026090376939564,-0.14624999999999985,-0.17249999999999974,-0.026249999999999885
5,9,0.4,0.4,0.16000000000000003,0.1816,0.1744,0.02159999999999998,0.014399999999999968,-0.007200000000000012,6.25,48.85953065317284,-0.13499999999999987,-0.0899999999999998,0.04500000000000007
5,10,0.4,0.4,0.16000000000000003,0.1326,0.1408,-0.027400000000000035,-0.019200000000000023,0.008200000000000013,6.25,67.09888713053455,0.17125000000000024,0.12000000000000013,-0.0512500000000001
5,11,0.4,0.4,0.16000000000000003,0.1252,0.1206,-0.034800000000000025,-0.03940000000000003,-0.004600000000000007,6.25,73.47312753269927,0.21750000000000017,0.2462500000000002,0.028750000000000026
5,12,0.4,0.4,0.16000000000000003,0.1138,0.122,-0.04620000000000003,-0.038000000000000034,0.008199999999999999,0.0,45.21650493201853,0.0,0.0,0.0
5,13,0.4,0.4,0.16000000000000003,0.1588,0.1486,-0.0012000000000000344,-0.011400000000000021,-0.010199999999999987,0.0,64.60484391451655,0.0,0.0,0.0
5,14,0.4,0.4,0.16000000000000003,0.2108,0.2134,0.050799999999999956,0.053399999999999975,0.002600000000000019,6.25,69.4894364916501,-0.3174999999999997,-0.3337499999999998,-0.016250000000000098
5,15,0.4,0.4,0.16000000000000003,0.1822,0.1864,0.02219999999999997,0.02639999999999998,0.004200000000000009,0.0,54.1967498451379,-0.0,-0.0,0.0
5,16,0.4,0.4,0.16000000000000003,0.1904,0.1954,0.030399999999999983,0.03539999999999996,0.004999999999999977,0.0,82.49410727229869,-0.0,-0.0,0.0
5,17,0.4,0.4,0.16000000000000003,0.1658,0.1736,0.005799999999999972,0.013599999999999973,0.007800000000000001,6.25,53.10849379913465,-0.036249999999999824,-0.08499999999999983,-0.04875
5,18,0.4,0.4,0.16000000000000003,0.1592,0.1644,-0.0008000000000000229,0.0043999999999999595,0.005199999999999982,6.25,53.493207473439064,0.005000000000000143,-0.027499999999999747,-0.03249999999999989
5,19,0.4,0.4,0.16000000000000003,0.217,0.2196,0.05699999999999997,0.05959999999999996,0.002599999999999991,0.0,80.99978460201928,-0.0,-0.0,0.0
5,20,0.4,0.4,0.16000000000000003,0.1874,0.1844,0.02739999999999998,0.024399999999999977,-0.0030000000000000027,0.0,95.46462454497382,-0.0,-0.0,0.0
5,21,0.4,0.4,0.16000000000000003,0.2004,0.2044,0.040399999999999964,0.04439999999999997,0.0040000000000000036,6.25,73.0959474709363,-0.2524999999999998,-0.2774999999999998,-0.025000000000000022
5,22,0.4,0.4,0.16000000000000003,0.1848,0.1802,0.02479999999999996,0.020199999999999968,-0.004599999999999993,6.25,48.17681679679313,-0.15499999999999975,-0.1262499999999998,0.028749999999999942
5,23,0.4,0.4,0.16000000000000003,0.1722,0.1748,0.012199999999999961,0.01479999999999998,0.002600000000000019,0.0,58.76373872143499,-0.0,-0.0,0.0
5,24,0.4,0.4,0.16000000000000003,0.17,0.159,0.009999999999999981,-0.0010000000000000286,-0.01100000000000001,6.25,117.39025473761902,-0.06249999999999988,0.006250000000000179,0.06875000000000006
5,25,0.4,0.4,0.16000000000000003,0.152,0.156,-0.008000000000000035,-0.004000000000000031,0.0040000000000000036,6.25,164.9670575154025,0.05000000000000022,0.025000000000000196,-0.025000000000000022
5,26,0.4,0.4,0.16000000000000003,0.1942,0.191,0.03419999999999998,0.030999999999999972,-0.0032000000000000084,0.0,58.514830554058825,-0.0,-0.0,0.0
5,27,0.4,0.4,0.16000000000000003,0.1556,0.1516,-0.004400000000000043,-0.008400000000000019,-0.003999999999999976,6.25,119.19180388010807,0.027500000000000267,0.052500000000000116,0.02499999999999985
5,28,0.4,0.4,0.16000000000000003,0.1658,0.1556,0.005799999999999972,-0.004400000000000043,-0.010200000000000015,6.25,54.74838352318313,-0.036249999999999824,0.027500000000000267,0.06375000000000008
5,29,0.4,0.4,0.16000000000000003,0.1562,0.1636,-0.0038000000000000256,0.0035999999999999643,0.00739999999999999,6.25,102.62633076425567,0.02375000000000016,-0.022499999999999777,-0.04624999999999994
5,30,0.4,0.4,0.16000000000000003,0.1624,0.164,0.0023999999999999577,0.003999999999999976,0.001600000000000018,6.25,58.526747928353196,-0.014999999999999736,-0.02499999999999985,-0.010000000000000113
5,31,0.4,0.4,0.16000000000000003,0.1732,0.1708,0.013199999999999962,0.010799999999999976,-0.0023999999999999855,6.25,110.44025784435412,-0.08249999999999977,-0.06749999999999985,0.014999999999999916
5,32,0.4,0.4,0.16000000000000003,0.194,0.1938,0.033999999999999975,0.03379999999999997,-0.00020000000000000573,0.0,145.71705375999898,-0.0,-0.0,0.0
5,33,0.4,0.4,0.16000000000000003,0.176,0.1772,0.01599999999999996,0.017199999999999965,0.0012000000000000066,6.25,80.39119078131176,-0.09999999999999974,-0.10749999999999979,-0.007500000000000048
5,34,0.4,0.4,0.16000000000000003,0.1712,0.165,0.01119999999999996,0.004999999999999977,-0.006199999999999983,0.0,60.241139526417655,-0.0,-0.0,0.0
5,35,0.4,0.4,0.16000000000000003,0.1824,0.173,0.022399999999999975,0.012999999999999956,-0.00940000000000002,6.25,104.22219527295353,-0.13999999999999985,-0.08124999999999973,0.05875000000000012
5,36,0.4,0.4,0.16000000000000003,0.1496,0.1454,-0.01040000000000002,-0.01460000000000003,-0.004200000000000009,0.0,31.5112326864513,0.0,0.0,0.0
5,37,0.4,0.4,0.16000000000000003,0.172,0.1816,0.011999999999999955,0.02159999999999998,0.009600000000000025,0.0,55.086984947945886,-0.0,-0.0,0.0
5,38,0.4,0.4,0.16000000000000003,0.1602,0.1656,0.00019999999999997797,0.005599999999999966,0.005399999999999988,6.25,50.79314981046671,-0.0012499999999998623,-0.03499999999999979,-0.033749999999999926
5,39,0.4,0.4,0.16000000000000003,0.1884,0.1842,0.02839999999999998,0.02419999999999997,-0.004200000000000009,6.25,90.72816562591274,-0.17749999999999988,-0.15124999999999983,0.02625000000000005
5,40,0.4,0.4,0.16000000000000003,0.1342,0.134,-0.025800000000000017,-0.026000000000000023,-0.00020000000000000573,0.0,152.17377624184846,0.0,0.0,0.0
5,41,0.4,0.4,0.16000000000000003,0.1802,0.1728,0.020199999999999968,0.012799999999999978,-0.00739999999999999,0.0,154.97333217678613,-0.0,-0.0,0.0
5,42,0.4,0.4,0.16000000000000003,0.1642,0.157,0.0041999999999999815,-0.0030000000000000304,-0.007200000000000012,0.0,87.62997505994188,-0.0,0.0,0.0
5,43,0.4,0.4,0.16000000000000003,0.156,0.1622,-0.004000000000000031,0.0021999999999999797,0.006200000000000011,6.25,88.43984134958363,0.025000000000000196,-0.013749999999999873,-0.03875000000000007
5,44,0.4,0.4,0.16000000000000003,0.1912,0.1858,0.031199999999999978,0.025799999999999962,-0.005400000000000016,6.25,59.159588196753674,-0.19499999999999987,-0.16124999999999975,0.03375000000000011
5,45,0.4,0.4,0.16000000000000003,0.135,0.1332,-0.025000000000000022,-0.026800000000000018,-0.001799999999999996,6.25,141.009633137892,0.15625000000000014,0.16750000000000012,0.011249999999999982
5,46,0.4,0.4,0.16000000000000003,0.151,0.1632,-0.009000000000000036,0.0031999999999999806,0.012200000000000016,6.25,213.17946960454495,0.05625000000000022,-0.01999999999999988,-0.0762500000000001
5,47,0.4,0.4,0.16000000000000003,0.1742,0.1784,0.014199999999999963,0.018399999999999972,0.004200000000000009,0.0,71.13226398296774,-0.0,-0.0,0.0
5,48,0.4,0.4,0.16000000000000003,0.1932,0.1868,0.03319999999999998,0.026799999999999963,-0.006400000000000017,6.25,241.73066866094243,-0.20749999999999988,-0.16749999999999976,0.04000000000000012
5,49,0.4,0.4,0.16000000000000003,0.168,0.174,0.00799999999999998,0.013999999999999957,0.005999999999999978,6.25,412.78176271412417,-0.04999999999999987,-0.08749999999999973,-0.03749999999999986
6,7,0.4,0.4,0.16000000000000003,0.1832,0.1766,0.02319999999999997,0.016599999999999976,-0.006599999999999995,6.25,66.87045022914727,-0.14499999999999982,-0.10374999999999984,0.04124999999999998
6,8,0.4,0.4,0.16000000000000003,0.1648,0.16,0.004799999999999971,-2.7755575615628914e-17,-0.004799999999999999,0.0,64.40901319651138,-0.0,0.0,0.0
6,9,0.4,0.4,0.16000000000000003,0.1338,0.1314,-0.02620000000000003,-0.028600000000000042,-0.0024000000000000132,0.0,21.94582569405562,0.0,0.0,0.0
6,10,0.4,0.4,0.16000000000000003,0.1898,0.1922,0.029799999999999965,0.03219999999999998,0.0024000000000000132,0.0,75.87065541200656,-0.0,-0.0,0.0
6,11,0.4,0.4,0.16000000000000003,0.265,0.263,0.10499999999999998,0.10299999999999998,-0.0020000000000000018,0.0,61.4097532789413,-0.0,-0.0,0.0
6,12,0.4,0.4,0.16000000000000003,0.1514,0.1504,-0.008600000000000024,-0.009600000000000025,-0.0010000000000000009,6.25,29.083935730453206,0.05375000000000015,0.06000000000000016,0.0062500000000000056
6,13,0.4,0.4,0.16000000000000003,0.1202,0.1204,-0.03980000000000003,-0.03960000000000004,0.00019999999999999185,6.25,25.297428791574987,0.2487500000000002,0.24750000000000025,-0.0012499999999999456
6,14,0.4,0.4,0.16000000000000003,0.1592,0.1666,-0.0008000000000000229,0.006599999999999967,0.00739999999999999,0.0,76.70690933491252,0.0,-0.0,-0.0
6,15,0.4,0.4,0.16000000000000003,0.163,0.1628,0.002999999999999975,0.002799999999999969,-0.00020000000000000573,6.25,42.15472133263978,-0.018749999999999843,-0.017499999999999807,0.0012500000000000358
6,16,0.4,0.4,0.16000000000000003,0.1756,0.1852,0.015599999999999975,0.025199999999999972,0.009599999999999997,6.25,37.38497447806236,-0.09749999999999984,-0.15749999999999983,-0.06
6,17,0.4,0.4,0.16000000000000003,0.1406,0.1346,-0.01940000000000003,-0.025400000000000034,-0.006000000000000005,0.0,80.06900567008198,0.0,0.0,0.0
6,18,0.4,0.4,0.16000000000000003,0.1234,0.1232,-0.036600000000000035,-0.03680000000000003,-0.00019999999999999185,0.0,11.720371579534127,0.0,0.0,0.0
6,19,0.4,0.4,0.16000000000000003,0.1288,0.1404,-0.031200000000000033,-0.019600000000000034,0.0116,6.25,21.172066080493376,0.1950000000000002,0.12250000000000022,-0.07249999999999998
6,20,0.4,0.4,0.16000000000000003,0.1406,0.1508,-0.01940000000000003,-0.009200000000000041,0.010199999999999987,6.25,26.50400115945663,0.12125000000000018,0.05750000000000026,-0.06374999999999992
6,21,0.4,0.4,0.16000000000000003,0.1308,0.1322,-0.02920000000000003,-0.02780000000000002,0.0014000000000000123,0.0,53.26682404546572,0.0,0.0,0.0
6,22,0.4,0.4,0.16000000000000003,0.134,0.1404,-0.026000000000000023,-0.019600000000000034,0.006399999999999989,0.0,52.27401144801169,0.0,0.0,0.0
6,23,0.4,0.4,0.16000000000000003,0.1796,0.1702,0.01959999999999998,0.010199999999999959,-0.00940000000000002,6.25,59.57032049186488,-0.12249999999999986,-0.06374999999999975,0.05875000000000011
6,24,0.4,0.4,0.16000000000000003,0.168,0.1608,0.00799999999999998,0.0007999999999999674,-0.007200000000000012,0.0,153.62102455816702,-0.0,-0.0,0.0
6,25,0.4,0.4,0.16000000000000003,0.1638,0.1764,0.00379999999999997,0.01639999999999997,0.0126,0.0,212.14207212030868,-0.0,-0.0,0.0
6,26,0.4,0.4,0.16000000000000003,0.151,0.1506,-0.009000000000000036,-0.00940000000000002,-0.0003999999999999837,6.25,15.139945327883854,0.05625000000000022,0.05875000000000012,0.002499999999999898
6,27,0.4,0.4,0.16000000000000003,0.1662,0.1672,0.0061999999999999555,0.0071999999999999564,0.0010000000000000009,0.0,146.90614925938968,-0.0,-0.0,0.0
6,28,0.4,0.4,0.16000000000000003,0.1614,0.1588,0.0013999999999999568,-0.0012000000000000344,-0.002599999999999991,0.0,26.54797994250469,-0.0,0.0,0.0
6,29,0.4,0.4,0.16000000000000003,0.1496,0.1508,-0.01040000000000002,-0.009200000000000041,0.0011999999999999789,0.0,115.701794468466,0.0,0.0,0.0
6,30,0.4,0.4,0.16000000000000003,0.1482,0.1522,-0.011800000000000033,-0.007800000000000029,0.0040000000000000036,0.0,35.66383839578869,0.0,0.0,0.0
6,31,0.4,0.4,0.16000000000000003,0.1484,0.1462,-0.011600000000000027,-0.013800000000000034,-0.0022000000000000075,0.0,126.27509800465101,0.0,0.0,0.0
6,32,0.4,0.4,0.16000000000000003,0.1456,0.144,-0.014400000000000024,-0.016000000000000042,-0.001600000000000018,6.25,150.09716338883874,0.09000000000000015,0.10000000000000026,0.010000000000000106
6,33,0.4,0.4,0.16000000000000003,0.156,0.1568,-0.004000000000000031,-0.003200000000000036,0.0007999999999999952,0.0,101.45706949274127,0.0,0.0,0.0
6,34,0.4,0.4,0.16000000000000003,0.1414,0.1454,-0.018600000000000033,-0.01460000000000003,0.0040000000000000036,6.25,34.76757486215541,0.11625000000000021,0.09125000000000019,-0.025000000000000022
6,35,0.4,0.4,0.16000000000000003,0.1574,0.155,-0.002600000000000019,-0.005000000000000032,-0.0024000000000000132,0.0,99.34898118598653,0.0,0.0,0.0
6,36,0.4,0.4,0.16000000000000003,0.155,0.1548,-0.005000000000000032,-0.005200000000000038,-0.00020000000000000573,6.25,14.721694956742644,0.0312500000000002,0.03250000000000024,0.0012500000000000358
6,37,0.4,0.4,0.16000000000000003,0.1532,0.1598,-0.006800000000000028,-0.00020000000000003348,0.006599999999999995,6.25,39.6264457549383,0.042500000000000177,0.0012500000000002093,-0.04124999999999997
6,38,0.4,0.4,0.16000000000000003,0.1698,0.1688,0.009799999999999975,0.008799999999999975,-0.0010000000000000009,0.0,37.09222264132215,-0.0,-0.0,0.0
6,39,0.4,0.4,0.16000000000000003,0.1206,0.1268,-0.03940000000000003,-0.033200000000000035,0.006199999999999997,0.0,95.81024985841985,0.0,0.0,0.0
6,40,0.4,0.4,0.16000000000000003,0.1732,0.1816,0.013199999999999962,0.02159999999999998,0.008400000000000019,6.25,206.06087657263853,-0.08249999999999977,-0.13499999999999987,-0.0525000000000001
6,41,0.4,0.4,0.16000000000000003,0.141,0.142,-0.019000000000000045,-0.018000000000000044,0.0010000000000000009,6.25,87.78584880352162,0.11875000000000027,0.11250000000000027,-0.0062500000000000056
6,42,0.4,0.4,0.16000000000000003,0.1526,0.1428,-0.007400000000000018,-0.01720000000000002,-0.009800000000000003,6.25,30.219778545148078,0.04625000000000011,0.10750000000000012,0.06125000000000001
6,43,0.4,0.4,0.16000000000000003,0.144,0.156,-0.016000000000000042,-0.004000000000000031,0.01200000000000001,0.0,117.41851618474595,0.0,0.0,0.0
6,44,0.4,0.4,0.16000000000000003,0.139,0.1418,-0.02100000000000002,-0.01820000000000002,0.002799999999999997,0.0,47.5849418305821,0.0,0.0,0.0
6,45,0.4,0.4,0.16000000000000003,0.1916,0.1968,0.03159999999999996,0.03679999999999997,0.00520000000000001,0.0,203.8131250180922,-0.0,-0.0,0.0
6,46,0.4,0.4,0.16000000000000003,0.1708,0.1772,0.010799999999999976,0.017199999999999965,0.006399999999999989,0.0,266.1041675670956,-0.0,-0.0,0.0
6,47,0.4,0.4,0.16000000000000003,0.1608,0.165,0.0007999999999999674,0.004999999999999977,0.004200000000000009,6.25,18.004874137682325,-0.004999999999999796,-0.031249999999999854,-0.026250000000000058
6,48,0.4,0.4,0.16000000000000003,0.1468,0.1386,-0.013200000000000017,-0.02140000000000003,-0.008200000000000013,0.0,259.0974288751303,0.0,0.0,0.0
6,49,0.4,0.4,0.16000000000000003,0.1396,0.1482,-0.02040000000000003,-0.011800000000000033,0.008599999999999997,0.0,467.93861219325845,0.0,0.0,0.0
7,8,0.4,0.4,0.16000000000000003,0.1522,0.1406,-0.007800000000000029,-0.01940000000000003,-0.0116,6.25,34.320726769868834,0.04875000000000018,0.12125000000000018,0.0725
7,9,0.4,0.4,0.16000000000000003,0.171,0.168,0.010999999999999982,0.00799999999999998,-0.0030000000000000027,6.25,94.70793451198816,-0.0687499999999999,-0.04999999999999987,0.018750000000000024
7,10,0.4,0.4,0.16000000000000003,0.2008,0.2032,0.040799999999999975,0.04319999999999996,0.0023999999999999855,6.25,60.93867205395424,-0.25499999999999984,-0.26999999999999974,-0.014999999999999902
7,11,0.4,0.4,0.16000000000000003,0.2226,0.2192,0.06259999999999996,0.059199999999999975,-0.0033999999999999864,6.25,126.63517023287534,-0.39124999999999976,-0.36999999999999983,0.021249999999999936
7,12,0.4,0.4,0.16000000000000003,0.1398,0.143,-0.020200000000000023,-0.017000000000000043,0.0031999999999999806,0.0,84.54631394405145,0.0,0.0,0.0
7,13,0.4,0.4,0.16000000000000003,0.1368,0.1294,-0.023200000000000026,-0.030600000000000044,-0.007400000000000018,0.0,141.50079981565742,0.0,0.0,0.0
7,14,0.4,0.4,0.16000000000000003,0.1696,0.174,0.00959999999999997,0.013999999999999957,0.004399999999999987,6.25,66.78541838954263,-0.05999999999999981,-0.08749999999999973,-0.02749999999999992
7,15,0.4,0.4,0.16000000000000003,0.141,0.1378,-0.019000000000000045,-0.022200000000000025,-0.0031999999999999806,0.0,49.13158887567854,0.0,0.0,0.0
7,16,0.4,0.4,0.16000000000000003,0.1538,0.1578,-0.006200000000000039,-0.0022000000000000353,0.0040000000000000036,0.0,168.16128092219142,0.0,0.0,0.0
7,17,0.4,0.4,0.16000000000000003,0.199,0.203,0.03899999999999998,0.04299999999999998,0.0040000000000000036,6.25,61.63638749606031,-0.24374999999999986,-0.2687499999999999,-0.025000000000000022
7,18,0.4,0.4,0.16000000000000003,0.1448,0.1552,-0.015200000000000019,-0.0048000000000000265,0.010399999999999993,6.25,110.75843486048889,0.09500000000000011,0.030000000000000165,-0.06499999999999995
7,19,0.4,0.4,0.16000000000000003,0.1588,0.159,-0.0012000000000000344,-0.0010000000000000286,0.00020000000000000573,0.0,136.39095699147234,0.0,0.0,0.0
7,20,0.4,0.4,0.16000000000000003,0.1346,0.1386,-0.025400000000000034,-0.02140000000000003,0.0040000000000000036,0.0,137.89197888982028,0.0,0.0,0.0
7,21,0.4,0.4,0.16000000000000003,0.1242,0.1218,-0.035800000000000026,-0.038200000000000026,-0.0023999999999999994,6.25,29.54013315992254,0.22375000000000017,0.23875000000000016,0.014999999999999986
7,22,0.4,0.4,0.16000000000000003,0.145,0.1402,-0.015000000000000041,-0.01980000000000004,-0.004799999999999999,6.25,40.35319807403371,0.09375000000000025,0.12375000000000025,0.03
7,23,0.4,0.4,0.16000000000000003,0.1688,0.1736,0.008799999999999975,0.013599999999999973,0.004799999999999999,0.0,57.52064212729253,-0.0,-0.0,0.0
7,24,0.4,0.4,0.16000000000000003,0.1384,0.1282,-0.021600000000000036,-0.03180000000000002,-0.010199999999999987,6.25,51.8121777237527,0.13500000000000023,0.19875000000000015,0.06374999999999992
7,25,0.4,0.4,0.16000000000000003,0.1442,0.1544,-0.015800000000000036,-0.005600000000000022,0.010200000000000015,6.25,93.39756017045231,0.09875000000000023,0.035000000000000135,-0.06375000000000008
7,26,0.4,0.4,0.16000000000000003,0.1536,0.1576,-0.0064000000000000445,-0.002400000000000041,0.0040000000000000036,0.0,93.80311277327802,0.0,0.0,0.0
7,27,0.4,0.4,0.16000000000000003,0.1574,0.1568,-0.002600000000000019,-0.003200000000000036,-0.0006000000000000172,6.25,64.02140147945481,0.01625000000000012,0.020000000000000226,0.0037500000000001074
7,28,0.4,0.4,0.16000000000000003,0.157,0.155,-0.0030000000000000304,-0.005000000000000032,-0.0020000000000000018,6.25,131.9361456055201,0.01875000000000019,0.0312500000000002,0.012500000000000011
7,29,0.4,0.4,0.16000000000000003,0.1516,0.1578,-0.008400000000000019,-0.0022000000000000353,0.006199999999999983,6.25,72.93988897608304,0.052500000000000116,0.01375000000000022,-0.038749999999999896
7,30,0.4,0.4,0.16000000000000003,0.1382,0.1388,-0.02180000000000004,-0.021200000000000024,0.0006000000000000172,6.25,89.37496652272331,0.13625000000000026,0.13250000000000015,-0.0037500000000001144
7,31,0.4,0.4,0.16000000000000003,0.1572,0.1544,-0.0028000000000000247,-0.005600000000000022,-0.002799999999999997,6.25,63.70233537691368,0.017500000000000154,0.035000000000000135,0.01749999999999998
7,32,0.4,0.4,0.16000000000000003,0.1812,0.1802,0.02119999999999997,0.020199999999999968,-0.0010000000000000009,0.0,86.28110246076433,-0.0,-0.0,0.0
7,33,0.4,0.4,0.16000000000000003,0.1292,0.1416,-0.030800000000000022,-0.018400000000000027,0.012399999999999994,6.25,47.81566404249827,0.19250000000000014,0.11500000000000017,-0.07749999999999997
7,34,0.4,0.4,0.16000000000000003,0.1026,0.1026,-0.057400000000000034,-0.057400000000000034,0.0,0.0,41.45049077275612,0.0,0.0,0.0
7,35,0.4,0.4,0.16000000000000003,0.15,0.1472,-0.010000000000000037,-0.012800000000000034,-0.002799999999999997,6.25,55.94717841095472,0.06250000000000022,0.08000000000000021,0.017499999999999988
7,36,0.4,0.4,0.16000000000000003,0.1716,0.1688,0.011599999999999971,0.008799999999999975,-0.002799999999999997,0.0,63.058380313579754,-0.0,-0.0,0.0
7,37,0.4,0.4,0.16000000000000003,0.1618,0.1712,0.0017999999999999683,0.01119999999999996,0.009399999999999992,0.0,61.086616836652524,-0.0,-0.0,0.0
7,38,0.4,0.4,0.16000000000000003,0.1266,0.12,-0.03340000000000004,-0.040000000000000036,-0.006599999999999995,6.25,92.62191129320809,0.20875000000000027,0.2500000000000002,0.04124999999999995
7,39,0.4,0.4,0.16000000000000003,0.1452,0.1466,-0.014800000000000035,-0.013400000000000023,0.0014000000000000123,6.25,79.26628812570513,0.09250000000000022,0.08375000000000014,-0.008750000000000077
7,40,0.4,0.4,0.16000000000000003,0.1446,0.1418,-0.015400000000000025,-0.01820000000000002,-0.002799999999999997,0.0,73.01844890072125,0.0,0.0,0.0
7,41,0.4,0.4,0.16000000000000003,0.1586,0.157,-0.00140000000000004,-0.0030000000000000304,-0.0015999999999999903,0.0,276.0125876601611,0.0,0.0,0.0
7,42,0.4,0.4,0.16000000000000003,0.1512,0.146,-0.00880000000000003,-0.01400000000000004,-0.00520000000000001,0.0,165.45812882001675,0.0,0.0,0.0
7,43,0.4,0.4,0.16000000000000003,0.164,0.169,0.003999999999999976,0.00899999999999998,0.0050000000000000044,6.25,70.35806417398013,-0.02499999999999985,-0.056249999999999876,-0.03125000000000003
7,44,0.4,0.4,0.16000000000000003,0.1554,0.1598,-0.004600000000000021,-0.00020000000000003348,0.004399999999999987,6.25,50.08202977270009,0.02875000000000013,0.0012500000000002093,-0.02749999999999992
7,45,0.4,0.4,0.16000000000000003,0.1676,0.163,0.007599999999999968,0.002999999999999975,-0.004599999999999993,6.25,85.54734314047062,-0.0474999999999998,-0.018749999999999843,0.028749999999999956
7,46,0.4,0.4,0.16000000000000003,0.1546,0.1592,-0.005400000000000044,-0.0008000000000000229,0.004600000000000021,6.25,127.7429292493888,0.03375000000000027,0.005000000000000143,-0.02875000000000013
7,47,0.4,0.4,0.16000000000000003,0.1542,0.1546,-0.005800000000000027,-0.005400000000000044,0.0003999999999999837,0.0,79.46082756281082,0.0,0.0,0.0
7,48,0.4,0.4,0.16000000000000003,0.127,0.1136,-0.03300000000000003,-0.046400000000000025,-0.013399999999999995,6.25,110.86131150802345,0.20625000000000018,0.29000000000000015,0.08374999999999996
7,49,0.4,0.4,0.16000000000000003,0.1472,0.1492,-0.012800000000000034,-0.010800000000000032,0.0020000000000000018,6.25,270.71473602712075,0.08000000000000021,0.0675000000000002,-0.012500000000000011
8,9,0.4,0.4,0.16000000000000003,0.1296,0.1244,-0.030400000000000038,-0.035600000000000034,-0.005199999999999996,0.0,59.80637180701467,0.0,0.0,0.0
8,10,0.4,0.4,0.16000000000000003,0.0996,0.0956,-0.06040000000000004,-0.06440000000000003,-0.00399999999999999,0.0,33.21695778352263,0.0,0.0,0.0
8,11,0.4,0.4,0.16000000000000003,0.1798,0.1724,0.019799999999999957,0.012399999999999967,-0.00739999999999999,0.0,68.86733927942727,-0.0,-0.0,0.0
8,12,0.4,0.4,0.16000000000000003,0.1898,0.1936,0.029799999999999965,0.03359999999999996,0.003799999999999998,6.25,74.36310146296373,-0.18624999999999978,-0.20999999999999977,-0.023749999999999993
8,13,0.4,0.4,0.16000000000000003,0.1694,0.1614,0.009399999999999964,0.0013999999999999568,-0.008000000000000007,6.25,143.98754545587846,-0.058749999999999775,-0.00874999999999973,0.050000000000000044
8,14,0.4,0.4,0.16000000000000003,0.171,0.1736,0.010999999999999982,0.013599999999999973,0.002599999999999991,0.0,31.077902938164232,-0.0,-0.0,0.0
8,15,0.4,0.4,0.16000000000000003,0.1732,0.1786,0.013199999999999962,0.018599999999999978,0.005400000000000016,6.25,27.137180093991365,-0.08249999999999977,-0.11624999999999985,-0.033750000000000085
8,16,0.4,0.4,0.16000000000000003,0.1792,0.1936,0.019199999999999967,0.03359999999999996,0.014399999999999996,6.25,146.08956935102447,-0.1199999999999998,-0.20999999999999977,-0.08999999999999997
8,17,0.4,0.4,0.16000000000000003,0.1566,0.147,-0.003400000000000042,-0.01300000000000004,-0.009599999999999997,0.0,28.776082778502378,0.0,0.0,0.0
8,18,0.4,0.4,0.16000000000000003,0.1842,0.1924,0.02419999999999997,0.03239999999999996,0.008199999999999985,0.0,110.62699008976601,-0.0,-0.0,0.0
8,19,0.4,0.4,0.16000000000000003,0.1514,0.1566,-0.008600000000000024,-0.003400000000000042,0.005199999999999982,6.25,114.20408719897054,0.05375000000000015,0.021250000000000262,-0.03249999999999989
8,20,0.4,0.4,0.16000000000000003,0.163,0.1714,0.002999999999999975,0.011399999999999966,0.00839999999999999,6.25,126.03138092200672,-0.018749999999999843,-0.07124999999999979,-0.05249999999999994
8,21,0.4,0.4,0.16000000000000003,0.1598,0.1598,-0.00020000000000003348,-0.00020000000000003348,0.0,0.0,25.50555209907297,0.0,0.0,0.0
8,22,0.4,0.4,0.16000000000000003,0.1554,0.1594,-0.004600000000000021,-0.0006000000000000449,0.003999999999999976,0.0,21.352194193815894,0.0,0.0,0.0
8,23,0.4,0.4,0.16000000000000003,0.164,0.1656,0.003999999999999976,0.005599999999999966,0.0015999999999999903,6.25,22.067935087289236,-0.02499999999999985,-0.03499999999999979,-0.00999999999999994
8,24,0.4,0.4,0.16000000000000003,0.1768,0.155,0.01679999999999998,-0.005000000000000032,-0.021800000000000014,0.0,34.66594081321948,-0.0,0.0,0.0
8,25,0.4,0.4,0.16000000000000003,0.1582,0.1568,-0.0018000000000000238,-0.003200000000000036,-0.0014000000000000123,0.0,71.14639147790699,0.0,0.0,0.0
8,26,0.4,0.4,0.16000000000000003,0.1544,0.1568,-0.005600000000000022,-0.003200000000000036,0.0023999999999999855,6.25,65.85570668372762,0.035000000000000135,0.020000000000000226,-0.01499999999999991
8,27,0.4,0.4,0.16000000000000003,0.1496,0.148,-0.01040000000000002,-0.012000000000000038,-0.001600000000000018,0.0,39.87542416161297,0.0,0.0,0.0
8,28,0.4,0.4,0.16000000000000003,0.1622,0.1466,0.0021999999999999797,-0.013400000000000023,-0.015600000000000003,0.0,113.68353879843822,-0.0,0.0,0.0
8,29,0.4,0.4,0.16000000000000003,0.1896,0.1846,0.02959999999999996,0.024599999999999955,-0.0050000000000000044,0.0,54.715026352078894,-0.0,-0.0,0.0
8,30,0.4,0.4,0.16000000000000003,0.1464,0.1492,-0.013600000000000029,-0.010800000000000032,0.002799999999999997,0.0,75.9128787819975,0.0,0.0,0.0
8,31,0.4,0.4,0.16000000000000003,0.1606,0.164,0.0005999999999999617,0.003999999999999976,0.003400000000000014,0.0,40.908233191353276,-0.0,-0.0,0.0
8,32,0.4,0.4,0.16000000000000003,0.1246,0.1132,-0.03540000000000003,-0.046800000000000036,-0.011400000000000007,6.25,40.35080601579402,0.22125000000000017,0.2925000000000002,0.07125000000000004
8,33,0.4,0.4,0.16000000000000003,0.1622,0.1614,0.0021999999999999797,0.0013999999999999568,-0.0008000000000000229,0.0,32.19583420470899,-0.0,-0.0,0.0
8,34,0.4,0.4,0.16000000000000003,0.1382,0.1344,-0.02180000000000004,-0.02560000000000004,-0.003799999999999998,6.25,40.65999595939871,0.13625000000000026,0.16000000000000025,0.023749999999999993
8,35,0.4,0.4,0.16000000000000003,0.1692,0.1528,0.009199999999999958,-0.00720000000000004,-0.016399999999999998,0.0,30.37105077221786,-0.0,0.0,0.0
8,36,0.4,0.4,0.16000000000000003,0.1602,0.1572,0.00019999999999997797,-0.0028000000000000247,-0.0030000000000000027,6.25,37.744545948150666,-0.0012499999999998623,0.017500000000000154,0.018750000000000017
8,37,0.4,0.4,0.16000000000000003,0.1566,0.159,-0.003400000000000042,-0.0010000000000000286,0.0024000000000000132,6.25,30.78671997470067,0.021250000000000262,0.006250000000000179,-0.015000000000000083
8,38,0.4,0.4,0.16000000000000003,0.2024,0.203,0.042399999999999965,0.04299999999999998,0.0006000000000000172,0.0,118.14943468629997,-0.0,-0.0,0.0
8,39,0.4,0.4,0.16000000000000003,0.161,0.1522,0.0009999999999999731,-0.007800000000000029,-0.008800000000000002,0.0,43.09185370417412,-0.0,0.0,0.0
8,40,0.4,0.4,0.16000000000000003,0.1538,0.1518,-0.006200000000000039,-0.00820000000000004,-0.0020000000000000018,6.25,62.11046299721469,0.03875000000000024,0.051250000000000254,0.012500000000000011
8,41,0.4,0.4,0.16000000000000003,0.1812,0.174,0.02119999999999997,0.013999999999999957,-0.007200000000000012,6.25,277.0375885873071,-0.1324999999999998,-0.08749999999999973,0.04500000000000008
8,42,0.4,0.4,0.16000000000000003,0.1634,0.1522,0.0033999999999999586,-0.007800000000000029,-0.011199999999999988,6.25,158.4523127582517,-0.02124999999999974,0.04875000000000018,0.06999999999999992
8,43,0.4,0.4,0.16000000000000003,0.1838,0.1852,0.02379999999999996,0.025199999999999972,0.0014000000000000123,0.0,41.288509389576674,-0.0,-0.0,0.0
8,44,0.4,0.4,0.16000000000000003,0.1736,0.1784,0.013599999999999973,0.018399999999999972,0.004799999999999999,0.0,18.42622931486423,-0.0,-0.0,0.0
8,45,0.4,0.4,0.16000000000000003,0.1326,0.1292,-0.027400000000000035,-0.030800000000000022,-0.0033999999999999864,0.0,66.95250636934384,0.0,0.0,0.0
8,46,0.4,0.4,0.16000000000000003,0.1652,0.1674,0.005199999999999982,0.007399999999999962,0.0021999999999999797,0.0,107.56868134054649,-0.0,-0.0,0.0
8,47,0.4,0.4,0.16000000000000003,0.1612,0.157,0.0011999999999999789,-0.0030000000000000304,-0.004200000000000009,6.25,62.17490574036675,-0.007499999999999868,0.01875000000000019,0.026250000000000058
8,48,0.4,0.4,0.16000000000000003,0.1774,0.1654,0.01739999999999997,0.00539999999999996,-0.01200000000000001,0.0,100.90784626519509,-0.0,-0.0,0.0
8,49,0.4,0.4,0.16000000000000003,0.1734,0.177,0.013399999999999967,0.01699999999999996,0.003599999999999992,0.0,239.03048608515232,-0.0,-0.0,0.0
9,10,0.4,0.4,0.16000000000000003,0.198,0.207,0.03799999999999998,0.04699999999999996,0.00899999999999998,0.0,72.7221587759241,-0.0,-0.0,0.0
9,11,0.4,0.4,0.16000000000000003,0.1262,0.1252,-0.033800000000000024,-0.034800000000000025,-0.0010000000000000009,0.0,47.77950030321696,0.0,0.0,0.0
9,12,0.4,0.4,0.16000000000000003,0.0634,0.0678,-0.09660000000000003,-0.09220000000000003,0.004400000000000001,6.25,21.138813511270886,0.6037500000000002,0.5762500000000002,-0.02750000000000008
9,13,0.4,0.4,0.16000000000000003,0.1664,0.1514,0.006399999999999961,-0.008600000000000024,-0.014999999999999986,6.25,50.81303006370395,-0.03999999999999976,0.05375000000000015,0.09374999999999992
9,14,0.4,0.4,0.16000000000000003,0.1362,0.1316,-0.023800000000000043,-0.028400000000000036,-0.004599999999999993,0.0,71.4387736586885,0.0,0.0,0.0
9,15,0.4,0.4,0.16000000000000003,0.1742,0.1716,0.014199999999999963,0.011599999999999971,-0.002599999999999991,6.25,32.71791469844615,-0.08874999999999977,-0.07249999999999981,0.01624999999999996
9,16,0.4,0.4,0.16000000000000003,0.1426,0.1292,-0.017400000000000027,-0.030800000000000022,-0.013399999999999995,6.25,35.2441302665197,0.10875000000000017,0.19250000000000014,0.08374999999999998
9,17,0.4,0.4,0.16000000000000003,0.173,0.1824,0.012999999999999956,0.022399999999999975,0.00940000000000002,0.0,67.02758598698655,-0.0,-0.0,0.0
9,18,0.4,0.4,0.16000000000000003,0.1668,0.167,0.006799999999999973,0.0069999999999999785,0.00020000000000000573,0.0,32.97192075434712,-0.0,-0.0,0.0
9,19,0.4,0.4,0.16000000000000003,0.1706,0.1666,0.01059999999999997,0.006599999999999967,-0.0040000000000000036,6.25,31.11711712869115,-0.06624999999999981,-0.041249999999999794,0.025000000000000015
9,20,0.4,0.4,0.16000000000000003,0.1536,0.1504,-0.0064000000000000445,-0.009600000000000025,-0.0031999999999999806,6.25,34.14224145835206,0.04000000000000028,0.06000000000000016,0.01999999999999988
9,21,0.4,0.4,0.16000000000000003,0.1914,0.184,0.031399999999999956,0.023999999999999966,-0.00739999999999999,0.0,73.66489113350246,-0.0,-0.0,0.0
9,22,0.4,0.4,0.16000000000000003,0.1824,0.1794,0.022399999999999975,0.019399999999999973,-0.0030000000000000027,0.0,66.44880529415562,-0.0,-0.0,0.0
9,23,0.4,0.4,0.16000000000000003,0.1628,0.1632,0.002799999999999969,0.0031999999999999806,0.00040000000000001146,6.25,48.851183406511296,-0.017499999999999807,-0.01999999999999988,-0.0025000000000000716
9,24,0.4,0.4,0.16000000000000003,0.163,0.1548,0.002999999999999975,-0.005200000000000038,-0.008200000000000013,0.0,147.45862727929529,-0.0,0.0,0.0
9,25,0.4,0.4,0.16000000000000003,0.1548,0.1494,-0.005200000000000038,-0.010600000000000026,-0.005399999999999988,0.0,194.10788674380666,0.0,0.0,0.0
9,26,0.4,0.4,0.16000000000000003,0.157,0.1524,-0.0030000000000000304,-0.007600000000000023,-0.004599999999999993,6.25,13.259356743444886,0.01875000000000019,0.047500000000000146,0.028749999999999956
9,27,0.4,0.4,0.16000000000000003,0.1558,0.1522,-0.004200000000000037,-0.007800000000000029,-0.003599999999999992,0.0,137.16062025579373,0.0,0.0,0.0
9,28,0.4,0.4,0.16000000000000003,0.1508,0.1506,-0.009200000000000041,-0.00940000000000002,-0.00019999999999997797,0.0,37.40677867326043,0.0,0.0,0.0
9,29,0.4,0.4,0.16000000000000003,0.202,0.2002,0.04199999999999998,0.04019999999999996,-0.0018000000000000238,0.0,139.86880071173601,-0.0,-0.0,0.0
9,30,0.4,0.4,0.16000000000000003,0.1926,0.187,0.03259999999999996,0.02699999999999997,-0.005599999999999994,0.0,68.7864501656625,-0.0,-0.0,0.0
9,31,0.4,0.4,0.16000000000000003,0.1854,0.1812,0.025399999999999978,0.02119999999999997,-0.004200000000000009,0.0,124.77973546395029,-0.0,-0.0,0.0
9,32,0.4,0.4,0.16000000000000003,0.1554,0.1484,-0.004600000000000021,-0.011600000000000027,-0.007000000000000006,6.25,131.41291436215388,0.02875000000000013,0.07250000000000018,0.043750000000000046
9,33,0.4,0.4,0.16000000000000003,0.1726,0.1676,0.012599999999999972,0.007599999999999968,-0.0050000000000000044,0.0,91.47031031599884,-0.0,-0.0,0.0
9,34,0.4,0.4,0.16000000000000003,0.1758,0.1742,0.01579999999999998,0.014199999999999963,-0.001600000000000018,6.25,56.844556527984736,-0.09874999999999988,-0.08874999999999977,0.010000000000000106
9,35,0.4,0.4,0.16000000000000003,0.156,0.1564,-0.004000000000000031,-0.00360000000000002,0.00040000000000001146,0.0,89.62354091697237,0.0,0.0,0.0
9,36,0.4,0.4,0.16000000000000003,0.1604,0.1578,0.00039999999999995595,-0.0022000000000000353,-0.002599999999999991,6.25,16.32352455495427,-0.0024999999999997247,0.01375000000000022,0.016249999999999945
9,37,0.4,0.4,0.16000000000000003,0.131,0.1384,-0.029000000000000026,-0.021600000000000036,0.00739999999999999,6.25,24.46153352351608,0.18125000000000016,0.13500000000000023,-0.04624999999999993
9,38,0.4,0.4,0.16000000000000003,0.1596,0.162,-0.0004000000000000392,0.001999999999999974,0.0024000000000000132,0.0,63.682452642167405,0.0,-0.0,-0.0
9,39,0.4,0.4,0.16000000000000003,0.1726,0.1718,0.012599999999999972,0.011799999999999977,-0.0007999999999999952,0.0,75.20421272017921,-0.0,-0.0,0.0
9,40,0.4,0.4,0.16000000000000003,0.1554,0.15,-0.004600000000000021,-0.010000000000000037,-0.005400000000000016,6.25,195.57340794859473,0.02875000000000013,0.06250000000000022,0.03375000000000009
9,41,0.4,0.4,0.16000000000000003,0.1856,0.1804,0.025599999999999956,0.020399999999999974,-0.005199999999999982,6.25,108.42249168423625,-0.15999999999999973,-0.12749999999999984,0.03249999999999989
9,42,0.4,0.4,0.16000000000000003,0.175,0.1696,0.014999999999999958,0.00959999999999997,-0.005399999999999988,6.25,48.54748187070136,-0.09374999999999974,-0.05999999999999981,0.033749999999999926
9,43,0.4,0.4,0.16000000000000003,0.1598,0.1644,-0.00020000000000003348,0.0043999999999999595,0.004599999999999993,0.0,106.18223299986651,0.0,-0.0,-0.0
9,44,0.4,0.4,0.16000000000000003,0.1626,0.16,0.0025999999999999635,-2.7755575615628914e-17,-0.002599999999999991,0.0,53.34556518497362,-0.0,0.0,0.0
9,45,0.4,0.4,0.16000000000000003,0.1658,0.1524,0.005799999999999972,-0.007600000000000023,-0.013399999999999995,0.0,194.8887448002773,-0.0,0.0,0.0
9,46,0.4,0.4,0.16000000000000003,0.1504,0.1548,-0.009600000000000025,-0.005200000000000038,0.004399999999999987,0.0,255.00131667264506,0.0,0.0,0.0
9,47,0.4,0.4,0.16000000000000003,0.1588,0.1486,-0.0012000000000000344,-0.011400000000000021,-0.010199999999999987,6.25,45.673749249948706,0.007500000000000215,0.07125000000000013,0.06374999999999992
9,48,0.4,0.4,0.16000000000000003,0.1796,0.1646,0.01959999999999998,0.004599999999999965,-0.015000000000000013,0.0,244.67634178758283,-0.0,-0.0,0.0
9,49,0.4,0.4,0.16000000000000003,0.1542,0.1506,-0.005800000000000027,-0.00940000000000002,-0.003599999999999992,0.0,451.1575206877245,0.0,0.0,0.0
10,11,0.4,0.4,0.16000000000000003,0.151,0.151,-0.009000000000000036,-0.009000000000000036,0.0,0.0,48.86727363045753,0.0,0.0,0.0
10,12,0.4,0.4,0.16000000000000003,0.1816,0.1854,0.02159999999999998,0.025399999999999978,0.003799999999999998,6.25,79.75583578723314,-0.13499999999999987,-0.15874999999999986,-0.023749999999999993
10,13,0.4,0.4,0.16000000000000003,0.1518,0.149,-0.00820000000000004,-0.011000000000000038,-0.002799999999999997,6.25,134.03232618995673,0.051250000000000254,0.06875000000000023,0.017499999999999974
10,14,0.4,0.4,0.16000000000000003,0.158,0.166,-0.0020000000000000295,0.005999999999999978,0.008000000000000007,0.0,27.486707035563327,0.0,-0.0,-0.0
10,15,0.4,0.4,0.16000000000000003,0.1656,0.174,0.005599999999999966,0.013999999999999957,0.00839999999999999,6.25,48.69798811244336,-0.03499999999999979,-0.08749999999999973,-0.05249999999999994
10,16,0.4,0.4,0.16000000000000003,0.1516,0.1576,-0.008400000000000019,-0.002400000000000041,0.005999999999999978,6.25,125.61816570373418,0.052500000000000116,0.015000000000000256,-0.03749999999999986
10,17,0.4,0.4,0.16000000000000003,0.1874,0.1966,0.02739999999999998,0.036599999999999966,0.009199999999999986,0.0,54.335309647636336,-0.0,-0.0,0.0
10,18,0.4,0.4,0.16000000000000003,0.1808,0.1914,0.020799999999999957,0.031399999999999956,0.010599999999999998,0.0,116.06520883655405,-0.0,-0.0,0.0
10,19,0.4,0.4,0.16000000000000003,0.175,0.1804,0.014999999999999958,0.020399999999999974,0.005400000000000016,6.25,117.46175937881826,-0.09374999999999974,-0.12749999999999984,-0.0337500000000001
10,20,0.4,0.4,0.16000000000000003,0.1336,0.1482,-0.026400000000000035,-0.011800000000000033,0.014600000000000002,6.25,107.9198287946879,0.1650000000000002,0.0737500000000002,-0.09125
10,21,0.4,0.4,0.16000000000000003,0.1486,0.1482,-0.011400000000000021,-0.011800000000000033,-0.00040000000000001146,0.0,29.366550691921056,0.0,0.0,0.0
10,22,0.4,0.4,0.16000000000000003,0.1656,0.1746,0.005599999999999966,0.014599999999999974,0.009000000000000008,0.0,44.55790535519878,-0.0,-0.0,0.0
10,23,0.4,0.4,0.16000000000000003,0.1426,0.145,-0.017400000000000027,-0.015000000000000041,0.0023999999999999855,6.25,11.578644917492515,0.10875000000000017,0.09375000000000025,-0.014999999999999916
10,24,0.4,0.4,0.16000000000000003,0.157,0.1514,-0.0030000000000000304,-0.008600000000000024,-0.005599999999999994,0.0,52.13926410220261,0.0,0.0,0.0
10,25,0.4,0.4,0.16000000000000003,0.1626,0.1762,0.0025999999999999635,0.016199999999999964,0.013600000000000001,0.0,105.29533813947651,-0.0,-0.0,0.0
10,26,0.4,0.4,0.16000000000000003,0.1544,0.1616,-0.005600000000000022,0.0015999999999999626,0.007199999999999984,6.25,63.34090164144824,0.035000000000000135,-0.009999999999999766,-0.0449999999999999
10,27,0.4,0.4,0.16000000000000003,0.1566,0.1616,-0.003400000000000042,0.0015999999999999626,0.0050000000000000044,0.0,60.58461828923317,0.0,-0.0,-0.0
10,28,0.4,0.4,0.16000000000000003,0.1706,0.1816,0.01059999999999997,0.02159999999999998,0.01100000000000001,0.0,121.58986268345296,-0.0,-0.0,0.0
10,29,0.4,0.4,0.16000000000000003,0.146,0.1532,-0.01400000000000004,-0.006800000000000028,0.007200000000000012,0.0,49.52932954922452,0.0,0.0,0.0
10,30,0.4,0.4,0.16000000000000003,0.1552,0.1592,-0.0048000000000000265,-0.0008000000000000229,0.0040000000000000036,0.0,88.23798368424218,0.0,0.0,0.0
10,31,0.4,0.4,0.16000000000000003,0.1576,0.1708,-0.002400000000000041,0.010799999999999976,0.013200000000000017,0.0,54.10864694365729,0.0,-0.0,-0.0
10,32,0.4,0.4,0.16000000000000003,0.1952,0.1952,0.03519999999999998,0.03519999999999998,0.0,6.25,81.8307505612608,-0.2199999999999999,-0.2199999999999999,0.0
10,33,0.4,0.4,0.16000000000000003,0.142,0.1484,-0.018000000000000044,-0.011600000000000027,0.006400000000000017,0.0,37.539442407126344,0.0,0.0,0.0
10,34,0.4,0.4,0.16000000000000003,0.1672,0.1776,0.0071999999999999564,0.017599999999999977,0.01040000000000002,6.25,73.99752345251999,-0.04499999999999973,-0.10999999999999985,-0.06500000000000011
10,35,0.4,0.4,0.16000000000000003,0.1618,0.1598,0.0017999999999999683,-0.00020000000000003348,-0.0020000000000000018,0.0,36.578401964074125,-0.0,0.0,0.0
10,36,0.4,0.4,0.16000000000000003,0.1758,0.1838,0.01579999999999998,0.02379999999999996,0.00799999999999998,6.25,49.154910399938124,-0.09874999999999988,-0.14874999999999974,-0.049999999999999864
10,37,0.4,0.4,0.16000000000000003,0.157,0.1696,-0.0030000000000000304,0.00959999999999997,0.0126,6.25,41.257713005190816,0.01875000000000019,-0.05999999999999981,-0.07875
10,38,0.4,0.4,0.16000000000000003,0.1288,0.1254,-0.031200000000000033,-0.03460000000000002,-0.0033999999999999864,0.0,110.79884814781886,0.0,0.0,0.0
10,39,0.4,0.4,0.16000000000000003,0.1326,0.1408,-0.027400000000000035,-0.019200000000000023,0.008200000000000013,0.0,61.46697729990622,0.0,0.0,0.0
10,40,0.4,0.4,0.16000000000000003,0.1688,0.1758,0.008799999999999975,0.01579999999999998,0.007000000000000006,6.25,94.73614986696225,-0.05499999999999984,-0.09874999999999988,-0.04375000000000004
10,41,0.4,0.4,0.16000000000000003,0.1766,0.1762,0.016599999999999976,0.016199999999999964,-0.00040000000000001146,6.25,263.4585084302164,-0.10374999999999984,-0.10124999999999978,0.0025000000000000577
10,42,0.4,0.4,0.16000000000000003,0.1852,0.1868,0.025199999999999972,0.026799999999999963,0.0015999999999999903,6.25,162.84821253438685,-0.15749999999999983,-0.16749999999999976,-0.009999999999999926
10,43,0.4,0.4,0.16000000000000003,0.1238,0.1346,-0.03620000000000004,-0.025400000000000034,0.010800000000000004,0.0,19.392008813646473,0.0,0.0,0.0
10,44,0.4,0.4,0.16000000000000003,0.1282,0.1362,-0.03180000000000002,-0.023800000000000043,0.00799999999999998,0.0,14.683221284130218,0.0,0.0,0.0
10,45,0.4,0.4,0.16000000000000003,0.2014,0.202,0.041399999999999965,0.04199999999999998,0.0006000000000000172,0.0,135.24859837589554,-0.0,-0.0,0.0
10,46,0.4,0.4,0.16000000000000003,0.1678,0.1842,0.007799999999999974,0.02419999999999997,0.016399999999999998,0.0,141.97530425674722,-0.0,-0.0,0.0
10,47,0.4,0.4,0.16000000000000003,0.165,0.1694,0.004999999999999977,0.009399999999999964,0.004399999999999987,6.25,86.59153567415774,-0.031249999999999854,-0.058749999999999775,-0.02749999999999992
10,48,0.4,0.4,0.16000000000000003,0.1254,0.1216,-0.03460000000000002,-0.03840000000000003,-0.0038000000000000117,0.0,108.45174311270965,0.0,0.0,0.0
10,49,0.4,0.4,0.16000000000000003,0.1454,0.1594,-0.01460000000000003,-0.0006000000000000449,0.013999999999999985,0.0,252.8382771807846,0.0,0.0,0.0
11,12,0.4,0.4,0.16000000000000003,0.1386,0.1416,-0.02140000000000003,-0.018400000000000027,0.0030000000000000027,6.25,39.859428144092654,0.1337500000000002,0.11500000000000017,-0.01875000000000003
11,13,0.4,0.4,0.16000000000000003,0.1618,0.1566,0.0017999999999999683,-0.003400000000000042,-0.00520000000000001,6.25,107.95935774188716,-0.011249999999999802,0.021250000000000262,0.032500000000000064
11,14,0.4,0.4,0.16000000000000003,0.1326,0.1302,-0.027400000000000035,-0.02980000000000002,-0.0023999999999999855,0.0,38.70458354439944,0.0,0.0,0.0
11,15,0.4,0.4,0.16000000000000003,0.1816,0.185,0.02159999999999998,0.024999999999999967,0.0033999999999999864,6.25,77.98174082226227,-0.13499999999999987,-0.15624999999999978,-0.021249999999999908
11,16,0.4,0.4,0.16000000000000003,0.1256,0.1384,-0.03440000000000004,-0.021600000000000036,0.012800000000000006,6.25,66.37530694989194,0.21500000000000025,0.13500000000000023,-0.08000000000000002
11,17,0.4,0.4,0.16000000000000003,0.1542,0.1532,-0.005800000000000027,-0.006800000000000028,-0.0010000000000000009,0.0,67.88335380791392,0.0,0.0,0.0
11,18,0.4,0.4,0.16000000000000003,0.1732,0.1664,0.013199999999999962,0.006399999999999961,-0.0068000000000000005,0.0,90.60348797127051,-0.0,-0.0,0.0
11,19,0.4,0.4,0.16000000000000003,0.1492,0.147,-0.010800000000000032,-0.01300000000000004,-0.0022000000000000075,6.25,78.15814315735935,0.0675000000000002,0.08125000000000024,0.01375000000000004
11,20,0.4,0.4,0.16000000000000003,0.155,0.1554,-0.005000000000000032,-0.004600000000000021,0.00040000000000001146,6.25,95.65230785607365,0.0312500000000002,0.02875000000000013,-0.0025000000000000716
11,21,0.4,0.4,0.16000000000000003,0.1496,0.1512,-0.01040000000000002,-0.00880000000000003,0.0015999999999999903,0.0,56.840222706709525,0.0,0.0,0.0
11,22,0.4,0.4,0.16000000000000003,0.171,0.1614,0.010999999999999982,0.0013999999999999568,-0.009600000000000025,0.0,64.94071332391903,-0.0,-0.0,0.0
11,23,0.4,0.4,0.16000000000000003,0.164,0.1526,0.003999999999999976,-0.007400000000000018,-0.011399999999999993,6.25,56.73414822824428,-0.02499999999999985,0.04625000000000011,0.07124999999999995
11,24,0.4,0.4,0.16000000000000003,0.1908,0.1748,0.030799999999999966,0.01479999999999998,-0.015999999999999986,0.0,132.34094424512563,-0.0,-0.0,0.0
11,25,0.4,0.4,0.16000000000000003,0.1774,0.1802,0.01739999999999997,0.020199999999999968,0.002799999999999997,0.0,192.59765383042327,-0.0,-0.0,0.0
11,26,0.4,0.4,0.16000000000000003,0.149,0.1472,-0.011000000000000038,-0.012800000000000034,-0.001799999999999996,6.25,44.19330418686509,0.06875000000000023,0.08000000000000021,0.011249999999999982
11,27,0.4,0.4,0.16000000000000003,0.1634,0.1702,0.0033999999999999586,0.010199999999999959,0.0068000000000000005,0.0,141.51142224673973,-0.0,-0.0,0.0
11,28,0.4,0.4,0.16000000000000003,0.1634,0.1494,0.0033999999999999586,-0.010600000000000026,-0.013999999999999985,0.0,88.08343401398933,-0.0,0.0,0.0
11,29,0.4,0.4,0.16000000000000003,0.1496,0.145,-0.01040000000000002,-0.015000000000000041,-0.004600000000000021,0.0,76.21686598344313,0.0,0.0,0.0
11,30,0.4,0.4,0.16000000000000003,0.139,0.1458,-0.02100000000000002,-0.014200000000000018,0.0068000000000000005,0.0,72.77439934248709,0.0,0.0,0.0
11,31,0.4,0.4,0.16000000000000003,0.13,0.1244,-0.030000000000000027,-0.035600000000000034,-0.005600000000000008,0.0,74.64860558648017,0.0,0.0,0.0
11,32,0.4,0.4,0.16000000000000003,0.1352,0.1298,-0.024800000000000044,-0.030200000000000032,-0.005399999999999988,6.25,107.85298499315778,0.15500000000000028,0.1887500000000002,0.03374999999999992
11,33,0.4,0.4,0.16000000000000003,0.147,0.1504,-0.01300000000000004,-0.009600000000000025,0.003400000000000014,0.0,65.96160526328838,0.0,0.0,0.0
11,34,0.4,0.4,0.16000000000000003,0.158,0.151,-0.0020000000000000295,-0.009000000000000036,-0.007000000000000006,6.25,75.03544634578745,0.012500000000000185,0.05625000000000022,0.04375000000000004
11,35,0.4,0.4,0.16000000000000003,0.1658,0.156,0.005799999999999972,-0.004000000000000031,-0.009800000000000003,0.0,95.28886224323486,-0.0,0.0,0.0
11,36,0.4,0.4,0.16000000000000003,0.1586,0.154,-0.00140000000000004,-0.006000000000000033,-0.004599999999999993,6.25,38.39555065867349,0.00875000000000025,0.03750000000000021,0.028749999999999956
11,37,0.4,0.4,0.16000000000000003,0.1718,0.1724,0.011799999999999977,0.012399999999999967,0.0005999999999999894,6.25,68.9181698260695,-0.07374999999999986,-0.07749999999999979,-0.003749999999999934
11,38,0.4,0.4,0.16000000000000003,0.1938,0.1852,0.03379999999999997,0.025199999999999972,-0.008599999999999997,0.0,125.79247288825286,-0.0,-0.0,0.0
11,39,0.4,0.4,0.16000000000000003,0.1084,0.1036,-0.051600000000000035,-0.05640000000000003,-0.004799999999999999,0.0,65.85193994158611,0.0,0.0,0.0
11,40,0.4,0.4,0.16000000000000003,0.1916,0.1926,0.03159999999999996,0.03259999999999996,0.0010000000000000009,6.25,172.39803983273336,-0.19749999999999976,-0.20374999999999976,-0.0062500000000000056
11,41,0.4,0.4,0.16000000000000003,0.146,0.1352,-0.01400000000000004,-0.024800000000000044,-0.010800000000000004,6.25,164.09726365900943,0.08750000000000024,0.15500000000000028,0.06750000000000003
11,42,0.4,0.4,0.16000000000000003,0.1398,0.139,-0.020200000000000023,-0.02100000000000002,-0.0007999999999999952,6.25,96.76338366401757,0.12625000000000014,0.13125000000000012,0.004999999999999977
11,43,0.4,0.4,0.16000000000000003,0.151,0.1506,-0.009000000000000036,-0.00940000000000002,-0.0003999999999999837,0.0,78.47969641412364,0.0,0.0,0.0
11,44,0.4,0.4,0.16000000000000003,0.137,0.14,-0.02300000000000002,-0.020000000000000018,0.0030000000000000027,0.0,49.316588351805976,0.0,0.0,0.0
11,45,0.4,0.4,0.16000000000000003,0.1866,0.1808,0.026599999999999957,0.020799999999999957,-0.0058,0.0,206.52541847805145,-0.0,-0.0,0.0
11,46,0.4,0.4,0.16000000000000003,0.1652,0.1654,0.005199999999999982,0.00539999999999996,0.00019999999999997797,0.0,234.90308159711273,-0.0,-0.0,0.0
11,47,0.4,0.4,0.16000000000000003,0.1596,0.161,-0.0004000000000000392,0.0009999999999999731,0.0014000000000000123,6.25,94.48625807874208,0.002500000000000245,-0.006249999999999832,-0.008750000000000077
11,48,0.4,0.4,0.16000000000000003,0.1504,0.1354,-0.009600000000000025,-0.02460000000000004,-0.015000000000000013,0.0,203.7589699579752,0.0,0.0,0.0
11,49,0.4,0.4,0.16000000000000003,0.143,0.1418,-0.017000000000000043,-0.01820000000000002,-0.0011999999999999789,0.0,358.7903755377108,0.0,0.0,0.0
12,13,0.4,0.4,0.16000000000000003,0.1566,0.1564,-0.003400000000000042,-0.00360000000000002,-0.00019999999999997797,0.0,65.29244391259662,0.0,0.0,0.0
12,14,0.4,0.4,0.16000000000000003,0.1372,0.1486,-0.022800000000000042,-0.011400000000000021,0.011400000000000021,6.25,55.062727085106815,0.14250000000000027,0.07125000000000013,-0.07125000000000013
12,15,0.4,0.4,0.16000000000000003,0.1442,0.1572,-0.015800000000000036,-0.0028000000000000247,0.013000000000000012,0.0,55.35545530633599,0.0,0.0,0.0
12,16,0.4,0.4,0.16000000000000003,0.1056,0.1182,-0.05440000000000003,-0.04180000000000003,0.0126,0.0,37.70632225232372,0.0,0.0,0.0
12,17,0.4,0.4,0.16000000000000003,0.1324,0.134,-0.02760000000000004,-0.026000000000000023,0.001600000000000018,6.25,60.35843958374625,0.17250000000000026,0.16250000000000014,-0.01000000000000012
12,18,0.4,0.4,0.16000000000000003,0.135,0.1562,-0.025000000000000022,-0.0038000000000000256,0.021199999999999997,6.25,44.16284281740231,0.15625000000000014,0.02375000000000016,-0.13249999999999998
12,19,0.4,0.4,0.16000000000000003,0.1402,0.139,-0.01980000000000004,-0.02100000000000002,-0.0011999999999999789,0.0,41.45988944296588,0.0,0.0,0.0
12,20,0.4,0.4,0.16000000000000003,0.1428,0.1568,-0.01720000000000002,-0.003200000000000036,0.013999999999999985,0.0,64.06696028432164,0.0,0.0,0.0
12,21,0.4,0.4,0.16000000000000003,0.1384,0.1432,-0.021600000000000036,-0.016800000000000037,0.004799999999999999,6.25,61.52448424107688,0.13500000000000023,0.10500000000000023,-0.03
12,22,0.4,0.4,0.16000000000000003,0.1462,0.1512,-0.013800000000000034,-0.00880000000000003,0.0050000000000000044,6.25,62.40538478813882,0.08625000000000022,0.05500000000000019,-0.03125000000000003
12,23,0.4,0.4,0.16000000000000003,0.1776,0.1822,0.017599999999999977,0.02219999999999997,0.004599999999999993,0.0,66.09147549321482,-0.0,-0.0,0.0
12,24,0.4,0.4,0.16000000000000003,0.1648,0.158,0.004799999999999971,-0.0020000000000000295,-0.0068000000000000005,6.25,145.1167625479568,-0.02999999999999982,0.012500000000000185,0.0425
12,25,0.4,0.4,0.16000000000000003,0.1514,0.1628,-0.008600000000000024,0.002799999999999969,0.011399999999999993,6.25,207.71141706537105,0.05375000000000015,-0.017499999999999807,-0.07124999999999995
12,26,0.4,0.4,0.16000000000000003,0.139,0.147,-0.02100000000000002,-0.01300000000000004,0.00799999999999998,0.0,25.28021067473691,0.0,0.0,0.0
12,27,0.4,0.4,0.16000000000000003,0.1688,0.1754,0.008799999999999975,0.01539999999999997,0.006599999999999995,6.25,155.19189256076083,-0.05499999999999984,-0.09624999999999981,-0.04124999999999997
12,28,0.4,0.4,0.16000000000000003,0.1338,0.1352,-0.02620000000000003,-0.024800000000000044,0.0013999999999999846,6.25,43.47288945793805,0.16375000000000017,0.15500000000000028,-0.008749999999999897
12,29,0.4,0.4,0.16000000000000003,0.1582,0.1606,-0.0018000000000000238,0.0005999999999999617,0.0023999999999999855,6.25,103.56222737574147,0.011250000000000149,-0.0037499999999997605,-0.01499999999999991
12,30,0.4,0.4,0.16000000000000003,0.1498,0.153,-0.010200000000000042,-0.007000000000000034,0.0032000000000000084,6.25,55.86224375196921,0.06375000000000026,0.04375000000000021,-0.020000000000000052
12,31,0.4,0.4,0.16000000000000003,0.1374,0.146,-0.022600000000000037,-0.01400000000000004,0.008599999999999997,6.25,106.0001703757311,0.14125000000000024,0.08750000000000024,-0.05374999999999999
12,32,0.4,0.4,0.16000000000000003,0.1544,0.1546,-0.005600000000000022,-0.005400000000000044,0.00019999999999997797,0.0,140.51653367826702,0.0,0.0,0.0
12,33,0.4,0.4,0.16000000000000003,0.1226,0.1326,-0.03740000000000003,-0.027400000000000035,0.009999999999999995,6.25,79.41897578345822,0.23375000000000018,0.17125000000000024,-0.062499999999999944
12,34,0.4,0.4,0.16000000000000003,0.1352,0.1462,-0.024800000000000044,-0.013800000000000034,0.01100000000000001,0.0,45.89433960677615,0.0,0.0,0.0
12,35,0.4,0.4,0.16000000000000003,0.152,0.1546,-0.008000000000000035,-0.005400000000000044,0.002599999999999991,6.25,102.24412615938326,0.05000000000000022,0.03375000000000027,-0.016249999999999945
12,36,0.4,0.4,0.16000000000000003,0.1554,0.1598,-0.004600000000000021,-0.00020000000000003348,0.004399999999999987,0.0,22.962618794792313,0.0,0.0,0.0
12,37,0.4,0.4,0.16000000000000003,0.1756,0.1766,0.015599999999999975,0.016599999999999976,0.0010000000000000009,0.0,57.75590258820321,-0.0,-0.0,0.0
12,38,0.4,0.4,0.16000000000000003,0.1598,0.1616,-0.00020000000000003348,0.0015999999999999626,0.001799999999999996,6.25,79.74168553406676,0.0012500000000002093,-0.009999999999999766,-0.011249999999999975
12,39,0.4,0.4,0.16000000000000003,0.1246,0.1324,-0.03540000000000003,-0.02760000000000004,0.0077999999999999875,6.25,83.00691543094808,0.22125000000000017,0.17250000000000026,-0.048749999999999905
12,40,0.4,0.4,0.16000000000000003,0.1446,0.1532,-0.015400000000000025,-0.006800000000000028,0.008599999999999997,0.0,170.86557255965423,0.0,0.0,0.0
12,41,0.4,0.4,0.16000000000000003,0.131,0.1372,-0.029000000000000026,-0.022800000000000042,0.006199999999999983,0.0,109.46145923912748,0.0,0.0,0.0
12,42,0.4,0.4,0.16000000000000003,0.1388,0.1368,-0.021200000000000024,-0.023200000000000026,-0.0020000000000000018,0.0,50.03932517754243,0.0,0.0,0.0
12,43,0.4,0.4,0.16000000000000003,0.1636,0.1782,0.0035999999999999643,0.018199999999999966,0.014600000000000002,6.25,108.97532304751135,-0.022499999999999777,-0.1137499999999998,-0.09125000000000003
12,44,0.4,0.4,0.16000000000000003,0.165,0.1818,0.004999999999999977,0.02179999999999996,0.01679999999999998,6.25,74.97237531697839,-0.031249999999999854,-0.13624999999999973,-0.10499999999999987
12,45,0.4,0.4,0.16000000000000003,0.1476,0.1428,-0.012400000000000022,-0.01720000000000002,-0.004799999999999999,6.25,192.63762002603903,0.07750000000000014,0.10750000000000012,0.029999999999999985
12,46,0.4,0.4,0.16000000000000003,0.1576,0.166,-0.002400000000000041,0.005999999999999978,0.008400000000000019,6.25,260.85608249662926,0.015000000000000256,-0.03749999999999986,-0.052500000000000116
12,47,0.4,0.4,0.16000000000000003,0.1726,0.1802,0.012599999999999972,0.020199999999999968,0.007599999999999996,0.0,75.36735125955926,-0.0,-0.0,0.0
12,48,0.4,0.4,0.16000000000000003,0.1238,0.1202,-0.03620000000000004,-0.03980000000000003,-0.003599999999999992,6.25,239.04080944345023,0.22625000000000023,0.2487500000000002,0.022499999999999964
12,49,0.4,0.4,0.16000000000000003,0.1526,0.1674,-0.007400000000000018,0.007399999999999962,0.01479999999999998,6.25,438.25541600205975,0.04625000000000011,-0.046249999999999764,-0.09249999999999987
13,14,0.4,0.4,0.16000000000000003,0.1552,0.151,-0.0048000000000000265,-0.009000000000000036,-0.004200000000000009,6.25,148.49789446626409,0.030000000000000165,0.05625000000000022,0.026250000000000058
13,15,0.4,0.4,0.16000000000000003,0.1982,0.197,0.038199999999999956,0.03699999999999998,-0.0011999999999999789,0.0,110.386585921516,-0.0,-0.0,0.0
13,16,0.4,0.4,0.16000000000000003,0.159,0.159,-0.0010000000000000286,-0.0010000000000000286,0.0,0.0,34.13870863198237,0.0,0.0,0.0
13,17,0.4,0.4,0.16000000000000003,0.1466,0.1482,-0.013400000000000023,-0.011800000000000033,0.0015999999999999903,6.25,148.83079522743358,0.08375000000000014,0.0737500000000002,-0.00999999999999994
13,18,0.4,0.4,0.16000000000000003,0.151,0.1464,-0.009000000000000036,-0.013600000000000029,-0.004599999999999993,6.25,19.548715553337882,0.05625000000000022,0.08500000000000019,0.028749999999999963
13,19,0.4,0.4,0.16000000000000003,0.179,0.1676,0.01899999999999996,0.007599999999999968,-0.011399999999999993,0.0,34.11354955551707,-0.0,-0.0,0.0
13,20,0.4,0.4,0.16000000000000003,0.1576,0.147,-0.002400000000000041,-0.01300000000000004,-0.010599999999999998,0.0,30.075983563828295,0.0,0.0,0.0
13,21,0.4,0.4,0.16000000000000003,0.1488,0.1486,-0.011200000000000043,-0.011400000000000021,-0.00019999999999997797,6.25,129.19516171859794,0.07000000000000027,0.07125000000000013,0.0012499999999998623
13,22,0.4,0.4,0.16000000000000003,0.1898,0.1738,0.029799999999999965,0.013799999999999979,-0.015999999999999986,6.25,128.11103296703894,-0.18624999999999978,-0.08624999999999987,0.09999999999999991
13,23,0.4,0.4,0.16000000000000003,0.159,0.1642,-0.0010000000000000286,0.0041999999999999815,0.00520000000000001,0.0,115.60923767357019,0.0,-0.0,-0.0
13,24,0.4,0.4,0.16000000000000003,0.185,0.1752,0.024999999999999967,0.015199999999999964,-0.009800000000000003,6.25,268.1675670477338,-0.15624999999999978,-0.09499999999999978,0.06125
13,25,0.4,0.4,0.16000000000000003,0.1534,0.1552,-0.0066000000000000225,-0.0048000000000000265,0.001799999999999996,6.25,328.44226147087437,0.04125000000000014,0.030000000000000165,-0.011249999999999975
13,26,0.4,0.4,0.16000000000000003,0.1686,0.1688,0.008599999999999969,0.008799999999999975,0.00020000000000000573,0.0,41.76101625947797,-0.0,-0.0,0.0
13,27,0.4,0.4,0.16000000000000003,0.137,0.1348,-0.02300000000000002,-0.025200000000000028,-0.0022000000000000075,6.25,237.4975836308905,0.14375000000000013,0.15750000000000017,0.01375000000000004
13,28,0.4,0.4,0.16000000000000003,0.1678,0.153,0.007799999999999974,-0.007000000000000034,-0.014800000000000008,6.25,28.441854977564912,-0.048749999999999835,0.04375000000000021,0.09250000000000005
13,29,0.4,0.4,0.16000000000000003,0.1706,0.1592,0.01059999999999997,-0.0008000000000000229,-0.011399999999999993,6.25,210.52422226141277,-0.06624999999999981,0.005000000000000143,0.07124999999999995
13,30,0.4,0.4,0.16000000000000003,0.1492,0.1474,-0.010800000000000032,-0.012600000000000028,-0.001799999999999996,6.25,57.74270347370126,0.0675000000000002,0.07875000000000018,0.011249999999999982
13,31,0.4,0.4,0.16000000000000003,0.1712,0.1642,0.01119999999999996,0.0041999999999999815,-0.0069999999999999785,6.25,231.05254375332456,-0.06999999999999976,-0.026249999999999885,0.04374999999999987
13,32,0.4,0.4,0.16000000000000003,0.1964,0.1822,0.03639999999999996,0.02219999999999997,-0.01419999999999999,0.0,272.53324959614974,-0.0,-0.0,0.0
13,33,0.4,0.4,0.16000000000000003,0.1716,0.1712,0.011599999999999971,0.01119999999999996,-0.00040000000000001146,6.25,189.26478681664702,-0.07249999999999981,-0.06999999999999976,0.0025000000000000577
13,34,0.4,0.4,0.16000000000000003,0.1682,0.1636,0.008199999999999957,0.0035999999999999643,-0.004599999999999993,0.0,84.3207289038813,-0.0,-0.0,0.0
13,35,0.4,0.4,0.16000000000000003,0.163,0.1522,0.002999999999999975,-0.007800000000000029,-0.010800000000000004,6.25,185.4329423502786,-0.018749999999999843,0.04875000000000018,0.06750000000000003
13,36,0.4,0.4,0.16000000000000003,0.1726,0.167,0.012599999999999972,0.0069999999999999785,-0.005599999999999994,0.0,58.805031790309194,-0.0,-0.0,0.0
13,37,0.4,0.4,0.16000000000000003,0.1862,0.1802,0.026199999999999973,0.020199999999999968,-0.006000000000000005,0.0,93.7213473026119,-0.0,-0.0,0.0
13,38,0.4,0.4,0.16000000000000003,0.1222,0.1214,-0.03780000000000003,-0.03860000000000004,-0.000800000000000009,6.25,29.63716362654331,0.23625000000000018,0.24125000000000024,0.00500000000000006
13,39,0.4,0.4,0.16000000000000003,0.154,0.138,-0.006000000000000033,-0.02200000000000002,-0.015999999999999986,6.25,148.37498395318707,0.03750000000000021,0.13750000000000012,0.09999999999999992
13,40,0.4,0.4,0.16000000000000003,0.1924,0.182,0.03239999999999996,0.021999999999999964,-0.010399999999999993,0.0,336.14224665354874,-0.0,-0.0,0.0
13,41,0.4,0.4,0.16000000000000003,0.1632,0.1492,0.0031999999999999806,-0.010800000000000032,-0.014000000000000012,0.0,50.17314984216578,-0.0,0.0,0.0
13,42,0.4,0.4,0.16000000000000003,0.151,0.1552,-0.009000000000000036,-0.0048000000000000265,0.004200000000000009,0.0,23.922107095489608,0.0,0.0,0.0
13,43,0.4,0.4,0.16000000000000003,0.1538,0.146,-0.006200000000000039,-0.01400000000000004,-0.007800000000000001,6.25,196.24657936768838,0.03875000000000024,0.08750000000000024,0.04875
13,44,0.4,0.4,0.16000000000000003,0.1498,0.1408,-0.010200000000000042,-0.019200000000000023,-0.00899999999999998,6.25,100.86482414159477,0.06375000000000026,0.12000000000000013,0.05624999999999987
13,45,0.4,0.4,0.16000000000000003,0.1566,0.1402,-0.003400000000000042,-0.01980000000000004,-0.016399999999999998,6.25,313.16909476133065,0.021250000000000262,0.12375000000000025,0.10249999999999998
13,46,0.4,0.4,0.16000000000000003,0.1478,0.1446,-0.012200000000000044,-0.015400000000000025,-0.0031999999999999806,6.25,396.0602024353202,0.07625000000000028,0.09625000000000015,0.01999999999999988
13,47,0.4,0.4,0.16000000000000003,0.146,0.1434,-0.01400000000000004,-0.01660000000000003,-0.002599999999999991,0.0,42.78609908099412,0.0,0.0,0.0
13,48,0.4,0.4,0.16000000000000003,0.1514,0.137,-0.008600000000000024,-0.02300000000000002,-0.014399999999999996,6.25,388.97846088728903,0.05375000000000015,0.14375000000000013,0.08999999999999997
13,49,0.4,0.4,0.16000000000000003,0.1692,0.1592,0.009199999999999958,-0.0008000000000000229,-0.009999999999999981,6.25,649.9654753695711,-0.05749999999999974,0.005000000000000143,0.06249999999999988
14,15,0.4,0.4,0.16000000000000003,0.1766,0.186,0.016599999999999976,0.025999999999999968,0.009399999999999992,6.25,66.55122601403411,-0.10374999999999984,-0.1624999999999998,-0.05874999999999997
14,16,0.4,0.4,0.16000000000000003,0.1542,0.1648,-0.005800000000000027,0.004799999999999971,0.010599999999999998,6.25,135.1028022828986,0.03625000000000017,-0.02999999999999982,-0.06624999999999999
14,17,0.4,0.4,0.16000000000000003,0.1354,0.1432,-0.02460000000000004,-0.016800000000000037,0.007800000000000001,0.0,25.662232252390424,0.0,0.0,0.0
14,18,0.4,0.4,0.16000000000000003,0.162,0.1764,0.001999999999999974,0.01639999999999997,0.014399999999999996,0.0,113.03096186746471,-0.0,-0.0,0.0
14,19,0.4,0.4,0.16000000000000003,0.1574,0.1648,-0.002600000000000019,0.004799999999999971,0.00739999999999999,6.25,111.8641819096605,0.01625000000000012,-0.02999999999999982,-0.04624999999999994
14,20,0.4,0.4,0.16000000000000003,0.154,0.165,-0.006000000000000033,0.004999999999999977,0.01100000000000001,6.25,129.0717403555788,0.03750000000000021,-0.031249999999999854,-0.06875000000000006
14,21,0.4,0.4,0.16000000000000003,0.146,0.145,-0.01400000000000004,-0.015000000000000041,-0.0010000000000000009,0.0,18.364619287023775,0.0,0.0,0.0
14,22,0.4,0.4,0.16000000000000003,0.177,0.176,0.01699999999999996,0.01599999999999996,-0.0010000000000000009,0.0,45.82176126697687,-0.0,-0.0,0.0
14,23,0.4,0.4,0.16000000000000003,0.1396,0.1486,-0.02040000000000003,-0.011400000000000021,0.009000000000000008,6.25,22.23444141232625,0.12750000000000017,0.07125000000000013,-0.056250000000000036
14,24,0.4,0.4,0.16000000000000003,0.1698,0.1636,0.009799999999999975,0.0035999999999999643,-0.006200000000000011,0.0,59.88052360279826,-0.0,-0.0,0.0
14,25,0.4,0.4,0.16000000000000003,0.1748,0.182,0.01479999999999998,0.021999999999999964,0.007199999999999984,0.0,110.90655207915603,-0.0,-0.0,0.0
14,26,0.4,0.4,0.16000000000000003,0.154,0.1568,-0.006000000000000033,-0.003200000000000036,0.002799999999999997,6.25,65.12550150944794,0.03750000000000021,0.020000000000000226,-0.01749999999999998
14,27,0.4,0.4,0.16000000000000003,0.155,0.1576,-0.005000000000000032,-0.002400000000000041,0.002599999999999991,0.0,60.722198011801346,0.0,0.0,0.0
14,28,0.4,0.4,0.16000000000000003,0.1662,0.1548,0.0061999999999999555,-0.005200000000000038,-0.011399999999999993,0.0,123.43133723802941,-0.0,0.0,0.0
14,29,0.4,0.4,0.16000000000000003,0.1218,0.1296,-0.038200000000000026,-0.030400000000000038,0.0077999999999999875,0.0,19.891197460534407,0.0,0.0,0.0
14,30,0.4,0.4,0.16000000000000003,0.1312,0.1396,-0.02880000000000002,-0.02040000000000003,0.00839999999999999,0.0,76.41114167206514,0.0,0.0,0.0
14,31,0.4,0.4,0.16000000000000003,0.1438,0.1466,-0.01620000000000002,-0.013400000000000023,0.002799999999999997,0.0,38.250560334535294,0.0,0.0,0.0
14,32,0.4,0.4,0.16000000000000003,0.1584,0.1572,-0.001600000000000018,-0.0028000000000000247,-0.0012000000000000066,6.25,62.571351173073595,0.010000000000000113,0.017500000000000154,0.007500000000000041
14,33,0.4,0.4,0.16000000000000003,0.1586,0.167,-0.00140000000000004,0.0069999999999999785,0.008400000000000019,0.0,49.821528091301495,0.0,-0.0,-0.0
14,34,0.4,0.4,0.16000000000000003,0.1416,0.1464,-0.018400000000000027,-0.013600000000000029,0.004799999999999999,6.25,54.065340036553124,0.11500000000000017,0.08500000000000019,-0.029999999999999985
14,35,0.4,0.4,0.16000000000000003,0.1446,0.1412,-0.015400000000000025,-0.01880000000000004,-0.003400000000000014,0.0,28.21041501276823,0.0,0.0,0.0
14,36,0.4,0.4,0.16000000000000003,0.1506,0.1482,-0.00940000000000002,-0.011800000000000033,-0.0024000000000000132,6.25,39.42002329472156,0.05875000000000012,0.0737500000000002,0.015000000000000083
14,37,0.4,0.4,0.16000000000000003,0.166,0.1792,0.005999999999999978,0.019199999999999967,0.01319999999999999,6.25,63.29922750059418,-0.03749999999999986,-0.1199999999999998,-0.08249999999999993
14,38,0.4,0.4,0.16000000000000003,0.1904,0.1898,0.030399999999999983,0.029799999999999965,-0.0006000000000000172,0.0,157.12993011883893,-0.0,-0.0,0.0
14,39,0.4,0.4,0.16000000000000003,0.1456,0.152,-0.014400000000000024,-0.008000000000000035,0.006399999999999989,0.0,74.16377929796104,0.0,0.0,0.0
14,40,0.4,0.4,0.16000000000000003,0.1474,0.147,-0.012600000000000028,-0.01300000000000004,-0.00040000000000001146,6.25,71.49738262651202,0.07875000000000018,0.08125000000000024,0.0025000000000000577
14,41,0.4,0.4,0.16000000000000003,0.1682,0.1682,0.008199999999999957,0.008199999999999957,0.0,6.25,269.86419778488766,-0.05124999999999973,-0.05124999999999973,0.0
14,42,0.4,0.4,0.16000000000000003,0.1514,0.15,-0.008600000000000024,-0.010000000000000037,-0.0014000000000000123,6.25,147.16888745945423,0.05375000000000015,0.06250000000000022,0.00875000000000007
14,43,0.4,0.4,0.16000000000000003,0.144,0.1526,-0.016000000000000042,-0.007400000000000018,0.008600000000000024,0.0,31.197448169352985,0.0,0.0,0.0
14,44,0.4,0.4,0.16000000000000003,0.159,0.155,-0.0010000000000000286,-0.005000000000000032,-0.0040000000000000036,0.0,37.13620604748065,0.0,0.0,0.0
14,45,0.4,0.4,0.16000000000000003,0.1596,0.1648,-0.0004000000000000392,0.004799999999999971,0.00520000000000001,0.0,109.86758968131068,0.0,-0.0,-0.0
14,46,0.4,0.4,0.16000000000000003,0.1552,0.1678,-0.0048000000000000265,0.007799999999999974,0.0126,0.0,134.71248686825402,0.0,-0.0,-0.0
14,47,0.4,0.4,0.16000000000000003,0.156,0.1582,-0.004000000000000031,-0.0018000000000000238,0.0022000000000000075,6.25,87.97005686763994,0.025000000000000196,0.011250000000000149,-0.013750000000000047
14,48,0.4,0.4,0.16000000000000003,0.148,0.1392,-0.012000000000000038,-0.02080000000000004,-0.008800000000000002,0.0,110.7502751708956,0.0,0.0,0.0
14,49,0.4,0.4,0.16000000000000003,0.1486,0.1568,-0.011400000000000021,-0.003200000000000036,0.008199999999999985,0.0,242.03959031793016,0.0,0.0,0.0
15,16,0.4,0.4,0.16000000000000003,0.149,0.1594,-0.011000000000000038,-0.0006000000000000449,0.010399999999999993,0.0,92.43946965455159,0.0,0.0,0.0
15,17,0.4,0.4,0.16000000000000003,0.1762,0.1936,0.016199999999999964,0.03359999999999996,0.0174,6.25,58.69361429069006,-0.10124999999999978,-0.20999999999999977,-0.10874999999999999
15,18,0.4,0.4,0.16000000000000003,0.1652,0.1686,0.005199999999999982,0.008599999999999969,0.0033999999999999864,6.25,70.98573952163508,-0.03249999999999989,-0.053749999999999805,-0.021249999999999915
15,19,0.4,0.4,0.16000000000000003,0.1358,0.1436,-0.024200000000000027,-0.016400000000000026,0.007800000000000001,0.0,71.07907761845647,0.0,0.0,0.0
15,20,0.4,0.4,0.16000000000000003,0.1392,0.1548,-0.02080000000000004,-0.005200000000000038,0.015600000000000003,0.0,74.26248570238403,0.0,0.0,0.0
15,21,0.4,0.4,0.16000000000000003,0.1762,0.1786,0.016199999999999964,0.018599999999999978,0.0024000000000000132,6.25,51.795440799953326,-0.10124999999999978,-0.11624999999999985,-0.015000000000000069
15,22,0.4,0.4,0.16000000000000003,0.1452,0.143,-0.014800000000000035,-0.017000000000000043,-0.0022000000000000075,6.25,26.48301771340428,0.09250000000000022,0.10625000000000026,0.01375000000000004
15,23,0.4,0.4,0.16000000000000003,0.1616,0.158,0.0015999999999999626,-0.0020000000000000295,-0.003599999999999992,0.0,33.45300991963871,-0.0,0.0,0.0
15,24,0.4,0.4,0.16000000000000003,0.1286,0.126,-0.03140000000000004,-0.03400000000000003,-0.002599999999999991,6.25,67.81809740797522,0.19625000000000026,0.2125000000000002,0.01624999999999993
15,25,0.4,0.4,0.16000000000000003,0.1398,0.1554,-0.020200000000000023,-0.004600000000000021,0.015600000000000003,6.25,119.29683195872079,0.12625000000000014,0.02875000000000013,-0.0975
15,26,0.4,0.4,0.16000000000000003,0.1452,0.1568,-0.014800000000000035,-0.003200000000000036,0.0116,0.0,40.03459066067785,0.0,0.0,0.0
15,27,0.4,0.4,0.16000000000000003,0.169,0.1678,0.00899999999999998,0.007799999999999974,-0.0012000000000000066,6.25,90.14442870637028,-0.056249999999999876,-0.048749999999999835,0.007500000000000041
15,28,0.4,0.4,0.16000000000000003,0.146,0.137,-0.01400000000000004,-0.02300000000000002,-0.00899999999999998,6.25,72.74346912191214,0.08750000000000024,0.14375000000000013,0.05624999999999988
15,29,0.4,0.4,0.16000000000000003,0.1764,0.1826,0.01639999999999997,0.02259999999999998,0.006200000000000011,6.25,101.37053036508979,-0.10249999999999981,-0.14124999999999988,-0.03875000000000006
15,30,0.4,0.4,0.16000000000000003,0.1876,0.1938,0.027599999999999958,0.03379999999999997,0.006200000000000011,6.25,86.79905661343531,-0.17249999999999974,-0.2112499999999998,-0.03875000000000006
15,31,0.4,0.4,0.16000000000000003,0.177,0.179,0.01699999999999996,0.01899999999999996,0.0020000000000000018,6.25,88.42353430341056,-0.10624999999999975,-0.11874999999999976,-0.012500000000000011
15,32,0.4,0.4,0.16000000000000003,0.1494,0.15,-0.010600000000000026,-0.010000000000000037,0.0005999999999999894,0.0,84.85438101367926,0.0,0.0,0.0
15,33,0.4,0.4,0.16000000000000003,0.1458,0.1492,-0.014200000000000018,-0.010800000000000032,0.0033999999999999864,6.25,51.80164833740733,0.0887500000000001,0.0675000000000002,-0.021249999999999908
15,34,0.4,0.4,0.16000000000000003,0.178,0.18,0.01799999999999996,0.019999999999999962,0.0020000000000000018,0.0,61.48860110417526,-0.0,-0.0,0.0
15,35,0.4,0.4,0.16000000000000003,0.1566,0.1516,-0.003400000000000042,-0.008400000000000019,-0.004999999999999977,6.25,58.66109824271901,0.021250000000000262,0.052500000000000116,0.031249999999999854
15,36,0.4,0.4,0.16000000000000003,0.1504,0.154,-0.009600000000000025,-0.006000000000000033,0.003599999999999992,0.0,28.168969560935054,0.0,0.0,0.0
15,37,0.4,0.4,0.16000000000000003,0.1284,0.1364,-0.031600000000000045,-0.023600000000000038,0.008000000000000007,0.0,10.812845933880606,0.0,0.0,0.0
15,38,0.4,0.4,0.16000000000000003,0.1722,0.191,0.012199999999999961,0.030999999999999972,0.01880000000000001,6.25,82.14369932103287,-0.07624999999999976,-0.1937499999999998,-0.11750000000000005
15,39,0.4,0.4,0.16000000000000003,0.185,0.1854,0.024999999999999967,0.025399999999999978,0.00040000000000001146,6.25,79.28299694328366,-0.15624999999999978,-0.15874999999999986,-0.0025000000000000855
15,40,0.4,0.4,0.16000000000000003,0.126,0.139,-0.03400000000000003,-0.02100000000000002,0.013000000000000012,0.0,116.34128456719036,0.0,0.0,0.0
15,41,0.4,0.4,0.16000000000000003,0.18,0.1758,0.019999999999999962,0.01579999999999998,-0.0041999999999999815,0.0,202.93729259836581,-0.0,-0.0,0.0
15,42,0.4,0.4,0.16000000000000003,0.1656,0.1694,0.005599999999999966,0.009399999999999964,0.003799999999999998,0.0,118.70441196494835,-0.0,-0.0,0.0
15,43,0.4,0.4,0.16000000000000003,0.1646,0.175,0.004599999999999965,0.014999999999999958,0.010399999999999993,6.25,69.57210754722139,-0.028749999999999783,-0.09374999999999974,-0.06499999999999995
15,44,0.4,0.4,0.16000000000000003,0.1744,0.1796,0.014399999999999968,0.01959999999999998,0.00520000000000001,6.25,36.73343124829171,-0.0899999999999998,-0.12249999999999986,-0.03250000000000006
15,45,0.4,0.4,0.16000000000000003,0.1486,0.1428,-0.011400000000000021,-0.01720000000000002,-0.0058,6.25,129.244833588752,0.07125000000000013,0.10750000000000012,0.03624999999999999
15,46,0.4,0.4,0.16000000000000003,0.1526,0.1624,-0.007400000000000018,0.0023999999999999577,0.009799999999999975,6.25,173.83305553014873,0.04625000000000011,-0.014999999999999736,-0.061249999999999846
15,47,0.4,0.4,0.16000000000000003,0.171,0.181,0.010999999999999982,0.020999999999999963,0.009999999999999981,0.0,60.97839029814003,-0.0,-0.0,0.0
15,48,0.4,0.4,0.16000000000000003,0.1764,0.1684,0.01639999999999997,0.008399999999999963,-0.008000000000000007,6.25,172.8346960111369,-0.10249999999999981,-0.05249999999999977,0.050000000000000044
15,49,0.4,0.4,0.16000000000000003,0.1622,0.1672,0.0021999999999999797,0.0071999999999999564,0.004999999999999977,6.25,335.9473241080109,-0.013749999999999873,-0.04499999999999973,-0.031249999999999854
16,17,0.4,0.4,0.16000000000000003,0.128,0.14,-0.03200000000000003,-0.020000000000000018,0.01200000000000001,6.25,149.85401079696388,0.20000000000000018,0.1250000000000001,-0.07500000000000007
16,18,0.4,0.4,0.16000000000000003,0.1504,0.1672,-0.009600000000000025,0.0071999999999999564,0.01679999999999998,6.25,41.585262969136494,0.06000000000000016,-0.04499999999999973,-0.10499999999999989
16,19,0.4,0.4,0.16000000000000003,0.1396,0.1466,-0.02040000000000003,-0.013400000000000023,0.007000000000000006,0.0,17.919034931447456,0.0,0.0,0.0
16,20,0.4,0.4,0.16000000000000003,0.145,0.157,-0.015000000000000041,-0.0030000000000000304,0.01200000000000001,0.0,32.8795171324943,0.0,0.0,0.0
16,21,0.4,0.4,0.16000000000000003,0.1678,0.1712,0.007799999999999974,0.01119999999999996,0.0033999999999999864,6.25,135.72589341200415,-0.048749999999999835,-0.06999999999999976,-0.02124999999999992
16,22,0.4,0.4,0.16000000000000003,0.1522,0.1662,-0.007800000000000029,0.0061999999999999555,0.013999999999999985,6.25,116.51588072824478,0.04875000000000018,-0.03874999999999972,-0.08749999999999991
16,23,0.4,0.4,0.16000000000000003,0.1624,0.1722,0.0023999999999999577,0.012199999999999961,0.009800000000000003,0.0,113.6949123574631,-0.0,-0.0,0.0
16,24,0.4,0.4,0.16000000000000003,0.1562,0.1552,-0.0038000000000000256,-0.0048000000000000265,-0.0010000000000000009,6.25,259.43712678957877,0.02375000000000016,0.030000000000000165,0.0062500000000000056
16,25,0.4,0.4,0.16000000000000003,0.1612,0.1744,0.0011999999999999789,0.014399999999999968,0.01319999999999999,6.25,344.8295187538329,-0.007499999999999868,-0.0899999999999998,-0.08249999999999993
16,26,0.4,0.4,0.16000000000000003,0.137,0.1492,-0.02300000000000002,-0.010800000000000032,0.012199999999999989,0.0,22.950349333650177,0.0,0.0,0.0
16,27,0.4,0.4,0.16000000000000003,0.1746,0.1856,0.014599999999999974,0.025599999999999956,0.010999999999999982,6.25,269.9446149139373,-0.09124999999999983,-0.15999999999999973,-0.0687499999999999
16,28,0.4,0.4,0.16000000000000003,0.131,0.1382,-0.029000000000000026,-0.02180000000000004,0.007199999999999984,6.25,18.903639076074366,0.18125000000000016,0.13625000000000026,-0.0449999999999999
16,29,0.4,0.4,0.16000000000000003,0.1612,0.1712,0.0011999999999999789,0.01119999999999996,0.009999999999999981,6.25,201.62577375421728,-0.007499999999999868,-0.06999999999999976,-0.06249999999999989
16,30,0.4,0.4,0.16000000000000003,0.1574,0.1684,-0.002600000000000019,0.008399999999999963,0.010999999999999982,6.25,64.86899809942207,0.01625000000000012,-0.05249999999999977,-0.0687499999999999
16,31,0.4,0.4,0.16000000000000003,0.1732,0.1772,0.013199999999999962,0.017199999999999965,0.0040000000000000036,6.25,219.82101762382,-0.08249999999999977,-0.10749999999999979,-0.025000000000000022
16,32,0.4,0.4,0.16000000000000003,0.1834,0.1886,0.023399999999999976,0.02859999999999996,0.005199999999999982,0.0,260.9872671284006,-0.0,-0.0,0.0
16,33,0.4,0.4,0.16000000000000003,0.1312,0.1442,-0.02880000000000002,-0.015800000000000036,0.012999999999999984,6.25,161.7517532312879,0.18000000000000013,0.09875000000000023,-0.0812499999999999
16,34,0.4,0.4,0.16000000000000003,0.1816,0.1856,0.02159999999999998,0.025599999999999956,0.003999999999999976,0.0,98.41212277962383,-0.0,-0.0,0.0
16,35,0.4,0.4,0.16000000000000003,0.169,0.1704,0.00899999999999998,0.010399999999999965,0.0013999999999999846,6.25,194.44261080190802,-0.056249999999999876,-0.06499999999999978,-0.008749999999999904
16,36,0.4,0.4,0.16000000000000003,0.1666,0.1792,0.006599999999999967,0.019199999999999967,0.0126,0.0,57.74781755830688,-0.0,-0.0,0.0
16,37,0.4,0.4,0.16000000000000003,0.1632,0.1792,0.0031999999999999806,0.019199999999999967,0.015999999999999986,0.0,88.3756616760023,-0.0,-0.0,0.0
16,38,0.4,0.4,0.16000000000000003,0.1536,0.1652,-0.0064000000000000445,0.005199999999999982,0.011600000000000027,6.25,67.3059583735964,0.04000000000000028,-0.03249999999999989,-0.07250000000000018
16,39,0.4,0.4,0.16000000000000003,0.1452,0.1494,-0.014800000000000035,-0.010600000000000026,0.004200000000000009,6.25,135.66644522860864,0.09250000000000022,0.06625000000000017,-0.02625000000000005
16,40,0.4,0.4,0.16000000000000003,0.1706,0.1844,0.01059999999999997,0.024399999999999977,0.013800000000000007,0.0,327.16691020913436,-0.0,-0.0,0.0
16,41,0.4,0.4,0.16000000000000003,0.1414,0.1464,-0.018600000000000033,-0.013600000000000029,0.0050000000000000044,0.0,43.76736362894604,0.0,0.0,0.0
16,42,0.4,0.4,0.16000000000000003,0.1658,0.1712,0.005799999999999972,0.01119999999999996,0.005399999999999988,0.0,31.626476421387423,-0.0,-0.0,0.0
16,43,0.4,0.4,0.16000000000000003,0.144,0.1608,-0.016000000000000042,0.0007999999999999674,0.01680000000000001,6.25,193.82860203856046,0.10000000000000026,-0.004999999999999796,-0.10500000000000005
16,44,0.4,0.4,0.16000000000000003,0.1574,0.164,-0.002600000000000019,0.003999999999999976,0.006599999999999995,6.25,110.42487158181258,0.01625000000000012,-0.02499999999999985,-0.04124999999999997
16,45,0.4,0.4,0.16000000000000003,0.1708,0.171,0.010799999999999976,0.010999999999999982,0.00020000000000000573,6.25,341.76626318831745,-0.06749999999999985,-0.0687499999999999,-0.0012500000000000427
16,46,0.4,0.4,0.16000000000000003,0.165,0.1856,0.004999999999999977,0.025599999999999956,0.02059999999999998,6.25,424.0889373324531,-0.031249999999999854,-0.15999999999999973,-0.12874999999999986
16,47,0.4,0.4,0.16000000000000003,0.1808,0.1932,0.020799999999999957,0.03319999999999998,0.012400000000000022,0.0,81.45978127343298,-0.0,-0.0,0.0
16,48,0.4,0.4,0.16000000000000003,0.1504,0.1442,-0.009600000000000025,-0.015800000000000036,-0.006200000000000011,6.25,389.8271708111873,0.06000000000000016,0.09875000000000023,0.03875000000000007
16,49,0.4,0.4,0.16000000000000003,0.162,0.1752,0.001999999999999974,0.015199999999999964,0.01319999999999999,6.25,644.679975262376,-0.012499999999999838,-0.09499999999999978,-0.08249999999999993
17,18,0.4,0.4,0.16000000000000003,0.1386,0.144,-0.02140000000000003,-0.016000000000000042,0.005399999999999988,0.0,104.43476184369361,0.0,0.0,0.0
17,19,0.4,0.4,0.16000000000000003,0.1518,0.1568,-0.00820000000000004,-0.003200000000000036,0.0050000000000000044,6.25,132.62426637684877,0.051250000000000254,0.020000000000000226,-0.03125000000000003
17,20,0.4,0.4,0.16000000000000003,0.1764,0.1898,0.01639999999999997,0.029799999999999965,0.013399999999999995,6.25,153.64120373122725,-0.10249999999999981,-0.18624999999999978,-0.08374999999999996
17,21,0.4,0.4,0.16000000000000003,0.165,0.1698,0.004999999999999977,0.009799999999999975,0.004799999999999999,0.0,34.08998156478254,-0.0,-0.0,0.0
17,22,0.4,0.4,0.16000000000000003,0.144,0.154,-0.016000000000000042,-0.006000000000000033,0.010000000000000009,0.0,33.36337335620259,0.0,0.0,0.0
17,23,0.4,0.4,0.16000000000000003,0.176,0.1836,0.01599999999999996,0.023599999999999982,0.007600000000000023,6.25,43.32817194249387,-0.09999999999999974,-0.14749999999999988,-0.04750000000000014
17,24,0.4,0.4,0.16000000000000003,0.1684,0.1638,0.008399999999999963,0.00379999999999997,-0.004599999999999993,0.0,50.24389645928199,-0.0,-0.0,0.0
17,25,0.4,0.4,0.16000000000000003,0.1262,0.1404,-0.033800000000000024,-0.019600000000000034,0.01419999999999999,0.0,66.32954624713787,0.0,0.0,0.0
17,26,0.4,0.4,0.16000000000000003,0.1558,0.1602,-0.004200000000000037,0.00019999999999997797,0.004400000000000015,6.25,84.89687636672518,0.02625000000000023,-0.0012499999999998623,-0.027500000000000094
17,27,0.4,0.4,0.16000000000000003,0.1418,0.1504,-0.01820000000000002,-0.009600000000000025,0.008599999999999997,0.0,39.65788975780001,0.0,0.0,0.0
17,28,0.4,0.4,0.16000000000000003,0.1346,0.1296,-0.025400000000000034,-0.030400000000000038,-0.0050000000000000044,0.0,118.60878598839196,0.0,0.0,0.0
17,29,0.4,0.4,0.16000000000000003,0.1602,0.165,0.00019999999999997797,0.004999999999999977,0.004799999999999999,0.0,52.173665349022905,-0.0,-0.0,0.0
17,30,0.4,0.4,0.16000000000000003,0.1486,0.1538,-0.011400000000000021,-0.006200000000000039,0.005199999999999982,0.0,95.01202354735865,0.0,0.0,0.0
17,31,0.4,0.4,0.16000000000000003,0.157,0.1678,-0.0030000000000000304,0.007799999999999974,0.010800000000000004,0.0,45.92095207816568,0.0,-0.0,-0.0
17,32,0.4,0.4,0.16000000000000003,0.1566,0.1594,-0.003400000000000042,-0.0006000000000000449,0.002799999999999997,6.25,59.33116267778355,0.021250000000000262,0.003750000000000281,-0.01749999999999998
17,33,0.4,0.4,0.16000000000000003,0.1616,0.169,0.0015999999999999626,0.00899999999999998,0.007400000000000018,0.0,45.26382190359065,-0.0,-0.0,0.0
17,34,0.4,0.4,0.16000000000000003,0.1652,0.1716,0.005199999999999982,0.011599999999999971,0.006399999999999989,6.25,75.27643597255727,-0.03249999999999989,-0.07249999999999981,-0.039999999999999925
17,35,0.4,0.4,0.16000000000000003,0.1594,0.15,-0.0006000000000000449,-0.010000000000000037,-0.009399999999999992,0.0,34.79478707241624,0.0,0.0,0.0
17,36,0.4,0.4,0.16000000000000003,0.1692,0.1722,0.009199999999999958,0.012199999999999961,0.0030000000000000027,6.25,52.176785327081234,-0.05749999999999974,-0.07624999999999976,-0.018750000000000024
17,37,0.4,0.4,0.16000000000000003,0.1858,0.1954,0.025799999999999962,0.03539999999999996,0.009599999999999997,6.25,71.17351918599789,-0.16124999999999975,-0.22124999999999975,-0.06
17,38,0.4,0.4,0.16000000000000003,0.1872,0.1854,0.027199999999999974,0.025399999999999978,-0.001799999999999996,0.0,142.86231692684814,-0.0,-0.0,0.0
17,39,0.4,0.4,0.16000000000000003,0.1552,0.1578,-0.0048000000000000265,-0.0022000000000000353,0.002599999999999991,0.0,70.14814654762563,0.0,0.0,0.0
17,40,0.4,0.4,0.16000000000000003,0.1644,0.172,0.0043999999999999595,0.011999999999999955,0.007599999999999996,6.25,73.07606441482613,-0.027499999999999747,-0.07499999999999972,-0.04749999999999997
17,41,0.4,0.4,0.16000000000000003,0.1798,0.1864,0.019799999999999957,0.02639999999999998,0.0066000000000000225,6.25,289.27221016675827,-0.12374999999999972,-0.16499999999999987,-0.04125000000000015
17,42,0.4,0.4,0.16000000000000003,0.168,0.167,0.00799999999999998,0.0069999999999999785,-0.0010000000000000009,6.25,168.61165959925603,-0.04999999999999987,-0.043749999999999865,0.0062500000000000056
17,43,0.4,0.4,0.16000000000000003,0.1504,0.1606,-0.009600000000000025,0.0005999999999999617,0.010199999999999987,0.0,34.12434264173102,0.0,-0.0,-0.0
17,44,0.4,0.4,0.16000000000000003,0.1672,0.1744,0.0071999999999999564,0.014399999999999968,0.007200000000000012,0.0,43.225607958123234,-0.0,-0.0,0.0
17,45,0.4,0.4,0.16000000000000003,0.1046,0.1002,-0.05540000000000003,-0.059800000000000034,-0.004400000000000001,0.0,51.956557210021536,0.0,0.0,0.0
17,46,0.4,0.4,0.16000000000000003,0.1296,0.1326,-0.030400000000000038,-0.027400000000000035,0.0030000000000000027,0.0,95.28075808436574,0.0,0.0,0.0
17,47,0.4,0.4,0.16000000000000003,0.1598,0.169,-0.00020000000000003348,0.00899999999999998,0.009200000000000014,6.25,95.9397321318939,0.0012500000000002093,-0.056249999999999876,-0.057500000000000086
17,48,0.4,0.4,0.16000000000000003,0.1526,0.1494,-0.007400000000000018,-0.010600000000000026,-0.0032000000000000084,0.0,106.68676209190488,0.0,0.0,0.0
17,49,0.4,0.4,0.16000000000000003,0.1522,0.1566,-0.007800000000000029,-0.003400000000000042,0.004399999999999987,0.0,232.78101492650768,0.0,0.0,0.0
18,19,0.4,0.4,0.16000000000000003,0.1504,0.1512,-0.009600000000000025,-0.00880000000000003,0.0007999999999999952,6.25,28.197516689686335,0.06000000000000016,0.05500000000000019,-0.00499999999999997
18,20,0.4,0.4,0.16000000000000003,0.142,0.1508,-0.018000000000000044,-0.009200000000000041,0.008800000000000002,6.25,25.61376327527952,0.11250000000000027,0.05750000000000026,-0.05500000000000001
18,21,0.4,0.4,0.16000000000000003,0.1432,0.1428,-0.016800000000000037,-0.01720000000000002,-0.0003999999999999837,0.0,89.3071627975484,0.0,0.0,0.0
18,22,0.4,0.4,0.16000000000000003,0.1634,0.169,0.0033999999999999586,0.00899999999999998,0.005600000000000022,0.0,89.84206234721103,-0.0,-0.0,0.0
18,23,0.4,0.4,0.16000000000000003,0.1856,0.1932,0.025599999999999956,0.03319999999999998,0.007600000000000023,6.25,92.7793512437217,-0.15999999999999973,-0.20749999999999988,-0.04750000000000015
18,24,0.4,0.4,0.16000000000000003,0.1824,0.1814,0.022399999999999975,0.021399999999999975,-0.0010000000000000009,0.0,208.08383926943102,-0.0,-0.0,0.0
18,25,0.4,0.4,0.16000000000000003,0.1472,0.149,-0.012800000000000034,-0.011000000000000038,0.001799999999999996,0.0,256.58663470818334,0.0,0.0,0.0
18,26,0.4,0.4,0.16000000000000003,0.1648,0.1722,0.004799999999999971,0.012199999999999961,0.00739999999999999,6.25,33.10850173850438,-0.02999999999999982,-0.07624999999999976,-0.046249999999999944
18,27,0.4,0.4,0.16000000000000003,0.1416,0.1496,-0.018400000000000027,-0.01040000000000002,0.008000000000000007,0.0,183.71399177263098,0.0,0.0,0.0
18,28,0.4,0.4,0.16000000000000003,0.1446,0.1468,-0.015400000000000025,-0.013200000000000017,0.0022000000000000075,0.0,33.57619303061183,0.0,0.0,0.0
18,29,0.4,0.4,0.16000000000000003,0.1674,0.1714,0.007399999999999962,0.011399999999999966,0.0040000000000000036,0.0,160.7966578714329,-0.0,-0.0,0.0
18,30,0.4,0.4,0.16000000000000003,0.1722,0.1828,0.012199999999999961,0.02279999999999996,0.010599999999999998,0.0,69.89186586514066,-0.0,-0.0,0.0
18,31,0.4,0.4,0.16000000000000003,0.1644,0.1748,0.0043999999999999595,0.01479999999999998,0.01040000000000002,0.0,176.79699588170973,-0.0,-0.0,0.0
18,32,0.4,0.4,0.16000000000000003,0.1644,0.1688,0.0043999999999999595,0.008799999999999975,0.004400000000000015,6.25,199.75640103470872,-0.027499999999999747,-0.05499999999999984,-0.027500000000000094
18,33,0.4,0.4,0.16000000000000003,0.1866,0.1926,0.026599999999999957,0.03259999999999996,0.006000000000000005,0.0,154.33688368176715,-0.0,-0.0,0.0
18,34,0.4,0.4,0.16000000000000003,0.1832,0.1874,0.02319999999999997,0.02739999999999998,0.004200000000000009,6.25,78.19134196366579,-0.14499999999999982,-0.17124999999999987,-0.02625000000000005
18,35,0.4,0.4,0.16000000000000003,0.1468,0.151,-0.013200000000000017,-0.009000000000000036,0.0041999999999999815,0.0,130.02616528471395,0.0,0.0,0.0
18,36,0.4,0.4,0.16000000000000003,0.1626,0.1656,0.0025999999999999635,0.005599999999999966,0.0030000000000000027,6.25,32.15683051581191,-0.01624999999999977,-0.03499999999999979,-0.018750000000000017
18,37,0.4,0.4,0.16000000000000003,0.1746,0.1866,0.014599999999999974,0.026599999999999957,0.011999999999999983,6.25,66.43121633418801,-0.09124999999999983,-0.16624999999999973,-0.0749999999999999
18,38,0.4,0.4,0.16000000000000003,0.1398,0.1556,-0.020200000000000023,-0.004400000000000043,0.01579999999999998,0.0,47.46081258624999,0.0,0.0,0.0
18,39,0.4,0.4,0.16000000000000003,0.191,0.1916,0.030999999999999972,0.03159999999999996,0.0005999999999999894,0.0,154.6932841204487,-0.0,-0.0,0.0
18,40,0.4,0.4,0.16000000000000003,0.1908,0.1906,0.030799999999999966,0.03059999999999996,-0.00020000000000000573,6.25,269.5274070449078,-0.19249999999999978,-0.19124999999999975,0.0012500000000000289
18,41,0.4,0.4,0.16000000000000003,0.151,0.1438,-0.009000000000000036,-0.01620000000000002,-0.007199999999999984,6.25,73.83379154143195,0.05625000000000022,0.10125000000000012,0.044999999999999894
18,42,0.4,0.4,0.16000000000000003,0.1342,0.1474,-0.025800000000000017,-0.012600000000000028,0.01319999999999999,6.25,25.66174833237209,0.16125000000000012,0.07875000000000018,-0.08249999999999993
18,43,0.4,0.4,0.16000000000000003,0.154,0.1668,-0.006000000000000033,0.006799999999999973,0.012800000000000006,0.0,150.4952592894891,0.0,-0.0,-0.0
18,44,0.4,0.4,0.16000000000000003,0.1576,0.1688,-0.002400000000000041,0.008799999999999975,0.011200000000000015,0.0,83.67588430125178,0.0,-0.0,-0.0
18,45,0.4,0.4,0.16000000000000003,0.146,0.1506,-0.01400000000000004,-0.00940000000000002,0.004600000000000021,0.0,250.35647349688125,0.0,0.0,0.0
18,46,0.4,0.4,0.16000000000000003,0.1358,0.1412,-0.024200000000000027,-0.01880000000000004,0.005399999999999988,0.0,310.16764057457743,0.0,0.0,0.0
18,47,0.4,0.4,0.16000000000000003,0.146,0.1488,-0.01400000000000004,-0.011200000000000043,0.002799999999999997,6.25,34.8125101071222,0.08750000000000024,0.07000000000000027,-0.017499999999999974
18,48,0.4,0.4,0.16000000000000003,0.1702,0.1622,0.010199999999999959,0.0021999999999999797,-0.00799999999999998,0.0,324.7559279308689,-0.0,-0.0,0.0
18,49,0.4,0.4,0.16000000000000003,0.1548,0.1706,-0.005200000000000038,0.01059999999999997,0.01580000000000001,0.0,537.9886675166181,0.0,-0.0,-0.0
19,20,0.4,0.4,0.16000000000000003,0.144,0.1424,-0.016000000000000042,-0.017600000000000032,-0.0015999999999999903,0.0,17.972138074786088,0.0,0.0,0.0
19,21,0.4,0.4,0.16000000000000003,0.1512,0.1492,-0.00880000000000003,-0.010800000000000032,-0.0020000000000000018,6.25,107.8547407831995,0.05500000000000019,0.0675000000000002,0.012500000000000011
19,22,0.4,0.4,0.16000000000000003,0.1576,0.1516,-0.002400000000000041,-0.008400000000000019,-0.005999999999999978,6.25,97.59910304747098,0.015000000000000256,0.052500000000000116,0.03749999999999986
19,23,0.4,0.4,0.16000000000000003,0.1566,0.1676,-0.003400000000000042,0.007599999999999968,0.01100000000000001,0.0,87.30938214565047,0.0,-0.0,-0.0
19,24,0.4,0.4,0.16000000000000003,0.1678,0.1598,0.007799999999999974,-0.00020000000000003348,-0.008000000000000007,6.25,232.30842405290036,-0.048749999999999835,0.0012500000000002093,0.050000000000000044
19,25,0.4,0.4,0.16000000000000003,0.172,0.1678,0.011999999999999955,0.007799999999999974,-0.0041999999999999815,6.25,320.76453452073685,-0.07499999999999972,-0.048749999999999835,0.026249999999999885
19,26,0.4,0.4,0.16000000000000003,0.1448,0.135,-0.015200000000000019,-0.025000000000000022,-0.009800000000000003,0.0,10.119926568492938,0.0,0.0,0.0
19,27,0.4,0.4,0.16000000000000003,0.177,0.1748,0.01699999999999996,0.01479999999999998,-0.0021999999999999797,6.25,234.86207428190795,-0.10624999999999975,-0.09249999999999987,0.013749999999999873
19,28,0.4,0.4,0.16000000000000003,0.1458,0.1368,-0.014200000000000018,-0.023200000000000026,-0.009000000000000008,6.25,14.373993837851337,0.0887500000000001,0.14500000000000016,0.05625000000000005
19,29,0.4,0.4,0.16000000000000003,0.1504,0.1468,-0.009600000000000025,-0.013200000000000017,-0.003599999999999992,6.25,169.03012356753575,0.06000000000000016,0.0825000000000001,0.022499999999999944
19,30,0.4,0.4,0.16000000000000003,0.154,0.155,-0.006000000000000033,-0.005000000000000032,0.0010000000000000009,6.25,44.345213115944944,0.03750000000000021,0.0312500000000002,-0.0062500000000000056
19,31,0.4,0.4,0.16000000000000003,0.1794,0.1758,0.019399999999999973,0.01579999999999998,-0.003599999999999992,6.25,207.658269971251,-0.12124999999999983,-0.09874999999999988,0.02249999999999995
19,32,0.4,0.4,0.16000000000000003,0.1666,0.1642,0.006599999999999967,0.0041999999999999815,-0.0023999999999999855,0.0,229.97880088459027,-0.0,-0.0,0.0
19,33,0.4,0.4,0.16000000000000003,0.176,0.171,0.01599999999999996,0.010999999999999982,-0.004999999999999977,6.25,168.11342675665946,-0.09999999999999974,-0.0687499999999999,0.031249999999999847
19,34,0.4,0.4,0.16000000000000003,0.1736,0.1648,0.013599999999999973,0.004799999999999971,-0.008800000000000002,0.0,67.16113065552243,-0.0,-0.0,0.0
19,35,0.4,0.4,0.16000000000000003,0.151,0.1376,-0.009000000000000036,-0.02240000000000003,-0.013399999999999995,6.25,154.42786450914022,0.05625000000000022,0.14000000000000018,0.08374999999999996
19,36,0.4,0.4,0.16000000000000003,0.161,0.1578,0.0009999999999999731,-0.0022000000000000353,-0.0032000000000000084,0.0,37.73445168462791,-0.0,0.0,0.0
19,37,0.4,0.4,0.16000000000000003,0.1704,0.172,0.010399999999999965,0.011999999999999955,0.0015999999999999903,0.0,67.15491260249283,-0.0,-0.0,0.0
19,38,0.4,0.4,0.16000000000000003,0.1852,0.1888,0.025199999999999972,0.028799999999999965,0.003599999999999992,6.25,78.69227107083906,-0.15749999999999983,-0.17999999999999977,-0.022499999999999937
19,39,0.4,0.4,0.16000000000000003,0.1834,0.1768,0.023399999999999976,0.01679999999999998,-0.006599999999999995,6.25,146.74540919260008,-0.14624999999999985,-0.10499999999999989,0.04124999999999997
19,40,0.4,0.4,0.16000000000000003,0.1622,0.1602,0.0021999999999999797,0.00019999999999997797,-0.0020000000000000018,0.0,289.8447176374791,-0.0,-0.0,0.0
19,41,0.4,0.4,0.16000000000000003,0.173,0.1676,0.012999999999999956,0.007599999999999968,-0.005399999999999988,0.0,67.22823283092146,-0.0,-0.0,0.0
19,42,0.4,0.4,0.16000000000000003,0.168,0.1574,0.00799999999999998,-0.002600000000000019,-0.010599999999999998,0.0,24.22700274432445,-0.0,0.0,0.0
19,43,0.4,0.4,0.16000000000000003,0.1666,0.1698,0.006599999999999967,0.009799999999999975,0.0032000000000000084,6.25,182.14853924659508,-0.041249999999999794,-0.061249999999999846,-0.020000000000000052
19,44,0.4,0.4,0.16000000000000003,0.1726,0.1692,0.012599999999999972,0.009199999999999958,-0.003400000000000014,6.25,93.83173231369767,-0.07874999999999982,-0.05749999999999974,0.02125000000000008
19,45,0.4,0.4,0.16000000000000003,0.157,0.1514,-0.0030000000000000304,-0.008600000000000024,-0.005599999999999994,6.25,306.03714885903855,0.01875000000000019,0.05375000000000015,0.03499999999999996
19,46,0.4,0.4,0.16000000000000003,0.1634,0.1856,0.0033999999999999586,0.025599999999999956,0.022199999999999998,6.25,391.1817237312665,-0.02124999999999974,-0.15999999999999973,-0.13874999999999998
19,47,0.4,0.4,0.16000000000000003,0.161,0.1582,0.0009999999999999731,-0.0018000000000000238,-0.002799999999999997,0.0,39.13030833549312,-0.0,0.0,0.0
19,48,0.4,0.4,0.16000000000000003,0.1686,0.1628,0.008599999999999969,0.002799999999999969,-0.0058,6.25,366.1180483776249,-0.053749999999999805,-0.017499999999999807,0.03625
19,49,0.4,0.4,0.16000000000000003,0.1734,0.1778,0.013399999999999967,0.017799999999999983,0.004400000000000015,6.25,613.235464679425,-0.0837499999999998,-0.11124999999999989,-0.027500000000000094
20,21,0.4,0.4,0.16000000000000003,0.1518,0.1444,-0.00820000000000004,-0.01560000000000003,-0.00739999999999999,6.25,112.3048623751345,0.051250000000000254,0.0975000000000002,0.046249999999999944
20,22,0.4,0.4,0.16000000000000003,0.18,0.1866,0.019999999999999962,0.026599999999999957,0.006599999999999995,6.25,124.35385906411851,-0.12499999999999976,-0.16624999999999973,-0.04124999999999997
20,23,0.4,0.4,0.16000000000000003,0.1398,0.145,-0.020200000000000023,-0.015000000000000041,0.005199999999999982,0.0,82.68053469716125,0.0,0.0,0.0
20,24,0.4,0.4,0.16000000000000003,0.1696,0.1604,0.00959999999999997,0.00039999999999995595,-0.009200000000000014,6.25,237.834484116682,-0.05999999999999981,-0.0024999999999997247,0.057500000000000086
20,25,0.4,0.4,0.16000000000000003,0.1536,0.1638,-0.0064000000000000445,0.00379999999999997,0.010200000000000015,6.25,310.2755951582599,0.04000000000000028,-0.023749999999999813,-0.06375000000000008
20,26,0.4,0.4,0.16000000000000003,0.1396,0.147,-0.02040000000000003,-0.01300000000000004,0.00739999999999999,0.0,20.590633925302164,0.0,0.0,0.0
20,27,0.4,0.4,0.16000000000000003,0.14,0.1436,-0.020000000000000018,-0.016400000000000026,0.003599999999999992,6.25,219.17497325150634,0.1250000000000001,0.10250000000000016,-0.02249999999999995
20,28,0.4,0.4,0.16000000000000003,0.1618,0.1458,0.0017999999999999683,-0.014200000000000018,-0.015999999999999986,6.25,43.372600607759615,-0.011249999999999802,0.0887500000000001,0.09999999999999991
20,29,0.4,0.4,0.16000000000000003,0.1794,0.1794,0.019399999999999973,0.019399999999999973,0.0,6.25,194.91773476088062,-0.12124999999999983,-0.12124999999999983,0.0
20,30,0.4,0.4,0.16000000000000003,0.1732,0.1746,0.013199999999999962,0.014599999999999974,0.0014000000000000123,6.25,84.10067034239849,-0.08249999999999977,-0.09124999999999983,-0.008750000000000063
20,31,0.4,0.4,0.16000000000000003,0.1812,0.1848,0.02119999999999997,0.02479999999999996,0.003599999999999992,6.25,214.67156562955742,-0.1324999999999998,-0.15499999999999975,-0.022499999999999937
20,32,0.4,0.4,0.16000000000000003,0.1636,0.159,0.0035999999999999643,-0.0010000000000000286,-0.004599999999999993,0.0,230.8262020955724,-0.0,0.0,0.0
20,33,0.4,0.4,0.16000000000000003,0.1738,0.18,0.013799999999999979,0.019999999999999962,0.006199999999999983,6.25,178.43328241624525,-0.08624999999999987,-0.12499999999999976,-0.038749999999999896
20,34,0.4,0.4,0.16000000000000003,0.163,0.1684,0.002999999999999975,0.008399999999999963,0.005399999999999988,0.0,90.42420842860133,-0.0,-0.0,0.0
20,35,0.4,0.4,0.16000000000000003,0.1298,0.1306,-0.030200000000000032,-0.029400000000000037,0.0007999999999999952,6.25,141.75791513709027,0.1887500000000002,0.18375000000000025,-0.004999999999999949
20,36,0.4,0.4,0.16000000000000003,0.1528,0.1614,-0.00720000000000004,0.0013999999999999568,0.008599999999999997,0.0,43.85034325428455,0.0,-0.0,-0.0
20,37,0.4,0.4,0.16000000000000003,0.1488,0.1436,-0.011200000000000043,-0.016400000000000026,-0.005199999999999982,0.0,54.53783089116036,0.0,0.0,0.0
20,38,0.4,0.4,0.16000000000000003,0.1452,0.1522,-0.014800000000000035,-0.007800000000000029,0.007000000000000006,6.25,62.63830404367503,0.09250000000000022,0.04875000000000018,-0.04375000000000004
20,39,0.4,0.4,0.16000000000000003,0.1718,0.1808,0.011799999999999977,0.020799999999999957,0.00899999999999998,6.25,160.42474840807643,-0.07374999999999986,-0.12999999999999973,-0.05624999999999987
20,40,0.4,0.4,0.16000000000000003,0.1794,0.1852,0.019399999999999973,0.025199999999999972,0.0058,0.0,307.6138042127873,-0.0,-0.0,0.0
20,41,0.4,0.4,0.16000000000000003,0.154,0.1544,-0.006000000000000033,-0.005600000000000022,0.00040000000000001146,0.0,73.4753947379488,0.0,0.0,0.0
20,42,0.4,0.4,0.16000000000000003,0.1468,0.1502,-0.013200000000000017,-0.009800000000000031,0.0033999999999999864,0.0,31.7701275455812,0.0,0.0,0.0
20,43,0.4,0.4,0.16000000000000003,0.1402,0.1496,-0.01980000000000004,-0.01040000000000002,0.00940000000000002,6.25,170.42827036367692,0.12375000000000025,0.06500000000000013,-0.05875000000000012
20,44,0.4,0.4,0.16000000000000003,0.1456,0.1576,-0.014400000000000024,-0.002400000000000041,0.011999999999999983,6.25,88.32381402748916,0.09000000000000015,0.015000000000000256,-0.0749999999999999
20,45,0.4,0.4,0.16000000000000003,0.1768,0.1804,0.01679999999999998,0.020399999999999974,0.003599999999999992,6.25,327.47143115506157,-0.10499999999999989,-0.12749999999999984,-0.02249999999999995
20,46,0.4,0.4,0.16000000000000003,0.151,0.1524,-0.009000000000000036,-0.007600000000000023,0.0014000000000000123,6.25,376.23024950799464,0.05625000000000022,0.047500000000000146,-0.008750000000000077
20,47,0.4,0.4,0.16000000000000003,0.1356,0.1448,-0.024400000000000033,-0.015200000000000019,0.009200000000000014,0.0,39.130797710110585,0.0,0.0,0.0
20,48,0.4,0.4,0.16000000000000003,0.1512,0.14,-0.00880000000000003,-0.020000000000000018,-0.011199999999999988,6.25,350.1182011173413,0.05500000000000019,0.1250000000000001,0.06999999999999992
20,49,0.4,0.4,0.16000000000000003,0.159,0.1702,-0.0010000000000000286,0.010199999999999959,0.011199999999999988,6.25,595.668735850015,0.006250000000000179,-0.06374999999999975,-0.06999999999999992
21,22,0.4,0.4,0.16000000000000003,0.1602,0.164,0.00019999999999997797,0.003999999999999976,0.003799999999999998,0.0,29.105242775829144,-0.0,-0.0,0.0
21,23,0.4,0.4,0.16000000000000003,0.1764,0.1738,0.01639999999999997,0.013799999999999979,-0.002599999999999991,6.25,31.22656231231515,-0.10249999999999981,-0.08624999999999987,0.016249999999999945
21,24,0.4,0.4,0.16000000000000003,0.1678,0.1538,0.007799999999999974,-0.006200000000000039,-0.014000000000000012,0.0,49.36536299020003,-0.0,0.0,0.0
21,25,0.4,0.4,0.16000000000000003,0.1688,0.1702,0.008799999999999975,0.010199999999999959,0.0013999999999999846,0.0,91.90032653599222,-0.0,-0.0,0.0
21,26,0.4,0.4,0.16000000000000003,0.154,0.159,-0.006000000000000033,-0.0010000000000000286,0.0050000000000000044,6.25,65.22606801791513,0.03750000000000021,0.006250000000000179,-0.03125000000000003
21,27,0.4,0.4,0.16000000000000003,0.1618,0.161,0.0017999999999999683,0.0009999999999999731,-0.0007999999999999952,0.0,49.963688069354774,-0.0,-0.0,0.0
21,28,0.4,0.4,0.16000000000000003,0.1616,0.154,0.0015999999999999626,-0.006000000000000033,-0.007599999999999996,0.0,120.22393560845305,-0.0,0.0,0.0
21,29,0.4,0.4,0.16000000000000003,0.1296,0.1334,-0.030400000000000038,-0.02660000000000004,0.003799999999999998,0.0,23.216788886563517,0.0,0.0,0.0
21,30,0.4,0.4,0.16000000000000003,0.1502,0.1464,-0.009800000000000031,-0.013600000000000029,-0.003799999999999998,0.0,73.12905715248566,0.0,0.0,0.0
21,31,0.4,0.4,0.16000000000000003,0.1518,0.1492,-0.00820000000000004,-0.010800000000000032,-0.002599999999999991,0.0,30.368155137296373,0.0,0.0,0.0
21,32,0.4,0.4,0.16000000000000003,0.1606,0.1546,0.0005999999999999617,-0.005400000000000044,-0.006000000000000005,6.25,54.10225170399173,-0.0037499999999997605,0.03375000000000027,0.03750000000000003
21,33,0.4,0.4,0.16000000000000003,0.158,0.1598,-0.0020000000000000295,-0.00020000000000003348,0.001799999999999996,0.0,40.0740899484779,0.0,0.0,0.0
21,34,0.4,0.4,0.16000000000000003,0.1498,0.1426,-0.010200000000000042,-0.017400000000000027,-0.007199999999999984,6.25,43.91071421673145,0.06375000000000026,0.10875000000000017,0.0449999999999999
21,35,0.4,0.4,0.16000000000000003,0.1534,0.1508,-0.0066000000000000225,-0.009200000000000041,-0.002600000000000019,0.0,24.499938709473398,0.0,0.0,0.0
21,36,0.4,0.4,0.16000000000000003,0.1668,0.1682,0.006799999999999973,0.008199999999999957,0.0013999999999999846,6.25,37.837634864387596,-0.04249999999999983,-0.05124999999999973,-0.008749999999999904
21,37,0.4,0.4,0.16000000000000003,0.1726,0.1834,0.012599999999999972,0.023399999999999976,0.010800000000000004,6.25,55.794004943360875,-0.07874999999999982,-0.14624999999999985,-0.06750000000000003
21,38,0.4,0.4,0.16000000000000003,0.154,0.1612,-0.006000000000000033,0.0011999999999999789,0.007200000000000012,0.0,118.87354745604905,0.0,-0.0,-0.0
21,39,0.4,0.4,0.16000000000000003,0.1728,0.1712,0.012799999999999978,0.01119999999999996,-0.001600000000000018,0.0,75.08475697934671,-0.0,-0.0,0.0
21,40,0.4,0.4,0.16000000000000003,0.171,0.1756,0.010999999999999982,0.015599999999999975,0.004599999999999993,6.25,76.96969387174966,-0.0687499999999999,-0.09749999999999984,-0.028749999999999942
21,41,0.4,0.4,0.16000000000000003,0.1684,0.1626,0.008399999999999963,0.0025999999999999635,-0.0058,6.25,253.74831304021455,-0.05249999999999977,-0.01624999999999977,0.03625
21,42,0.4,0.4,0.16000000000000003,0.1554,0.1552,-0.004600000000000021,-0.0048000000000000265,-0.00020000000000000573,6.25,138.21572854020002,0.02875000000000013,0.030000000000000165,0.0012500000000000358
21,43,0.4,0.4,0.16000000000000003,0.1552,0.1672,-0.0048000000000000265,0.0071999999999999564,0.011999999999999983,0.0,32.76483157615431,0.0,-0.0,-0.0
21,44,0.4,0.4,0.16000000000000003,0.1546,0.1562,-0.005400000000000044,-0.0038000000000000256,0.001600000000000018,0.0,23.247636985921623,0.0,0.0,0.0
21,45,0.4,0.4,0.16000000000000003,0.1642,0.157,0.0041999999999999815,-0.0030000000000000304,-0.007200000000000012,0.0,100.71781241596665,-0.0,0.0,0.0
21,46,0.4,0.4,0.16000000000000003,0.1494,0.1532,-0.010600000000000026,-0.006800000000000028,0.003799999999999998,0.0,114.63283426555728,0.0,0.0,0.0
21,47,0.4,0.4,0.16000000000000003,0.143,0.1468,-0.017000000000000043,-0.013200000000000017,0.0038000000000000256,6.25,63.68025775362638,0.10625000000000026,0.0825000000000001,-0.02375000000000016
21,48,0.4,0.4,0.16000000000000003,0.1404,0.1428,-0.019600000000000034,-0.01720000000000002,0.0024000000000000132,0.0,93.34138869493864,0.0,0.0,0.0
21,49,0.4,0.4,0.16000000000000003,0.1446,0.1432,-0.015400000000000025,-0.016800000000000037,-0.0014000000000000123,0.0,226.38637091515548,0.0,0.0,0.0
22,23,0.4,0.4,0.16000000000000003,0.1974,0.1936,0.03739999999999996,0.03359999999999996,-0.003799999999999998,6.25,45.20133941209056,-0.23374999999999976,-0.20999999999999977,0.023749999999999993
22,24,0.4,0.4,0.16000000000000003,0.1414,0.1356,-0.018600000000000033,-0.024400000000000033,-0.0058,0.0,46.409110383980405,0.0,0.0,0.0
22,25,0.4,0.4,0.16000000000000003,0.1576,0.1522,-0.002400000000000041,-0.007800000000000029,-0.005399999999999988,0.0,96.24214680408325,0.0,0.0,0.0
22,26,0.4,0.4,0.16000000000000003,0.1642,0.159,0.0041999999999999815,-0.0010000000000000286,-0.00520000000000001,6.25,62.31490479883524,-0.026249999999999885,0.006250000000000179,0.032500000000000064
22,27,0.4,0.4,0.16000000000000003,0.1926,0.1942,0.03259999999999996,0.03419999999999998,0.001600000000000018,0.0,76.10880890306868,-0.0,-0.0,0.0
22,28,0.4,0.4,0.16000000000000003,0.1364,0.1252,-0.023600000000000038,-0.034800000000000025,-0.011199999999999988,0.0,82.55247177638932,0.0,0.0,0.0
22,29,0.4,0.4,0.16000000000000003,0.1498,0.1484,-0.010200000000000042,-0.011600000000000027,-0.0013999999999999846,0.0,50.07418322785125,0.0,0.0,0.0
22,30,0.4,0.4,0.16000000000000003,0.1454,0.1428,-0.01460000000000003,-0.01720000000000002,-0.002599999999999991,0.0,59.51530338456136,0.0,0.0,0.0
22,31,0.4,0.4,0.16000000000000003,0.1676,0.1728,0.007599999999999968,0.012799999999999978,0.00520000000000001,0.0,55.75522223320105,-0.0,-0.0,0.0
22,32,0.4,0.4,0.16000000000000003,0.1704,0.1644,0.010399999999999965,0.0043999999999999595,-0.006000000000000005,6.25,74.65805395761704,-0.06499999999999978,-0.027499999999999747,0.03750000000000003
22,33,0.4,0.4,0.16000000000000003,0.151,0.1518,-0.009000000000000036,-0.00820000000000004,0.0007999999999999952,0.0,32.02688508643286,0.0,0.0,0.0
22,34,0.4,0.4,0.16000000000000003,0.191,0.1894,0.030999999999999972,0.02939999999999998,-0.0015999999999999903,6.25,55.62673396998888,-0.1937499999999998,-0.18374999999999989,0.009999999999999926
22,35,0.4,0.4,0.16000000000000003,0.1792,0.1794,0.019199999999999967,0.019399999999999973,0.00020000000000000573,0.0,61.23113224720103,-0.0,-0.0,0.0
22,36,0.4,0.4,0.16000000000000003,0.1816,0.1824,0.02159999999999998,0.022399999999999975,0.0007999999999999952,6.25,43.16186119498316,-0.13499999999999987,-0.13999999999999985,-0.004999999999999977
22,37,0.4,0.4,0.16000000000000003,0.1814,0.1784,0.021399999999999975,0.018399999999999972,-0.0030000000000000027,6.25,51.80178042712491,-0.13374999999999984,-0.11499999999999982,0.018750000000000017
22,38,0.4,0.4,0.16000000000000003,0.18,0.18,0.019999999999999962,0.019999999999999962,0.0,0.0,101.88876177896229,-0.0,-0.0,0.0
22,39,0.4,0.4,0.16000000000000003,0.182,0.1852,0.021999999999999964,0.025199999999999972,0.0032000000000000084,0.0,67.64105153748824,-0.0,-0.0,0.0
22,40,0.4,0.4,0.16000000000000003,0.178,0.1792,0.01799999999999996,0.019199999999999967,0.0012000000000000066,6.25,90.8963873019741,-0.11249999999999975,-0.1199999999999998,-0.007500000000000048
22,41,0.4,0.4,0.16000000000000003,0.195,0.1808,0.034999999999999976,0.020799999999999957,-0.014200000000000018,6.25,242.55387701667422,-0.21874999999999983,-0.12999999999999973,0.0887500000000001
22,42,0.4,0.4,0.16000000000000003,0.1896,0.1898,0.02959999999999996,0.029799999999999965,0.00020000000000000573,6.25,148.0945616500747,-0.18499999999999975,-0.18624999999999978,-0.0012500000000000289
22,43,0.4,0.4,0.16000000000000003,0.1794,0.1808,0.019399999999999973,0.020799999999999957,0.0013999999999999846,0.0,53.540432316215245,-0.0,-0.0,0.0
22,44,0.4,0.4,0.16000000000000003,0.1566,0.1564,-0.003400000000000042,-0.00360000000000002,-0.00019999999999997797,0.0,28.186082942071028,0.0,0.0,0.0
22,45,0.4,0.4,0.16000000000000003,0.155,0.1504,-0.005000000000000032,-0.009600000000000025,-0.004599999999999993,0.0,87.74165083674838,0.0,0.0,0.0
22,46,0.4,0.4,0.16000000000000003,0.164,0.166,0.003999999999999976,0.005999999999999978,0.0020000000000000018,0.0,139.30367995392209,-0.0,-0.0,0.0
22,47,0.4,0.4,0.16000000000000003,0.1682,0.1592,0.008199999999999957,-0.0008000000000000229,-0.00899999999999998,6.25,72.18093457640225,-0.05124999999999973,0.005000000000000143,0.056249999999999876
22,48,0.4,0.4,0.16000000000000003,0.1888,0.168,0.028799999999999965,0.00799999999999998,-0.020799999999999985,0.0,141.22087032860082,-0.0,-0.0,0.0
22,49,0.4,0.4,0.16000000000000003,0.1634,0.1706,0.0033999999999999586,0.01059999999999997,0.007200000000000012,0.0,278.9709105074101,-0.0,-0.0,0.0
23,24,0.4,0.4,0.16000000000000003,0.1566,0.1566,-0.003400000000000042,-0.003400000000000042,0.0,6.25,61.13339056648981,0.021250000000000262,0.021250000000000262,0.0
23,25,0.4,0.4,0.16000000000000003,0.1742,0.1804,0.014199999999999963,0.020399999999999974,0.006200000000000011,6.25,113.5018127011977,-0.08874999999999977,-0.12749999999999984,-0.03875000000000006
23,26,0.4,0.4,0.16000000000000003,0.1488,0.1484,-0.011200000000000043,-0.011600000000000027,-0.0003999999999999837,0.0,42.871523212749636,0.0,0.0,0.0
23,27,0.4,0.4,0.16000000000000003,0.1514,0.147,-0.008600000000000024,-0.01300000000000004,-0.004400000000000015,6.25,56.98410608024299,0.05375000000000015,0.08125000000000024,0.027500000000000087
23,28,0.4,0.4,0.16000000000000003,0.1708,0.1704,0.010799999999999976,0.010399999999999965,-0.00040000000000001146,6.25,97.43209194196284,-0.06749999999999985,-0.06499999999999978,0.0025000000000000716
23,29,0.4,0.4,0.16000000000000003,0.1602,0.1602,0.00019999999999997797,0.00019999999999997797,0.0,6.25,58.80067540787356,-0.0012499999999998623,-0.0012499999999998623,0.0
23,30,0.4,0.4,0.16000000000000003,0.1598,0.1638,-0.00020000000000003348,0.00379999999999997,0.0040000000000000036,6.25,75.04957511718429,0.0012500000000002093,-0.023749999999999813,-0.025000000000000022
23,31,0.4,0.4,0.16000000000000003,0.1778,0.1822,0.017799999999999983,0.02219999999999997,0.004399999999999987,6.25,71.29919934685718,-0.11124999999999989,-0.13874999999999982,-0.027499999999999927
23,32,0.4,0.4,0.16000000000000003,0.1768,0.1746,0.01679999999999998,0.014599999999999974,-0.0022000000000000075,0.0,81.70884033228113,-0.0,-0.0,0.0
23,33,0.4,0.4,0.16000000000000003,0.1744,0.181,0.014399999999999968,0.020999999999999963,0.006599999999999995,6.25,57.735840431099085,-0.0899999999999998,-0.13124999999999976,-0.04124999999999995
23,34,0.4,0.4,0.16000000000000003,0.165,0.1668,0.004999999999999977,0.006799999999999973,0.001799999999999996,0.0,56.10638231212057,-0.0,-0.0,0.0
23,35,0.4,0.4,0.16000000000000003,0.1348,0.14,-0.025200000000000028,-0.020000000000000018,0.00520000000000001,6.25,24.357869793720845,0.15750000000000017,0.1250000000000001,-0.03250000000000006
23,36,0.4,0.4,0.16000000000000003,0.1602,0.165,0.00019999999999997797,0.004999999999999977,0.004799999999999999,0.0,30.997000216667487,-0.0,-0.0,0.0
23,37,0.4,0.4,0.16000000000000003,0.1466,0.1494,-0.013400000000000023,-0.010600000000000026,0.002799999999999997,0.0,23.54869686876379,0.0,0.0,0.0
23,38,0.4,0.4,0.16000000000000003,0.1754,0.1772,0.01539999999999997,0.017199999999999965,0.001799999999999996,6.25,110.74404362657305,-0.09624999999999981,-0.10749999999999979,-0.011249999999999982
23,39,0.4,0.4,0.16000000000000003,0.1548,0.1584,-0.005200000000000038,-0.001600000000000018,0.00360000000000002,6.25,69.47468974240468,0.03250000000000024,0.010000000000000113,-0.022500000000000124
23,40,0.4,0.4,0.16000000000000003,0.1474,0.155,-0.012600000000000028,-0.005000000000000032,0.007599999999999996,0.0,96.17245730545693,0.0,0.0,0.0
23,41,0.4,0.4,0.16000000000000003,0.1968,0.1978,0.03679999999999997,0.03779999999999997,0.0010000000000000009,0.0,245.78694744311457,-0.0,-0.0,0.0
23,42,0.4,0.4,0.16000000000000003,0.1682,0.1744,0.008199999999999957,0.014399999999999968,0.006200000000000011,0.0,134.90991028037797,-0.0,-0.0,0.0
23,43,0.4,0.4,0.16000000000000003,0.1354,0.1522,-0.02460000000000004,-0.007800000000000029,0.01680000000000001,6.25,31.50220806965343,0.15375000000000025,0.04875000000000018,-0.10500000000000007
23,44,0.4,0.4,0.16000000000000003,0.148,0.148,-0.012000000000000038,-0.012000000000000038,0.0,6.25,17.42295436419193,0.07500000000000023,0.07500000000000023,0.0
23,45,0.4,0.4,0.16000000000000003,0.1708,0.162,0.010799999999999976,0.001999999999999974,-0.008800000000000002,6.25,127.23618074844732,-0.06749999999999985,-0.012499999999999838,0.055000000000000014
23,46,0.4,0.4,0.16000000000000003,0.1642,0.174,0.0041999999999999815,0.013999999999999957,0.009799999999999975,6.25,153.37708459839246,-0.026249999999999885,-0.08749999999999973,-0.061249999999999846
23,47,0.4,0.4,0.16000000000000003,0.161,0.1626,0.0009999999999999731,0.0025999999999999635,0.0015999999999999903,0.0,57.46990050737658,-0.0,-0.0,0.0
23,48,0.4,0.4,0.16000000000000003,0.149,0.1464,-0.011000000000000038,-0.013600000000000029,-0.002599999999999991,6.25,130.03625155980632,0.06875000000000023,0.08500000000000019,0.01624999999999996
23,49,0.4,0.4,0.16000000000000003,0.1594,0.1736,-0.0006000000000000449,0.013599999999999973,0.014200000000000018,6.25,290.74682314452946,0.003750000000000281,-0.08499999999999983,-0.0887500000000001
24,25,0.4,0.4,0.16000000000000003,0.158,0.1554,-0.0020000000000000295,-0.004600000000000021,-0.002599999999999991,0.0,24.903862916849043,0.0,0.0,0.0
24,26,0.4,0.4,0.16000000000000003,0.1652,0.1628,0.005199999999999982,0.002799999999999969,-0.0024000000000000132,6.25,159.09392512274346,-0.03249999999999989,-0.017499999999999807,0.015000000000000083
24,27,0.4,0.4,0.16000000000000003,0.1724,0.1684,0.012399999999999967,0.008399999999999963,-0.0040000000000000036,0.0,27.77793114623833,-0.0,-0.0,0.0
24,28,0.4,0.4,0.16000000000000003,0.1672,0.1496,0.0071999999999999564,-0.01040000000000002,-0.017599999999999977,0.0,224.30469537450418,-0.0,0.0,0.0
24,29,0.4,0.4,0.16000000000000003,0.1624,0.1552,0.0023999999999999577,-0.0048000000000000265,-0.007199999999999984,0.0,54.0835893928264,-0.0,0.0,0.0
24,30,0.4,0.4,0.16000000000000003,0.1576,0.167,-0.002400000000000041,0.0069999999999999785,0.00940000000000002,0.0,173.002324049474,0.0,-0.0,-0.0
24,31,0.4,0.4,0.16000000000000003,0.1694,0.1634,0.009399999999999964,0.0033999999999999586,-0.006000000000000005,0.0,32.323613958248195,-0.0,-0.0,0.0
24,32,0.4,0.4,0.16000000000000003,0.1644,0.1598,0.0043999999999999595,-0.00020000000000003348,-0.004599999999999993,6.25,37.115057246572036,-0.027499999999999747,0.0012500000000002093,0.028749999999999956
24,33,0.4,0.4,0.16000000000000003,0.1456,0.1338,-0.014400000000000024,-0.02620000000000003,-0.011800000000000005,0.0,28.69219993347845,0.0,0.0,0.0
24,34,0.4,0.4,0.16000000000000003,0.1702,0.1624,0.010199999999999959,0.0023999999999999577,-0.007800000000000001,6.25,121.09971281657131,-0.06374999999999975,-0.014999999999999736,0.048750000000000016
24,35,0.4,0.4,0.16000000000000003,0.1682,0.1558,0.008199999999999957,-0.004200000000000037,-0.012399999999999994,0.0,38.40756854889655,-0.0,0.0,0.0
24,36,0.4,0.4,0.16000000000000003,0.1828,0.164,0.02279999999999996,0.003999999999999976,-0.018799999999999983,6.25,109.68130649647824,-0.14249999999999974,-0.02499999999999985,0.11749999999999988
24,37,0.4,0.4,0.16000000000000003,0.154,0.1536,-0.006000000000000033,-0.0064000000000000445,-0.00040000000000001146,6.25,88.30823188903132,0.03750000000000021,0.04000000000000028,0.0025000000000000716
24,38,0.4,0.4,0.16000000000000003,0.165,0.1516,0.004999999999999977,-0.008400000000000019,-0.013399999999999995,0.0,203.88792986079022,-0.0,0.0,0.0
24,39,0.4,0.4,0.16000000000000003,0.163,0.1642,0.002999999999999975,0.0041999999999999815,0.0012000000000000066,0.0,96.73408510322213,-0.0,-0.0,0.0
24,40,0.4,0.4,0.16000000000000003,0.1448,0.1404,-0.015200000000000019,-0.019600000000000034,-0.004400000000000015,6.25,20.143220588742647,0.09500000000000011,0.12250000000000022,0.027500000000000108
24,41,0.4,0.4,0.16000000000000003,0.182,0.1832,0.021999999999999964,0.02319999999999997,0.0012000000000000066,6.25,438.8057226384667,-0.1374999999999998,-0.14499999999999982,-0.007500000000000034
24,42,0.4,0.4,0.16000000000000003,0.1886,0.1788,0.02859999999999996,0.018799999999999956,-0.009800000000000003,6.25,294.9596487276374,-0.17874999999999974,-0.11749999999999972,0.06125000000000003
24,43,0.4,0.4,0.16000000000000003,0.1652,0.1592,0.005199999999999982,-0.0008000000000000229,-0.006000000000000005,0.0,26.93270775837361,-0.0,0.0,0.0
24,44,0.4,0.4,0.16000000000000003,0.1658,0.1542,0.005799999999999972,-0.005800000000000027,-0.0116,0.0,61.07718987075224,-0.0,0.0,0.0
24,45,0.4,0.4,0.16000000000000003,0.1636,0.1524,0.0035999999999999643,-0.007600000000000023,-0.011199999999999988,0.0,41.72561182305176,-0.0,0.0,0.0
24,46,0.4,0.4,0.16000000000000003,0.1562,0.156,-0.0038000000000000256,-0.004000000000000031,-0.00020000000000000573,0.0,45.36118606070397,0.0,0.0,0.0
24,47,0.4,0.4,0.16000000000000003,0.1744,0.165,0.014399999999999968,0.004999999999999977,-0.009399999999999992,6.25,166.8121071073559,-0.0899999999999998,-0.031249999999999854,0.05874999999999995
24,48,0.4,0.4,0.16000000000000003,0.1534,0.1466,-0.0066000000000000225,-0.013400000000000023,-0.0068000000000000005,0.0,43.452010827105944,0.0,0.0,0.0
24,49,0.4,0.4,0.16000000000000003,0.1504,0.1518,-0.009600000000000025,-0.00820000000000004,0.0013999999999999846,0.0,121.6426288770714,0.0,0.0,0.0
25,26,0.4,0.4,0.16000000000000003,0.1718,0.18,0.011799999999999977,0.019999999999999962,0.008199999999999985,6.25,233.83759745009186,-0.07374999999999986,-0.12499999999999976,-0.05124999999999991
25,27,0.4,0.4,0.16000000000000003,0.1404,0.141,-0.019600000000000034,-0.019000000000000045,0.0005999999999999894,0.0,18.47027037390229,0.0,0.0,0.0
25,28,0.4,0.4,0.16000000000000003,0.1696,0.1604,0.00959999999999997,0.00039999999999995595,-0.009200000000000014,0.0,305.1549477691881,-0.0,-0.0,0.0
25,29,0.4,0.4,0.16000000000000003,0.1926,0.199,0.03259999999999996,0.03899999999999998,0.006400000000000017,0.0,113.46554586931339,-0.0,-0.0,0.0
25,30,0.4,0.4,0.16000000000000003,0.1804,0.185,0.020399999999999974,0.024999999999999967,0.004599999999999993,0.0,259.5237190711516,-0.0,-0.0,0.0
25,31,0.4,0.4,0.16000000000000003,0.1664,0.1672,0.006399999999999961,0.0071999999999999564,0.0007999999999999952,0.0,53.94464431968065,-0.0,-0.0,0.0
25,32,0.4,0.4,0.16000000000000003,0.143,0.1472,-0.017000000000000043,-0.012800000000000034,0.004200000000000009,6.25,42.769078664674794,0.10625000000000026,0.08000000000000021,-0.02625000000000005
25,33,0.4,0.4,0.16000000000000003,0.154,0.1614,-0.006000000000000033,0.0013999999999999568,0.00739999999999999,0.0,64.13269459667441,0.0,-0.0,-0.0
25,34,0.4,0.4,0.16000000000000003,0.1834,0.1872,0.023399999999999976,0.027199999999999974,0.003799999999999998,6.25,189.78424555386073,-0.14624999999999985,-0.16999999999999985,-0.023749999999999993
25,35,0.4,0.4,0.16000000000000003,0.1618,0.1594,0.0017999999999999683,-0.0006000000000000449,-0.0024000000000000132,0.0,58.89750857460959,-0.0,0.0,0.0
25,36,0.4,0.4,0.16000000000000003,0.1702,0.175,0.010199999999999959,0.014999999999999958,0.004799999999999999,6.25,165.55658470143806,-0.06374999999999975,-0.09374999999999974,-0.029999999999999985
25,37,0.4,0.4,0.16000000000000003,0.1524,0.1612,-0.007600000000000023,0.0011999999999999789,0.008800000000000002,6.25,137.3435472053274,0.047500000000000146,-0.007499999999999868,-0.055000000000000014
25,38,0.4,0.4,0.16000000000000003,0.1522,0.15,-0.007800000000000029,-0.010000000000000037,-0.0022000000000000075,0.0,253.61924605128368,0.0,0.0,0.0
25,39,0.4,0.4,0.16000000000000003,0.153,0.1448,-0.007000000000000034,-0.015200000000000019,-0.008199999999999985,0.0,130.39196765349328,0.0,0.0,0.0
25,40,0.4,0.4,0.16000000000000003,0.172,0.1694,0.011999999999999955,0.009399999999999964,-0.002599999999999991,6.25,50.0530703913103,-0.07499999999999972,-0.058749999999999775,0.016249999999999945
25,41,0.4,0.4,0.16000000000000003,0.178,0.1848,0.01799999999999996,0.02479999999999996,0.0068000000000000005,6.25,530.5036023263365,-0.11249999999999975,-0.15499999999999975,-0.042499999999999996
25,42,0.4,0.4,0.16000000000000003,0.1808,0.1824,0.020799999999999957,0.022399999999999975,0.001600000000000018,6.25,371.65717599725946,-0.12999999999999973,-0.13999999999999985,-0.01000000000000012
25,43,0.4,0.4,0.16000000000000003,0.159,0.1688,-0.0010000000000000286,0.008799999999999975,0.009800000000000003,0.0,47.91937040181545,0.0,-0.0,-0.0
25,44,0.4,0.4,0.16000000000000003,0.1458,0.1604,-0.014200000000000018,0.00039999999999995595,0.014599999999999974,0.0,98.47170616721657,0.0,-0.0,-0.0
25,45,0.4,0.4,0.16000000000000003,0.1328,0.1408,-0.02720000000000003,-0.019200000000000023,0.008000000000000007,0.0,24.81788614552415,0.0,0.0,0.0
25,46,0.4,0.4,0.16000000000000003,0.1216,0.1384,-0.03840000000000003,-0.021600000000000036,0.016799999999999995,0.0,9.436091897420004,0.0,0.0,0.0
25,47,0.4,0.4,0.16000000000000003,0.1558,0.156,-0.004200000000000037,-0.004000000000000031,0.00020000000000000573,6.25,219.25034309652875,0.02625000000000023,0.025000000000000196,-0.0012500000000000358
25,48,0.4,0.4,0.16000000000000003,0.1476,0.1436,-0.012400000000000022,-0.016400000000000026,-0.0040000000000000036,0.0,34.56308102393309,0.0,0.0,0.0
25,49,0.4,0.4,0.16000000000000003,0.1404,0.1416,-0.019600000000000034,-0.018400000000000027,0.0012000000000000066,0.0,85.75643204630411,0.0,0.0,0.0
26,27,0.4,0.4,0.16000000000000003,0.1638,0.1672,0.00379999999999997,0.0071999999999999564,0.0033999999999999864,6.25,161.289702609256,-0.023749999999999813,-0.04499999999999973,-0.021249999999999915
26,28,0.4,0.4,0.16000000000000003,0.147,0.1412,-0.01300000000000004,-0.01880000000000004,-0.0058,6.25,22.195417305537713,0.08125000000000024,0.11750000000000024,0.036250000000000004
26,29,0.4,0.4,0.16000000000000003,0.1688,0.1728,0.008799999999999975,0.012799999999999978,0.0040000000000000036,6.25,119.77793425636935,-0.05499999999999984,-0.07999999999999986,-0.025000000000000022
26,30,0.4,0.4,0.16000000000000003,0.1524,0.163,-0.007600000000000023,0.002999999999999975,0.010599999999999998,6.25,37.12526083086252,0.047500000000000146,-0.018749999999999843,-0.06624999999999999
26,31,0.4,0.4,0.16000000000000003,0.1702,0.18,0.010199999999999959,0.019999999999999962,0.009800000000000003,6.25,140.03094478280286,-0.06374999999999975,-0.12499999999999976,-0.06125000000000001
26,32,0.4,0.4,0.16000000000000003,0.1614,0.1674,0.0013999999999999568,0.007399999999999962,0.006000000000000005,0.0,160.01818615108476,-0.0,-0.0,0.0
26,33,0.4,0.4,0.16000000000000003,0.168,0.1598,0.00799999999999998,-0.00020000000000003348,-0.008200000000000013,6.25,104.8440109651069,-0.04999999999999987,0.0012500000000002093,0.05125000000000008
26,34,0.4,0.4,0.16000000000000003,0.1666,0.162,0.006599999999999967,0.001999999999999974,-0.004599999999999993,0.0,45.205500964017226,-0.0,-0.0,0.0
26,35,0.4,0.4,0.16000000000000003,0.148,0.1404,-0.012000000000000038,-0.019600000000000034,-0.007599999999999996,6.25,97.1536310209626,0.07500000000000023,0.12250000000000022,0.04749999999999999
26,36,0.4,0.4,0.16000000000000003,0.165,0.1612,0.004999999999999977,0.0011999999999999789,-0.003799999999999998,0.0,18.273539139817967,-0.0,-0.0,0.0
26,37,0.4,0.4,0.16000000000000003,0.1526,0.1648,-0.007400000000000018,0.004799999999999971,0.012199999999999989,0.0,34.13814754534275,0.0,-0.0,-0.0
26,38,0.4,0.4,0.16000000000000003,0.1812,0.1796,0.02119999999999997,0.01959999999999998,-0.0015999999999999903,6.25,67.38066167730537,-0.1324999999999998,-0.12249999999999986,0.009999999999999953
26,39,0.4,0.4,0.16000000000000003,0.1558,0.1566,-0.004200000000000037,-0.003400000000000042,0.0007999999999999952,6.25,89.13482972580263,0.02625000000000023,0.021250000000000262,-0.00499999999999997
26,40,0.4,0.4,0.16000000000000003,0.174,0.1652,0.013999999999999957,0.005199999999999982,-0.008799999999999975,0.0,211.19083452721293,-0.0,-0.0,0.0
26,41,0.4,0.4,0.16000000000000003,0.1724,0.1764,0.012399999999999967,0.01639999999999997,0.0040000000000000036,0.0,99.73723789345513,-0.0,-0.0,0.0
26,42,0.4,0.4,0.16000000000000003,0.1714,0.1596,0.011399999999999966,-0.0004000000000000392,-0.011800000000000005,0.0,40.76687691104614,-0.0,0.0,0.0
26,43,0.4,0.4,0.16000000000000003,0.157,0.1634,-0.0030000000000000304,0.0033999999999999586,0.006399999999999989,6.25,114.76300110580478,0.01875000000000019,-0.02124999999999974,-0.03999999999999993
26,44,0.4,0.4,0.16000000000000003,0.1648,0.1702,0.004799999999999971,0.010199999999999959,0.005399999999999988,6.25,48.98951470506949,-0.02999999999999982,-0.06374999999999975,-0.03374999999999993
26,45,0.4,0.4,0.16000000000000003,0.163,0.1594,0.002999999999999975,-0.0006000000000000449,-0.00360000000000002,6.25,231.83128544817964,-0.018749999999999843,0.003750000000000281,0.022500000000000124
26,46,0.4,0.4,0.16000000000000003,0.1676,0.1726,0.007599999999999968,0.012599999999999972,0.0050000000000000044,6.25,297.07697559988003,-0.0474999999999998,-0.07874999999999982,-0.03125000000000002
26,47,0.4,0.4,0.16000000000000003,0.1598,0.1544,-0.00020000000000003348,-0.005600000000000022,-0.005399999999999988,0.0,31.64409020967376,0.0,0.0,0.0
26,48,0.4,0.4,0.16000000000000003,0.1594,0.1474,-0.0006000000000000449,-0.012600000000000028,-0.011999999999999983,6.25,265.01653790192125,0.003750000000000281,0.07875000000000018,0.0749999999999999
26,49,0.4,0.4,0.16000000000000003,0.1736,0.1674,0.013599999999999973,0.007399999999999962,-0.006200000000000011,6.25,487.8385017928616,-0.08499999999999983,-0.046249999999999764,0.03875000000000006
27,28,0.4,0.4,0.16000000000000003,0.1776,0.168,0.017599999999999977,0.00799999999999998,-0.009599999999999997,0.0,232.88970709098393,-0.0,-0.0,0.0
27,29,0.4,0.4,0.16000000000000003,0.177,0.174,0.01699999999999996,0.013999999999999957,-0.0030000000000000027,0.0,75.8710676010572,-0.0,-0.0,0.0
27,30,0.4,0.4,0.16000000000000003,0.1564,0.1596,-0.00360000000000002,-0.0004000000000000392,0.0031999999999999806,0.0,183.9856247393859,0.0,0.0,0.0
27,31,0.4,0.4,0.16000000000000003,0.1702,0.1632,0.010199999999999959,0.0031999999999999806,-0.0069999999999999785,0.0,45.309117011341996,-0.0,-0.0,0.0
27,32,0.4,0.4,0.16000000000000003,0.1534,0.153,-0.0066000000000000225,-0.007000000000000034,-0.00040000000000001146,6.25,39.42024371128966,0.04125000000000014,0.04375000000000021,0.0025000000000000716
27,33,0.4,0.4,0.16000000000000003,0.1804,0.1782,0.020399999999999974,0.018199999999999966,-0.0022000000000000075,0.0,62.53961615609677,-0.0,-0.0,0.0
27,34,0.4,0.4,0.16000000000000003,0.1616,0.1664,0.0015999999999999626,0.006399999999999961,0.004799999999999999,6.25,126.55410353645013,-0.009999999999999766,-0.03999999999999976,-0.029999999999999992
27,35,0.4,0.4,0.16000000000000003,0.1318,0.1342,-0.02820000000000003,-0.025800000000000017,0.0024000000000000132,0.0,19.108381142475157,0.0,0.0,0.0
27,36,0.4,0.4,0.16000000000000003,0.1652,0.161,0.005199999999999982,0.0009999999999999731,-0.004200000000000009,6.25,106.52922616511952,-0.03249999999999989,-0.006249999999999832,0.026250000000000058
27,37,0.4,0.4,0.16000000000000003,0.1598,0.169,-0.00020000000000003348,0.00899999999999998,0.009200000000000014,6.25,90.48036705366846,0.0012500000000002093,-0.056249999999999876,-0.057500000000000086
27,38,0.4,0.4,0.16000000000000003,0.151,0.1526,-0.009000000000000036,-0.007400000000000018,0.001600000000000018,0.0,196.28327061170185,0.0,0.0,0.0
27,39,0.4,0.4,0.16000000000000003,0.1536,0.1524,-0.0064000000000000445,-0.007600000000000023,-0.0011999999999999789,0.0,102.9628120825039,0.0,0.0,0.0
27,40,0.4,0.4,0.16000000000000003,0.1678,0.1786,0.007799999999999974,0.018599999999999978,0.010800000000000004,6.25,51.75970870544123,-0.048749999999999835,-0.11624999999999985,-0.06750000000000002
27,41,0.4,0.4,0.16000000000000003,0.19,0.183,0.02999999999999997,0.022999999999999965,-0.007000000000000006,6.25,433.8304635769341,-0.18749999999999983,-0.14374999999999977,0.04375000000000007
27,42,0.4,0.4,0.16000000000000003,0.1676,0.1584,0.007599999999999968,-0.001600000000000018,-0.009199999999999986,6.25,277.16175961200196,-0.0474999999999998,0.010000000000000113,0.05749999999999991
27,43,0.4,0.4,0.16000000000000003,0.1524,0.154,-0.007600000000000023,-0.006000000000000033,0.0015999999999999903,0.0,23.87123174786971,0.0,0.0,0.0
27,44,0.4,0.4,0.16000000000000003,0.1422,0.1438,-0.017800000000000038,-0.01620000000000002,0.001600000000000018,0.0,53.68942852081642,0.0,0.0,0.0
27,45,0.4,0.4,0.16000000000000003,0.138,0.127,-0.02200000000000002,-0.03300000000000003,-0.01100000000000001,0.0,37.0883779169306,0.0,0.0,0.0
27,46,0.4,0.4,0.16000000000000003,0.1214,0.1394,-0.03860000000000004,-0.020600000000000035,0.018000000000000002,0.0,29.640559691703746,0.0,0.0,0.0
27,47,0.4,0.4,0.16000000000000003,0.1398,0.136,-0.020200000000000023,-0.02400000000000002,-0.003799999999999998,6.25,137.12579594080037,0.12625000000000014,0.15000000000000013,0.023749999999999993
27,48,0.4,0.4,0.16000000000000003,0.1534,0.141,-0.0066000000000000225,-0.019000000000000045,-0.012400000000000022,0.0,41.659219875964126,0.0,0.0,0.0
27,49,0.4,0.4,0.16000000000000003,0.1458,0.1444,-0.014200000000000018,-0.01560000000000003,-0.0014000000000000123,0.0,129.594923037714,0.0,0.0,0.0
28,29,0.4,0.4,0.16000000000000003,0.1686,0.1616,0.008599999999999969,0.0015999999999999626,-0.007000000000000006,0.0,178.62392986495186,-0.0,-0.0,0.0
28,30,0.4,0.4,0.16000000000000003,0.1308,0.1286,-0.02920000000000003,-0.03140000000000004,-0.0022000000000000075,0.0,33.14726879830656,0.0,0.0,0.0
28,31,0.4,0.4,0.16000000000000003,0.1912,0.186,0.031199999999999978,0.025999999999999968,-0.00520000000000001,0.0,214.21790149582614,-0.0,-0.0,0.0
28,32,0.4,0.4,0.16000000000000003,0.1992,0.1874,0.03919999999999996,0.02739999999999998,-0.011799999999999977,6.25,247.82342592119232,-0.24499999999999972,-0.17124999999999987,0.07374999999999984
28,33,0.4,0.4,0.16000000000000003,0.1606,0.1504,0.0005999999999999617,-0.009600000000000025,-0.010199999999999987,0.0,155.5313375265744,-0.0,0.0,0.0
28,34,0.4,0.4,0.16000000000000003,0.1818,0.171,0.02179999999999996,0.010999999999999982,-0.010799999999999976,6.25,73.45509605879171,-0.13624999999999973,-0.0687499999999999,0.06749999999999984
28,35,0.4,0.4,0.16000000000000003,0.1654,0.1612,0.00539999999999996,0.0011999999999999789,-0.0041999999999999815,0.0,173.85785246829275,-0.0,-0.0,0.0
28,36,0.4,0.4,0.16000000000000003,0.1744,0.171,0.014399999999999968,0.010999999999999982,-0.0033999999999999864,6.25,50.31307439855627,-0.0899999999999998,-0.0687499999999999,0.021249999999999908
28,37,0.4,0.4,0.16000000000000003,0.1764,0.1744,0.01639999999999997,0.014399999999999968,-0.0020000000000000018,6.25,80.37454528241113,-0.10249999999999981,-0.0899999999999998,0.012500000000000011
28,38,0.4,0.4,0.16000000000000003,0.1796,0.163,0.01959999999999998,0.002999999999999975,-0.016600000000000004,0.0,57.623473616398556,-0.0,-0.0,0.0
28,39,0.4,0.4,0.16000000000000003,0.165,0.1544,0.004999999999999977,-0.005600000000000022,-0.010599999999999998,0.0,129.20427628513377,-0.0,0.0,0.0
28,40,0.4,0.4,0.16000000000000003,0.1772,0.1722,0.017199999999999965,0.012199999999999961,-0.0050000000000000044,6.25,287.89742464640176,-0.10749999999999979,-0.07624999999999976,0.03125000000000003
28,41,0.4,0.4,0.16000000000000003,0.1794,0.1716,0.019399999999999973,0.011599999999999971,-0.007800000000000001,6.25,75.36675530681845,-0.12124999999999983,-0.07249999999999981,0.048750000000000016
28,42,0.4,0.4,0.16000000000000003,0.1802,0.1692,0.020199999999999968,0.009199999999999958,-0.01100000000000001,6.25,42.19912908385339,-0.1262499999999998,-0.05749999999999974,0.06875000000000006
28,43,0.4,0.4,0.16000000000000003,0.1598,0.1592,-0.00020000000000003348,-0.0008000000000000229,-0.0005999999999999894,0.0,182.03613525644263,0.0,0.0,0.0
28,44,0.4,0.4,0.16000000000000003,0.1664,0.1618,0.006399999999999961,0.0017999999999999683,-0.004599999999999993,0.0,93.65691325638493,-0.0,-0.0,0.0
28,45,0.4,0.4,0.16000000000000003,0.1398,0.1364,-0.020200000000000023,-0.023600000000000038,-0.003400000000000014,0.0,273.8971941524533,0.0,0.0,0.0
28,46,0.4,0.4,0.16000000000000003,0.1676,0.1682,0.007599999999999968,0.008199999999999957,0.0005999999999999894,0.0,383.6890944401615,-0.0,-0.0,0.0
28,47,0.4,0.4,0.16000000000000003,0.1666,0.1562,0.006599999999999967,-0.0038000000000000256,-0.010399999999999993,6.25,51.53416490660439,-0.041249999999999794,0.02375000000000016,0.06499999999999995
28,48,0.4,0.4,0.16000000000000003,0.1658,0.154,0.005799999999999972,-0.006000000000000033,-0.011800000000000005,0.0,372.3608801387648,-0.0,0.0,0.0
28,49,0.4,0.4,0.16000000000000003,0.1862,0.1846,0.026199999999999973,0.024599999999999955,-0.001600000000000018,0.0,624.8472125942673,-0.0,-0.0,0.0
29,30,0.4,0.4,0.16000000000000003,0.107,0.1084,-0.05300000000000003,-0.051600000000000035,0.0013999999999999985,0.0,103.27324317083735,0.0,0.0,0.0
29,31,0.4,0.4,0.16000000000000003,0.139,0.1366,-0.02100000000000002,-0.023400000000000032,-0.0024000000000000132,0.0,36.06207113476268,0.0,0.0,0.0
29,32,0.4,0.4,0.16000000000000003,0.163,0.1646,0.002999999999999975,0.004599999999999965,0.0015999999999999903,6.25,71.78033050559003,-0.018749999999999843,-0.028749999999999783,-0.00999999999999994
29,33,0.4,0.4,0.16000000000000003,0.1676,0.1678,0.007599999999999968,0.007799999999999974,0.00020000000000000573,0.0,61.582196057175985,-0.0,-0.0,0.0
29,34,0.4,0.4,0.16000000000000003,0.1434,0.147,-0.01660000000000003,-0.01300000000000004,0.003599999999999992,6.25,82.81406375169087,0.1037500000000002,0.08125000000000024,-0.022499999999999964
29,35,0.4,0.4,0.16000000000000003,0.1634,0.1646,0.0033999999999999586,0.004599999999999965,0.0012000000000000066,0.0,50.584575286412154,-0.0,-0.0,0.0
29,36,0.4,0.4,0.16000000000000003,0.153,0.1586,-0.007000000000000034,-0.00140000000000004,0.005599999999999994,6.25,78.80653952694401,0.04375000000000021,0.00875000000000025,-0.03499999999999996
29,37,0.4,0.4,0.16000000000000003,0.1906,0.1912,0.03059999999999996,0.031199999999999978,0.0006000000000000172,6.25,112.25358997892276,-0.19124999999999975,-0.19499999999999987,-0.0037500000000001144
29,38,0.4,0.4,0.16000000000000003,0.1804,0.1874,0.020399999999999974,0.02739999999999998,0.007000000000000006,0.0,204.96128622308282,-0.0,-0.0,0.0
29,39,0.4,0.4,0.16000000000000003,0.2034,0.2024,0.043399999999999966,0.042399999999999965,-0.0010000000000000009,0.0,121.98468957395542,-0.0,-0.0,0.0
29,40,0.4,0.4,0.16000000000000003,0.1528,0.1474,-0.00720000000000004,-0.012600000000000028,-0.005399999999999988,6.25,61.86559759032732,0.04500000000000025,0.07875000000000018,0.03374999999999993
29,41,0.4,0.4,0.16000000000000003,0.1694,0.1698,0.009399999999999964,0.009799999999999975,0.00040000000000001146,6.25,346.0985125823062,-0.058749999999999775,-0.061249999999999846,-0.0025000000000000716
29,42,0.4,0.4,0.16000000000000003,0.1618,0.1608,0.0017999999999999683,0.0007999999999999674,-0.0010000000000000009,6.25,210.12190345193918,-0.011249999999999802,-0.004999999999999796,0.0062500000000000056
29,43,0.4,0.4,0.16000000000000003,0.1458,0.156,-0.014200000000000018,-0.004000000000000031,0.010199999999999987,0.0,43.78107639217386,0.0,0.0,0.0
29,44,0.4,0.4,0.16000000000000003,0.155,0.1612,-0.005000000000000032,0.0011999999999999789,0.006200000000000011,0.0,62.92898291462464,0.0,-0.0,-0.0
29,45,0.4,0.4,0.16000000000000003,0.1698,0.1668,0.009799999999999975,0.006799999999999973,-0.0030000000000000027,0.0,111.84642737944941,-0.0,-0.0,0.0
29,46,0.4,0.4,0.16000000000000003,0.1506,0.1624,-0.00940000000000002,0.0023999999999999577,0.011799999999999977,0.0,122.93586845823405,0.0,-0.0,-0.0
29,47,0.4,0.4,0.16000000000000003,0.1626,0.1578,0.0025999999999999635,-0.0022000000000000353,-0.004799999999999999,6.25,129.36923169193693,-0.01624999999999977,0.01375000000000022,0.029999999999999992
29,48,0.4,0.4,0.16000000000000003,0.1714,0.1652,0.011399999999999966,0.005199999999999982,-0.006199999999999983,0.0,106.5151674109154,-0.0,-0.0,0.0
29,49,0.4,0.4,0.16000000000000003,0.1284,0.1284,-0.031600000000000045,-0.031600000000000045,0.0,0.0,198.7349227551935,0.0,0.0,0.0
30,31,0.4,0.4,0.16000000000000003,0.1728,0.167,0.012799999999999978,0.0069999999999999785,-0.0058,0.0,151.6965152132963,-0.0,-0.0,0.0
30,32,0.4,0.4,0.16000000000000003,0.1946,0.1946,0.034599999999999964,0.034599999999999964,0.0,6.25,197.47154949047098,-0.21624999999999978,-0.21624999999999978,0.0
30,33,0.4,0.4,0.16000000000000003,0.1666,0.1692,0.006599999999999967,0.009199999999999958,0.002599999999999991,0.0,119.86591573329345,-0.0,-0.0,0.0
30,34,0.4,0.4,0.16000000000000003,0.1186,0.1232,-0.041400000000000034,-0.03680000000000003,0.004600000000000007,6.25,29.055717478744313,0.2587500000000002,0.23000000000000018,-0.028750000000000026
30,35,0.4,0.4,0.16000000000000003,0.1696,0.1678,0.00959999999999997,0.007799999999999974,-0.001799999999999996,0.0,139.27965576449992,-0.0,-0.0,0.0
30,36,0.4,0.4,0.16000000000000003,0.1684,0.1728,0.008399999999999963,0.012799999999999978,0.004400000000000015,6.25,50.23284814084272,-0.05249999999999977,-0.07999999999999986,-0.027500000000000094
30,37,0.4,0.4,0.16000000000000003,0.1832,0.1956,0.02319999999999997,0.035599999999999965,0.012399999999999994,6.25,90.79419209770984,-0.14499999999999982,-0.22249999999999978,-0.07749999999999996
30,38,0.4,0.4,0.16000000000000003,0.1666,0.1726,0.006599999999999967,0.012599999999999972,0.006000000000000005,0.0,80.63211031039876,-0.0,-0.0,0.0
30,39,0.4,0.4,0.16000000000000003,0.1442,0.143,-0.015800000000000036,-0.017000000000000043,-0.0012000000000000066,0.0,89.59539979279963,0.0,0.0,0.0
30,40,0.4,0.4,0.16000000000000003,0.158,0.1626,-0.0020000000000000295,0.0025999999999999635,0.004599999999999993,6.25,212.1828494878325,0.012500000000000185,-0.01624999999999977,-0.028749999999999956
30,41,0.4,0.4,0.16000000000000003,0.1838,0.1952,0.02379999999999996,0.03519999999999998,0.011400000000000021,6.25,139.43039414277033,-0.14874999999999974,-0.2199999999999999,-0.07125000000000015
30,42,0.4,0.4,0.16000000000000003,0.1682,0.1676,0.008199999999999957,0.007599999999999968,-0.0005999999999999894,6.25,72.87063711668449,-0.05124999999999973,-0.0474999999999998,0.003749999999999934
30,43,0.4,0.4,0.16000000000000003,0.1688,0.182,0.008799999999999975,0.021999999999999964,0.01319999999999999,0.0,146.9299103642138,-0.0,-0.0,0.0
30,44,0.4,0.4,0.16000000000000003,0.1426,0.1582,-0.017400000000000027,-0.0018000000000000238,0.015600000000000003,0.0,64.69693819845182,0.0,0.0,0.0
30,45,0.4,0.4,0.16000000000000003,0.1388,0.139,-0.021200000000000024,-0.02100000000000002,0.00020000000000000573,0.0,216.00233651224647,0.0,0.0,0.0
30,46,0.4,0.4,0.16000000000000003,0.1662,0.183,0.0061999999999999555,0.022999999999999965,0.01680000000000001,0.0,318.8589489548925,-0.0,-0.0,0.0
30,47,0.4,0.4,0.16000000000000003,0.137,0.1418,-0.02300000000000002,-0.01820000000000002,0.004799999999999999,6.25,41.594155291657074,0.14375000000000013,0.11375000000000013,-0.03
30,48,0.4,0.4,0.16000000000000003,0.17,0.1672,0.009999999999999981,0.0071999999999999564,-0.0028000000000000247,0.0,288.34189956098703,-0.0,-0.0,0.0
30,49,0.4,0.4,0.16000000000000003,0.1784,0.1842,0.018399999999999972,0.02419999999999997,0.0058,0.0,516.0707245899567,-0.0,-0.0,0.0
31,32,0.4,0.4,0.16000000000000003,0.1194,0.1158,-0.040600000000000025,-0.04420000000000003,-0.003600000000000006,6.25,17.867821253338764,0.25375000000000014,0.2762500000000002,0.022500000000000075
31,33,0.4,0.4,0.16000000000000003,0.1472,0.1442,-0.012800000000000034,-0.015800000000000036,-0.0030000000000000027,0.0,22.137755584745406,0.0,0.0,0.0
31,34,0.4,0.4,0.16000000000000003,0.1496,0.151,-0.01040000000000002,-0.009000000000000036,0.0013999999999999846,6.25,92.25773556560122,0.06500000000000013,0.05625000000000022,-0.008749999999999904
31,35,0.4,0.4,0.16000000000000003,0.1746,0.1734,0.014599999999999974,0.013399999999999967,-0.0012000000000000066,0.0,46.275426263430674,-0.0,-0.0,0.0
31,36,0.4,0.4,0.16000000000000003,0.1532,0.1594,-0.006800000000000028,-0.0006000000000000449,0.006199999999999983,6.25,82.92654886041745,0.042500000000000177,0.003750000000000281,-0.038749999999999896
31,37,0.4,0.4,0.16000000000000003,0.1638,0.1632,0.00379999999999997,0.0031999999999999806,-0.0005999999999999894,6.25,92.85542378758971,-0.023749999999999813,-0.01999999999999988,0.003749999999999934
31,38,0.4,0.4,0.16000000000000003,0.1508,0.1498,-0.009200000000000041,-0.010200000000000042,-0.0010000000000000009,0.0,189.1022096474882,0.0,0.0,0.0
31,39,0.4,0.4,0.16000000000000003,0.1502,0.1538,-0.009800000000000031,-0.006200000000000039,0.003599999999999992,0.0,72.49076768769542,0.0,0.0,0.0
31,40,0.4,0.4,0.16000000000000003,0.152,0.1496,-0.008000000000000035,-0.01040000000000002,-0.0023999999999999855,6.25,41.66947528659519,0.05000000000000022,0.06500000000000013,0.01499999999999991
31,41,0.4,0.4,0.16000000000000003,0.1416,0.1362,-0.018400000000000027,-0.023800000000000043,-0.005400000000000016,6.25,356.9070858973056,0.11500000000000017,0.14875000000000027,0.0337500000000001
31,42,0.4,0.4,0.16000000000000003,0.1522,0.1498,-0.007800000000000029,-0.010200000000000042,-0.0024000000000000132,6.25,229.32625449956797,0.04875000000000018,0.06375000000000026,0.015000000000000083
31,43,0.4,0.4,0.16000000000000003,0.1574,0.1626,-0.002600000000000019,0.0025999999999999635,0.005199999999999982,0.0,34.286848070345144,0.0,-0.0,-0.0
31,44,0.4,0.4,0.16000000000000003,0.1622,0.1644,0.0021999999999999797,0.0043999999999999595,0.0021999999999999797,0.0,57.947747682207044,-0.0,-0.0,0.0
31,45,0.4,0.4,0.16000000000000003,0.166,0.1592,0.005999999999999978,-0.0008000000000000229,-0.0068000000000000005,0.0,72.23121037267215,-0.0,0.0,0.0
31,46,0.4,0.4,0.16000000000000003,0.1456,0.1516,-0.014400000000000024,-0.008400000000000019,0.006000000000000005,0.0,63.5975447646331,0.0,0.0,0.0
31,47,0.4,0.4,0.16000000000000003,0.1706,0.1736,0.01059999999999997,0.013599999999999973,0.0030000000000000027,6.25,151.5850638136514,-0.06624999999999981,-0.08499999999999983,-0.018750000000000017
31,48,0.4,0.4,0.16000000000000003,0.1622,0.1534,0.0021999999999999797,-0.0066000000000000225,-0.008800000000000002,0.0,53.92048015720027,-0.0,0.0,0.0
31,49,0.4,0.4,0.16000000000000003,0.1308,0.1388,-0.02920000000000003,-0.021200000000000024,0.008000000000000007,0.0,128.08834633028843,0.0,0.0,0.0
32,33,0.4,0.4,0.16000000000000003,0.1606,0.1602,0.0005999999999999617,0.00019999999999997797,-0.0003999999999999837,6.25,47.61533807378046,-0.0037499999999997605,-0.0012499999999998623,0.002499999999999898
32,34,0.4,0.4,0.16000000000000003,0.1402,0.145,-0.01980000000000004,-0.015000000000000041,0.004799999999999999,0.0,118.50822438532006,0.0,0.0,0.0
32,35,0.4,0.4,0.16000000000000003,0.157,0.1578,-0.0030000000000000304,-0.0022000000000000353,0.0007999999999999952,6.25,42.34945374508416,0.01875000000000019,0.01375000000000022,-0.00499999999999997
32,36,0.4,0.4,0.16000000000000003,0.1366,0.125,-0.023400000000000032,-0.03500000000000003,-0.0116,0.0,96.25096938728694,0.0,0.0,0.0
32,37,0.4,0.4,0.16000000000000003,0.1392,0.1382,-0.02080000000000004,-0.02180000000000004,-0.0010000000000000009,0.0,87.16839402938578,0.0,0.0,0.0
32,38,0.4,0.4,0.16000000000000003,0.1852,0.1842,0.025199999999999972,0.02419999999999997,-0.0010000000000000009,6.25,231.28108189721806,-0.15749999999999983,-0.15124999999999983,0.0062500000000000056
32,39,0.4,0.4,0.16000000000000003,0.1486,0.149,-0.011400000000000021,-0.011000000000000038,0.0003999999999999837,6.25,96.39183838023376,0.07125000000000013,0.06875000000000023,-0.002499999999999905
32,40,0.4,0.4,0.16000000000000003,0.1644,0.1598,0.0043999999999999595,-0.00020000000000003348,-0.004599999999999993,0.0,48.5075764394408,-0.0,0.0,0.0
32,41,0.4,0.4,0.16000000000000003,0.1618,0.1594,0.0017999999999999683,-0.0006000000000000449,-0.0024000000000000132,0.0,407.4391130374174,-0.0,0.0,0.0
32,42,0.4,0.4,0.16000000000000003,0.1496,0.1484,-0.01040000000000002,-0.011600000000000027,-0.0012000000000000066,0.0,261.7940234507302,0.0,0.0,0.0
32,43,0.4,0.4,0.16000000000000003,0.1906,0.1976,0.03059999999999996,0.03759999999999997,0.007000000000000006,6.25,52.031063446288435,-0.19124999999999975,-0.2349999999999998,-0.04375000000000004
32,44,0.4,0.4,0.16000000000000003,0.1574,0.1612,-0.002600000000000019,0.0011999999999999789,0.003799999999999998,6.25,73.04268535728357,0.01625000000000012,-0.007499999999999868,-0.023749999999999986
32,45,0.4,0.4,0.16000000000000003,0.1562,0.1526,-0.0038000000000000256,-0.007400000000000018,-0.003599999999999992,6.25,66.86124802677841,0.02375000000000016,0.04625000000000011,0.02249999999999995
32,46,0.4,0.4,0.16000000000000003,0.132,0.14,-0.028000000000000025,-0.020000000000000018,0.008000000000000007,6.25,51.30071970934454,0.17500000000000016,0.1250000000000001,-0.050000000000000044
32,47,0.4,0.4,0.16000000000000003,0.1516,0.151,-0.008400000000000019,-0.009000000000000036,-0.0006000000000000172,0.0,158.53993956391616,0.0,0.0,0.0
32,48,0.4,0.4,0.16000000000000003,0.1624,0.1574,0.0023999999999999577,-0.002600000000000019,-0.004999999999999977,6.25,58.4299692843979,-0.014999999999999736,0.01625000000000012,0.031249999999999854
32,49,0.4,0.4,0.16000000000000003,0.1364,0.1378,-0.023600000000000038,-0.022200000000000025,0.0014000000000000123,6.25,117.2932008181925,0.14750000000000024,0.13875000000000015,-0.008750000000000091
33,34,0.4,0.4,0.16000000000000003,0.1712,0.1704,0.01119999999999996,0.010399999999999965,-0.0007999999999999952,6.25,81.08040861329302,-0.06999999999999976,-0.06499999999999978,0.004999999999999977
33,35,0.4,0.4,0.16000000000000003,0.1926,0.1974,0.03259999999999996,0.03739999999999996,0.004799999999999999,0.0,62.48082721831919,-0.0,-0.0,0.0
33,36,0.4,0.4,0.16000000000000003,0.1766,0.1798,0.016599999999999976,0.019799999999999957,0.0031999999999999806,6.25,73.40637731182494,-0.10374999999999984,-0.12374999999999972,-0.01999999999999988
33,37,0.4,0.4,0.16000000000000003,0.151,0.1574,-0.009000000000000036,-0.002600000000000019,0.006400000000000017,6.25,66.11686412083475,0.05625000000000022,0.01625000000000012,-0.040000000000000105
33,38,0.4,0.4,0.16000000000000003,0.1394,0.1384,-0.020600000000000035,-0.021600000000000036,-0.0010000000000000009,0.0,131.13752671422174,0.0,0.0,0.0
33,39,0.4,0.4,0.16000000000000003,0.1294,0.1296,-0.030600000000000044,-0.030400000000000038,0.00020000000000000573,0.0,37.39496160490033,0.0,0.0,0.0
33,40,0.4,0.4,0.16000000000000003,0.1446,0.1492,-0.015400000000000025,-0.010800000000000032,0.004599999999999993,6.25,57.22253779724565,0.09625000000000015,0.0675000000000002,-0.028749999999999956
33,41,0.4,0.4,0.16000000000000003,0.153,0.1488,-0.007000000000000034,-0.011200000000000043,-0.004200000000000009,6.25,302.9160723313569,0.04375000000000021,0.07000000000000027,0.026250000000000058
33,42,0.4,0.4,0.16000000000000003,0.176,0.1792,0.01599999999999996,0.019199999999999967,0.0032000000000000084,6.25,206.25370978081918,-0.09999999999999974,-0.1199999999999998,-0.02000000000000006
33,43,0.4,0.4,0.16000000000000003,0.159,0.163,-0.0010000000000000286,0.002999999999999975,0.0040000000000000036,0.0,37.091877617799156,0.0,-0.0,-0.0
33,44,0.4,0.4,0.16000000000000003,0.155,0.1668,-0.005000000000000032,0.006799999999999973,0.011800000000000005,0.0,42.66672529166148,0.0,-0.0,-0.0
33,45,0.4,0.4,0.16000000000000003,0.1562,0.1656,-0.0038000000000000256,0.005599999999999966,0.009399999999999992,0.0,80.39187599183737,0.0,-0.0,-0.0
33,46,0.4,0.4,0.16000000000000003,0.161,0.1648,0.0009999999999999731,0.004799999999999971,0.003799999999999998,0.0,100.3578988497038,-0.0,-0.0,0.0
33,47,0.4,0.4,0.16000000000000003,0.1922,0.1912,0.03219999999999998,0.031199999999999978,-0.0010000000000000009,6.25,139.11244205577486,-0.20124999999999987,-0.19499999999999987,0.0062500000000000056
33,48,0.4,0.4,0.16000000000000003,0.1466,0.143,-0.013400000000000023,-0.017000000000000043,-0.00360000000000002,0.0,77.04940747146361,0.0,0.0,0.0
33,49,0.4,0.4,0.16000000000000003,0.142,0.1504,-0.018000000000000044,-0.009600000000000025,0.008400000000000019,0.0,194.58226732217585,0.0,0.0,0.0
34,35,0.4,0.4,0.16000000000000003,0.1604,0.1568,0.00039999999999995595,-0.003200000000000036,-0.003599999999999992,6.25,91.3684163267605,-0.0024999999999997247,0.020000000000000226,0.02249999999999995
34,36,0.4,0.4,0.16000000000000003,0.1514,0.1428,-0.008600000000000024,-0.01720000000000002,-0.008599999999999997,0.0,30.168465814500284,0.0,0.0,0.0
34,37,0.4,0.4,0.16000000000000003,0.1514,0.1498,-0.008600000000000024,-0.010200000000000042,-0.001600000000000018,0.0,55.18384358679999,0.0,0.0,0.0
34,38,0.4,0.4,0.16000000000000003,0.157,0.1532,-0.0030000000000000304,-0.006800000000000028,-0.003799999999999998,6.25,82.13550553943831,0.01875000000000019,0.042500000000000177,0.023749999999999986
34,39,0.4,0.4,0.16000000000000003,0.1382,0.138,-0.02180000000000004,-0.02200000000000002,-0.00019999999999997797,6.25,62.0926211885528,0.13625000000000026,0.13750000000000012,0.0012499999999998623
34,40,0.4,0.4,0.16000000000000003,0.1104,0.1156,-0.04960000000000003,-0.04440000000000004,0.005199999999999996,0.0,132.54290205562586,0.0,0.0,0.0
34,41,0.4,0.4,0.16000000000000003,0.1644,0.1632,0.0043999999999999595,0.0031999999999999806,-0.0011999999999999789,0.0,167.74861514523485,-0.0,-0.0,0.0
34,42,0.4,0.4,0.16000000000000003,0.1366,0.1332,-0.023400000000000032,-0.026800000000000018,-0.0033999999999999864,0.0,77.82032355872025,0.0,0.0,0.0
34,43,0.4,0.4,0.16000000000000003,0.1872,0.1984,0.027199999999999974,0.03839999999999996,0.011199999999999988,6.25,117.47142521789549,-0.16999999999999985,-0.23999999999999977,-0.06999999999999992
34,44,0.4,0.4,0.16000000000000003,0.1638,0.1616,0.00379999999999997,0.0015999999999999626,-0.0022000000000000075,6.25,55.496261775054194,-0.023749999999999813,-0.009999999999999766,0.013750000000000047
34,45,0.4,0.4,0.16000000000000003,0.1442,0.1398,-0.015800000000000036,-0.020200000000000023,-0.004399999999999987,6.25,156.55667672996734,0.09875000000000023,0.12625000000000014,0.027499999999999913
34,46,0.4,0.4,0.16000000000000003,0.1666,0.1666,0.006599999999999967,0.006599999999999967,0.0,6.25,234.0804061117965,-0.041249999999999794,-0.041249999999999794,0.0
34,47,0.4,0.4,0.16000000000000003,0.139,0.1358,-0.02100000000000002,-0.024200000000000027,-0.0032000000000000084,0.0,40.54759529601762,0.0,0.0,0.0
34,48,0.4,0.4,0.16000000000000003,0.1586,0.1434,-0.00140000000000004,-0.01660000000000003,-0.015199999999999991,6.25,205.74999326937495,0.00875000000000025,0.1037500000000002,0.09499999999999995
34,49,0.4,0.4,0.16000000000000003,0.1788,0.1836,0.018799999999999956,0.023599999999999982,0.0048000000000000265,6.25,404.98361188252125,-0.11749999999999972,-0.14749999999999988,-0.030000000000000165
35,36,0.4,0.4,0.16000000000000003,0.1528,0.1534,-0.00720000000000004,-0.0066000000000000225,0.0006000000000000172,6.25,62.1570742121675,0.04500000000000025,0.04125000000000014,-0.0037500000000001074
35,37,0.4,0.4,0.16000000000000003,0.1526,0.1458,-0.007400000000000018,-0.014200000000000018,-0.0068000000000000005,6.25,55.238832913266144,0.04625000000000011,0.0887500000000001,0.042499999999999996
35,38,0.4,0.4,0.16000000000000003,0.1782,0.1738,0.018199999999999966,0.013799999999999979,-0.004399999999999987,0.0,174.08496003799922,-0.0,-0.0,0.0
35,39,0.4,0.4,0.16000000000000003,0.1686,0.1676,0.008599999999999969,0.007599999999999968,-0.0010000000000000009,0.0,103.82560615373573,-0.0,-0.0,0.0
35,40,0.4,0.4,0.16000000000000003,0.1646,0.1536,0.004599999999999965,-0.0064000000000000445,-0.01100000000000001,6.25,62.95824751661919,-0.028749999999999783,0.04000000000000028,0.06875000000000006
35,41,0.4,0.4,0.16000000000000003,0.1902,0.1786,0.030199999999999977,0.018599999999999978,-0.0116,6.25,346.0016729042836,-0.18874999999999986,-0.11624999999999985,0.07250000000000001
35,42,0.4,0.4,0.16000000000000003,0.1606,0.15,0.0005999999999999617,-0.010000000000000037,-0.010599999999999998,6.25,200.795939613311,-0.0037499999999997605,0.06250000000000022,0.06624999999999998
35,43,0.4,0.4,0.16000000000000003,0.147,0.1532,-0.01300000000000004,-0.006800000000000028,0.006200000000000011,0.0,19.17811564280045,0.0,0.0,0.0
35,44,0.4,0.4,0.16000000000000003,0.151,0.1516,-0.009000000000000036,-0.008400000000000019,0.0006000000000000172,0.0,37.78630903633818,0.0,0.0,0.0
35,45,0.4,0.4,0.16000000000000003,0.158,0.1536,-0.0020000000000000295,-0.0064000000000000445,-0.004400000000000015,0.0,82.45730476525121,0.0,0.0,0.0
35,46,0.4,0.4,0.16000000000000003,0.1466,0.1452,-0.013400000000000023,-0.014800000000000035,-0.0014000000000000123,0.0,76.48159173384477,0.0,0.0,0.0
35,47,0.4,0.4,0.16000000000000003,0.147,0.145,-0.01300000000000004,-0.015000000000000041,-0.0020000000000000018,6.25,94.18652236001967,0.08125000000000024,0.09375000000000025,0.012500000000000011
35,48,0.4,0.4,0.16000000000000003,0.1402,0.1242,-0.01980000000000004,-0.035800000000000026,-0.015999999999999986,0.0,66.61670576481431,0.0,0.0,0.0
35,49,0.4,0.4,0.16000000000000003,0.1416,0.1398,-0.018400000000000027,-0.020200000000000023,-0.001799999999999996,0.0,180.63137486176674,0.0,0.0,0.0
36,37,0.4,0.4,0.16000000000000003,0.1456,0.1554,-0.014400000000000024,-0.004600000000000021,0.009800000000000003,0.0,19.154126928746813,0.0,0.0,0.0
36,38,0.4,0.4,0.16000000000000003,0.168,0.1712,0.00799999999999998,0.01119999999999996,0.0031999999999999806,6.25,67.24419338741346,-0.04999999999999987,-0.06999999999999976,-0.019999999999999886
36,39,0.4,0.4,0.16000000000000003,0.1614,0.1646,0.0013999999999999568,0.004599999999999965,0.0032000000000000084,6.25,80.45345630055391,-0.00874999999999973,-0.028749999999999783,-0.020000000000000052
36,40,0.4,0.4,0.16000000000000003,0.1494,0.1554,-0.010600000000000026,-0.004600000000000021,0.006000000000000005,0.0,142.14819310975452,0.0,0.0,0.0
36,41,0.4,0.4,0.16000000000000003,0.1562,0.1546,-0.0038000000000000256,-0.005400000000000044,-0.001600000000000018,0.0,128.28750416298354,0.0,0.0,0.0
36,42,0.4,0.4,0.16000000000000003,0.1412,0.1426,-0.01880000000000004,-0.017400000000000027,0.0014000000000000123,0.0,48.98978204678,0.0,0.0,0.0
36,43,0.4,0.4,0.16000000000000003,0.1624,0.1598,0.0023999999999999577,-0.00020000000000003348,-0.002599999999999991,6.25,77.97339743522905,-0.014999999999999736,0.0012500000000002093,0.016249999999999945
36,44,0.4,0.4,0.16000000000000003,0.1674,0.168,0.007399999999999962,0.00799999999999998,0.0006000000000000172,6.25,37.16667238656148,-0.046249999999999764,-0.04999999999999987,-0.0037500000000001074
36,45,0.4,0.4,0.16000000000000003,0.1562,0.1586,-0.0038000000000000256,-0.00140000000000004,0.0023999999999999855,6.25,162.28642329906162,0.02375000000000016,0.00875000000000025,-0.01499999999999991
36,46,0.4,0.4,0.16000000000000003,0.1524,0.1582,-0.007600000000000023,-0.0018000000000000238,0.0058,6.25,208.49554148311162,0.047500000000000146,0.011250000000000149,-0.03625
36,47,0.4,0.4,0.16000000000000003,0.1594,0.1622,-0.0006000000000000449,0.0021999999999999797,0.0028000000000000247,0.0,31.952037076415355,0.0,-0.0,-0.0
36,48,0.4,0.4,0.16000000000000003,0.1702,0.1626,0.010199999999999959,0.0025999999999999635,-0.007599999999999996,6.25,208.71476009723258,-0.06374999999999975,-0.01624999999999977,0.04749999999999998
36,49,0.4,0.4,0.16000000000000003,0.1572,0.1678,-0.0028000000000000247,0.007799999999999974,0.010599999999999998,6.25,380.5945482353557,0.017500000000000154,-0.048749999999999835,-0.06624999999999999
37,38,0.4,0.4,0.16000000000000003,0.1608,0.1636,0.0007999999999999674,0.0035999999999999643,0.002799999999999997,6.25,73.5763016709662,-0.004999999999999796,-0.022499999999999777,-0.01749999999999998
37,39,0.4,0.4,0.16000000000000003,0.147,0.1496,-0.01300000000000004,-0.01040000000000002,0.002600000000000019,6.25,74.1704058514824,0.08125000000000024,0.06500000000000013,-0.01625000000000011
37,40,0.4,0.4,0.16000000000000003,0.1584,0.159,-0.001600000000000018,-0.0010000000000000286,0.0005999999999999894,0.0,132.3495827694396,0.0,0.0,0.0
37,41,0.4,0.4,0.16000000000000003,0.1726,0.1706,0.012599999999999972,0.01059999999999997,-0.0020000000000000018,0.0,181.6791828130058,-0.0,-0.0,0.0
37,42,0.4,0.4,0.16000000000000003,0.1508,0.1636,-0.009200000000000041,0.0035999999999999643,0.012800000000000006,0.0,97.78436891492478,0.0,-0.0,-0.0
37,43,0.4,0.4,0.16000000000000003,0.1574,0.1732,-0.002600000000000019,0.013199999999999962,0.01579999999999998,6.25,71.1514654907404,0.01625000000000012,-0.08249999999999977,-0.0987499999999999
37,44,0.4,0.4,0.16000000000000003,0.1528,0.1532,-0.00720000000000004,-0.006800000000000028,0.00040000000000001146,6.25,32.860105980806196,0.04500000000000025,0.042500000000000177,-0.0025000000000000716
37,45,0.4,0.4,0.16000000000000003,0.1628,0.159,0.002799999999999969,-0.0010000000000000286,-0.003799999999999998,6.25,155.92832647548744,-0.017499999999999807,0.006250000000000179,0.023749999999999986
37,46,0.4,0.4,0.16000000000000003,0.1626,0.1706,0.0025999999999999635,0.01059999999999997,0.008000000000000007,6.25,188.3398830545144,-0.01624999999999977,-0.06624999999999981,-0.05000000000000004
37,47,0.4,0.4,0.16000000000000003,0.148,0.1544,-0.012000000000000038,-0.005600000000000022,0.006400000000000017,0.0,48.84221116910902,0.0,0.0,0.0
37,48,0.4,0.4,0.16000000000000003,0.1544,0.1488,-0.005600000000000022,-0.011200000000000043,-0.005600000000000022,6.25,182.1555789507072,0.035000000000000135,0.07000000000000027,0.035000000000000135
37,49,0.4,0.4,0.16000000000000003,0.1534,0.1688,-0.0066000000000000225,0.008799999999999975,0.015399999999999997,6.25,353.38710045985295,0.04125000000000014,-0.05499999999999984,-0.09624999999999997
38,39,0.4,0.4,0.16000000000000003,0.149,0.158,-0.011000000000000038,-0.0020000000000000295,0.009000000000000008,0.0,110.85457701680046,0.0,0.0,0.0
38,40,0.4,0.4,0.16000000000000003,0.1652,0.1606,0.005199999999999982,0.0005999999999999617,-0.004600000000000021,6.25,272.051580673672,-0.03249999999999989,-0.0037499999999997605,0.02875000000000013
38,41,0.4,0.4,0.16000000000000003,0.1388,0.1406,-0.021200000000000024,-0.01940000000000003,0.001799999999999996,6.25,94.61093328029878,0.13250000000000015,0.12125000000000018,-0.011249999999999968
38,42,0.4,0.4,0.16000000000000003,0.1674,0.1562,0.007399999999999962,-0.0038000000000000256,-0.011199999999999988,6.25,70.13738514985225,-0.046249999999999764,0.02375000000000016,0.06999999999999992
38,43,0.4,0.4,0.16000000000000003,0.1566,0.168,-0.003400000000000042,0.00799999999999998,0.011400000000000021,0.0,165.4776912430006,0.0,-0.0,-0.0
38,44,0.4,0.4,0.16000000000000003,0.1588,0.163,-0.0012000000000000344,0.002999999999999975,0.004200000000000009,0.0,84.60175539282332,0.0,-0.0,-0.0
38,45,0.4,0.4,0.16000000000000003,0.1524,0.1512,-0.007600000000000023,-0.00880000000000003,-0.0012000000000000066,0.0,251.67443871484463,0.0,0.0,0.0
38,46,0.4,0.4,0.16000000000000003,0.1486,0.1558,-0.011400000000000021,-0.004200000000000037,0.007199999999999984,0.0,321.6024993080032,0.0,0.0,0.0
38,47,0.4,0.4,0.16000000000000003,0.1718,0.1648,0.011799999999999977,0.004799999999999971,-0.007000000000000006,6.25,66.42788707127978,-0.07374999999999986,-0.02999999999999982,0.04375000000000004
38,48,0.4,0.4,0.16000000000000003,0.1674,0.1562,0.007399999999999962,-0.0038000000000000256,-0.011199999999999988,0.0,319.35863085899365,-0.0,0.0,0.0
38,49,0.4,0.4,0.16000000000000003,0.1678,0.17,0.007799999999999974,0.009999999999999981,0.0022000000000000075,0.0,556.0807688390255,-0.0,-0.0,0.0
39,40,0.4,0.4,0.16000000000000003,0.1558,0.1504,-0.004200000000000037,-0.009600000000000025,-0.005399999999999988,6.25,129.3510885170966,0.02625000000000023,0.06000000000000016,0.033749999999999926
39,41,0.4,0.4,0.16000000000000003,0.171,0.167,0.010999999999999982,0.0069999999999999785,-0.0040000000000000036,6.25,254.77262600758087,-0.0687499999999999,-0.043749999999999865,0.02500000000000003
39,42,0.4,0.4,0.16000000000000003,0.1828,0.1742,0.02279999999999996,0.014199999999999963,-0.008599999999999997,6.25,174.0103618068467,-0.14249999999999974,-0.08874999999999977,0.053749999999999964
39,43,0.4,0.4,0.16000000000000003,0.1584,0.1698,-0.001600000000000018,0.009799999999999975,0.011399999999999993,0.0,89.75137803153872,0.0,-0.0,-0.0
39,44,0.4,0.4,0.16000000000000003,0.1478,0.1468,-0.012200000000000044,-0.013200000000000017,-0.0009999999999999731,0.0,46.71384502017197,0.0,0.0,0.0
39,45,0.4,0.4,0.16000000000000003,0.13,0.14,-0.030000000000000027,-0.020000000000000018,0.010000000000000009,0.0,126.31023639159883,0.0,0.0,0.0
39,46,0.4,0.4,0.16000000000000003,0.1534,0.162,-0.0066000000000000225,0.001999999999999974,0.008599999999999997,0.0,184.19657718470305,0.0,-0.0,-0.0
39,47,0.4,0.4,0.16000000000000003,0.1654,0.1614,0.00539999999999996,0.0013999999999999568,-0.0040000000000000036,6.25,112.5600658242289,-0.03374999999999975,-0.00874999999999973,0.025000000000000022
39,48,0.4,0.4,0.16000000000000003,0.1666,0.1574,0.006599999999999967,-0.002600000000000019,-0.009199999999999986,0.0,139.6616355863086,-0.0,0.0,0.0
39,49,0.4,0.4,0.16000000000000003,0.1636,0.1744,0.0035999999999999643,0.014399999999999968,0.010800000000000004,0.0,320.46053415744944,-0.0,-0.0,0.0
40,41,0.4,0.4,0.16000000000000003,0.1792,0.1774,0.019199999999999967,0.01739999999999997,-0.001799999999999996,0.0,506.19455211048495,-0.0,-0.0,0.0
40,42,0.4,0.4,0.16000000000000003,0.1652,0.1626,0.005199999999999982,0.0025999999999999635,-0.002600000000000019,0.0,339.51523275829504,-0.0,-0.0,0.0
40,43,0.4,0.4,0.16000000000000003,0.1526,0.1584,-0.007400000000000018,-0.001600000000000018,0.0058,6.25,62.04441923902039,0.04625000000000011,0.010000000000000113,-0.03625
40,44,0.4,0.4,0.16000000000000003,0.1834,0.1902,0.023399999999999976,0.030199999999999977,0.0068000000000000005,6.25,116.49823547558478,-0.14624999999999985,-0.18874999999999986,-0.04250000000000001
40,45,0.4,0.4,0.16000000000000003,0.1502,0.1458,-0.009800000000000031,-0.014200000000000018,-0.004399999999999987,6.25,46.56606195220568,0.06125000000000019,0.0887500000000001,0.027499999999999913
40,46,0.4,0.4,0.16000000000000003,0.1526,0.1654,-0.007400000000000018,0.00539999999999996,0.012799999999999978,6.25,57.90622533145724,0.04625000000000011,-0.03374999999999975,-0.07999999999999986
40,47,0.4,0.4,0.16000000000000003,0.1718,0.1762,0.011799999999999977,0.016199999999999964,0.004399999999999987,0.0,221.7824428698796,-0.0,-0.0,0.0
40,48,0.4,0.4,0.16000000000000003,0.1574,0.1506,-0.002600000000000019,-0.00940000000000002,-0.0068000000000000005,6.25,54.608845131958695,0.01625000000000012,0.05875000000000012,0.0425
40,49,0.4,0.4,0.16000000000000003,0.1532,0.1552,-0.006800000000000028,-0.0048000000000000265,0.0020000000000000018,6.25,118.26753707520794,0.042500000000000177,0.030000000000000165,-0.012500000000000011
41,42,0.4,0.4,0.16000000000000003,0.1254,0.114,-0.03460000000000002,-0.04600000000000003,-0.011400000000000007,0.0,27.280409249070853,0.0,0.0,0.0
41,43,0.4,0.4,0.16000000000000003,0.1702,0.1732,0.010199999999999959,0.013199999999999962,0.0030000000000000027,6.25,356.639588385782,-0.06374999999999975,-0.08249999999999977,-0.018750000000000017
41,44,0.4,0.4,0.16000000000000003,0.1848,0.1876,0.02479999999999996,0.027599999999999958,0.002799999999999997,6.25,231.81491404313354,-0.15499999999999975,-0.17249999999999974,-0.017499999999999988
41,45,0.4,0.4,0.16000000000000003,0.176,0.1634,0.01599999999999996,0.0033999999999999586,-0.0126,6.25,516.1670752668493,-0.09999999999999974,-0.02124999999999974,0.07875
41,46,0.4,0.4,0.16000000000000003,0.1602,0.1666,0.00019999999999997797,0.006599999999999967,0.006399999999999989,6.25,613.2330555534958,-0.0012499999999998623,-0.041249999999999794,-0.03999999999999993
41,47,0.4,0.4,0.16000000000000003,0.1782,0.1684,0.018199999999999966,0.008399999999999963,-0.009800000000000003,0.0,141.09352679621352,-0.0,-0.0,0.0
41,48,0.4,0.4,0.16000000000000003,0.1764,0.166,0.01639999999999997,0.005999999999999978,-0.010399999999999993,6.25,597.4224985267031,-0.10249999999999981,-0.03749999999999986,0.06499999999999995
41,49,0.4,0.4,0.16000000000000003,0.1648,0.1668,0.004799999999999971,0.006799999999999973,0.0020000000000000018,6.25,885.7312384619257,-0.02999999999999982,-0.04249999999999983,-0.012500000000000011
42,43,0.4,0.4,0.16000000000000003,0.166,0.1664,0.005999999999999978,0.006399999999999961,0.0003999999999999837,6.25,229.09319560269842,-0.03749999999999986,-0.03999999999999976,-0.002499999999999898
42,44,0.4,0.4,0.16000000000000003,0.1754,0.1706,0.01539999999999997,0.01059999999999997,-0.004799999999999999,6.25,134.8723252735669,-0.09624999999999981,-0.06624999999999981,0.03
42,45,0.4,0.4,0.16000000000000003,0.16,0.1576,-2.7755575615628914e-17,-0.002400000000000041,-0.0024000000000000132,6.25,352.59909812098124,1.734723475976807e-16,0.015000000000000256,0.015000000000000083
42,46,0.4,0.4,0.16000000000000003,0.1534,0.158,-0.0066000000000000225,-0.0020000000000000295,0.004599999999999993,6.25,432.9506969635239,0.04125000000000014,0.012500000000000185,-0.028749999999999956
42,47,0.4,0.4,0.16000000000000003,0.1592,0.1578,-0.0008000000000000229,-0.0022000000000000353,-0.0014000000000000123,0.0,58.7434561527363,0.0,0.0,0.0
42,48,0.4,0.4,0.16000000000000003,0.172,0.1624,0.011999999999999955,0.0023999999999999577,-0.009599999999999997,6.25,423.7186239537736,-0.07499999999999972,-0.014999999999999736,0.059999999999999984
42,49,0.4,0.4,0.16000000000000003,0.164,0.1676,0.003999999999999976,0.007599999999999968,0.003599999999999992,6.25,671.3894395366228,-0.02499999999999985,-0.0474999999999998,-0.02249999999999995
43,44,0.4,0.4,0.16000000000000003,0.136,0.152,-0.02400000000000002,-0.008000000000000035,0.015999999999999986,0.0,33.75665047243434,0.0,0.0,0.0
43,45,0.4,0.4,0.16000000000000003,0.1502,0.1588,-0.009800000000000031,-0.0012000000000000344,0.008599999999999997,0.0,81.95468169144172,0.0,0.0,0.0
43,46,0.4,0.4,0.16000000000000003,0.1432,0.157,-0.016800000000000037,-0.0030000000000000304,0.013800000000000007,0.0,67.52547448113424,0.0,0.0,0.0
43,47,0.4,0.4,0.16000000000000003,0.1778,0.1818,0.017799999999999983,0.02179999999999996,0.003999999999999976,6.25,131.03634573842956,-0.11124999999999989,-0.13624999999999973,-0.024999999999999842
43,48,0.4,0.4,0.16000000000000003,0.1504,0.1512,-0.009600000000000025,-0.00880000000000003,0.0007999999999999952,0.0,59.397879227940656,0.0,0.0,0.0
43,49,0.4,0.4,0.16000000000000003,0.1306,0.1454,-0.029400000000000037,-0.01460000000000003,0.014800000000000008,0.0,156.00890746851002,0.0,0.0,0.0
44,45,0.4,0.4,0.16000000000000003,0.1662,0.157,0.0061999999999999555,-0.0030000000000000304,-0.009199999999999986,0.0,116.40477337072208,-0.0,0.0,0.0
44,46,0.4,0.4,0.16000000000000003,0.1526,0.1606,-0.007400000000000018,0.0005999999999999617,0.00799999999999998,0.0,138.86807436812364,0.0,-0.0,-0.0
44,47,0.4,0.4,0.16000000000000003,0.1438,0.1482,-0.01620000000000002,-0.011800000000000033,0.004399999999999987,6.25,45.64629438798666,0.10125000000000012,0.0737500000000002,-0.027499999999999913
44,48,0.4,0.4,0.16000000000000003,0.1696,0.161,0.00959999999999997,0.0009999999999999731,-0.008599999999999997,0.0,120.52861179507947,-0.0,-0.0,0.0
44,49,0.4,0.4,0.16000000000000003,0.1534,0.1642,-0.0066000000000000225,0.0041999999999999815,0.010800000000000004,0.0,275.86629884380625,0.0,-0.0,-0.0
45,46,0.4,0.4,0.16000000000000003,0.1388,0.1454,-0.021200000000000024,-0.01460000000000003,0.006599999999999995,0.0,38.73435353082019,0.0,0.0,0.0
45,47,0.4,0.4,0.16000000000000003,0.1504,0.1546,-0.009600000000000025,-0.005400000000000044,0.0041999999999999815,6.25,205.84805820866353,0.06000000000000016,0.03375000000000027,-0.026249999999999885
45,48,0.4,0.4,0.16000000000000003,0.152,0.141,-0.008000000000000035,-0.019000000000000045,-0.01100000000000001,0.0,76.93782164842774,0.0,0.0,0.0
45,49,0.4,0.4,0.16000000000000003,0.1508,0.1588,-0.009200000000000041,-0.0012000000000000344,0.008000000000000007,0.0,149.8470898011447,0.0,0.0,0.0
46,47,0.4,0.4,0.16000000000000003,0.159,0.1642,-0.0010000000000000286,0.0041999999999999815,0.00520000000000001,6.25,269.127179123862,0.006250000000000179,-0.026249999999999885,-0.032500000000000064
46,48,0.4,0.4,0.16000000000000003,0.1424,0.142,-0.017600000000000032,-0.018000000000000044,-0.00040000000000001146,0.0,35.3893337167813,0.0,0.0,0.0
46,49,0.4,0.4,0.16000000000000003,0.1348,0.1526,-0.025200000000000028,-0.007400000000000018,0.01780000000000001,0.0,50.94544993306465,0.0,0.0,0.0
47,48,0.4,0.4,0.16000000000000003,0.1666,0.1598,0.006599999999999967,-0.00020000000000003348,-0.0068000000000000005,6.25,264.05512178139384,-0.041249999999999794,0.0012500000000002093,0.0425
47,49,0.4,0.4,0.16000000000000003,0.1684,0.1734,0.008399999999999963,0.013399999999999967,0.0050000000000000044,6.25,477.4614644489037,-0.05249999999999977,-0.0837499999999998,-0.03125000000000003
48,49,0.4,0.4,0.16000000000000003,0.1508,0.1476,-0.009200000000000041,-0.012400000000000022,-0.0031999999999999806,0.0,58.78884973488269,0.0,0.0,0.0
